trait_tissue	trait_desc	trait_seqid	trait_gene_ids	trait_protein_ids	notes_sex	notes_source_id	notes_maker	notes_maker_platform_technology	notes_maker_platform_description	notes_maker_platform_version
Plasma	Beta-crystallin B2	10000-28	ENSG00000244752	P43320	combined	seq.10000.28	Somalogic	proteomics	SomaScan	7k
Plasma	RAF proto-oncogene serine/threonine-protein kinase	10001-7	ENSG00000132155	P04049	combined	seq.10001.7	Somalogic	proteomics	SomaScan	7k
Plasma	Zinc finger protein 41	10003-15	ENSG00000147124	P51814	combined	seq.10003.15	Somalogic	proteomics	SomaScan	7k
Plasma	ETS domain-containing protein Elk-1	10006-25	ENSG00000126767	P19419	combined	seq.10006.25	Somalogic	proteomics	SomaScan	7k
Plasma	Guanylyl cyclase-activating protein 1	10008-43	ENSG00000048545	P43080	combined	seq.10008.43	Somalogic	proteomics	SomaScan	7k
Plasma	Beclin-1	10010-10	ENSG00000126581	Q14457	combined	seq.10010.10	Somalogic	proteomics	SomaScan	7k
Plasma	Inositol polyphosphate 5-phosphatase OCRL-1	10011-65	ENSG00000122126	Q01968	combined	seq.10011.65	Somalogic	proteomics	SomaScan	7k
Plasma	SAM pointed domain-containing Ets transcription factor	10012-5	ENSG00000124664	O95238	combined	seq.10012.5	Somalogic	proteomics	SomaScan	7k
Plasma	Zinc finger protein SNAI2	10014-31	ENSG00000019549	O43623	combined	seq.10014.31	Somalogic	proteomics	SomaScan	7k
Plasma	Voltage-gated potassium channel subunit beta-2	10015-119	ENSG00000069424	Q13303	combined	seq.10015.119	Somalogic	proteomics	SomaScan	7k
Plasma	DNA polymerase eta	10022-207	ENSG00000170734	Q9Y253	combined	seq.10022.207	Somalogic	proteomics	SomaScan	7k
Plasma	Vitamin D3 receptor	10023-32	ENSG00000111424	P11473	combined	seq.10023.32	Somalogic	proteomics	SomaScan	7k
Plasma	4-hydroxy-2-oxoglutarate aldolase, mitochondrial	10024-44	ENSG00000241935	Q86XE5	combined	seq.10024.44	Somalogic	proteomics	SomaScan	7k
Plasma	Dihydrolipoyl dehydrogenase, mitochondrial	10025-1	ENSG00000091140	P09622	combined	seq.10025.1	Somalogic	proteomics	SomaScan	7k
Plasma	Adenine DNA glycosylase	10030-8	ENSG00000132781	Q9UIF7	combined	seq.10030.8	Somalogic	proteomics	SomaScan	7k
Plasma	Dual specificity protein phosphatase 4	10035-6	ENSG00000120875	Q13115	combined	seq.10035.6	Somalogic	proteomics	SomaScan	7k
Plasma	Zinc fingers and homeoboxes protein 3	10036-201	ENSG00000174306	Q9H4I2	combined	seq.10036.201	Somalogic	proteomics	SomaScan	7k
Plasma	Sialic acid-binding Ig-like lectin 12:Ig-like V-type 2 domain, Isoform long	10037-98	ENSG00000254521	Q96PQ1	combined	seq.10037.98	Somalogic	proteomics	SomaScan	7k
Plasma	Purine nucleoside phosphorylase	10039-32	ENSG00000198805	P00491	combined	seq.10039.32	Somalogic	proteomics	SomaScan	7k
Plasma	Tumor protein 63	10040-63	ENSG00000073282	Q9H3D4	combined	seq.10040.63	Somalogic	proteomics	SomaScan	7k
Plasma	Hepatocyte nuclear factor 4-alpha	10041-3	ENSG00000101076	P41235	combined	seq.10041.3	Somalogic	proteomics	SomaScan	7k
Plasma	Serine/threonine-protein kinase Sgk3	10042-8	ENSG00000104205	Q96BR1	combined	seq.10042.8	Somalogic	proteomics	SomaScan	7k
Plasma	Bromodomain-containing protein 4	10043-31	ENSG00000141867	O60885	combined	seq.10043.31	Somalogic	proteomics	SomaScan	7k
Plasma	Protein Wnt-10a	10044-12	ENSG00000135925	Q9GZT5	combined	seq.10044.12	Somalogic	proteomics	SomaScan	7k
Plasma	Cullin-3	10045-47	ENSG00000036257	Q13618	combined	seq.10045.47	Somalogic	proteomics	SomaScan	7k
Plasma	Baculoviral IAP repeat-containing protein 2	10046-55	ENSG00000110330	Q13490	combined	seq.10046.55	Somalogic	proteomics	SomaScan	7k
Plasma	Neutrophil cytosol factor 2	10047-12	ENSG00000116701	P19878	combined	seq.10047.12	Somalogic	proteomics	SomaScan	7k
Plasma	Core-binding factor subunit beta	10048-7	ENSG00000067955	Q13951	combined	seq.10048.7	Somalogic	proteomics	SomaScan	7k
Plasma	Telomeric repeat-binding factor 1	10049-112	ENSG00000147601	P54274	combined	seq.10049.112	Somalogic	proteomics	SomaScan	7k
Plasma	Integrin-linked protein kinase	10053-5	ENSG00000166333	Q13418	combined	seq.10053.5	Somalogic	proteomics	SomaScan	7k
Plasma	Gigaxonin	10054-3	ENSG00000261609	Q9H2C0	combined	seq.10054.3	Somalogic	proteomics	SomaScan	7k
Plasma	Forkhead box protein M1	10056-5	ENSG00000111206	Q08050	combined	seq.10056.5	Somalogic	proteomics	SomaScan	7k
Plasma	UV excision repair protein RAD23 homolog A	10058-1	ENSG00000179262	P54725	combined	seq.10058.1	Somalogic	proteomics	SomaScan	7k
Plasma	E3 ubiquitin-protein ligase FANCL	10063-10	ENSG00000115392	Q9NW38	combined	seq.10063.10	Somalogic	proteomics	SomaScan	7k
Plasma	Putative hydrolase RBBP9	10064-12	ENSG00000089050	O75884	combined	seq.10064.12	Somalogic	proteomics	SomaScan	7k
Plasma	Peptidyl-prolyl cis-trans isomerase NIMA-interacting 1	10069-2	ENSG00000127445	Q13526	combined	seq.10069.2	Somalogic	proteomics	SomaScan	7k
Plasma	1-phosphatidylinositol 4,5-bisphosphate phosphodiesterase gamma-2	10070-22	ENSG00000197943	P16885	combined	seq.10070.22	Somalogic	proteomics	SomaScan	7k
Plasma	Tyrosyl-DNA phosphodiesterase 1	10073-22	ENSG00000042088	Q9NUW8	combined	seq.10073.22	Somalogic	proteomics	SomaScan	7k
Plasma	Bromodomain-containing protein 2	10074-128	ENSG00000204256|ENSG00000235307|ENSG00000234507|ENSG00000234704|ENSG00000215077	P25440	combined	seq.10074.128	Somalogic	proteomics	SomaScan	7k
Plasma	Acyl-CoA-binding domain-containing protein 6	10075-75	ENSG00000230124	Q9BR61	combined	seq.10075.75	Somalogic	proteomics	SomaScan	7k
Plasma	AP-4 complex subunit mu-1	10076-1	ENSG00000221838	O00189	combined	seq.10076.1	Somalogic	proteomics	SomaScan	7k
Plasma	BAG family molecular chaperone regulator 3	10078-5	ENSG00000151929	O95817	combined	seq.10078.5	Somalogic	proteomics	SomaScan	7k
Plasma	Translation initiation factor eIF-2B subunit alpha	10080-9	ENSG00000111361	Q14232	combined	seq.10080.9	Somalogic	proteomics	SomaScan	7k
Plasma	DNA-binding protein SATB2	10081-17	ENSG00000119042	Q9UPW6	combined	seq.10081.17	Somalogic	proteomics	SomaScan	7k
Plasma	Neurofilament light polypeptide	10082-251	ENSG00000277586	P07196	combined	seq.10082.251	Somalogic	proteomics	SomaScan	7k
Plasma	Steroidogenic acute regulatory protein, mitochondrial	10085-25	ENSG00000147465	P49675	combined	seq.10085.25	Somalogic	proteomics	SomaScan	7k
Plasma	Cystathionine beta-synthase	10086-39	ENSG00000160200	P35520	combined	seq.10086.39	Somalogic	proteomics	SomaScan	7k
Plasma	Alpha-crystallin A chain	10087-10	ENSG00000160202	P02489	combined	seq.10087.10	Somalogic	proteomics	SomaScan	7k
Plasma	Adenine phosphoribosyltransferase	10088-37	ENSG00000198931	P07741	combined	seq.10088.37	Somalogic	proteomics	SomaScan	7k
Plasma	N-acetylserotonin O-methyltransferase-like protein	10089-7	ENSG00000169093	O95671	combined	seq.10089.7	Somalogic	proteomics	SomaScan	7k
Plasma	E3 ubiquitin-protein ligase CHIP	10336-3	ENSG00000103266	Q9UNE7	combined	seq.10336.3	Somalogic	proteomics	SomaScan	7k
Plasma	Gamma-enolase	10339-48	ENSG00000111674	P09104	combined	seq.10339.48	Somalogic	proteomics	SomaScan	7k
Plasma	E3 SUMO-protein ligase PIAS4	10342-55		Q8N2W9	combined	seq.10342.55	Somalogic	proteomics	SomaScan	7k
Plasma	Interleukin-10 receptor subunit alpha	10344-334	ENSG00000110324	Q13651	combined	seq.10344.334	Somalogic	proteomics	SomaScan	7k
Plasma	Signal transducer and activator of transcription 3	10346-5	ENSG00000168610	P40763	combined	seq.10346.5	Somalogic	proteomics	SomaScan	7k
Plasma	Interferon regulatory factor 1	10351-51	ENSG00000125347	P10914	combined	seq.10351.51	Somalogic	proteomics	SomaScan	7k
Plasma	Signal transducer and activator of transcription 3	10354-57	ENSG00000168610	P40763	combined	seq.10354.57	Somalogic	proteomics	SomaScan	7k
Plasma	Transcription factor AP-1	10356-21	ENSG00000177606	P05412	combined	seq.10356.21	Somalogic	proteomics	SomaScan	7k
Plasma	2'-5'-oligoadenylate synthase 1	10361-25	ENSG00000089127	P00973	combined	seq.10361.25	Somalogic	proteomics	SomaScan	7k
Plasma	Myc proto-oncogene protein	10362-35	ENSG00000136997	P01106	combined	seq.10362.35	Somalogic	proteomics	SomaScan	7k
Plasma	Mothers against decapentaplegic homolog 3	10363-13	ENSG00000166949	P84022	combined	seq.10363.13	Somalogic	proteomics	SomaScan	7k
Plasma	Mothers against decapentaplegic homolog 2	10364-6	ENSG00000175387	Q15796	combined	seq.10364.6	Somalogic	proteomics	SomaScan	7k
Plasma	Interleukin-23	10365-132	ENSG00000113302|ENSG00000110944	P29460|Q9NPF7	combined	seq.10365.132	Somalogic	proteomics	SomaScan	7k
Plasma	Platelet-derived growth factor receptor alpha	10366-11	ENSG00000134853	P16234	combined	seq.10366.11	Somalogic	proteomics	SomaScan	7k
Plasma	Interleukin-12	10367-62	ENSG00000168811|ENSG00000113302	P29459|P29460	combined	seq.10367.62	Somalogic	proteomics	SomaScan	7k
Plasma	Signal transducer and activator of transcription 1-alpha/beta	10370-21	ENSG00000115415	P42224	combined	seq.10370.21	Somalogic	proteomics	SomaScan	7k
Plasma	Signal transducer and activator of transcription 6	10372-18	ENSG00000166888	P42226	combined	seq.10372.18	Somalogic	proteomics	SomaScan	7k
Plasma	Angiopoietin-related protein 3	10382-1	ENSG00000132855	Q9Y5C1	combined	seq.10382.1	Somalogic	proteomics	SomaScan	7k
Plasma	E3 ubiquitin-protein ligase ZNRF3	10390-21	ENSG00000183579	Q9ULT6	combined	seq.10390.21	Somalogic	proteomics	SomaScan	7k
Plasma	Angiopoietin-related protein 3	10391-1	ENSG00000132855	Q9Y5C1	combined	seq.10391.1	Somalogic	proteomics	SomaScan	7k
Plasma	Induced myeloid leukemia cell differentiation protein Mcl-1	10396-6	ENSG00000143384	Q07820	combined	seq.10396.6	Somalogic	proteomics	SomaScan	7k
Plasma	Ankyrin repeat domain-containing protein 1	10398-110	ENSG00000148677	Q15327	combined	seq.10398.110	Somalogic	proteomics	SomaScan	7k
Plasma	Syntaxin-12	10418-36	ENSG00000117758	Q86Y82	combined	seq.10418.36	Somalogic	proteomics	SomaScan	7k
Plasma	Scavenger receptor class A member 5	10419-1	ENSG00000168079	Q6ZMJ2	combined	seq.10419.1	Somalogic	proteomics	SomaScan	7k
Plasma	Fas apoptotic inhibitory molecule 1	10420-30	ENSG00000158234	Q9NVQ4	combined	seq.10420.30	Somalogic	proteomics	SomaScan	7k
Plasma	Neural proliferation differentiation and control protein 1	10424-31	ENSG00000107281	Q9NQX5	combined	seq.10424.31	Somalogic	proteomics	SomaScan	7k
Plasma	Beta-1,4-galactosyltransferase 5	10425-3	ENSG00000158470	O43286	combined	seq.10425.3	Somalogic	proteomics	SomaScan	7k
Plasma	Golgi SNAP receptor complex member 2	10426-21	ENSG00000108433	O14653	combined	seq.10426.21	Somalogic	proteomics	SomaScan	7k
Plasma	Killer cell immunoglobulin-like receptor 2DS2	10428-1	ENSG00000275452|ENSG00000277885|ENSG00000278300	P43631	combined	seq.10428.1	Somalogic	proteomics	SomaScan	7k
Plasma	4F2 cell-surface antigen heavy chain:Cytoplasmic domain	10430-31	ENSG00000168003	P08195	combined	seq.10430.31	Somalogic	proteomics	SomaScan	7k
Plasma	Uncharacterized protein KIAA1644	10432-3	ENSG00000138944	Q3SXP7	combined	seq.10432.3	Somalogic	proteomics	SomaScan	7k
Plasma	N(4)-(beta-N-acetylglucosaminyl)-L-asparaginase	10435-2	ENSG00000038002	P20933	combined	seq.10435.2	Somalogic	proteomics	SomaScan	7k
Plasma	Granulocyte-macrophage colony-stimulating factor receptor subunit alpha	10438-19	ENSG00000198223	P15509	combined	seq.10438.19	Somalogic	proteomics	SomaScan	7k
Plasma	Alpha-amylase 2B	10439-57	ENSG00000240038	P19961	combined	seq.10439.57	Somalogic	proteomics	SomaScan	7k
Plasma	CXADR-like membrane protein:Extracellular domain	10440-26	ENSG00000166250	Q9H6B4	combined	seq.10440.26	Somalogic	proteomics	SomaScan	7k
Plasma	Transmembrane protein 190	10442-1	ENSG00000160472	Q8WZ59	combined	seq.10442.1	Somalogic	proteomics	SomaScan	7k
Plasma	Apolipoprotein M	10445-20	ENSG00000224290|ENSG00000227567|ENSG00000231974|ENSG00000235754|ENSG00000206409|ENSG00000226215|ENSG00000204444	O95445	combined	seq.10445.20	Somalogic	proteomics	SomaScan	7k
Plasma	Polyadenylate-binding protein 3	10447-18	ENSG00000151846	Q9H361	combined	seq.10447.18	Somalogic	proteomics	SomaScan	7k
Plasma	Protein shisa-2 homolog	10449-31	ENSG00000180730	Q6UWI4	combined	seq.10449.31	Somalogic	proteomics	SomaScan	7k
Plasma	Nucleobindin-1	10451-11	ENSG00000104805	Q02818	combined	seq.10451.11	Somalogic	proteomics	SomaScan	7k
Plasma	Carcinoembryonic antigen-related cell adhesion molecule 20	10453-7	ENSG00000273777	Q6UY09	combined	seq.10453.7	Somalogic	proteomics	SomaScan	7k
Plasma	DnaJ homolog subfamily C member 16	10454-99	ENSG00000116138	Q9Y2G8	combined	seq.10454.99	Somalogic	proteomics	SomaScan	7k
Plasma	Interleukin-31	10455-196	ENSG00000204671	Q6EBC2	combined	seq.10455.196	Somalogic	proteomics	SomaScan	7k
Plasma	Interleukin-18 receptor accessory protein	10457-3	ENSG00000115607	O95256	combined	seq.10457.3	Somalogic	proteomics	SomaScan	7k
Plasma	Chitotriosidase-1	10460-1	ENSG00000133063	Q13231	combined	seq.10460.1	Somalogic	proteomics	SomaScan	7k
Plasma	Insulin-like peptide INSL5	10462-14	ENSG00000172410	Q9Y5Q6	combined	seq.10462.14	Somalogic	proteomics	SomaScan	7k
Plasma	Intestinal-type alkaline phosphatase	10463-23	ENSG00000163295	P09923	combined	seq.10463.23	Somalogic	proteomics	SomaScan	7k
Plasma	Anthrax toxin receptor 1	10464-6	ENSG00000169604	Q9H6X2	combined	seq.10464.6	Somalogic	proteomics	SomaScan	7k
Plasma	Thioredoxin domain-containing protein 11:N-term	10470-34	ENSG00000153066	Q6PKC3	combined	seq.10470.34	Somalogic	proteomics	SomaScan	7k
Plasma	Tumor necrosis factor receptor superfamily member 14	10472-53	ENSG00000157873|ENSG00000273936	Q92956	combined	seq.10472.53	Somalogic	proteomics	SomaScan	7k
Plasma	Trefoil factor 2	10473-2	ENSG00000160181	Q03403	combined	seq.10473.2	Somalogic	proteomics	SomaScan	7k
Plasma	Stromelysin-2	10479-18	ENSG00000166670	P09238	combined	seq.10479.18	Somalogic	proteomics	SomaScan	7k
Plasma	CD59 glycoprotein	10480-33	ENSG00000085063	P13987	combined	seq.10480.33	Somalogic	proteomics	SomaScan	7k
Plasma	Melanoma-associated antigen 4	10485-56	ENSG00000147381	P43358	combined	seq.10485.56	Somalogic	proteomics	SomaScan	7k
Plasma	Dolichyl-diphosphooligosaccharide--protein glycosyltransferase subunit 1:Cytoplasmic domain	10490-3	ENSG00000163902	P04843	combined	seq.10490.3	Somalogic	proteomics	SomaScan	7k
Plasma	Calcium-activated chloride channel regulator 1	10496-11	ENSG00000016490	A8K7I4	combined	seq.10496.11	Somalogic	proteomics	SomaScan	7k
Plasma	Transmembrane protein 106A	10499-1	ENSG00000184988	Q96A25	combined	seq.10499.1	Somalogic	proteomics	SomaScan	7k
Plasma	E3 ubiquitin-protein ligase RNF43	10505-12	ENSG00000108375	Q68DV7	combined	seq.10505.12	Somalogic	proteomics	SomaScan	7k
Plasma	Membrane-associated progesterone receptor component 2	10506-53	ENSG00000164040	O15173	combined	seq.10506.53	Somalogic	proteomics	SomaScan	7k
Plasma	Acrosomal protein SP-10	10507-166	ENSG00000134940	P26436	combined	seq.10507.166	Somalogic	proteomics	SomaScan	7k
Plasma	SLP adapter and CSK-interacting membrane protein	10510-62	ENSG00000161929	Q6UWF3	combined	seq.10510.62	Somalogic	proteomics	SomaScan	7k
Plasma	Collagen alpha-3(VI) chain:isoform 3	10511-10	ENSG00000163359	P12111	combined	seq.10511.10	Somalogic	proteomics	SomaScan	7k
Plasma	Cytokine receptor common subunit beta:Extracellular domain	10512-13	ENSG00000100368	P32927	combined	seq.10512.13	Somalogic	proteomics	SomaScan	7k
Plasma	Calsenilin	10513-13	ENSG00000115041	Q9Y2W7	combined	seq.10513.13	Somalogic	proteomics	SomaScan	7k
Plasma	Prostaglandin-H2 D-isomerase	10514-5	ENSG00000107317	P41222	combined	seq.10514.5	Somalogic	proteomics	SomaScan	7k
Plasma	Matrix-remodeling-associated protein 8:Extracellular domain	10521-10	ENSG00000162576	Q9BRK3	combined	seq.10521.10	Somalogic	proteomics	SomaScan	7k
Plasma	ATP-dependent RNA helicase A	10527-22	ENSG00000135829	Q08211	combined	seq.10527.22	Somalogic	proteomics	SomaScan	7k
Plasma	Dipeptidase 1	10528-2	ENSG00000015413	P16444	combined	seq.10528.2	Somalogic	proteomics	SomaScan	7k
Plasma	Proteasome subunit beta type-6	10530-8	ENSG00000142507	P28072	combined	seq.10530.8	Somalogic	proteomics	SomaScan	7k
Plasma	GTPase NRas	10531-18	ENSG00000213281	P01111	combined	seq.10531.18	Somalogic	proteomics	SomaScan	7k
Plasma	Poly [ADP-ribose] polymerase 1:BRCA1 C-terminal:BRCA1 C-terminus domian	10534-40	ENSG00000143799	P09874	combined	seq.10534.40	Somalogic	proteomics	SomaScan	7k
Plasma	Cytochrome c oxidase subunit 6A2, mitochondrial	10535-25	ENSG00000156885	Q02221	combined	seq.10535.25	Somalogic	proteomics	SomaScan	7k
Plasma	CD99 antigen-like protein 2	10539-30	ENSG00000102181	Q8TCZ2	combined	seq.10539.30	Somalogic	proteomics	SomaScan	7k
Plasma	Thrombospondin-type laminin G domain and EAR repeat-containing protein	10546-2	ENSG00000175894	Q8WU66	combined	seq.10546.2	Somalogic	proteomics	SomaScan	7k
Plasma	Bone morphogenetic protein receptor type-1B	10550-37	ENSG00000138696	O00238	combined	seq.10550.37	Somalogic	proteomics	SomaScan	7k
Plasma	Linker for activation of T-cells family member 1	10551-7	ENSG00000213658	O43561	combined	seq.10551.7	Somalogic	proteomics	SomaScan	7k
Plasma	NKG2-F type II integral membrane protein	10552-88	ENSG00000183542	O43908	combined	seq.10552.88	Somalogic	proteomics	SomaScan	7k
Plasma	Torsin-1A-interacting protein 2	10553-8	ENSG00000169905	Q8NFQ8	combined	seq.10553.8	Somalogic	proteomics	SomaScan	7k
Plasma	Beta-galactosidase	10554-23	ENSG00000170266	P16278	combined	seq.10554.23	Somalogic	proteomics	SomaScan	7k
Plasma	Testis-expressed sequence 29 protein	10557-6	ENSG00000153495	Q8N6K0	combined	seq.10557.6	Somalogic	proteomics	SomaScan	7k
Plasma	Protocadherin-9	10558-26	ENSG00000184226	Q9HC56	combined	seq.10558.26	Somalogic	proteomics	SomaScan	7k
Plasma	Integral membrane protein 2C:N-term	10560-1	ENSG00000135916	Q9NQX7	combined	seq.10560.1	Somalogic	proteomics	SomaScan	7k
Plasma	Peptidoglycan recognition protein 3	10561-5	ENSG00000159527	Q96LB9	combined	seq.10561.5	Somalogic	proteomics	SomaScan	7k
Plasma	Neuropilin and tolloid-like protein 2	10562-42	ENSG00000171208	Q8NC67	combined	seq.10562.42	Somalogic	proteomics	SomaScan	7k
Plasma	LysM and putative peptidoglycan-binding domain-containing protein 3	10563-13	ENSG00000176018	Q7Z3D4	combined	seq.10563.13	Somalogic	proteomics	SomaScan	7k
Plasma	SLIT and NTRK-like protein 3	10565-19	ENSG00000121871	O94933	combined	seq.10565.19	Somalogic	proteomics	SomaScan	7k
Plasma	Microfibrillar-associated protein 2	10569-28	ENSG00000117122	P55001	combined	seq.10569.28	Somalogic	proteomics	SomaScan	7k
Plasma	Alpha-1,3-mannosyl-glycoprotein 2-beta-N-acetylglucosaminyltransferase	10571-14	ENSG00000131446	P26572	combined	seq.10571.14	Somalogic	proteomics	SomaScan	7k
Plasma	Cystatin-8	10572-65	ENSG00000125815	O60676	combined	seq.10572.65	Somalogic	proteomics	SomaScan	7k
Plasma	Beta-2-microglobulin	10574-10	ENSG00000166710|ENSG00000273686	P61769	combined	seq.10574.10	Somalogic	proteomics	SomaScan	7k
Plasma	Poly(U)-binding-splicing factor PUF60	10575-31	ENSG00000274081|ENSG00000179950	Q9UHX1	combined	seq.10575.31	Somalogic	proteomics	SomaScan	7k
Plasma	Plexin domain-containing protein 2:Extracellular domain	10576-7	ENSG00000120594	Q6UX71	combined	seq.10576.7	Somalogic	proteomics	SomaScan	7k
Plasma	Surfactant-associated protein 2	10580-14	ENSG00000237814|ENSG00000225454|ENSG00000230072|ENSG00000206465|ENSG00000196260	Q6UW10	combined	seq.10580.14	Somalogic	proteomics	SomaScan	7k
Plasma	Protein O-mannose kinase	10582-36	ENSG00000185900	Q9H5K3	combined	seq.10582.36	Somalogic	proteomics	SomaScan	7k
Plasma	Transmembrane protein 108	10583-1	ENSG00000144868	Q6UXF1	combined	seq.10583.1	Somalogic	proteomics	SomaScan	7k
Plasma	NADH dehydrogenase [ubiquinone] iron-sulfur protein 4, mitochondrial	10584-7	ENSG00000164258	O43181	combined	seq.10584.7	Somalogic	proteomics	SomaScan	7k
Plasma	Lactosylceramide alpha-2,3-sialyltransferase	10588-39	ENSG00000115525	Q9UNP4	combined	seq.10588.39	Somalogic	proteomics	SomaScan	7k
Plasma	Retinoic acid early transcript 1L protein	10589-7	ENSG00000155918	Q5VY80	combined	seq.10589.7	Somalogic	proteomics	SomaScan	7k
Plasma	Calmegin	10600-24	ENSG00000153132	O14967	combined	seq.10600.24	Somalogic	proteomics	SomaScan	7k
Plasma	Histatin-3	10603-1	ENSG00000282967|ENSG00000205649	P15516	combined	seq.10603.1	Somalogic	proteomics	SomaScan	7k
Plasma	Adipocyte plasma membrane-associated protein	10605-22	ENSG00000101474	Q9HDC9	combined	seq.10605.22	Somalogic	proteomics	SomaScan	7k
Plasma	Torsin-1A-interacting protein 1:Perinuclear domain	10606-34	ENSG00000143337	Q5JTV8	combined	seq.10606.34	Somalogic	proteomics	SomaScan	7k
Plasma	Histatin-1	10608-9	ENSG00000126550|ENSG00000283046	P15515	combined	seq.10608.9	Somalogic	proteomics	SomaScan	7k
Plasma	Procollagen-lysine,2-oxoglutarate 5-dioxygenase 3	10612-18	ENSG00000106397	O60568	combined	seq.10612.18	Somalogic	proteomics	SomaScan	7k
Plasma	Protein CASC4	10613-33	ENSG00000166734	Q6P4E1	combined	seq.10613.33	Somalogic	proteomics	SomaScan	7k
Plasma	Myelin protein P0	10615-18	ENSG00000158887	P25189	combined	seq.10615.18	Somalogic	proteomics	SomaScan	7k
Plasma	Podocalyxin-like protein 2	10616-67	ENSG00000114631	Q9NZ53	combined	seq.10616.67	Somalogic	proteomics	SomaScan	7k
Plasma	Low-density lipoprotein receptor-related protein 2	10618-190	ENSG00000081479	P98164	combined	seq.10618.190	Somalogic	proteomics	SomaScan	7k
Plasma	Beta-microseminoprotein	10620-21	ENSG00000263639	P08118	combined	seq.10620.21	Somalogic	proteomics	SomaScan	7k
Plasma	Protein Largen	10621-26	ENSG00000184838	Q569H4	combined	seq.10621.26	Somalogic	proteomics	SomaScan	7k
Plasma	Mucin-1:region 1	10623-19	ENSG00000185499	P15941	combined	seq.10623.19	Somalogic	proteomics	SomaScan	7k
Plasma	Serine protease inhibitor Kazal-type 13	10624-45	ENSG00000214510	Q1W4C9	combined	seq.10624.45	Somalogic	proteomics	SomaScan	7k
Plasma	Alpha-N-acetylgalactosaminide alpha-2,6-sialyltransferase 3	10626-116	ENSG00000184005	Q8NDV1	combined	seq.10626.116	Somalogic	proteomics	SomaScan	7k
Plasma	Amyloid-like protein 2	10627-87	ENSG00000084234	Q06481	combined	seq.10627.87	Somalogic	proteomics	SomaScan	7k
Plasma	Oxidoreductase HTATIP2	10630-5	ENSG00000109854	Q9BUP3	combined	seq.10630.5	Somalogic	proteomics	SomaScan	7k
Plasma	Membrane-associated progesterone receptor component 2	10631-9	ENSG00000164040	O15173	combined	seq.10631.9	Somalogic	proteomics	SomaScan	7k
Plasma	Cell surface glycoprotein CD200 receptor 1:Isoform 4, Cytoplasmic Domain	10636-1	ENSG00000163606	Q8TD46	combined	seq.10636.1	Somalogic	proteomics	SomaScan	7k
Plasma	UPF0577 protein KIAA1324:Extracellular domain	10637-50	ENSG00000116299	Q6UXG2	combined	seq.10637.50	Somalogic	proteomics	SomaScan	7k
Plasma	TERF1-interacting nuclear factor 2	10638-1	ENSG00000092330|ENSG00000284915	Q9BSI4	combined	seq.10638.1	Somalogic	proteomics	SomaScan	7k
Plasma	Noelin-3:Isoform 2, C-term	10643-16	ENSG00000118733	Q96PB7	combined	seq.10643.16	Somalogic	proteomics	SomaScan	7k
Plasma	Activating signal cointegrator 1 complex subunit 1	10647-18	ENSG00000138303	Q8N9N2	combined	seq.10647.18	Somalogic	proteomics	SomaScan	7k
Plasma	Insulin-induced gene 1 protein	10663-42	ENSG00000186480	O15503	combined	seq.10663.42	Somalogic	proteomics	SomaScan	7k
Plasma	N-acetylglucosamine-1-phosphotransferase subunit gamma	10666-7	ENSG00000090581	Q9UJJ9	combined	seq.10666.7	Somalogic	proteomics	SomaScan	7k
Plasma	Uncharacterized protein C1orf185	10667-78	ENSG00000204006	Q5T7R7	combined	seq.10667.78	Somalogic	proteomics	SomaScan	7k
Plasma	Syntaxin-4	10668-5	ENSG00000103496	Q12846	combined	seq.10668.5	Somalogic	proteomics	SomaScan	7k
Plasma	Semaphorin-3E	10670-26	ENSG00000170381	O15041	combined	seq.10670.26	Somalogic	proteomics	SomaScan	7k
Plasma	Pulmonary surfactant-associated protein B	10672-75	ENSG00000168878	P07988	combined	seq.10672.75	Somalogic	proteomics	SomaScan	7k
Plasma	Thioredoxin-related transmembrane protein 2	10675-223	ENSG00000213593	Q9Y320	combined	seq.10675.223	Somalogic	proteomics	SomaScan	7k
Plasma	NADH dehydrogenase [ubiquinone] 1 beta subcomplex subunit 4	10677-9	ENSG00000065518	O95168	combined	seq.10677.9	Somalogic	proteomics	SomaScan	7k
Plasma	Killer cell lectin-like receptor subfamily G member 2:C-term	10693-43	ENSG00000188883	A4D1S0	combined	seq.10693.43	Somalogic	proteomics	SomaScan	7k
Plasma	Protein WFDC10B	10695-12	ENSG00000182931	Q8IUB3	combined	seq.10695.12	Somalogic	proteomics	SomaScan	7k
Plasma	Prolow-density lipoprotein receptor-related protein 1	10699-52	ENSG00000123384	Q07954	combined	seq.10699.52	Somalogic	proteomics	SomaScan	7k
Plasma	Immunoglobulin superfamily member 11:Cytoplasmic domain	10700-10	ENSG00000144847	Q5DX21	combined	seq.10700.10	Somalogic	proteomics	SomaScan	7k
Plasma	Collagen alpha-1(XXVIII) chain	10702-1	ENSG00000215018	Q2UY09	combined	seq.10702.1	Somalogic	proteomics	SomaScan	7k
Plasma	Sin3 histone deacetylase corepressor complex component SDS3	10703-203	ENSG00000111707	Q9H7L9	combined	seq.10703.203	Somalogic	proteomics	SomaScan	7k
Plasma	Lymphoid-restricted membrane protein	10704-91	ENSG00000118308	Q12912	combined	seq.10704.91	Somalogic	proteomics	SomaScan	7k
Plasma	Alpha-N-acetylgalactosaminide alpha-2,6-sialyltransferase 3	10705-14	ENSG00000184005	Q8NDV1	combined	seq.10705.14	Somalogic	proteomics	SomaScan	7k
Plasma	Progonadoliberin-2	10708-3	ENSG00000125787	O43555	combined	seq.10708.3	Somalogic	proteomics	SomaScan	7k
Plasma	Zona pellucida-binding protein 2	10710-23	ENSG00000186075	Q6X784	combined	seq.10710.23	Somalogic	proteomics	SomaScan	7k
Plasma	CMRF35-like molecule 7	10713-151	ENSG00000178789	A8K4G0	combined	seq.10713.151	Somalogic	proteomics	SomaScan	7k
Plasma	Angiotensin-converting enzyme	10714-7	ENSG00000159640	P12821	combined	seq.10714.7	Somalogic	proteomics	SomaScan	7k
Plasma	26S proteasome non-ATPase regulatory subunit 5	10716-35	ENSG00000095261	Q16401	combined	seq.10716.35	Somalogic	proteomics	SomaScan	7k
Plasma	Internal Use Only: Heat shock 70 kDa protein 1A	10721-76	ENSG00000234475|ENSG00000204389|ENSG00000215328|ENSG00000235941|ENSG00000237724	P0DMV8	combined	seq.10721.76	Somalogic	proteomics	SomaScan	7k
Plasma	Tyrosine-protein kinase SYK:Protein kinase domain	10722-13	ENSG00000165025	P43405	combined	seq.10722.13	Somalogic	proteomics	SomaScan	7k
Plasma	Heparan sulfate glucosamine 3-O-sulfotransferase 5	10731-10	ENSG00000249853	Q8IZT8	combined	seq.10731.10	Somalogic	proteomics	SomaScan	7k
Plasma	Galactose-3-O-sulfotransferase 2	10734-339	ENSG00000154252	Q9H3Q3	combined	seq.10734.339	Somalogic	proteomics	SomaScan	7k
Plasma	Leukocyte elastase inhibitor	10737-96	ENSG00000021355	P30740	combined	seq.10737.96	Somalogic	proteomics	SomaScan	7k
Plasma	Fibulin-5	10738-11	ENSG00000140092	Q9UBX5	combined	seq.10738.11	Somalogic	proteomics	SomaScan	7k
Plasma	Macrophage colony-stimulating factor 1	10741-22	ENSG00000184371	P09603	combined	seq.10741.22	Somalogic	proteomics	SomaScan	7k
Plasma	SLIT and NTRK-like protein 1	10743-13		Q96PX8	combined	seq.10743.13	Somalogic	proteomics	SomaScan	7k
Plasma	Dickkopf-related protein 3	10746-24	ENSG00000050165	Q9UBP4	combined	seq.10746.24	Somalogic	proteomics	SomaScan	7k
Plasma	Protocadherin beta-2	10748-216	ENSG00000112852	Q9Y5E7	combined	seq.10748.216	Somalogic	proteomics	SomaScan	7k
Plasma	Internal Use Only: Heat shock 70 kDa protein 1A	10749-18	ENSG00000234475|ENSG00000204389|ENSG00000215328|ENSG00000235941|ENSG00000237724	P0DMV8	combined	seq.10749.18	Somalogic	proteomics	SomaScan	7k
Plasma	Chromodomain Y-like protein 2	10752-8	ENSG00000166446	Q8N8U2	combined	seq.10752.8	Somalogic	proteomics	SomaScan	7k
Plasma	Disintegrin and metalloproteinase domain-containing protein 7	10753-31	ENSG00000069206	Q9H2U9	combined	seq.10753.31	Somalogic	proteomics	SomaScan	7k
Plasma	Prokineticin-2	10754-113	ENSG00000163421	Q9HC23	combined	seq.10754.113	Somalogic	proteomics	SomaScan	7k
Plasma	Urocortin-3	10756-34	ENSG00000178473	Q969E3	combined	seq.10756.34	Somalogic	proteomics	SomaScan	7k
Plasma	Keratocan	10758-2	ENSG00000139330	O60938	combined	seq.10758.2	Somalogic	proteomics	SomaScan	7k
Plasma	Glutamate receptor 4	10760-107	ENSG00000152578	P48058	combined	seq.10760.107	Somalogic	proteomics	SomaScan	7k
Plasma	Transmembrane emp24 domain-containing protein 2	10761-5	ENSG00000086598	Q15363	combined	seq.10761.5	Somalogic	proteomics	SomaScan	7k
Plasma	Killer cell lectin-like receptor subfamily G member 2:N-term	10762-2	ENSG00000188883	A4D1S0	combined	seq.10762.2	Somalogic	proteomics	SomaScan	7k
Plasma	G-protein coupled receptor 64	10767-52	ENSG00000173698	Q8IZP9	combined	seq.10767.52	Somalogic	proteomics	SomaScan	7k
Plasma	Chondroitin sulfate N-acetylgalactosaminyltransferase 2	10772-21	ENSG00000169826	Q8N6G5	combined	seq.10772.21	Somalogic	proteomics	SomaScan	7k
Plasma	Ras-related protein Rab-3D	10780-10	ENSG00000105514	O95716	combined	seq.10780.10	Somalogic	proteomics	SomaScan	7k
Plasma	C-type lectin domain family 4 member G	10781-19	ENSG00000182566	Q6UXB4	combined	seq.10781.19	Somalogic	proteomics	SomaScan	7k
Plasma	Leucine-rich repeat-containing protein 52	10785-8	ENSG00000162763	Q8N7C0	combined	seq.10785.8	Somalogic	proteomics	SomaScan	7k
Plasma	CMRF35-like molecule 2	10798-4	ENSG00000186407	Q496F6	combined	seq.10798.4	Somalogic	proteomics	SomaScan	7k
Plasma	Serpin H1	10800-15	ENSG00000149257	P50454	combined	seq.10800.15	Somalogic	proteomics	SomaScan	7k
Plasma	Ephrin-A2	10801-11	ENSG00000099617	O43921	combined	seq.10801.11	Somalogic	proteomics	SomaScan	7k
Plasma	Internal Use Only: Heat shock 70 kDa protein 1A	10803-22	ENSG00000234475|ENSG00000204389|ENSG00000215328|ENSG00000235941|ENSG00000237724	P0DMV8	combined	seq.10803.22	Somalogic	proteomics	SomaScan	7k
Plasma	Killer cell lectin-like receptor subfamily B member 1	10809-14	ENSG00000111796	Q12918	combined	seq.10809.14	Somalogic	proteomics	SomaScan	7k
Plasma	T-cell surface glycoprotein CD1a	10814-7	ENSG00000158477	P06126	combined	seq.10814.7	Somalogic	proteomics	SomaScan	7k
Plasma	Intracellular hyaluronan-binding protein 4	10815-2	ENSG00000130956	Q5JVS0	combined	seq.10815.2	Somalogic	proteomics	SomaScan	7k
Plasma	Paired immunoglobulin-like type 2 receptor alpha isoform FDF03-M14	10816-150	ENSG00000085514	Q9UKJ1	combined	seq.10816.150	Somalogic	proteomics	SomaScan	7k
Plasma	TOMM20-like protein 1	10817-26	ENSG00000196860	Q6UXN7	combined	seq.10817.26	Somalogic	proteomics	SomaScan	7k
Plasma	Sphingomyelin phosphodiesterase	10818-36	ENSG00000166311	P17405	combined	seq.10818.36	Somalogic	proteomics	SomaScan	7k
Plasma	Fibulin-1	10819-108	ENSG00000077942	P23142	combined	seq.10819.108	Somalogic	proteomics	SomaScan	7k
Plasma	V-set and immunoglobulin domain-containing protein 10	10825-12	ENSG00000176834	Q8N0Z9	combined	seq.10825.12	Somalogic	proteomics	SomaScan	7k
Plasma	Leucine-rich repeat and immunoglobulin-like domain-containing nogo receptor-interacting protein 3	10827-67	ENSG00000220008	P0C6S8	combined	seq.10827.67	Somalogic	proteomics	SomaScan	7k
Plasma	EF-hand calcium-binding domain-containing protein 14:N-term	10830-5	ENSG00000159658	O75071	combined	seq.10830.5	Somalogic	proteomics	SomaScan	7k
Plasma	Beta-1,4-galactosyltransferase 6	10832-24	ENSG00000118276	Q9UBX8	combined	seq.10832.24	Somalogic	proteomics	SomaScan	7k
Plasma	Hedgehog-interacting protein	10833-64	ENSG00000164161	Q96QV1	combined	seq.10833.64	Somalogic	proteomics	SomaScan	7k
Plasma	Alpha-1,4-N-acetylglucosaminyltransferase	10835-25	ENSG00000118017	Q9UNA3	combined	seq.10835.25	Somalogic	proteomics	SomaScan	7k
Plasma	Beta-1,3-galactosyl-O-glycosyl-glycoprotein beta-1,6-N-acetylglucosaminyltransferase 4	10842-7	ENSG00000176928	Q9P109	combined	seq.10842.7	Somalogic	proteomics	SomaScan	7k
Plasma	Sialic acid-binding Ig-like lectin 15	10847-1	ENSG00000197046	Q6ZMC9	combined	seq.10847.1	Somalogic	proteomics	SomaScan	7k
Plasma	Butyrophilin-like protein 3	10848-137	ENSG00000168903	Q6UXE8	combined	seq.10848.137	Somalogic	proteomics	SomaScan	7k
Plasma	Interleukin-27 subunit beta	10851-77	ENSG00000105246	Q14213	combined	seq.10851.77	Somalogic	proteomics	SomaScan	7k
Plasma	Heterogeneous nuclear ribonucleoprotein D-like	10852-114	ENSG00000152795	O14979	combined	seq.10852.114	Somalogic	proteomics	SomaScan	7k
Plasma	Beta-1,3-galactosyl-O-glycosyl-glycoprotein beta-1,6-N-acetylglucosaminyltransferase 4	10854-15	ENSG00000176928	Q9P109	combined	seq.10854.15	Somalogic	proteomics	SomaScan	7k
Plasma	Plexin-B2	10855-55	ENSG00000196576	O15031	combined	seq.10855.55	Somalogic	proteomics	SomaScan	7k
Plasma	Serine/threonine-protein phosphatase 4 regulatory subunit 3A	10866-60	ENSG00000100796	Q6IN85	combined	seq.10866.60	Somalogic	proteomics	SomaScan	7k
Plasma	Spastin:Microtubule interacting and trafficking domain	10870-32	ENSG00000021574	Q9UBP0	combined	seq.10870.32	Somalogic	proteomics	SomaScan	7k
Plasma	BRCA1-associated ATM activator 1	10876-300	ENSG00000106009	Q6PJG6	combined	seq.10876.300	Somalogic	proteomics	SomaScan	7k
Plasma	Protein FAM163B	10880-38	ENSG00000196990	P0C2L3	combined	seq.10880.38	Somalogic	proteomics	SomaScan	7k
Plasma	Desmocollin-1	10882-12	ENSG00000134765	Q08554	combined	seq.10882.12	Somalogic	proteomics	SomaScan	7k
Plasma	Bombesin receptor-activated protein C6orf89	10885-36	ENSG00000198663	Q6UWU4	combined	seq.10885.36	Somalogic	proteomics	SomaScan	7k
Plasma	Melanocortin-2 receptor accessory protein 2	10889-2	ENSG00000135324	Q96G30	combined	seq.10889.2	Somalogic	proteomics	SomaScan	7k
Plasma	Lactase-like protein	10890-135	ENSG00000188501	Q6UWM7	combined	seq.10890.135	Somalogic	proteomics	SomaScan	7k
Plasma	Oncostatin-M-specific receptor subunit beta	10892-8	ENSG00000145623	Q99650	combined	seq.10892.8	Somalogic	proteomics	SomaScan	7k
Plasma	Secretagogin	10894-25	ENSG00000079689	O76038	combined	seq.10894.25	Somalogic	proteomics	SomaScan	7k
Plasma	Transmembrane protease serine 11B	10895-28	ENSG00000185873	Q86T26	combined	seq.10895.28	Somalogic	proteomics	SomaScan	7k
Plasma	Stathmin-2	10900-272	ENSG00000104435	Q93045	combined	seq.10900.272	Somalogic	proteomics	SomaScan	7k
Plasma	Retroviral-like aspartic protease 1	10902-53	ENSG00000244617	Q53RT3	combined	seq.10902.53	Somalogic	proteomics	SomaScan	7k
Plasma	Syntaxin-8	10903-50	ENSG00000170310	Q9UNK0	combined	seq.10903.50	Somalogic	proteomics	SomaScan	7k
Plasma	Neurotrimin	10907-116	ENSG00000182667	Q9P121	combined	seq.10907.116	Somalogic	proteomics	SomaScan	7k
Plasma	Polypeptide N-acetylgalactosaminyltransferase 13	10908-2	ENSG00000144278	Q8IUC8	combined	seq.10908.2	Somalogic	proteomics	SomaScan	7k
Plasma	Carcinoembryonic antigen-related cell adhesion molecule 4	10910-6	ENSG00000105352|ENSG00000274131	O75871	combined	seq.10910.6	Somalogic	proteomics	SomaScan	7k
Plasma	Secretory phospholipase A2 receptor	10916-44	ENSG00000153246	Q13018	combined	seq.10916.44	Somalogic	proteomics	SomaScan	7k
Plasma	Guanine nucleotide-binding protein G(I)/G(S)/G(O) subunit gamma-T2	10917-40	ENSG00000167083	O14610	combined	seq.10917.40	Somalogic	proteomics	SomaScan	7k
Plasma	Neuferricin	10924-258	ENSG00000167740	Q8WUJ1	combined	seq.10924.258	Somalogic	proteomics	SomaScan	7k
Plasma	Calcium-binding protein 8	10933-107	ENSG00000183166	Q9BXU9	combined	seq.10933.107	Somalogic	proteomics	SomaScan	7k
Plasma	Lymphocyte function-associated antigen 3	10938-13	ENSG00000116815	P19256	combined	seq.10938.13	Somalogic	proteomics	SomaScan	7k
Plasma	Pleckstrin homology domain-containing family A member 4	10939-16	ENSG00000105559	Q9H4M7	combined	seq.10939.16	Somalogic	proteomics	SomaScan	7k
Plasma	Sarcalumenin	10940-25	ENSG00000185739	Q86TD4	combined	seq.10940.25	Somalogic	proteomics	SomaScan	7k
Plasma	Syntaxin-6	10945-11	ENSG00000135823	O43752	combined	seq.10945.11	Somalogic	proteomics	SomaScan	7k
Plasma	Phospholipase D3	10948-14	ENSG00000105223	Q8IV08	combined	seq.10948.14	Somalogic	proteomics	SomaScan	7k
Plasma	60S acidic ribosomal protein P2	10949-59	ENSG00000177600	P05387	combined	seq.10949.59	Somalogic	proteomics	SomaScan	7k
Plasma	C-type lectin domain family 2 member A	10953-14	ENSG00000188393	Q6UVW9	combined	seq.10953.14	Somalogic	proteomics	SomaScan	7k
Plasma	C-type lectin domain family 10 member A	10955-4	ENSG00000132514	Q8IUN9	combined	seq.10955.4	Somalogic	proteomics	SomaScan	7k
Plasma	Glycine cleavage system H protein, mitochondrial	10956-82	ENSG00000140905	P23434	combined	seq.10956.82	Somalogic	proteomics	SomaScan	7k
Plasma	BET1-like protein	10959-125	ENSG00000177951	Q9NYM9	combined	seq.10959.125	Somalogic	proteomics	SomaScan	7k
Plasma	Retinoic acid receptor responder protein 3	10961-15	ENSG00000133321	Q9UL19	combined	seq.10961.15	Somalogic	proteomics	SomaScan	7k
Plasma	Alpha-2-HS-glycoprotein	10966-1	ENSG00000145192	P02765	combined	seq.10966.1	Somalogic	proteomics	SomaScan	7k
Plasma	Prolactin	10967-12	ENSG00000172179	P01236	combined	seq.10967.12	Somalogic	proteomics	SomaScan	7k
Plasma	Ecto-ADP-ribosyltransferase 3	10970-3	ENSG00000156219	Q13508	combined	seq.10970.3	Somalogic	proteomics	SomaScan	7k
Plasma	Serine protease inhibitor Kazal-type 7	10974-20	ENSG00000145879	P58062	combined	seq.10974.20	Somalogic	proteomics	SomaScan	7k
Plasma	Mucin-like protein 1	10975-59	ENSG00000172551	Q96DR8	combined	seq.10975.59	Somalogic	proteomics	SomaScan	7k
Plasma	Mucin-1:region 3	10976-44	ENSG00000185499	P15941	combined	seq.10976.44	Somalogic	proteomics	SomaScan	7k
Plasma	Unique cartilage matrix-associated protein	10977-55	ENSG00000165623	Q8WVF2	combined	seq.10977.55	Somalogic	proteomics	SomaScan	7k
Plasma	Growth hormone variant	10978-39	ENSG00000136487	P01242	combined	seq.10978.39	Somalogic	proteomics	SomaScan	7k
Plasma	Acetylcholinesterase	10980-11	ENSG00000087085	P22303	combined	seq.10980.11	Somalogic	proteomics	SomaScan	7k
Plasma	Pro-neuregulin-3, membrane-bound isoform	10981-56	ENSG00000185737	P56975	combined	seq.10981.56	Somalogic	proteomics	SomaScan	7k
Plasma	Leucine-rich repeat serine/threonine-protein kinase 2	10990-21	ENSG00000188906	Q5S007	combined	seq.10990.21	Somalogic	proteomics	SomaScan	7k
Plasma	Osteocalcin	11067-13	ENSG00000242252	P02818	combined	seq.11067.13	Somalogic	proteomics	SomaScan	7k
Plasma	Interleukin-5	11071-1	ENSG00000113525	P05113	combined	seq.11071.1	Somalogic	proteomics	SomaScan	7k
Plasma	Glycerol-3-phosphate dehydrogenase [NAD(+)], cytoplasmic	11081-1	ENSG00000167588	P21695	combined	seq.11081.1	Somalogic	proteomics	SomaScan	7k
Plasma	Gamma-enolase	11083-23	ENSG00000111674	P09104	combined	seq.11083.23	Somalogic	proteomics	SomaScan	7k
Plasma	Immunoglobulin A	11089-7	ENSG00000211890|ENSG00000282633|ENSG00000211895	P01877|P01876	combined	seq.11089.7	Somalogic	proteomics	SomaScan	7k
Plasma	Galectin-10	11094-104	ENSG00000105205	Q05315	combined	seq.11094.104	Somalogic	proteomics	SomaScan	7k
Plasma	HemK methyltransferase family member 2	11096-57	ENSG00000156239	Q9Y5N5	combined	seq.11096.57	Somalogic	proteomics	SomaScan	7k
Plasma	Pyridoxal kinase	11098-1	ENSG00000160209	O00764	combined	seq.11098.1	Somalogic	proteomics	SomaScan	7k
Plasma	Toll-like receptor 4	11101-18	ENSG00000136869	O00206	combined	seq.11101.18	Somalogic	proteomics	SomaScan	7k
Plasma	Regenerating islet-derived protein 4	11102-22	ENSG00000134193	Q9BYZ8	combined	seq.11102.22	Somalogic	proteomics	SomaScan	7k
Plasma	Heat shock protein beta-1	11103-24	ENSG00000106211	P04792	combined	seq.11103.24	Somalogic	proteomics	SomaScan	7k
Plasma	Chitinase-3-like protein 1	11104-13	ENSG00000133048	P36222	combined	seq.11104.13	Somalogic	proteomics	SomaScan	7k
Plasma	Alpha-enolase	11105-171	ENSG00000074800	P06733	combined	seq.11105.171	Somalogic	proteomics	SomaScan	7k
Plasma	Teneurin-3	11107-25	ENSG00000218336	Q9P273	combined	seq.11107.25	Somalogic	proteomics	SomaScan	7k
Plasma	Sushi, von Willebrand factor type A, EGF and pentraxin domain-containing protein 1:Sushi 15-18	11109-56	ENSG00000165124	Q4LDE5	combined	seq.11109.56	Somalogic	proteomics	SomaScan	7k
Plasma	Transmembrane protein 119	11110-4	ENSG00000183160	Q4V9L6	combined	seq.11110.4	Somalogic	proteomics	SomaScan	7k
Plasma	Protein kish-A	11112-18	ENSG00000174695	Q8TBQ9	combined	seq.11112.18	Somalogic	proteomics	SomaScan	7k
Plasma	Uncharacterized protein C11orf87	11116-16	ENSG00000185742	Q6NUJ2	combined	seq.11116.16	Somalogic	proteomics	SomaScan	7k
Plasma	Spermatogenesis-associated protein 20	11117-2	ENSG00000006282	Q8TB22	combined	seq.11117.2	Somalogic	proteomics	SomaScan	7k
Plasma	Ras-related protein Rab-17	11118-107	ENSG00000124839	Q9H0T7	combined	seq.11118.107	Somalogic	proteomics	SomaScan	7k
Plasma	N-acetyltransferase 14	11120-49	ENSG00000090971	Q8WUY8	combined	seq.11120.49	Somalogic	proteomics	SomaScan	7k
Plasma	Brorin	11121-56	ENSG00000188730	Q2TAL6	combined	seq.11121.56	Somalogic	proteomics	SomaScan	7k
Plasma	Maspardin	11122-97	ENSG00000090487	Q9NZD8	combined	seq.11122.97	Somalogic	proteomics	SomaScan	7k
Plasma	Triple functional domain protein	11126-102	ENSG00000038382	O75962	combined	seq.11126.102	Somalogic	proteomics	SomaScan	7k
Plasma	Transmembrane protein 132C:Cytoplasmic domain	11128-29	ENSG00000181234	Q8N3T6	combined	seq.11128.29	Somalogic	proteomics	SomaScan	7k
Plasma	Bone morphogenetic protein 15	11129-66	ENSG00000130385	O95972	combined	seq.11129.66	Somalogic	proteomics	SomaScan	7k
Plasma	Voltage-dependent L-type calcium channel subunit beta-4	11130-158	ENSG00000182389	O00305	combined	seq.11130.158	Somalogic	proteomics	SomaScan	7k
Plasma	Peptide chain release factor 1-like, mitochondrial	11134-30	ENSG00000112031	Q9UGC7	combined	seq.11134.30	Somalogic	proteomics	SomaScan	7k
Plasma	39S ribosomal protein L55, mitochondrial	11135-5	ENSG00000162910	Q7Z7F7	combined	seq.11135.5	Somalogic	proteomics	SomaScan	7k
Plasma	Cytokine receptor common subunit beta:Cytoplasmic domain	11137-43	ENSG00000100368	P32927	combined	seq.11137.43	Somalogic	proteomics	SomaScan	7k
Plasma	Runt-related transcription factor 3	11138-16	ENSG00000020633	Q13761	combined	seq.11138.16	Somalogic	proteomics	SomaScan	7k
Plasma	Collagen alpha-1(I) chain:C-term propeptide	11140-56	ENSG00000108821	P02452	combined	seq.11140.56	Somalogic	proteomics	SomaScan	7k
Plasma	Angiopoietin-related protein 1:C-Term, Fibrinogen domian	11142-11	ENSG00000116194	O95841	combined	seq.11142.11	Somalogic	proteomics	SomaScan	7k
Plasma	Noelin-3:Isoform 2, N-term	11143-32	ENSG00000118733	Q96PB7	combined	seq.11143.32	Somalogic	proteomics	SomaScan	7k
Plasma	Beta-defensin 116	11144-10	ENSG00000215545	Q30KQ4	combined	seq.11144.10	Somalogic	proteomics	SomaScan	7k
Plasma	UPF0606 protein KIAA1549L	11145-72	ENSG00000110427	Q6ZVL6	combined	seq.11145.72	Somalogic	proteomics	SomaScan	7k
Plasma	T-box transcription factor TBX22	11146-4	ENSG00000277800|ENSG00000122145	Q9Y458	combined	seq.11146.4	Somalogic	proteomics	SomaScan	7k
Plasma	Trem-like transcript 1 protein:immunoreceptor tyrosine-based inhibition motif	11147-17	ENSG00000161911	Q86YW5	combined	seq.11147.17	Somalogic	proteomics	SomaScan	7k
Plasma	Toll-like receptor 1:Cytoplasmic domain	11149-3	ENSG00000174125	Q15399	combined	seq.11149.3	Somalogic	proteomics	SomaScan	7k
Plasma	Collagen alpha-1(VI) chain	11150-3	ENSG00000142156	P12109	combined	seq.11150.3	Somalogic	proteomics	SomaScan	7k
Plasma	Kallikrein-13	11152-46	ENSG00000167759	Q9UKR3	combined	seq.11152.46	Somalogic	proteomics	SomaScan	7k
Plasma	Nuclear factor erythroid 2-related factor 1	11154-3	ENSG00000082641	Q14494	combined	seq.11154.3	Somalogic	proteomics	SomaScan	7k
Plasma	Collagen alpha-5(VI) chain	11155-16	ENSG00000172752	A8TX70	combined	seq.11155.16	Somalogic	proteomics	SomaScan	7k
Plasma	Internal Use Only: Heat shock 70 kDa protein 1A	11157-35	ENSG00000234475|ENSG00000204389|ENSG00000215328|ENSG00000235941|ENSG00000237724	P0DMV8	combined	seq.11157.35	Somalogic	proteomics	SomaScan	7k
Plasma	Bicaudal D-related protein 1	11158-40	ENSG00000135127	Q6ZP65	combined	seq.11158.40	Somalogic	proteomics	SomaScan	7k
Plasma	Mitochondrial ubiquitin ligase activator of NFKB 1:Cytoplasmic domain	11159-14	ENSG00000090432	Q969V5	combined	seq.11159.14	Somalogic	proteomics	SomaScan	7k
Plasma	RING finger protein 122	11160-56	ENSG00000133874	Q9H9V4	combined	seq.11160.56	Somalogic	proteomics	SomaScan	7k
Plasma	Spartin	11161-5	ENSG00000133104	Q8N0X7	combined	seq.11161.5	Somalogic	proteomics	SomaScan	7k
Plasma	Equatorin	11162-37	ENSG00000120160	Q9NQ60	combined	seq.11162.37	Somalogic	proteomics	SomaScan	7k
Plasma	Protein FAM162B	11163-7	ENSG00000183807	Q5T6X4	combined	seq.11163.7	Somalogic	proteomics	SomaScan	7k
Plasma	Teneurin-2	11164-7	ENSG00000145934	Q9NT68	combined	seq.11164.7	Somalogic	proteomics	SomaScan	7k
Plasma	Myotubularin-related protein 1	11167-6	ENSG00000063601	Q13613	combined	seq.11167.6	Somalogic	proteomics	SomaScan	7k
Plasma	Multiple epidermal growth factor-like domains protein 10	11168-3	ENSG00000145794	Q96KG7	combined	seq.11168.3	Somalogic	proteomics	SomaScan	7k
Plasma	Filamin-A:Calponin Homology 2	11171-25	ENSG00000196924	P21333	combined	seq.11171.25	Somalogic	proteomics	SomaScan	7k
Plasma	Allergin-1	11173-29	ENSG00000271605	Q7Z6M3	combined	seq.11173.29	Somalogic	proteomics	SomaScan	7k
Plasma	Thrombospondin type-1 domain-containing protein 7A:Thrombospondin type-1 domain 6	11174-8	ENSG00000005108	Q9UPZ6	combined	seq.11174.8	Somalogic	proteomics	SomaScan	7k
Plasma	Lysophosphatidylcholine acyltransferase 2	11175-45	ENSG00000087253	Q7L5N7	combined	seq.11175.45	Somalogic	proteomics	SomaScan	7k
Plasma	Keratin, type II cytoskeletal 5	11177-16	ENSG00000186081	P13647	combined	seq.11177.16	Somalogic	proteomics	SomaScan	7k
Plasma	Sushi, von Willebrand factor type A, EGF and pentraxin domain-containing protein 1:EGF-like domains 4-6	11178-21	ENSG00000165124	Q4LDE5	combined	seq.11178.21	Somalogic	proteomics	SomaScan	7k
Plasma	Testis-specific serine/threonine-protein kinase 1	11179-7	ENSG00000212122	Q9BXA7	combined	seq.11179.7	Somalogic	proteomics	SomaScan	7k
Plasma	SWI/SNF complex subunit SMARCC1	11180-17	ENSG00000173473	Q92922	combined	seq.11180.17	Somalogic	proteomics	SomaScan	7k
Plasma	Chromogranin-A	11184-51	ENSG00000276781|ENSG00000100604	P10645	combined	seq.11184.51	Somalogic	proteomics	SomaScan	7k
Plasma	GTP cyclohydrolase 1	11185-145	ENSG00000131979	P30793	combined	seq.11185.145	Somalogic	proteomics	SomaScan	7k
Plasma	Transmembrane protein 52	11186-12	ENSG00000178821	Q8NDY8	combined	seq.11186.12	Somalogic	proteomics	SomaScan	7k
Plasma	C-type lectin domain family 12 member A	11187-11	ENSG00000172322	Q5QGZ9	combined	seq.11187.11	Somalogic	proteomics	SomaScan	7k
Plasma	ATP-dependent zinc metalloprotease YME1L1	11190-129	ENSG00000136758	Q96TA2	combined	seq.11190.129	Somalogic	proteomics	SomaScan	7k
Plasma	Tubulointerstitial nephritis antigen-like	11192-168	ENSG00000142910	Q9GZM7	combined	seq.11192.168	Somalogic	proteomics	SomaScan	7k
Plasma	Hepatocyte nuclear factor 1-alpha	11193-27	ENSG00000135100	P20823	combined	seq.11193.27	Somalogic	proteomics	SomaScan	7k
Plasma	Signaling threshold-regulating transmembrane adapter 1	11194-6	ENSG00000137078	Q9Y3P8	combined	seq.11194.6	Somalogic	proteomics	SomaScan	7k
Plasma	Collagen alpha-3(VI) chain:Bovine pancreatic trypsin inhibitor/Kunitz inhibitor domain, isoform 1	11196-31	ENSG00000163359	P12111	combined	seq.11196.31	Somalogic	proteomics	SomaScan	7k
Plasma	Cyclic AMP-responsive element-binding protein 3-like protein 1	11198-37	ENSG00000157613	Q96BA8	combined	seq.11198.37	Somalogic	proteomics	SomaScan	7k
Plasma	Complement component C1q receptor	11200-52	ENSG00000125810	Q9NPY3	combined	seq.11200.52	Somalogic	proteomics	SomaScan	7k
Plasma	tRNA pseudouridine synthase A, mitochondrial	11201-19	ENSG00000177192	Q9Y606	combined	seq.11201.19	Somalogic	proteomics	SomaScan	7k
Plasma	T-box transcription factor TBX5	11202-70	ENSG00000089225	Q99593	combined	seq.11202.70	Somalogic	proteomics	SomaScan	7k
Plasma	Pyruvate kinase PKLR	11203-97	ENSG00000143627|ENSG00000262785	P30613	combined	seq.11203.97	Somalogic	proteomics	SomaScan	7k
Plasma	Coxsackievirus and adenovirus receptor	11204-80	ENSG00000154639	P78310	combined	seq.11204.80	Somalogic	proteomics	SomaScan	7k
Plasma	Integrin beta-7	11205-10	ENSG00000139626	P26010	combined	seq.11205.10	Somalogic	proteomics	SomaScan	7k
Plasma	Macrophage scavenger receptor types I and II:Cytoplasmic domain	11207-3	ENSG00000038945	P21757	combined	seq.11207.3	Somalogic	proteomics	SomaScan	7k
Plasma	N-acetylglucosamine-1-phosphodiester alpha-N-acetylglucosaminidase	11208-15	ENSG00000103174	Q9UK23	combined	seq.11208.15	Somalogic	proteomics	SomaScan	7k
Plasma	Tubulin-specific chaperone E	11211-7	ENSG00000285053|ENSG00000282984|ENSG00000284770	Q15813	combined	seq.11211.7	Somalogic	proteomics	SomaScan	7k
Plasma	Thioredoxin domain-containing protein 5	11212-7	ENSG00000239264	Q8NBS9	combined	seq.11212.7	Somalogic	proteomics	SomaScan	7k
Plasma	DnaJ homolog subfamily B member 9	11214-40	ENSG00000128590	Q9UBS3	combined	seq.11214.40	Somalogic	proteomics	SomaScan	7k
Plasma	Cadherin-15:Cytoplasmic domain	11215-6	ENSG00000129910	P55291	combined	seq.11215.6	Somalogic	proteomics	SomaScan	7k
Plasma	C-terminal-binding protein 1	11217-16	ENSG00000159692	Q13363	combined	seq.11217.16	Somalogic	proteomics	SomaScan	7k
Plasma	Thiopurine S-methyltransferase	11218-84	ENSG00000137364	P51580	combined	seq.11218.84	Somalogic	proteomics	SomaScan	7k
Plasma	Fibroblast growth factor-binding protein 3	11219-95	ENSG00000174721	Q8TAT2	combined	seq.11219.95	Somalogic	proteomics	SomaScan	7k
Plasma	Uncharacterized protein C10orf105	11220-53	ENSG00000214688	Q8TEF2	combined	seq.11220.53	Somalogic	proteomics	SomaScan	7k
Plasma	Transmembrane protein 154	11223-1	ENSG00000170006	Q6P9G4	combined	seq.11223.1	Somalogic	proteomics	SomaScan	7k
Plasma	Ubiquitin-protein ligase E3A	11226-16	ENSG00000114062	Q05086	combined	seq.11226.16	Somalogic	proteomics	SomaScan	7k
Plasma	Transducin beta-like protein 2	11227-31	ENSG00000106638	Q9Y4P3	combined	seq.11227.31	Somalogic	proteomics	SomaScan	7k
Plasma	Protein RIC-3	11228-37	ENSG00000166405	Q7Z5B4	combined	seq.11228.37	Somalogic	proteomics	SomaScan	7k
Plasma	Serine/threonine-protein kinase/endoribonuclease IRE1	11229-16	ENSG00000178607	O75460	combined	seq.11229.16	Somalogic	proteomics	SomaScan	7k
Plasma	Adrenodoxin-like protein, mitochondrial	11231-12	ENSG00000267673	Q6P4F2	combined	seq.11231.12	Somalogic	proteomics	SomaScan	7k
Plasma	Transcobalamin-1	11232-46	ENSG00000134827	P20061	combined	seq.11232.46	Somalogic	proteomics	SomaScan	7k
Plasma	Procollagen C-endopeptidase enhancer 1	11237-49	ENSG00000106333	Q15113	combined	seq.11237.49	Somalogic	proteomics	SomaScan	7k
Plasma	Transmembrane protease serine 6	11239-49	ENSG00000187045	Q8IU80	combined	seq.11239.49	Somalogic	proteomics	SomaScan	7k
Plasma	Argininosuccinate lyase	11241-8	ENSG00000126522	P04424	combined	seq.11241.8	Somalogic	proteomics	SomaScan	7k
Plasma	Protein-glutamine gamma-glutamyltransferase K	11242-33	ENSG00000092295|ENSG00000285348	P22735	combined	seq.11242.33	Somalogic	proteomics	SomaScan	7k
Plasma	Adhesion G-protein coupled receptor F1	11243-90	ENSG00000153292	Q5T601	combined	seq.11243.90	Somalogic	proteomics	SomaScan	7k
Plasma	Filamin-A:Calponin Homology 1	11245-43	ENSG00000196924	P21333	combined	seq.11245.43	Somalogic	proteomics	SomaScan	7k
Plasma	BPI fold-containing family B member 1	11246-3	ENSG00000125999	Q8TDL5	combined	seq.11246.3	Somalogic	proteomics	SomaScan	7k
Plasma	N-acetylglutamate synthase, mitochondrial	11247-20	ENSG00000161653	Q8N159	combined	seq.11247.20	Somalogic	proteomics	SomaScan	7k
Plasma	Uroporphyrinogen-III synthase	11248-43	ENSG00000188690	P10746	combined	seq.11248.43	Somalogic	proteomics	SomaScan	7k
Plasma	Leucine-rich repeat and calponin homology domain-containing protein 4:Calponin Homology	11252-30	ENSG00000077454	O75427	combined	seq.11252.30	Somalogic	proteomics	SomaScan	7k
Plasma	Papilin	11254-13	ENSG00000100767	O95428	combined	seq.11254.13	Somalogic	proteomics	SomaScan	7k
Plasma	Dihydropteridine reductase	11257-1	ENSG00000151552	P09417	combined	seq.11257.1	Somalogic	proteomics	SomaScan	7k
Plasma	Mucosal addressin cell adhesion molecule 1	11258-41	ENSG00000099866	Q13477	combined	seq.11258.41	Somalogic	proteomics	SomaScan	7k
Plasma	SUN domain-containing protein 5	11260-47	ENSG00000167098	Q8TC36	combined	seq.11260.47	Somalogic	proteomics	SomaScan	7k
Plasma	TraB domain-containing protein	11262-39	ENSG00000170638	Q9H4I3	combined	seq.11262.39	Somalogic	proteomics	SomaScan	7k
Plasma	Calsequestrin-1	11263-57	ENSG00000143318	P31415	combined	seq.11263.57	Somalogic	proteomics	SomaScan	7k
Plasma	Xanthine dehydrogenase/oxidase	11264-33	ENSG00000158125	P47989	combined	seq.11264.33	Somalogic	proteomics	SomaScan	7k
Plasma	Retinal dehydrogenase 1	11265-8	ENSG00000165092	P00352	combined	seq.11265.8	Somalogic	proteomics	SomaScan	7k
Plasma	P-selectin glycoprotein ligand 1:Extracellular domain	11266-8	ENSG00000110876	Q14242	combined	seq.11266.8	Somalogic	proteomics	SomaScan	7k
Plasma	Coiled-coil-helix-coiled-coil-helix domain-containing protein 10, mitochondrial	11270-17	ENSG00000250479|ENSG00000273607	Q8WYQ3	combined	seq.11270.17	Somalogic	proteomics	SomaScan	7k
Plasma	Glutathione S-transferase theta-2B	11273-176	ENSG00000133433|ENSG00000278695	P0CG30	combined	seq.11273.176	Somalogic	proteomics	SomaScan	7k
Plasma	Low-density lipoprotein receptor-related protein 1B	11275-94	ENSG00000168702	Q9NZR2	combined	seq.11275.94	Somalogic	proteomics	SomaScan	7k
Plasma	Cyclic AMP-dependent transcription factor ATF-6 alpha	11277-23	ENSG00000118217	P18850	combined	seq.11277.23	Somalogic	proteomics	SomaScan	7k
Plasma	Collagen alpha-2(XI) chain	11278-4	ENSG00000204248|ENSG00000227801|ENSG00000235708|ENSG00000230930|ENSG00000206290	P13942	combined	seq.11278.4	Somalogic	proteomics	SomaScan	7k
Plasma	Gamma-aminobutyric acid type B receptor subunit 1	11279-42	ENSG00000237051|ENSG00000204681|ENSG00000237112|ENSG00000232569|ENSG00000232632|ENSG00000206511|ENSG00000206466	Q9UBS5	combined	seq.11279.42	Somalogic	proteomics	SomaScan	7k
Plasma	Glutamate decarboxylase 1	11280-6	ENSG00000128683	Q99259	combined	seq.11280.6	Somalogic	proteomics	SomaScan	7k
Plasma	Growth factor receptor-bound protein 7	11281-6	ENSG00000141738	Q14451	combined	seq.11281.6	Somalogic	proteomics	SomaScan	7k
Plasma	Macrophage scavenger receptor types I and II:Extracellular domain	11282-16	ENSG00000038945	P21757	combined	seq.11282.16	Somalogic	proteomics	SomaScan	7k
Plasma	DDB1- and CUL4-associated factor 5	11283-13	ENSG00000139990	Q96JK2	combined	seq.11283.13	Somalogic	proteomics	SomaScan	7k
Plasma	Leukocyte-associated immunoglobulin-like receptor 1	11284-24	ENSG00000278154|ENSG00000274110|ENSG00000276053|ENSG00000167613|ENSG00000276163	Q6GTX8	combined	seq.11284.24	Somalogic	proteomics	SomaScan	7k
Plasma	Hematopoietic progenitor cell antigen CD34	11285-8	ENSG00000174059	P28906	combined	seq.11285.8	Somalogic	proteomics	SomaScan	7k
Plasma	Selenoprotein S	11286-78	ENSG00000131871	Q9BQE4	combined	seq.11286.78	Somalogic	proteomics	SomaScan	7k
Plasma	Cytochrome b5	11287-14	ENSG00000166347	P00167	combined	seq.11287.14	Somalogic	proteomics	SomaScan	7k
Plasma	Cytosolic purine 5'-nucleotidase	11288-26	ENSG00000076685	P49902	combined	seq.11288.26	Somalogic	proteomics	SomaScan	7k
Plasma	Casein kinase I isoform delta	11289-31	ENSG00000141551	P48730	combined	seq.11289.31	Somalogic	proteomics	SomaScan	7k
Plasma	Scavenger receptor class A member 3:region 2	11292-13	ENSG00000168077	Q6AZY7	combined	seq.11292.13	Somalogic	proteomics	SomaScan	7k
Plasma	Leucine-rich repeat neuronal protein 1:Cytoplasmic domain	11293-14	ENSG00000175928	Q6UXK5	combined	seq.11293.14	Somalogic	proteomics	SomaScan	7k
Plasma	Transmembrane and coiled-coil domains protein 3:region 2	11294-7	ENSG00000057704	Q9ULS5	combined	seq.11294.7	Somalogic	proteomics	SomaScan	7k
Plasma	Neurogenic locus notch homolog protein 2	11297-54	ENSG00000134250	Q04721	combined	seq.11297.54	Somalogic	proteomics	SomaScan	7k
Plasma	Sortilin	11300-32	ENSG00000134243	Q99523	combined	seq.11300.32	Somalogic	proteomics	SomaScan	7k
Plasma	Tenascin-R	11302-237	ENSG00000116147	Q92752	combined	seq.11302.237	Somalogic	proteomics	SomaScan	7k
Plasma	Deoxynucleoside triphosphate triphosphohydrolase SAMHD1	11303-7	ENSG00000101347	Q9Y3Z3	combined	seq.11303.7	Somalogic	proteomics	SomaScan	7k
Plasma	NEDD4-like E3 ubiquitin-protein ligase WWP1	11307-33	ENSG00000123124	Q9H0M0	combined	seq.11307.33	Somalogic	proteomics	SomaScan	7k
Plasma	Cyclic AMP-responsive element-binding protein 3-like protein 4	11308-8	ENSG00000143578	Q8TEY5	combined	seq.11308.8	Somalogic	proteomics	SomaScan	7k
Plasma	Desmoglein-3	11310-8	ENSG00000134757	P32926	combined	seq.11310.8	Somalogic	proteomics	SomaScan	7k
Plasma	V(D)J recombination-activating protein 1	11311-79	ENSG00000166349	P15918	combined	seq.11311.79	Somalogic	proteomics	SomaScan	7k
Plasma	Mismatch repair endonuclease PMS2	11312-40	ENSG00000122512	P54278	combined	seq.11312.40	Somalogic	proteomics	SomaScan	7k
Plasma	Pterin-4-alpha-carbinolamine dehydratase	11313-100	ENSG00000166228	P61457	combined	seq.11313.100	Somalogic	proteomics	SomaScan	7k
Plasma	Protein phosphatase 1D	11315-148	ENSG00000170836	O15297	combined	seq.11315.148	Somalogic	proteomics	SomaScan	7k
Plasma	Apolipoprotein A-V	11318-20	ENSG00000110243	Q6Q788	combined	seq.11318.20	Somalogic	proteomics	SomaScan	7k
Plasma	Double-strand break repair protein MRE11	11319-106	ENSG00000020922	P49959	combined	seq.11319.106	Somalogic	proteomics	SomaScan	7k
Plasma	E3 ubiquitin-protein ligase CHFR	11320-29	ENSG00000072609	Q96EP1	combined	seq.11320.29	Somalogic	proteomics	SomaScan	7k
Plasma	Peroxidasin-like protein	11324-3	ENSG00000147485	A1KZ92	combined	seq.11324.3	Somalogic	proteomics	SomaScan	7k
Plasma	Protein BTG2	11325-8	ENSG00000159388	P78543	combined	seq.11325.8	Somalogic	proteomics	SomaScan	7k
Plasma	Dual specificity protein kinase CLK2	11327-56	ENSG00000261893|ENSG00000176444	P49760	combined	seq.11327.56	Somalogic	proteomics	SomaScan	7k
Plasma	U6 snRNA phosphodiesterase	11328-9	ENSG00000103005	Q9BQ65	combined	seq.11328.9	Somalogic	proteomics	SomaScan	7k
Plasma	Casein kinase II subunit beta	11330-15	ENSG00000224398|ENSG00000224774|ENSG00000232960|ENSG00000206406|ENSG00000204435|ENSG00000230700|ENSG00000228875	P67870	combined	seq.11330.15	Somalogic	proteomics	SomaScan	7k
Plasma	Rho GTPase-activating protein 25	11333-82	ENSG00000163219	P42331	combined	seq.11333.82	Somalogic	proteomics	SomaScan	7k
Plasma	Leukocyte immunoglobulin-like receptor subfamily B member 3	11334-7	ENSG00000274587|ENSG00000275019|ENSG00000204577	O75022	combined	seq.11334.7	Somalogic	proteomics	SomaScan	7k
Plasma	Fanconi anemia group F protein	11336-9	ENSG00000183161	Q9NPI8	combined	seq.11336.9	Somalogic	proteomics	SomaScan	7k
Plasma	Tyrosine-protein kinase BLK	11338-49	ENSG00000136573	P51451	combined	seq.11338.49	Somalogic	proteomics	SomaScan	7k
Plasma	Plexin domain-containing protein 2:Cytoplasmic domain	11342-59	ENSG00000120594	Q6UX71	combined	seq.11342.59	Somalogic	proteomics	SomaScan	7k
Plasma	Transaldolase	11347-9	ENSG00000177156	P37837	combined	seq.11347.9	Somalogic	proteomics	SomaScan	7k
Plasma	Prolyl 4-hydroxylase subunit alpha-2	11348-132	ENSG00000072682	O15460	combined	seq.11348.132	Somalogic	proteomics	SomaScan	7k
Plasma	E3 ubiquitin-protein ligase CHIP	11350-30	ENSG00000103266	Q9UNE7	combined	seq.11350.30	Somalogic	proteomics	SomaScan	7k
Plasma	Non-homologous end-joining factor 1	11351-233	ENSG00000187736	Q9H9Q4	combined	seq.11351.233	Somalogic	proteomics	SomaScan	7k
Plasma	Titin	11352-42	ENSG00000155657	Q8WZ42	combined	seq.11352.42	Somalogic	proteomics	SomaScan	7k
Plasma	Mothers against decapentaplegic homolog 2	11353-143	ENSG00000175387	Q15796	combined	seq.11353.143	Somalogic	proteomics	SomaScan	7k
Plasma	1-phosphatidylinositol 4,5-bisphosphate phosphodiesterase beta-1	11354-21	ENSG00000182621	Q9NQ66	combined	seq.11354.21	Somalogic	proteomics	SomaScan	7k
Plasma	Eukaryotic translation initiation factor 5A-2	11355-10	ENSG00000163577	Q9GZV4	combined	seq.11355.10	Somalogic	proteomics	SomaScan	7k
Plasma	Protein DGCR14	11356-19	ENSG00000100056	Q96DF8	combined	seq.11356.19	Somalogic	proteomics	SomaScan	7k
Plasma	Growth factor receptor-bound protein 10	11358-15	ENSG00000106070	Q13322	combined	seq.11358.15	Somalogic	proteomics	SomaScan	7k
Plasma	Ribonucleoside-diphosphate reductase large subunit	11360-39	ENSG00000167325	P23921	combined	seq.11360.39	Somalogic	proteomics	SomaScan	7k
Plasma	Thymidine phosphorylase	11361-73	ENSG00000025708	P19971	combined	seq.11361.73	Somalogic	proteomics	SomaScan	7k
Plasma	Aquaporin-4	11363-58	ENSG00000171885	P55087	combined	seq.11363.58	Somalogic	proteomics	SomaScan	7k
Plasma	Mitofusin-1	11364-18	ENSG00000171109	Q8IWA4	combined	seq.11364.18	Somalogic	proteomics	SomaScan	7k
Plasma	Teneurin-4	11365-17	ENSG00000149256	Q6N022	combined	seq.11365.17	Somalogic	proteomics	SomaScan	7k
Plasma	Adenylate kinase 2, mitochondrial	11368-32	ENSG00000004455	P54819	combined	seq.11368.32	Somalogic	proteomics	SomaScan	7k
Plasma	Alcohol dehydrogenase class-3	11369-23	ENSG00000197894	P11766	combined	seq.11369.23	Somalogic	proteomics	SomaScan	7k
Plasma	72 kDa inositol polyphosphate 5-phosphatase	11370-20	ENSG00000148384	Q9NRR6	combined	seq.11370.20	Somalogic	proteomics	SomaScan	7k
Plasma	Probable G-protein coupled receptor 101	11371-1	ENSG00000165370	Q96P66	combined	seq.11371.1	Somalogic	proteomics	SomaScan	7k
Plasma	Zinc finger protein 18	11372-2	ENSG00000154957	P17022	combined	seq.11372.2	Somalogic	proteomics	SomaScan	7k
Plasma	Forkhead box protein L2	11375-49	ENSG00000183770	P58012	combined	seq.11375.49	Somalogic	proteomics	SomaScan	7k
Plasma	Alcohol dehydrogenase class 4 mu/sigma chain	11377-19	ENSG00000196344	P40394	combined	seq.11377.19	Somalogic	proteomics	SomaScan	7k
Plasma	Tyrosine-protein kinase SYK:Src Homology domain	11378-37	ENSG00000165025	P43405	combined	seq.11378.37	Somalogic	proteomics	SomaScan	7k
Plasma	RNA-binding protein 24	11380-84	ENSG00000112183	Q9BX46	combined	seq.11380.84	Somalogic	proteomics	SomaScan	7k
Plasma	Ribose-phosphate pyrophosphokinase 1	11381-56	ENSG00000147224	P60891	combined	seq.11381.56	Somalogic	proteomics	SomaScan	7k
Plasma	Biliverdin reductase A	11382-5	ENSG00000106605	P53004	combined	seq.11382.5	Somalogic	proteomics	SomaScan	7k
Plasma	Keratin, type II cytoskeletal 7	11383-41	ENSG00000135480	P08729	combined	seq.11383.41	Somalogic	proteomics	SomaScan	7k
Plasma	Cyclic AMP-dependent transcription factor ATF-6 beta	11387-3	ENSG00000228628|ENSG00000213676|ENSG00000234539|ENSG00000168468	Q99941	combined	seq.11387.3	Somalogic	proteomics	SomaScan	7k
Plasma	WAP four-disulfide core domain protein 2	11388-75	ENSG00000101443	Q14508	combined	seq.11388.75	Somalogic	proteomics	SomaScan	7k
Plasma	Carbonic anhydrase-related protein	11390-24	ENSG00000178538	P35219	combined	seq.11390.24	Somalogic	proteomics	SomaScan	7k
Plasma	Mevalonate kinase	11391-69	ENSG00000110921	Q03426	combined	seq.11391.69	Somalogic	proteomics	SomaScan	7k
Plasma	Protein-tyrosine kinase 2-beta:4.1 protein, ezrin, radixin, moesin domain	11395-5	ENSG00000120899	Q14289	combined	seq.11395.5	Somalogic	proteomics	SomaScan	7k
Plasma	Dynein intermediate chain 1, axonemal	11396-39	ENSG00000122735	Q9UI46	combined	seq.11396.39	Somalogic	proteomics	SomaScan	7k
Plasma	E3 ubiquitin-protein ligase RNF146	11401-181	ENSG00000118518	Q9NTX7	combined	seq.11401.181	Somalogic	proteomics	SomaScan	7k
Plasma	Histone-lysine N-methyltransferase 2C	11402-17	ENSG00000055609	Q8NEZ4	combined	seq.11402.17	Somalogic	proteomics	SomaScan	7k
Plasma	Caspase recruitment domain-containing protein 9	11405-150	ENSG00000187796	Q9H257	combined	seq.11405.150	Somalogic	proteomics	SomaScan	7k
Plasma	Isobutyryl-CoA dehydrogenase, mitochondrial	11406-82	ENSG00000151498	Q9UKU7	combined	seq.11406.82	Somalogic	proteomics	SomaScan	7k
Plasma	Phospholipid scramblase 3	11407-57	ENSG00000187838|ENSG00000284009	Q9NRY6	combined	seq.11407.57	Somalogic	proteomics	SomaScan	7k
Plasma	F-box/LRR-repeat protein 4:Leucine-rich repeats 4 and 5	11416-23	ENSG00000112234	Q9UKA2	combined	seq.11416.23	Somalogic	proteomics	SomaScan	7k
Plasma	EH domain-containing protein 4	11421-10	ENSG00000103966	Q9H223	combined	seq.11421.10	Somalogic	proteomics	SomaScan	7k
Plasma	Homeobox protein DLX-3	11422-2	ENSG00000064195	O60479	combined	seq.11422.2	Somalogic	proteomics	SomaScan	7k
Plasma	Fumarylacetoacetase	11424-4	ENSG00000103876	P16930	combined	seq.11424.4	Somalogic	proteomics	SomaScan	7k
Plasma	RUN and FYVE domain-containing protein 1	11425-31	ENSG00000284260|ENSG00000176783	Q96T51	combined	seq.11425.31	Somalogic	proteomics	SomaScan	7k
Plasma	PDZ and LIM domain protein 1	11428-31	ENSG00000107438	O00151	combined	seq.11428.31	Somalogic	proteomics	SomaScan	7k
Plasma	Heterogeneous nuclear ribonucleoproteins C1/C2	11429-80	ENSG00000092199	P07910	combined	seq.11429.80	Somalogic	proteomics	SomaScan	7k
Plasma	E3 ubiquitin-protein ligase DTX1	11430-49	ENSG00000135144	Q86Y01	combined	seq.11430.49	Somalogic	proteomics	SomaScan	7k
Plasma	ATP-dependent DNA helicase Q1	11431-235	ENSG00000004700	P46063	combined	seq.11431.235	Somalogic	proteomics	SomaScan	7k
Plasma	Polyglutamine-binding protein 1	11432-11	ENSG00000102103	O60828	combined	seq.11432.11	Somalogic	proteomics	SomaScan	7k
Plasma	Tectonic-2	11433-11	ENSG00000168778	Q96GX1	combined	seq.11433.11	Somalogic	proteomics	SomaScan	7k
Plasma	Alpha-internexin	11436-6	ENSG00000148798	Q16352	combined	seq.11436.6	Somalogic	proteomics	SomaScan	7k
Plasma	DnaJ homolog subfamily B member 2	11438-6	ENSG00000135924	P25686	combined	seq.11438.6	Somalogic	proteomics	SomaScan	7k
Plasma	Rhophilin-2	11439-88	ENSG00000131941	Q8IUC4	combined	seq.11439.88	Somalogic	proteomics	SomaScan	7k
Plasma	Suppressor of cytokine signaling 3	11440-58	ENSG00000184557	O14543	combined	seq.11440.58	Somalogic	proteomics	SomaScan	7k
Plasma	Glycogen phosphorylase, liver form	11441-11	ENSG00000100504	P06737	combined	seq.11441.11	Somalogic	proteomics	SomaScan	7k
Plasma	Delta and Notch-like epidermal growth factor-related receptor:Cytoplasmic domain	11442-1	ENSG00000187957	Q8NFT8	combined	seq.11442.1	Somalogic	proteomics	SomaScan	7k
Plasma	DNA-directed RNA polymerase III subunit RPC6	11444-49	ENSG00000132664	Q9H1D9	combined	seq.11444.49	Somalogic	proteomics	SomaScan	7k
Plasma	Galactokinase	11448-34	ENSG00000108479	P51570	combined	seq.11448.34	Somalogic	proteomics	SomaScan	7k
Plasma	F-actin-capping protein subunit alpha-1	11449-22	ENSG00000116489	P52907	combined	seq.11449.22	Somalogic	proteomics	SomaScan	7k
Plasma	Protein disulfide-isomerase	11450-110	ENSG00000185624	P07237	combined	seq.11450.110	Somalogic	proteomics	SomaScan	7k
Plasma	Eukaryotic translation initiation factor 3 subunit G	11454-87	ENSG00000130811	O75821	combined	seq.11454.87	Somalogic	proteomics	SomaScan	7k
Plasma	Melanoma-associated antigen B10	11456-2	ENSG00000177689	Q96LZ2	combined	seq.11456.2	Somalogic	proteomics	SomaScan	7k
Plasma	UDP-glucose 4-epimerase	11457-53	ENSG00000117308	Q14376	combined	seq.11457.53	Somalogic	proteomics	SomaScan	7k
Plasma	Poly(rC)-binding protein 1	11458-30	ENSG00000169564	Q15365	combined	seq.11458.30	Somalogic	proteomics	SomaScan	7k
Plasma	RNA polymerase II elongation factor ELL	11459-81	ENSG00000105656	P55199	combined	seq.11459.81	Somalogic	proteomics	SomaScan	7k
Plasma	RNA binding protein fox-1 homolog 2	11462-8	ENSG00000277564|ENSG00000100320	O43251	combined	seq.11462.8	Somalogic	proteomics	SomaScan	7k
Plasma	Transcription factor RelB	11464-9	ENSG00000104856	Q01201	combined	seq.11464.9	Somalogic	proteomics	SomaScan	7k
Plasma	Probable G-protein coupled receptor 135	11465-4	ENSG00000181619	Q8IZ08	combined	seq.11465.4	Somalogic	proteomics	SomaScan	7k
Plasma	Probable RNA-binding protein 19	11468-15	ENSG00000122965	Q9Y4C8	combined	seq.11468.15	Somalogic	proteomics	SomaScan	7k
Plasma	Vacuolar protein sorting-associated protein 4A	11476-43	ENSG00000132612	Q9UN37	combined	seq.11476.43	Somalogic	proteomics	SomaScan	7k
Plasma	Aldehyde dehydrogenase, dimeric NADP-preferring	11480-1	ENSG00000108602	P30838	combined	seq.11480.1	Somalogic	proteomics	SomaScan	7k
Plasma	Hepatitis A virus cellular receptor 2	11481-25	ENSG00000135077	Q8TDQ0	combined	seq.11481.25	Somalogic	proteomics	SomaScan	7k
Plasma	Zinc finger protein 174	11486-26	ENSG00000103343	Q15697	combined	seq.11486.26	Somalogic	proteomics	SomaScan	7k
Plasma	Testican-1	11487-4	ENSG00000152377	Q08629	combined	seq.11487.4	Somalogic	proteomics	SomaScan	7k
Plasma	Ubiquitin-like protein 4A	11490-42	ENSG00000102178	P11441	combined	seq.11490.42	Somalogic	proteomics	SomaScan	7k
Plasma	Dynein light chain 2, cytoplasmic	11493-169	ENSG00000264364	Q96FJ2	combined	seq.11493.169	Somalogic	proteomics	SomaScan	7k
Plasma	RNA polymerase II elongation factor ELL2	11494-4	ENSG00000118985	O00472	combined	seq.11494.4	Somalogic	proteomics	SomaScan	7k
Plasma	Apolipoprotein L1	11510-31	ENSG00000100342	O14791	combined	seq.11510.31	Somalogic	proteomics	SomaScan	7k
Plasma	Apolipoprotein L1	11510-51	ENSG00000100342	O14791	combined	seq.11510.51	Somalogic	proteomics	SomaScan	7k
Plasma	ADP-ribosyl cyclase/cyclic ADP-ribose hydrolase 1	11513-92	ENSG00000004468	P28907	combined	seq.11513.92	Somalogic	proteomics	SomaScan	7k
Plasma	CD59 glycoprotein	11514-196	ENSG00000085063	P13987	combined	seq.11514.196	Somalogic	proteomics	SomaScan	7k
Plasma	Fatty acid-binding protein, liver	11516-7	ENSG00000163586	P07148	combined	seq.11516.7	Somalogic	proteomics	SomaScan	7k
Plasma	Porphobilinogen deaminase	11530-37	ENSG00000256269	P08397	combined	seq.11530.37	Somalogic	proteomics	SomaScan	7k
Plasma	V-type immunoglobulin domain-containing suppressor of T-cell activation:Cytoplasmic domain	11531-24	ENSG00000107738	Q9H7M9	combined	seq.11531.24	Somalogic	proteomics	SomaScan	7k
Plasma	Leucine-rich repeat, immunoglobulin-like domain and transmembrane domain-containing protein 3	11534-6	ENSG00000183423	Q3SXY7	combined	seq.11534.6	Somalogic	proteomics	SomaScan	7k
Plasma	Histone H2A deubiquitinase MYSM1	11536-9	ENSG00000162601	Q5VVJ2	combined	seq.11536.9	Somalogic	proteomics	SomaScan	7k
Plasma	Transferrin receptor protein 2	11537-12	ENSG00000106327	Q9UP52	combined	seq.11537.12	Somalogic	proteomics	SomaScan	7k
Plasma	Malonyl-CoA decarboxylase, mitochondrial	11538-216	ENSG00000103150	O95822	combined	seq.11538.216	Somalogic	proteomics	SomaScan	7k
Plasma	ATP synthase subunit f, mitochondrial	11539-4	ENSG00000241468	P56134	combined	seq.11539.4	Somalogic	proteomics	SomaScan	7k
Plasma	Forkhead box protein O3	11540-37	ENSG00000118689	O43524	combined	seq.11540.37	Somalogic	proteomics	SomaScan	7k
Plasma	Transmembrane protein 230	11542-11	ENSG00000089063	Q96A57	combined	seq.11542.11	Somalogic	proteomics	SomaScan	7k
Plasma	LIM domain and actin-binding protein 1	11543-84	ENSG00000050405	Q9UHB6	combined	seq.11543.84	Somalogic	proteomics	SomaScan	7k
Plasma	PHD finger protein 3	11544-39	ENSG00000118482	Q92576	combined	seq.11544.39	Somalogic	proteomics	SomaScan	7k
Plasma	Tumor necrosis factor receptor superfamily member 14	11545-9	ENSG00000157873|ENSG00000273936	Q92956	combined	seq.11545.9	Somalogic	proteomics	SomaScan	7k
Plasma	Cytoglobin	11546-7	ENSG00000161544	Q8WWM9	combined	seq.11546.7	Somalogic	proteomics	SomaScan	7k
Plasma	Muscle, skeletal receptor tyrosine-protein kinase	11547-84	ENSG00000030304	O15146	combined	seq.11547.84	Somalogic	proteomics	SomaScan	7k
Plasma	M-phase inducer phosphatase 1	11548-84	ENSG00000164045	P30304	combined	seq.11548.84	Somalogic	proteomics	SomaScan	7k
Plasma	Insulin gene enhancer protein ISL-1	11549-6	ENSG00000016082	P61371	combined	seq.11549.6	Somalogic	proteomics	SomaScan	7k
Plasma	SWI/SNF-related matrix-associated actin-dependent regulator of chromatin subfamily E member 1-related	11551-16	ENSG00000064961	Q9P0W2	combined	seq.11551.16	Somalogic	proteomics	SomaScan	7k
Plasma	ADP-ribosylation factor GTPase-activating protein 1	11556-19	ENSG00000101199	Q8N6T3	combined	seq.11556.19	Somalogic	proteomics	SomaScan	7k
Plasma	E3 ubiquitin-protein ligase SMURF1	11557-3	ENSG00000198742|ENSG00000284126	Q9HCE7	combined	seq.11557.3	Somalogic	proteomics	SomaScan	7k
Plasma	Nuclear factor of activated T-cells, cytoplasmic 4	11560-76	ENSG00000100968|ENSG00000285485	Q14934	combined	seq.11560.76	Somalogic	proteomics	SomaScan	7k
Plasma	DNA polymerase epsilon subunit 2	11562-9	ENSG00000100479	P56282	combined	seq.11562.9	Somalogic	proteomics	SomaScan	7k
Plasma	Synaptotagmin-like protein 4:Ca2+-dependent membrane-targeting module 2	11563-51	ENSG00000102362	Q96C24	combined	seq.11563.51	Somalogic	proteomics	SomaScan	7k
Plasma	Zinc finger protein 23	11565-58	ENSG00000167377	P17027	combined	seq.11565.58	Somalogic	proteomics	SomaScan	7k
Plasma	Keratin, type II cytoskeletal 72	11566-48	ENSG00000170486	Q14CN4	combined	seq.11566.48	Somalogic	proteomics	SomaScan	7k
Plasma	Zinc finger protein 10	11567-23	ENSG00000256223	P21506	combined	seq.11567.23	Somalogic	proteomics	SomaScan	7k
Plasma	Peptidyl-prolyl cis-trans isomerase FKBP1B	11568-2	ENSG00000119782	P68106	combined	seq.11568.2	Somalogic	proteomics	SomaScan	7k
Plasma	B-cell receptor-associated protein 29	11570-94	ENSG00000075790	Q9UHQ4	combined	seq.11570.94	Somalogic	proteomics	SomaScan	7k
Plasma	NKG2-E type II integral membrane protein:Isoform E, Extracellular domain	11571-75	ENSG00000205810	Q07444	combined	seq.11571.75	Somalogic	proteomics	SomaScan	7k
Plasma	Dynamin-2	11572-4	ENSG00000079805	P50570	combined	seq.11572.4	Somalogic	proteomics	SomaScan	7k
Plasma	Serine/arginine-rich splicing factor 6	11573-3	ENSG00000124193	Q13247	combined	seq.11573.3	Somalogic	proteomics	SomaScan	7k
Plasma	DnaJ homolog subfamily A member 2	11582-63	ENSG00000069345	O60884	combined	seq.11582.63	Somalogic	proteomics	SomaScan	7k
Plasma	Leucine-rich repeat neuronal protein 1:Extracellular domain	11586-2	ENSG00000175928	Q6UXK5	combined	seq.11586.2	Somalogic	proteomics	SomaScan	7k
Plasma	MAX gene-associated protein	11587-5	ENSG00000174197	Q8IWI9	combined	seq.11587.5	Somalogic	proteomics	SomaScan	7k
Plasma	Probable RNA-binding protein 23	11590-5	ENSG00000100461	Q86U06	combined	seq.11590.5	Somalogic	proteomics	SomaScan	7k
Plasma	Protein regulator of cytokinesis 1	11591-43	ENSG00000198901	O43663	combined	seq.11591.43	Somalogic	proteomics	SomaScan	7k
Plasma	ELAV-like protein 1	11592-1	ENSG00000066044	Q15717	combined	seq.11592.1	Somalogic	proteomics	SomaScan	7k
Plasma	C-X-C motif chemokine 9	11593-21	ENSG00000138755	Q07325	combined	seq.11593.21	Somalogic	proteomics	SomaScan	7k
Plasma	Zinc finger protein 75D	11596-47	ENSG00000186376	P51815	combined	seq.11596.47	Somalogic	proteomics	SomaScan	7k
Plasma	ATP-dependent RNA helicase DHX8	11601-26	ENSG00000067596	Q14562	combined	seq.11601.26	Somalogic	proteomics	SomaScan	7k
Plasma	Copine-1:Von Willebrand factor type A domain	11602-12	ENSG00000214078	Q99829	combined	seq.11602.12	Somalogic	proteomics	SomaScan	7k
Plasma	DnaJ homolog subfamily B member 6	11606-22	ENSG00000105993	O75190	combined	seq.11606.22	Somalogic	proteomics	SomaScan	7k
Plasma	Bromodomain-containing protein 1	11607-15	ENSG00000100425	O95696	combined	seq.11607.15	Somalogic	proteomics	SomaScan	7k
Plasma	Microtubule-associated proteins 1A/1B light chain 3B	11608-5	ENSG00000140941	Q9GZQ8	combined	seq.11608.5	Somalogic	proteomics	SomaScan	7k
Plasma	Enhancer of rudimentary homolog	11614-29	ENSG00000100632	P84090	combined	seq.11614.29	Somalogic	proteomics	SomaScan	7k
Plasma	Dual adapter for phosphotyrosine and 3-phosphotyrosine and 3-phosphoinositide	11615-16	ENSG00000070190	Q9UN19	combined	seq.11615.16	Somalogic	proteomics	SomaScan	7k
Plasma	Heat shock factor protein 1	11616-9	ENSG00000185122|ENSG00000284774	Q00613	combined	seq.11616.9	Somalogic	proteomics	SomaScan	7k
Plasma	Integrin alpha-L	11617-1	ENSG00000005844	P20701	combined	seq.11617.1	Somalogic	proteomics	SomaScan	7k
Plasma	Transcriptional activator Myb	11618-83	ENSG00000118513	P10242	combined	seq.11618.83	Somalogic	proteomics	SomaScan	7k
Plasma	Ubiquitin-conjugating enzyme E2 variant 1	11626-7	ENSG00000244687	Q13404	combined	seq.11626.7	Somalogic	proteomics	SomaScan	7k
Plasma	TNF receptor-associated factor 4	11629-36	ENSG00000076604	Q9BUZ4	combined	seq.11629.36	Somalogic	proteomics	SomaScan	7k
Plasma	Activator of 90 kDa heat shock protein ATPase homolog 1	11633-89	ENSG00000100591	O95433	combined	seq.11633.89	Somalogic	proteomics	SomaScan	7k
Plasma	Regulator of G-protein signaling 10	11634-32	ENSG00000148908	O43665	combined	seq.11634.32	Somalogic	proteomics	SomaScan	7k
Plasma	Transgelin-2	11636-33	ENSG00000158710	P37802	combined	seq.11636.33	Somalogic	proteomics	SomaScan	7k
Plasma	Beta-1,3-galactosyltransferase 2	11638-42	ENSG00000162630	O43825	combined	seq.11638.42	Somalogic	proteomics	SomaScan	7k
Plasma	E3 ubiquitin-protein ligase DTX3L	11643-73	ENSG00000163840	Q8TDB6	combined	seq.11643.73	Somalogic	proteomics	SomaScan	7k
Plasma	Prolyl 4-hydroxylase subunit alpha-1	11645-9	ENSG00000122884	P13674	combined	seq.11645.9	Somalogic	proteomics	SomaScan	7k
Plasma	Carbohydrate sulfotransferase 9	11646-4	ENSG00000154080	Q7L1S5	combined	seq.11646.4	Somalogic	proteomics	SomaScan	7k
Plasma	Frizzled-10:Cytoplasmic domain	11647-6	ENSG00000111432	Q9ULW2	combined	seq.11647.6	Somalogic	proteomics	SomaScan	7k
Plasma	Stromal membrane-associated protein 1	11649-3	ENSG00000112305	Q8IYB5	combined	seq.11649.3	Somalogic	proteomics	SomaScan	7k
Plasma	Protein argonaute-1	11651-24	ENSG00000092847	Q9UL18	combined	seq.11651.24	Somalogic	proteomics	SomaScan	7k
Plasma	Sodium- and chloride-dependent glycine transporter 1	11653-69	ENSG00000196517	P48067	combined	seq.11653.69	Somalogic	proteomics	SomaScan	7k
Plasma	Neurensin-1	11654-77	ENSG00000152954	Q8IZ57	combined	seq.11654.77	Somalogic	proteomics	SomaScan	7k
Plasma	Ena/VASP-like protein	11656-110	ENSG00000196405	Q9UI08	combined	seq.11656.110	Somalogic	proteomics	SomaScan	7k
Plasma	Suppressor of cytokine signaling 7	11657-86	ENSG00000274229|ENSG00000274211	O14512	combined	seq.11657.86	Somalogic	proteomics	SomaScan	7k
Plasma	Clathrin interactor 1	11659-31	ENSG00000113282	Q14677	combined	seq.11659.31	Somalogic	proteomics	SomaScan	7k
Plasma	NACHT, LRR and PYD domains-containing protein 1	11661-11	ENSG00000091592	Q9C000	combined	seq.11661.11	Somalogic	proteomics	SomaScan	7k
Plasma	ADP-ribosylation factor GTPase-activating protein 2	11664-32	ENSG00000149182	Q8N6H7	combined	seq.11664.32	Somalogic	proteomics	SomaScan	7k
Plasma	Regulator of G-protein signaling 8	11666-72	ENSG00000135824	P57771	combined	seq.11666.72	Somalogic	proteomics	SomaScan	7k
Plasma	Tensin-2	11667-29	ENSG00000111077	Q63HR2	combined	seq.11667.29	Somalogic	proteomics	SomaScan	7k
Plasma	Solute carrier organic anion transporter family member 5A1	11669-39	ENSG00000137571	Q9H2Y9	combined	seq.11669.39	Somalogic	proteomics	SomaScan	7k
Plasma	Probable G-protein coupled receptor 101	11670-18	ENSG00000165370	Q96P66	combined	seq.11670.18	Somalogic	proteomics	SomaScan	7k
Plasma	Peregrin	11671-19	ENSG00000156983	P55201	combined	seq.11671.19	Somalogic	proteomics	SomaScan	7k
Plasma	Kinesin-like protein KIF16B	11672-17	ENSG00000089177	Q96L93	combined	seq.11672.17	Somalogic	proteomics	SomaScan	7k
Plasma	Probable palmitoyltransferase ZDHHC14	11677-17	ENSG00000175048	Q8IZN3	combined	seq.11677.17	Somalogic	proteomics	SomaScan	7k
Plasma	Gap junction delta-2 protein	11678-105	ENSG00000159248	Q9UKL4	combined	seq.11678.105	Somalogic	proteomics	SomaScan	7k
Plasma	Arf-GAP domain and FG repeat-containing protein 1	11681-8	ENSG00000173744	P52594	combined	seq.11681.8	Somalogic	proteomics	SomaScan	7k
Plasma	Thioredoxin-interacting protein	11682-7	ENSG00000265972	Q9H3M7	combined	seq.11682.7	Somalogic	proteomics	SomaScan	7k
Plasma	ADP-ribosylation factor-binding protein GGA3	11683-19	ENSG00000125447	Q9NZ52	combined	seq.11683.19	Somalogic	proteomics	SomaScan	7k
Plasma	Anaphase-promoting complex subunit 7	11690-47	ENSG00000196510	Q9UJX3	combined	seq.11690.47	Somalogic	proteomics	SomaScan	7k
Plasma	SHC-transforming protein 4	11692-21	ENSG00000185634	Q6S5L8	combined	seq.11692.21	Somalogic	proteomics	SomaScan	7k
Plasma	Cellular retinoic acid-binding protein 2	11696-7	ENSG00000143320	P29373	combined	seq.11696.7	Somalogic	proteomics	SomaScan	7k
Plasma	Protein tyrosine phosphatase type IVA 2	11699-16	ENSG00000184007	Q12974	combined	seq.11699.16	Somalogic	proteomics	SomaScan	7k
Plasma	Lipocalin-1	11708-2	ENSG00000160349	P31025	combined	seq.11708.2	Somalogic	proteomics	SomaScan	7k
Plasma	Carnitine O-palmitoyltransferase 1, muscle isoform	11709-29	ENSG00000205560	Q92523	combined	seq.11709.29	Somalogic	proteomics	SomaScan	7k
Plasma	Protein unc-45 homolog A	11712-207	ENSG00000140553	Q9H3U1	combined	seq.11712.207	Somalogic	proteomics	SomaScan	7k
Plasma	POU domain, class 2, transcription factor 1	11715-1	ENSG00000143190	P14859	combined	seq.11715.1	Somalogic	proteomics	SomaScan	7k
Plasma	Leucine-rich repeat, immunoglobulin-like domain and transmembrane domain-containing protein 2	11716-28	ENSG00000204033	A6NDA9	combined	seq.11716.28	Somalogic	proteomics	SomaScan	7k
Plasma	Hepatocyte growth factor receptor	11814-29	ENSG00000105976	P08581	combined	seq.11814.29	Somalogic	proteomics	SomaScan	7k
Plasma	Tyrosine-protein kinase JAK2	11816-84	ENSG00000096968	O60674	combined	seq.11816.84	Somalogic	proteomics	SomaScan	7k
Plasma	Ribosomal protein S6 kinase beta-1	11817-1	ENSG00000108443	P23443	combined	seq.11817.1	Somalogic	proteomics	SomaScan	7k
Plasma	Peroxisome proliferator-activated receptor gamma coactivator 1-alpha	11825-27	ENSG00000109819	Q9UBK2	combined	seq.11825.27	Somalogic	proteomics	SomaScan	7k
Plasma	Nuclear receptor ROR-gamma	11827-7	ENSG00000143365	P51449	combined	seq.11827.7	Somalogic	proteomics	SomaScan	7k
Plasma	Tyrosine-protein phosphatase non-receptor type 11	11830-48	ENSG00000179295	Q06124	combined	seq.11830.48	Somalogic	proteomics	SomaScan	7k
Plasma	Frataxin, mitochondrial	11833-83	ENSG00000165060	Q16595	combined	seq.11833.83	Somalogic	proteomics	SomaScan	7k
Plasma	Epithelial discoidin domain-containing receptor 1	11836-144	ENSG00000234078|ENSG00000215522|ENSG00000204580|ENSG00000137332|ENSG00000230456	Q08345	combined	seq.11836.144	Somalogic	proteomics	SomaScan	7k
Plasma	Tumor necrosis factor receptor superfamily member 18	11837-7	ENSG00000186891	Q9Y5U5	combined	seq.11837.7	Somalogic	proteomics	SomaScan	7k
Plasma	Piezo-type mechanosensitive ion channel component 1	11838-130	ENSG00000103335	Q92508	combined	seq.11838.130	Somalogic	proteomics	SomaScan	7k
Plasma	Triggering receptor expressed on myeloid cells 2	11851-21	ENSG00000095970	Q9NZC2	combined	seq.11851.21	Somalogic	proteomics	SomaScan	7k
Plasma	Protocadherin gamma-B1	11872-9	ENSG00000254221	Q9Y5G3	combined	seq.11872.9	Somalogic	proteomics	SomaScan	7k
Plasma	Homeobox protein DLX-4	11910-27	ENSG00000108813	Q92988	combined	seq.11910.27	Somalogic	proteomics	SomaScan	7k
Plasma	Leucine-rich repeat-containing protein 4B:Cytoplasmic domain	11911-13	ENSG00000131409	Q9NT99	combined	seq.11911.13	Somalogic	proteomics	SomaScan	7k
Plasma	Alpha- and gamma-adaptin-binding protein p34	11926-23	ENSG00000103591	Q6PD74	combined	seq.11926.23	Somalogic	proteomics	SomaScan	7k
Plasma	Integrator complex subunit 3	11934-9	ENSG00000262826|ENSG00000143624	Q68E01	combined	seq.11934.9	Somalogic	proteomics	SomaScan	7k
Plasma	Epidermal growth factor:Cytoplasmic domain	11949-25	ENSG00000138798	P01133	combined	seq.11949.25	Somalogic	proteomics	SomaScan	7k
Plasma	Immunoglobulin superfamily DCC subclass member 3:Cytoplasmic domain	11952-1	ENSG00000174498	Q8IVU1	combined	seq.11952.1	Somalogic	proteomics	SomaScan	7k
Plasma	Rho GTPase-activating protein 1:Rho-GTPase activating protein domain	11955-1	ENSG00000175220	Q07960	combined	seq.11955.1	Somalogic	proteomics	SomaScan	7k
Plasma	Cellular retinoic acid-binding protein 1	11967-23	ENSG00000166426	P29762	combined	seq.11967.23	Somalogic	proteomics	SomaScan	7k
Plasma	Protein S100-A2	11969-5	ENSG00000196754	P29034	combined	seq.11969.5	Somalogic	proteomics	SomaScan	7k
Plasma	Receptor-type tyrosine-protein phosphatase H	11988-24	ENSG00000080031	Q9HD43	combined	seq.11988.24	Somalogic	proteomics	SomaScan	7k
Plasma	ER membrane protein complex subunit 1	11989-35	ENSG00000127463	Q8N766	combined	seq.11989.35	Somalogic	proteomics	SomaScan	7k
Plasma	Tight junction protein ZO-1	12001-7	ENSG00000277401|ENSG00000104067	Q07157	combined	seq.12001.7	Somalogic	proteomics	SomaScan	7k
Plasma	T-cell antigen CD7	12008-3	ENSG00000173762	P09564	combined	seq.12008.3	Somalogic	proteomics	SomaScan	7k
Plasma	6-pyruvoyl tetrahydrobiopterin synthase	12014-19	ENSG00000150787	Q03393	combined	seq.12014.19	Somalogic	proteomics	SomaScan	7k
Plasma	E3 ubiquitin-protein ligase CBL	12016-60	ENSG00000110395	P22681	combined	seq.12016.60	Somalogic	proteomics	SomaScan	7k
Plasma	Thiamin pyrophosphokinase 1	12018-84	ENSG00000196511	Q9H3S4	combined	seq.12018.84	Somalogic	proteomics	SomaScan	7k
Plasma	Bisphosphoglycerate mutase	12020-39	ENSG00000172331	P07738	combined	seq.12020.39	Somalogic	proteomics	SomaScan	7k
Plasma	Mothers against decapentaplegic homolog 4	12022-12	ENSG00000141646	Q13485	combined	seq.12022.12	Somalogic	proteomics	SomaScan	7k
Plasma	Desmin	12030-82	ENSG00000175084	P17661	combined	seq.12030.82	Somalogic	proteomics	SomaScan	7k
Plasma	Mitotic checkpoint serine/threonine-protein kinase BUB1	12033-3	ENSG00000169679	O43683	combined	seq.12033.3	Somalogic	proteomics	SomaScan	7k
Plasma	Adenylyl cyclase-associated protein 1	12034-28	ENSG00000131236	Q01518	combined	seq.12034.28	Somalogic	proteomics	SomaScan	7k
Plasma	Heat shock 70 kDa protein 1-like	12041-33	ENSG00000236251|ENSG00000204390|ENSG00000206383|ENSG00000234258	P34931	combined	seq.12041.33	Somalogic	proteomics	SomaScan	7k
Plasma	TAR DNA-binding protein 43	12046-51	ENSG00000120948	Q13148	combined	seq.12046.51	Somalogic	proteomics	SomaScan	7k
Plasma	Growth/differentiation factor 8	12077-32	ENSG00000138379	O14793	combined	seq.12077.32	Somalogic	proteomics	SomaScan	7k
Plasma	Ribosomal protein S6 kinase alpha-1	12329-21	ENSG00000117676|ENSG00000281877	Q15418	combined	seq.12329.21	Somalogic	proteomics	SomaScan	7k
Plasma	Eukaryotic elongation factor 2 kinase	12332-7	ENSG00000103319	O00418	combined	seq.12332.7	Somalogic	proteomics	SomaScan	7k
Plasma	Ribose-5-phosphate isomerase	12333-87	ENSG00000153574	P49247	combined	seq.12333.87	Somalogic	proteomics	SomaScan	7k
Plasma	Serine hydroxymethyltransferase, cytosolic	12334-25	ENSG00000176974|ENSG00000284320	P34896	combined	seq.12334.25	Somalogic	proteomics	SomaScan	7k
Plasma	Pikachurin	12338-27	ENSG00000164318	Q63HQ2	combined	seq.12338.27	Somalogic	proteomics	SomaScan	7k
Plasma	Alanine--tRNA ligase, cytoplasmic	12340-17	ENSG00000090861	P49588	combined	seq.12340.17	Somalogic	proteomics	SomaScan	7k
Plasma	Dual specificity protein phosphatase 6	12341-8	ENSG00000139318	Q16828	combined	seq.12341.8	Somalogic	proteomics	SomaScan	7k
Plasma	Arf-GAP with coiled-coil, ANK repeat and PH domain-containing protein 2	12343-14	ENSG00000114331	Q15057	combined	seq.12343.14	Somalogic	proteomics	SomaScan	7k
Plasma	Anaphase-promoting complex subunit 10	12345-4	ENSG00000164162	Q9UM13	combined	seq.12345.4	Somalogic	proteomics	SomaScan	7k
Plasma	Cerebral cavernous malformations 2 protein	12347-29	ENSG00000136280	Q9BSQ5	combined	seq.12347.29	Somalogic	proteomics	SomaScan	7k
Plasma	Serine--tRNA ligase, mitochondrial	12348-46	ENSG00000283104|ENSG00000104835	Q9NP81	combined	seq.12348.46	Somalogic	proteomics	SomaScan	7k
Plasma	Protein C-ets-2	12350-86	ENSG00000157557	P15036	combined	seq.12350.86	Somalogic	proteomics	SomaScan	7k
Plasma	Signal transducer and activator of transcription 1-alpha/beta	12351-25	ENSG00000115415	P42224	combined	seq.12351.25	Somalogic	proteomics	SomaScan	7k
Plasma	Arrestin domain-containing protein 3	12352-70	ENSG00000113369	Q96B67	combined	seq.12352.70	Somalogic	proteomics	SomaScan	7k
Plasma	Ribosome-recycling factor, mitochondrial	12355-223	ENSG00000148187	Q96E11	combined	seq.12355.223	Somalogic	proteomics	SomaScan	7k
Plasma	Sorcin	12356-65	ENSG00000075142	P30626	combined	seq.12356.65	Somalogic	proteomics	SomaScan	7k
Plasma	Synaptosomal-associated protein 29	12357-41	ENSG00000099940	O95721	combined	seq.12357.41	Somalogic	proteomics	SomaScan	7k
Plasma	Immunoglobulin-binding protein 1	12358-6	ENSG00000089289	P78318	combined	seq.12358.6	Somalogic	proteomics	SomaScan	7k
Plasma	Ras-related protein R-Ras2	12361-102	ENSG00000133818	P62070	combined	seq.12361.102	Somalogic	proteomics	SomaScan	7k
Plasma	Tribbles homolog 2	12363-70	ENSG00000071575	Q92519	combined	seq.12363.70	Somalogic	proteomics	SomaScan	7k
Plasma	RuvB-like 1	12365-108	ENSG00000175792|ENSG00000284901	Q9Y265	combined	seq.12365.108	Somalogic	proteomics	SomaScan	7k
Plasma	Gamma-crystallin D	12366-16	ENSG00000118231|ENSG00000285434	P07320	combined	seq.12366.16	Somalogic	proteomics	SomaScan	7k
Plasma	Macoilin	12367-52	ENSG00000204178	Q8N5G2	combined	seq.12367.52	Somalogic	proteomics	SomaScan	7k
Plasma	Histone acetyltransferase KAT2B	12368-18		Q92831	combined	seq.12368.18	Somalogic	proteomics	SomaScan	7k
Plasma	Apolipoprotein F	12370-30	ENSG00000175336	Q13790	combined	seq.12370.30	Somalogic	proteomics	SomaScan	7k
Plasma	Tropomyosin alpha-3 chain	12372-50	ENSG00000143549	P06753	combined	seq.12372.50	Somalogic	proteomics	SomaScan	7k
Plasma	Transformer-2 protein homolog beta	12373-73	ENSG00000136527	P62995	combined	seq.12373.73	Somalogic	proteomics	SomaScan	7k
Plasma	Platelet-activating factor acetylhydrolase IB subunit gamma	12374-8	ENSG00000079462	Q15102	combined	seq.12374.8	Somalogic	proteomics	SomaScan	7k
Plasma	Cyclin-dependent kinase 4 inhibitor D	12376-85	ENSG00000129355	P55273	combined	seq.12376.85	Somalogic	proteomics	SomaScan	7k
Plasma	Tapasin	12378-71	ENSG00000231925|ENSG00000112493|ENSG00000206208|ENSG00000206281|ENSG00000236490	O15533	combined	seq.12378.71	Somalogic	proteomics	SomaScan	7k
Plasma	Carbonyl reductase [NADPH] 1	12381-26	ENSG00000159228	P16152	combined	seq.12381.26	Somalogic	proteomics	SomaScan	7k
Plasma	Probable ATP-dependent RNA helicase DDX58	12382-2	ENSG00000107201	O95786	combined	seq.12382.2	Somalogic	proteomics	SomaScan	7k
Plasma	COP9 signalosome complex subunit 7b	12384-92	ENSG00000144524	Q9H9Q2	combined	seq.12384.92	Somalogic	proteomics	SomaScan	7k
Plasma	Calpain-3	12385-4	ENSG00000092529	P20807	combined	seq.12385.4	Somalogic	proteomics	SomaScan	7k
Plasma	Aminopeptidase B	12386-11	ENSG00000176393	Q9H4A4	combined	seq.12386.11	Somalogic	proteomics	SomaScan	7k
Plasma	PDZ and LIM domain protein 4	12387-7	ENSG00000131435	P50479	combined	seq.12387.7	Somalogic	proteomics	SomaScan	7k
Plasma	Origin recognition complex subunit 6	12389-4	ENSG00000091651	Q9Y5N6	combined	seq.12389.4	Somalogic	proteomics	SomaScan	7k
Plasma	PDZ domain-containing protein 7	12391-27	ENSG00000186862	Q9H5P4	combined	seq.12391.27	Somalogic	proteomics	SomaScan	7k
Plasma	ADP-ribosylation factor-like protein 1	12392-30	ENSG00000120805	P40616	combined	seq.12392.30	Somalogic	proteomics	SomaScan	7k
Plasma	Transmembrane protein C16orf54	12394-53	ENSG00000185905	Q6UWD8	combined	seq.12394.53	Somalogic	proteomics	SomaScan	7k
Plasma	Aspartate--tRNA ligase, mitochondrial	12395-86	ENSG00000117593	Q6PI48	combined	seq.12395.86	Somalogic	proteomics	SomaScan	7k
Plasma	3-hydroxyisobutyryl-CoA hydrolase, mitochondrial	12396-19	ENSG00000198130	Q6NVY1	combined	seq.12396.19	Somalogic	proteomics	SomaScan	7k
Plasma	Paired box protein Pax-4	12398-15	ENSG00000106331	O43316	combined	seq.12398.15	Somalogic	proteomics	SomaScan	7k
Plasma	Coiled-coil domain-containing protein 50	12399-194	ENSG00000152492	Q8IVM0	combined	seq.12399.194	Somalogic	proteomics	SomaScan	7k
Plasma	Ubiquitin-conjugating enzyme E2 T	12400-25	ENSG00000077152	Q9NPD8	combined	seq.12400.25	Somalogic	proteomics	SomaScan	7k
Plasma	AMSH-like protease	12401-3	ENSG00000138134	Q96FJ0	combined	seq.12401.3	Somalogic	proteomics	SomaScan	7k
Plasma	Ras-related protein Rab-39B	12403-30	ENSG00000155961	Q96DA2	combined	seq.12403.30	Somalogic	proteomics	SomaScan	7k
Plasma	GTP-binding protein Di-Ras3	12406-119	ENSG00000162595	O95661	combined	seq.12406.119	Somalogic	proteomics	SomaScan	7k
Plasma	Ras-related protein Rab-22A	12408-333	ENSG00000124209	Q9UL26	combined	seq.12408.333	Somalogic	proteomics	SomaScan	7k
Plasma	Ras-related protein Rab-7b	12409-90	ENSG00000276600	Q96AH8	combined	seq.12409.90	Somalogic	proteomics	SomaScan	7k
Plasma	Protein max	12411-60	ENSG00000125952	P61244	combined	seq.12411.60	Somalogic	proteomics	SomaScan	7k
Plasma	14-3-3 protein beta/alpha	12414-31	ENSG00000166913	P31946	combined	seq.12414.31	Somalogic	proteomics	SomaScan	7k
Plasma	Endothelial differentiation-related factor 1	12415-122	ENSG00000107223	O60869	combined	seq.12415.122	Somalogic	proteomics	SomaScan	7k
Plasma	EKC/KEOPS complex subunit TPRKB	12417-46	ENSG00000144034	Q9Y3C4	combined	seq.12417.46	Somalogic	proteomics	SomaScan	7k
Plasma	Glycerol-3-phosphate dehydrogenase 1-like protein	12420-10	ENSG00000152642	Q8N335	combined	seq.12420.10	Somalogic	proteomics	SomaScan	7k
Plasma	Arachidonate 15-lipoxygenase B	12422-143	ENSG00000179593	O15296	combined	seq.12422.143	Somalogic	proteomics	SomaScan	7k
Plasma	APOBEC1 complementation factor	12423-38	ENSG00000148584	Q9NQ94	combined	seq.12423.38	Somalogic	proteomics	SomaScan	7k
Plasma	Thymocyte nuclear protein 1	12424-107	ENSG00000151500	Q9P016	combined	seq.12424.107	Somalogic	proteomics	SomaScan	7k
Plasma	ADP-ribosylation factor 6	12425-104	ENSG00000165527	P62330	combined	seq.12425.104	Somalogic	proteomics	SomaScan	7k
Plasma	MOB kinase activator 1A	12426-19	ENSG00000114978	Q9H8S9	combined	seq.12426.19	Somalogic	proteomics	SomaScan	7k
Plasma	M-phase inducer phosphatase 2	12427-8	ENSG00000101224	P30305	combined	seq.12427.8	Somalogic	proteomics	SomaScan	7k
Plasma	Lysophospholipase-like protein 1	12428-2	ENSG00000143353	Q5VWZ2	combined	seq.12428.2	Somalogic	proteomics	SomaScan	7k
Plasma	Polyadenylate-binding protein-interacting protein 1	12430-78	ENSG00000172239	Q9H074	combined	seq.12430.78	Somalogic	proteomics	SomaScan	7k
Plasma	Protein pelota homolog	12431-13	ENSG00000152684	Q9BRX2	combined	seq.12431.13	Somalogic	proteomics	SomaScan	7k
Plasma	Calcyclin-binding protein	12432-23	ENSG00000116161	Q9HB71	combined	seq.12432.23	Somalogic	proteomics	SomaScan	7k
Plasma	ADP-ribosylation factor-like protein 11	12433-8	ENSG00000152213	Q969Q4	combined	seq.12433.8	Somalogic	proteomics	SomaScan	7k
Plasma	IST1 homolog	12434-25	ENSG00000182149	P53990	combined	seq.12434.25	Somalogic	proteomics	SomaScan	7k
Plasma	Glutathione S-transferase omega-1	12436-84	ENSG00000148834	P78417	combined	seq.12436.84	Somalogic	proteomics	SomaScan	7k
Plasma	Serine/threonine-protein kinase ULK3	12437-18	ENSG00000140474	Q6PHR2	combined	seq.12437.18	Somalogic	proteomics	SomaScan	7k
Plasma	DNA-3-methyladenine glycosylase	12438-127	ENSG00000103152	P29372	combined	seq.12438.127	Somalogic	proteomics	SomaScan	7k
Plasma	Interferon regulatory factor 9	12439-67	ENSG00000285048|ENSG00000213928	Q00978	combined	seq.12439.67	Somalogic	proteomics	SomaScan	7k
Plasma	Rho-related GTP-binding protein RhoD	12442-4	ENSG00000173156	O00212	combined	seq.12442.4	Somalogic	proteomics	SomaScan	7k
Plasma	Nuclear receptor subfamily 5 group A member 2	12444-39	ENSG00000116833	O00482	combined	seq.12444.39	Somalogic	proteomics	SomaScan	7k
Plasma	Ankyrin repeat domain-containing protein 27	12445-50	ENSG00000105186	Q96NW4	combined	seq.12445.50	Somalogic	proteomics	SomaScan	7k
Plasma	Glutathione S-transferase A1	12446-49	ENSG00000243955	P08263	combined	seq.12446.49	Somalogic	proteomics	SomaScan	7k
Plasma	Glycylpeptide N-tetradecanoyltransferase 1	12448-246	ENSG00000136448	P30419	combined	seq.12448.246	Somalogic	proteomics	SomaScan	7k
Plasma	Peptidyl-prolyl cis-trans isomerase H	12449-16	ENSG00000171960	O43447	combined	seq.12449.16	Somalogic	proteomics	SomaScan	7k
Plasma	Phosphomevalonate kinase	12450-42	ENSG00000163344	Q15126	combined	seq.12450.42	Somalogic	proteomics	SomaScan	7k
Plasma	Transcription regulator protein BACH1	12451-62	ENSG00000156273	O14867	combined	seq.12451.62	Somalogic	proteomics	SomaScan	7k
Plasma	Histone-lysine N-methyltransferase SUV420H2	12452-32	ENSG00000133247	Q86Y97	combined	seq.12452.32	Somalogic	proteomics	SomaScan	7k
Plasma	Nuclear RNA export factor 1	12453-161	ENSG00000162231	Q9UBU9	combined	seq.12453.161	Somalogic	proteomics	SomaScan	7k
Plasma	N-terminal Xaa-Pro-Lys N-methyltransferase 1	12454-105	ENSG00000148335	Q9BV86	combined	seq.12454.105	Somalogic	proteomics	SomaScan	7k
Plasma	Myoneurin	12455-48	ENSG00000085274	Q9NPC7	combined	seq.12455.48	Somalogic	proteomics	SomaScan	7k
Plasma	6-phosphofructo-2-kinase/fructose-2,6-bisphosphatase 3	12456-5	ENSG00000170525	Q16875	combined	seq.12456.5	Somalogic	proteomics	SomaScan	7k
Plasma	1,2-dihydroxy-3-keto-5-methylthiopentene dioxygenase	12457-10	ENSG00000182551	Q9BV57	combined	seq.12457.10	Somalogic	proteomics	SomaScan	7k
Plasma	Calcineurin B homologous protein 1	12458-79	ENSG00000187446	Q99653	combined	seq.12458.79	Somalogic	proteomics	SomaScan	7k
Plasma	Pleckstrin homology domain-containing family A member 1	12459-13	ENSG00000107679	Q9HB21	combined	seq.12459.13	Somalogic	proteomics	SomaScan	7k
Plasma	Proteasome subunit alpha type-7	12460-18	ENSG00000101182	O14818	combined	seq.12460.18	Somalogic	proteomics	SomaScan	7k
Plasma	NAD-dependent protein deacylase sirtuin-5, mitochondrial	12461-8	ENSG00000124523	Q9NXA8	combined	seq.12461.8	Somalogic	proteomics	SomaScan	7k
Plasma	Histone-lysine N-methyltransferase SETMAR	12462-20	ENSG00000170364	Q53H47	combined	seq.12462.20	Somalogic	proteomics	SomaScan	7k
Plasma	Kelch-like protein 13	12463-7	ENSG00000003096	Q9P2N7	combined	seq.12463.7	Somalogic	proteomics	SomaScan	7k
Plasma	Heterogeneous nuclear ribonucleoprotein A1	12466-7	ENSG00000135486	P09651	combined	seq.12466.7	Somalogic	proteomics	SomaScan	7k
Plasma	Microtubule-associated protein RP/EB family member 1	12469-19	ENSG00000101367	Q15691	combined	seq.12469.19	Somalogic	proteomics	SomaScan	7k
Plasma	Double-stranded RNA-binding protein Staufen homolog 1	12471-47	ENSG00000124214	O95793	combined	seq.12471.47	Somalogic	proteomics	SomaScan	7k
Plasma	BTB/POZ domain-containing protein KCTD5	12473-48	ENSG00000167977	Q9NXV2	combined	seq.12473.48	Somalogic	proteomics	SomaScan	7k
Plasma	Chloride intracellular channel protein 5	12475-48	ENSG00000112782	Q9NZA1	combined	seq.12475.48	Somalogic	proteomics	SomaScan	7k
Plasma	Fructose-2,6-bisphosphatase TIGAR	12476-50	ENSG00000078237	Q9NQ88	combined	seq.12476.50	Somalogic	proteomics	SomaScan	7k
Plasma	Translin	12477-42	ENSG00000211460	Q15631	combined	seq.12477.42	Somalogic	proteomics	SomaScan	7k
Plasma	60S ribosomal protein L30	12478-15	ENSG00000156482	P62888	combined	seq.12478.15	Somalogic	proteomics	SomaScan	7k
Plasma	cAMP-dependent protein kinase type I-beta regulatory subunit	12479-50	ENSG00000188191	P31321	combined	seq.12479.50	Somalogic	proteomics	SomaScan	7k
Plasma	OTU domain-containing protein 5	12480-9	ENSG00000068308	Q96G74	combined	seq.12480.9	Somalogic	proteomics	SomaScan	7k
Plasma	Nucleosome-remodeling factor subunit BPTF	12482-5	ENSG00000171634	Q12830	combined	seq.12482.5	Somalogic	proteomics	SomaScan	7k
Plasma	Nuclear receptor ROR-beta	12483-62	ENSG00000198963	Q92753	combined	seq.12483.62	Somalogic	proteomics	SomaScan	7k
Plasma	Phosphatidylinositol transfer protein beta isoform	12484-67	ENSG00000180957	P48739	combined	seq.12484.67	Somalogic	proteomics	SomaScan	7k
Plasma	Glutaredoxin-2, mitochondrial	12486-8	ENSG00000023572	Q9NS18	combined	seq.12486.8	Somalogic	proteomics	SomaScan	7k
Plasma	Malignant T-cell-amplified sequence 1	12488-9	ENSG00000288295|ENSG00000232119	Q9ULC4	combined	seq.12488.9	Somalogic	proteomics	SomaScan	7k
Plasma	Ragulator complex protein LAMTOR3	12490-92	ENSG00000109270	Q9UHA4	combined	seq.12490.92	Somalogic	proteomics	SomaScan	7k
Plasma	Chloride intracellular channel protein 4	12491-23	ENSG00000169504	Q9Y696	combined	seq.12491.23	Somalogic	proteomics	SomaScan	7k
Plasma	Ubiquitin thioesterase OTUB2	12493-42	ENSG00000089723|ENSG00000277276	Q96DC9	combined	seq.12493.42	Somalogic	proteomics	SomaScan	7k
Plasma	Gamma-aminobutyric acid receptor-associated protein-like 2	12494-99	ENSG00000034713	P60520	combined	seq.12494.99	Somalogic	proteomics	SomaScan	7k
Plasma	Tudor-interacting repair regulator protein	12497-29	ENSG00000168101	Q9BRJ7	combined	seq.12497.29	Somalogic	proteomics	SomaScan	7k
Plasma	Tax1-binding protein 3	12498-12	ENSG00000213977	O14907	combined	seq.12498.12	Somalogic	proteomics	SomaScan	7k
Plasma	Endophilin-A1	12499-108	ENSG00000107295	Q99962	combined	seq.12499.108	Somalogic	proteomics	SomaScan	7k
Plasma	SUMO-activating enzyme subunit 2	12500-88	ENSG00000126261	Q9UBT2	combined	seq.12500.88	Somalogic	proteomics	SomaScan	7k
Plasma	Tubulin-specific chaperone A	12501-10	ENSG00000171530	O75347	combined	seq.12501.10	Somalogic	proteomics	SomaScan	7k
Plasma	Ovarian cancer G-protein coupled receptor 1	12503-5	ENSG00000119714	Q15743	combined	seq.12503.5	Somalogic	proteomics	SomaScan	7k
Plasma	Leiomodin-1	12504-26	ENSG00000163431	P29536	combined	seq.12504.26	Somalogic	proteomics	SomaScan	7k
Plasma	Inositol-trisphosphate 3-kinase C	12507-16	ENSG00000086544	Q96DU7	combined	seq.12507.16	Somalogic	proteomics	SomaScan	7k
Plasma	Charged multivesicular body protein 3	12508-9	ENSG00000115561	Q9Y3E7	combined	seq.12508.9	Somalogic	proteomics	SomaScan	7k
Plasma	COMM domain-containing protein 1	12509-115	ENSG00000173163	Q8N668	combined	seq.12509.115	Somalogic	proteomics	SomaScan	7k
Plasma	Signal-transducing adaptor protein 1	12510-3	ENSG00000035720	Q9ULZ2	combined	seq.12510.3	Somalogic	proteomics	SomaScan	7k
Plasma	Solute carrier family 41 member 2	12511-83	ENSG00000136052	Q96JW4	combined	seq.12511.83	Somalogic	proteomics	SomaScan	7k
Plasma	Glycolipid transfer protein	12513-8	ENSG00000139433	Q9NZD2	combined	seq.12513.8	Somalogic	proteomics	SomaScan	7k
Plasma	tRNA (guanine-N(7)-)-methyltransferase	12514-16	ENSG00000037897	Q9UBP6	combined	seq.12514.16	Somalogic	proteomics	SomaScan	7k
Plasma	Uridine-cytidine kinase 2	12515-45	ENSG00000143179	Q9BZX2	combined	seq.12515.45	Somalogic	proteomics	SomaScan	7k
Plasma	Transcriptional enhancer factor TEF-3	12516-13	ENSG00000197905	Q15561	combined	seq.12516.13	Somalogic	proteomics	SomaScan	7k
Plasma	Programmed cell death protein 5	12517-52	ENSG00000105185	O14737	combined	seq.12517.52	Somalogic	proteomics	SomaScan	7k
Plasma	Protein polybromo-1	12518-289	ENSG00000163939	Q86U86	combined	seq.12518.289	Somalogic	proteomics	SomaScan	7k
Plasma	Cyclin-dependent kinase 4 inhibitor C	12521-3	ENSG00000123080	P42773	combined	seq.12521.3	Somalogic	proteomics	SomaScan	7k
Plasma	UV excision repair protein RAD23 homolog B	12522-6	ENSG00000119318	P54727	combined	seq.12522.6	Somalogic	proteomics	SomaScan	7k
Plasma	Diamine acetyltransferase 2	12524-18	ENSG00000141504	Q96F10	combined	seq.12524.18	Somalogic	proteomics	SomaScan	7k
Plasma	Thyroid hormone receptor alpha	12527-50	ENSG00000126351	P10827	combined	seq.12527.50	Somalogic	proteomics	SomaScan	7k
Plasma	ATPase WRNIP1	12528-40	ENSG00000124535	Q96S55	combined	seq.12528.40	Somalogic	proteomics	SomaScan	7k
Plasma	Inactive peptidyl-prolyl cis-trans isomerase FKBP6	12529-32	ENSG00000077800	O75344	combined	seq.12529.32	Somalogic	proteomics	SomaScan	7k
Plasma	Cyclin-dependent kinases regulatory subunit 1	12530-14	ENSG00000173207	P61024	combined	seq.12530.14	Somalogic	proteomics	SomaScan	7k
Plasma	Endogenous retrovirus group V member 1 Env polyprotein	12531-5	ENSG00000269526	B6SEH8	combined	seq.12531.5	Somalogic	proteomics	SomaScan	7k
Plasma	Ubiquitin-conjugating enzyme E2 R1	12532-28	ENSG00000099804	P49427	combined	seq.12532.28	Somalogic	proteomics	SomaScan	7k
Plasma	Cytohesin-2	12533-135	ENSG00000105443	Q99418	combined	seq.12533.135	Somalogic	proteomics	SomaScan	7k
Plasma	Calcium-binding and coiled-coil domain-containing protein 2	12534-10	ENSG00000136436	Q13137	combined	seq.12534.10	Somalogic	proteomics	SomaScan	7k
Plasma	DNA repair protein XRCC1	12535-2	ENSG00000073050	P18887	combined	seq.12535.2	Somalogic	proteomics	SomaScan	7k
Plasma	Transcriptional activator protein Pur-alpha	12537-88	ENSG00000185129	Q00577	combined	seq.12537.88	Somalogic	proteomics	SomaScan	7k
Plasma	Regulator of G-protein signaling 7	12538-19	ENSG00000182901	P49802	combined	seq.12538.19	Somalogic	proteomics	SomaScan	7k
Plasma	Rho-related GTP-binding protein RhoG	12540-25	ENSG00000177105	P84095	combined	seq.12540.25	Somalogic	proteomics	SomaScan	7k
Plasma	Zinc finger protein 560	12543-76	ENSG00000198028	Q96MR9	combined	seq.12543.76	Somalogic	proteomics	SomaScan	7k
Plasma	Smoothelin	12546-1	ENSG00000183963	P53814	combined	seq.12546.1	Somalogic	proteomics	SomaScan	7k
Plasma	Ras-related GTP-binding protein C	12548-75	ENSG00000116954	Q9HB90	combined	seq.12548.75	Somalogic	proteomics	SomaScan	7k
Plasma	Hematopoietic prostaglandin D synthase	12549-33	ENSG00000163106	O60760	combined	seq.12549.33	Somalogic	proteomics	SomaScan	7k
Plasma	E3 ubiquitin-protein ligase Itchy homolog	12551-3	ENSG00000078747	Q96J02	combined	seq.12551.3	Somalogic	proteomics	SomaScan	7k
Plasma	Serine/threonine-protein kinase VRK1	12553-5	ENSG00000100749	Q99986	combined	seq.12553.5	Somalogic	proteomics	SomaScan	7k
Plasma	DNA repair protein RAD51 homolog 4	12554-10	ENSG00000185379	O75771	combined	seq.12554.10	Somalogic	proteomics	SomaScan	7k
Plasma	Ubiquitin-conjugating enzyme E2 C	12556-7	ENSG00000175063	O00762	combined	seq.12556.7	Somalogic	proteomics	SomaScan	7k
Plasma	RNA-binding protein Nova-1	12557-18	ENSG00000139910	P51513	combined	seq.12557.18	Somalogic	proteomics	SomaScan	7k
Plasma	Ubiquitin-associated and SH3 domain-containing protein B	12558-3	ENSG00000154127	Q8TF42	combined	seq.12558.3	Somalogic	proteomics	SomaScan	7k
Plasma	5'(3')-deoxyribonucleotidase, cytosolic type	12560-9	ENSG00000125458	Q8TCD5	combined	seq.12560.9	Somalogic	proteomics	SomaScan	7k
Plasma	Serine/threonine-protein kinase N1	12562-1	ENSG00000123143	Q16512	combined	seq.12562.1	Somalogic	proteomics	SomaScan	7k
Plasma	Tumor necrosis factor alpha-induced protein 8	12563-2	ENSG00000145779	O95379	combined	seq.12563.2	Somalogic	proteomics	SomaScan	7k
Plasma	60S ribosome subunit biogenesis protein NIP7 homolog	12564-9	ENSG00000132603	Q9Y221	combined	seq.12564.9	Somalogic	proteomics	SomaScan	7k
Plasma	Kelch-like ECH-associated protein 1	12568-14	ENSG00000079999	Q14145	combined	seq.12568.14	Somalogic	proteomics	SomaScan	7k
Plasma	T-complex protein 1 subunit epsilon	12569-25	ENSG00000150753	P48643	combined	seq.12569.25	Somalogic	proteomics	SomaScan	7k
Plasma	ADP-ribosylation factor-like protein 3	12571-14	ENSG00000138175	P36405	combined	seq.12571.14	Somalogic	proteomics	SomaScan	7k
Plasma	Embryonal Fyn-associated substrate	12572-236	ENSG00000100842	O43281	combined	seq.12572.236	Somalogic	proteomics	SomaScan	7k
Plasma	Tripartite motif-containing protein 3	12573-80	ENSG00000110171	O75382	combined	seq.12573.80	Somalogic	proteomics	SomaScan	7k
Plasma	Endothelin-2	12574-36	ENSG00000127129	P20800	combined	seq.12574.36	Somalogic	proteomics	SomaScan	7k
Plasma	C-1-tetrahydrofolate synthase, cytoplasmic	12575-30	ENSG00000100714	P11586	combined	seq.12575.30	Somalogic	proteomics	SomaScan	7k
Plasma	Melanoma-associated antigen 3	12576-21	ENSG00000221867	P43357	combined	seq.12576.21	Somalogic	proteomics	SomaScan	7k
Plasma	Flap endonuclease 1	12577-100	ENSG00000168496	P39748	combined	seq.12577.100	Somalogic	proteomics	SomaScan	7k
Plasma	ADP-ribosylation factor 3	12578-13	ENSG00000134287	P61204	combined	seq.12578.13	Somalogic	proteomics	SomaScan	7k
Plasma	Proteasome subunit beta type-5	12580-7	ENSG00000100804	P28074	combined	seq.12580.7	Somalogic	proteomics	SomaScan	7k
Plasma	Inositol monophosphatase 2	12581-39	ENSG00000141401	O14732	combined	seq.12581.39	Somalogic	proteomics	SomaScan	7k
Plasma	Serine/threonine-protein kinase A-Raf	12583-77	ENSG00000078061	P10398	combined	seq.12583.77	Somalogic	proteomics	SomaScan	7k
Plasma	DNA excision repair protein ERCC-1	12585-39	ENSG00000012061	P07992	combined	seq.12585.39	Somalogic	proteomics	SomaScan	7k
Plasma	ADP-ribosylation factor-like protein 2	12587-65	ENSG00000213465	P36404	combined	seq.12587.65	Somalogic	proteomics	SomaScan	7k
Plasma	Oligophrenin-1	12591-27	ENSG00000079482	O60890	combined	seq.12591.27	Somalogic	proteomics	SomaScan	7k
Plasma	p53 and DNA damage-regulated protein 1	12593-33	ENSG00000088356	Q9NUG6	combined	seq.12593.33	Somalogic	proteomics	SomaScan	7k
Plasma	Grancalcin	12594-5	ENSG00000115271	P28676	combined	seq.12594.5	Somalogic	proteomics	SomaScan	7k
Plasma	Tropomodulin-1	12595-11	ENSG00000136842	P28289	combined	seq.12595.11	Somalogic	proteomics	SomaScan	7k
Plasma	Autophagy protein 5	12597-68	ENSG00000057663	Q9H1Y0	combined	seq.12597.68	Somalogic	proteomics	SomaScan	7k
Plasma	Fermitin family homolog 3	12599-10	ENSG00000149781	Q86UX7	combined	seq.12599.10	Somalogic	proteomics	SomaScan	7k
Plasma	Polyadenylate-binding protein 4	12603-87	ENSG00000090621	Q13310	combined	seq.12603.87	Somalogic	proteomics	SomaScan	7k
Plasma	Polycomb protein SCMH1	12604-16	ENSG00000010803	Q96GD3	combined	seq.12604.16	Somalogic	proteomics	SomaScan	7k
Plasma	Exosome complex component RRP40	12605-1	ENSG00000107371	Q9NQT5	combined	seq.12605.1	Somalogic	proteomics	SomaScan	7k
Plasma	Proteasome subunit beta type-1	12612-37	ENSG00000008018	P20618	combined	seq.12612.37	Somalogic	proteomics	SomaScan	7k
Plasma	Nuclear receptor-binding protein	12616-45	ENSG00000115216	Q9UHY1	combined	seq.12616.45	Somalogic	proteomics	SomaScan	7k
Plasma	Serine/threonine-protein kinase 24	12617-2	ENSG00000102572	Q9Y6E0	combined	seq.12617.2	Somalogic	proteomics	SomaScan	7k
Plasma	Aldo-keto reductase family 1 member C1	12618-50	ENSG00000187134	Q04828	combined	seq.12618.50	Somalogic	proteomics	SomaScan	7k
Plasma	Protein phosphatase 1A	12619-14	ENSG00000100614	P35813	combined	seq.12619.14	Somalogic	proteomics	SomaScan	7k
Plasma	Septin-11	12620-3	ENSG00000138758	Q9NVA2	combined	seq.12620.3	Somalogic	proteomics	SomaScan	7k
Plasma	Serine/threonine-protein phosphatase 2A 65 kDa regulatory subunit A alpha isoform	12621-55	ENSG00000105568	P30153	combined	seq.12621.55	Somalogic	proteomics	SomaScan	7k
Plasma	Histone-lysine N-methyltransferase ASH1L	12622-96	ENSG00000116539	Q9NR48	combined	seq.12622.96	Somalogic	proteomics	SomaScan	7k
Plasma	Protein Jumonji	12623-84	ENSG00000008083	Q92833	combined	seq.12623.84	Somalogic	proteomics	SomaScan	7k
Plasma	Kelch-like protein 7	12625-138	ENSG00000122550	Q8IXQ5	combined	seq.12625.138	Somalogic	proteomics	SomaScan	7k
Plasma	Sentrin-specific protease 7	12626-6	ENSG00000138468	Q9BQF6	combined	seq.12626.6	Somalogic	proteomics	SomaScan	7k
Plasma	Ubiquitin-like modifier-activating enzyme ATG7	12627-97	ENSG00000197548	O95352	combined	seq.12627.97	Somalogic	proteomics	SomaScan	7k
Plasma	LanC-like protein 2	12628-31	ENSG00000132434	Q9NS86	combined	seq.12628.31	Somalogic	proteomics	SomaScan	7k
Plasma	Arfaptin-2	12630-8	ENSG00000132254	P53365	combined	seq.12630.8	Somalogic	proteomics	SomaScan	7k
Plasma	Arylamine N-acetyltransferase 1	12632-14	ENSG00000171428	P18440	combined	seq.12632.14	Somalogic	proteomics	SomaScan	7k
Plasma	Tyrosine-protein phosphatase non-receptor type 9	12633-3	ENSG00000169410	P43378	combined	seq.12633.3	Somalogic	proteomics	SomaScan	7k
Plasma	Breast cancer anti-estrogen resistance protein 3:Guanine Nucleotide Exchange Factor Domain	12634-79	ENSG00000137936	O75815	combined	seq.12634.79	Somalogic	proteomics	SomaScan	7k
Plasma	tRNA (cytosine(38)-C(5))-methyltransferase	12635-9	ENSG00000107614	O14717	combined	seq.12635.9	Somalogic	proteomics	SomaScan	7k
Plasma	N-lysine methyltransferase SMYD2	12636-113	ENSG00000143499	Q9NRG4	combined	seq.12636.113	Somalogic	proteomics	SomaScan	7k
Plasma	Carnitine O-acetyltransferase	12637-7	ENSG00000095321	P43155	combined	seq.12637.7	Somalogic	proteomics	SomaScan	7k
Plasma	Type II inositol 1,4,5-trisphosphate 5-phosphatase	12641-3	ENSG00000204084	P32019	combined	seq.12641.3	Somalogic	proteomics	SomaScan	7k
Plasma	Beta-arrestin-1	12643-4	ENSG00000137486	P49407	combined	seq.12643.4	Somalogic	proteomics	SomaScan	7k
Plasma	Adenylosuccinate synthetase isozyme 2	12644-63	ENSG00000035687	P30520	combined	seq.12644.63	Somalogic	proteomics	SomaScan	7k
Plasma	Ribulose-phosphate 3-epimerase	12646-2	ENSG00000197713	Q96AT9	combined	seq.12646.2	Somalogic	proteomics	SomaScan	7k
Plasma	Histone-lysine N-methyltransferase SETD2	12647-52	ENSG00000181555	Q9BYW2	combined	seq.12647.52	Somalogic	proteomics	SomaScan	7k
Plasma	Malate dehydrogenase, mitochondrial	12649-80	ENSG00000146701	P40926	combined	seq.12649.80	Somalogic	proteomics	SomaScan	7k
Plasma	Guanine nucleotide-binding protein G(k) subunit alpha	12650-43	ENSG00000065135	P08754	combined	seq.12650.43	Somalogic	proteomics	SomaScan	7k
Plasma	[Pyruvate dehydrogenase (acetyl-transferring)] kinase isozyme 2, mitochondrial	12651-21	ENSG00000005882	Q15119	combined	seq.12651.21	Somalogic	proteomics	SomaScan	7k
Plasma	Adenosylhomocysteinase 2	12652-37	ENSG00000168710	O43865	combined	seq.12652.37	Somalogic	proteomics	SomaScan	7k
Plasma	Casein kinase I isoform gamma-2	12653-13	ENSG00000133275	P78368	combined	seq.12653.13	Somalogic	proteomics	SomaScan	7k
Plasma	Beta-soluble NSF attachment protein	12655-30	ENSG00000125814	Q9H115	combined	seq.12655.30	Somalogic	proteomics	SomaScan	7k
Plasma	Kinesin light chain 1	12656-1	ENSG00000126214	Q07866	combined	seq.12656.1	Somalogic	proteomics	SomaScan	7k
Plasma	GDP-L-fucose synthase	12657-2	ENSG00000278243|ENSG00000104522	Q13630	combined	seq.12657.2	Somalogic	proteomics	SomaScan	7k
Plasma	Pantothenate kinase 3	12658-72	ENSG00000120137	Q9H999	combined	seq.12658.72	Somalogic	proteomics	SomaScan	7k
Plasma	Obg-like ATPase 1	12659-13	ENSG00000138430	Q9NTK5	combined	seq.12659.13	Somalogic	proteomics	SomaScan	7k
Plasma	Gamma-aminobutyric acid receptor-associated protein-like 1	12661-44	ENSG00000139112	Q9H0R8	combined	seq.12661.44	Somalogic	proteomics	SomaScan	7k
Plasma	Delta(3,5)-Delta(2,4)-dienoyl-CoA isomerase, mitochondrial	12662-82	ENSG00000282853|ENSG00000104823	Q13011	combined	seq.12662.82	Somalogic	proteomics	SomaScan	7k
Plasma	Thiosulfate sulfurtransferase	12663-1	ENSG00000128311	Q16762	combined	seq.12663.1	Somalogic	proteomics	SomaScan	7k
Plasma	Tyrosine-protein phosphatase non-receptor type 13	12664-19	ENSG00000163629	Q12923	combined	seq.12664.19	Somalogic	proteomics	SomaScan	7k
Plasma	Interleukin enhancer-binding factor 2	12665-16	ENSG00000143621	Q12905	combined	seq.12665.16	Somalogic	proteomics	SomaScan	7k
Plasma	Guanine deaminase	12667-2	ENSG00000119125	Q9Y2T3	combined	seq.12667.2	Somalogic	proteomics	SomaScan	7k
Plasma	Vacuolar protein sorting-associated protein 4B	12668-7	ENSG00000119541	O75351	combined	seq.12668.7	Somalogic	proteomics	SomaScan	7k
Plasma	E3 ubiquitin-protein ligase HECW1	12669-30	ENSG00000002746	Q76N89	combined	seq.12669.30	Somalogic	proteomics	SomaScan	7k
Plasma	Cell cycle checkpoint protein RAD1	12670-15	ENSG00000113456	O60671	combined	seq.12670.15	Somalogic	proteomics	SomaScan	7k
Plasma	Sulfotransferase family cytosolic 1B member 1	12671-35	ENSG00000173597	O43704	combined	seq.12671.35	Somalogic	proteomics	SomaScan	7k
Plasma	Aspartate--tRNA ligase, cytoplasmic	12675-14	ENSG00000115866	P14868	combined	seq.12675.14	Somalogic	proteomics	SomaScan	7k
Plasma	Protein kinase C and casein kinase substrate in neurons protein 1	12676-1	ENSG00000124507	Q9BY11	combined	seq.12676.1	Somalogic	proteomics	SomaScan	7k
Plasma	Protein flightless-1 homolog	12677-164	ENSG00000177731|ENSG00000284571	Q13045	combined	seq.12677.164	Somalogic	proteomics	SomaScan	7k
Plasma	U1 small nuclear ribonucleoprotein A	12678-66	ENSG00000077312	P09012	combined	seq.12678.66	Somalogic	proteomics	SomaScan	7k
Plasma	Ubiquitin carboxyl-terminal hydrolase 21	12681-63	ENSG00000143258	Q9UK80	combined	seq.12681.63	Somalogic	proteomics	SomaScan	7k
Plasma	Kynurenine--oxoglutarate transaminase 3	12682-5	ENSG00000137944	Q6YP21	combined	seq.12682.5	Somalogic	proteomics	SomaScan	7k
Plasma	Dihydropyrimidinase-related protein 5	12683-156	ENSG00000157851	Q9BPU6	combined	seq.12683.156	Somalogic	proteomics	SomaScan	7k
Plasma	Adseverin	12684-5	ENSG00000006747	Q9Y6U3	combined	seq.12684.5	Somalogic	proteomics	SomaScan	7k
Plasma	Homer protein homolog 2	12685-57	ENSG00000103942	Q9NSB8	combined	seq.12685.57	Somalogic	proteomics	SomaScan	7k
Plasma	3-mercaptopyruvate sulfurtransferase	12686-15	ENSG00000128309	P25325	combined	seq.12686.15	Somalogic	proteomics	SomaScan	7k
Plasma	2,4-dienoyl-CoA reductase, mitochondrial	12687-2	ENSG00000104325	Q16698	combined	seq.12687.2	Somalogic	proteomics	SomaScan	7k
Plasma	Ribosomal protein S6 kinase alpha-6	12688-115	ENSG00000072133	Q9UK32	combined	seq.12688.115	Somalogic	proteomics	SomaScan	7k
Plasma	Actin-related protein 2/3 complex subunit 1B	12689-56	ENSG00000130429	O15143	combined	seq.12689.56	Somalogic	proteomics	SomaScan	7k
Plasma	Septin-10	12690-33	ENSG00000186522	Q9P0V9	combined	seq.12690.33	Somalogic	proteomics	SomaScan	7k
Plasma	Serine hydroxymethyltransferase, mitochondrial	12691-44	ENSG00000182199	P34897	combined	seq.12691.44	Somalogic	proteomics	SomaScan	7k
Plasma	Histone-lysine N-methyltransferase, H3 lysine-79 specific	12692-56	ENSG00000104885	Q8TEK3	combined	seq.12692.56	Somalogic	proteomics	SomaScan	7k
Plasma	SH3 domain-binding glutamic acid-rich-like protein	12693-2	ENSG00000131171	O75368	combined	seq.12693.2	Somalogic	proteomics	SomaScan	7k
Plasma	Probable dimethyladenosine transferase	12694-28	ENSG00000086189	Q9UNQ2	combined	seq.12694.28	Somalogic	proteomics	SomaScan	7k
Plasma	Kelch-like protein 12	12695-62	ENSG00000117153	Q53G59	combined	seq.12695.62	Somalogic	proteomics	SomaScan	7k
Plasma	Protein arginine N-methyltransferase 3	12696-166	ENSG00000185238	O60678	combined	seq.12696.166	Somalogic	proteomics	SomaScan	7k
Plasma	Phosphatidylinositol 5-phosphate 4-kinase type-2 alpha	12697-30	ENSG00000150867	P48426	combined	seq.12697.30	Somalogic	proteomics	SomaScan	7k
Plasma	Importin subunit alpha-3	12698-72	ENSG00000186432	O00629	combined	seq.12698.72	Somalogic	proteomics	SomaScan	7k
Plasma	T-complex protein 1 subunit theta	12699-28	ENSG00000156261	P50990	combined	seq.12699.28	Somalogic	proteomics	SomaScan	7k
Plasma	ATP-citrate synthase	12700-9	ENSG00000131473	P53396	combined	seq.12700.9	Somalogic	proteomics	SomaScan	7k
Plasma	Eukaryotic translation initiation factor 1b	12701-1	ENSG00000114784	O60739	combined	seq.12701.1	Somalogic	proteomics	SomaScan	7k
Plasma	E3 ubiquitin-protein ligase pellino homolog 2	12702-13	ENSG00000139946	Q9HAT8	combined	seq.12702.13	Somalogic	proteomics	SomaScan	7k
Plasma	Serine/threonine-protein kinase Nek7	12703-6	ENSG00000151414	Q8TDX7	combined	seq.12703.6	Somalogic	proteomics	SomaScan	7k
Plasma	SH2 domain-containing protein 3C	12704-26	ENSG00000095370	Q8N5H7	combined	seq.12704.26	Somalogic	proteomics	SomaScan	7k
Plasma	Probable E3 ubiquitin-protein ligase HERC1	12705-9	ENSG00000103657	Q15751	combined	seq.12705.9	Somalogic	proteomics	SomaScan	7k
Plasma	Serine/threonine-protein kinase MRCK alpha	12706-2	ENSG00000143776	Q5VT25	combined	seq.12706.2	Somalogic	proteomics	SomaScan	7k
Plasma	Dihydropyrimidinase-related protein 3	12707-26	ENSG00000113657	Q14195	combined	seq.12707.26	Somalogic	proteomics	SomaScan	7k
Plasma	Histone H1x	12709-63	ENSG00000184897	Q92522	combined	seq.12709.63	Somalogic	proteomics	SomaScan	7k
Plasma	Gap junction alpha-8 protein	12711-19	ENSG00000121634	P48165	combined	seq.12711.19	Somalogic	proteomics	SomaScan	7k
Plasma	High mobility group protein 20A	12712-9	ENSG00000140382	Q9NP66	combined	seq.12712.9	Somalogic	proteomics	SomaScan	7k
Plasma	Regulator of G-protein signaling 19	12713-365	ENSG00000171700	P49795	combined	seq.12713.365	Somalogic	proteomics	SomaScan	7k
Plasma	AP-1 complex subunit gamma-like 2	12714-38	ENSG00000213983	O75843	combined	seq.12714.38	Somalogic	proteomics	SomaScan	7k
Plasma	mRNA-decapping enzyme 1B	12715-30	ENSG00000284850|ENSG00000151065	Q8IZD4	combined	seq.12715.30	Somalogic	proteomics	SomaScan	7k
Plasma	Zinc finger protein 175	12716-3	ENSG00000105497	Q9Y473	combined	seq.12716.3	Somalogic	proteomics	SomaScan	7k
Plasma	TOX high mobility group box family member 3	12717-65	ENSG00000103460	O15405	combined	seq.12717.65	Somalogic	proteomics	SomaScan	7k
Plasma	Peptidyl-prolyl cis-trans isomerase NIMA-interacting 4	12718-43	ENSG00000102309	Q9Y237	combined	seq.12718.43	Somalogic	proteomics	SomaScan	7k
Plasma	Ubiquilin-4	12720-71	ENSG00000160803	Q9NRR5	combined	seq.12720.71	Somalogic	proteomics	SomaScan	7k
Plasma	Tax1-binding protein 1	12721-4	ENSG00000106052	Q86VP1	combined	seq.12721.4	Somalogic	proteomics	SomaScan	7k
Plasma	Cold-inducible RNA-binding protein	12724-81	ENSG00000099622	Q14011	combined	seq.12724.81	Somalogic	proteomics	SomaScan	7k
Plasma	Regulatory factor X-associated protein	12726-3	ENSG00000133111	O00287	combined	seq.12726.3	Somalogic	proteomics	SomaScan	7k
Plasma	Prostaglandin F2 receptor negative regulator	12727-7	ENSG00000134247	Q9P2B2	combined	seq.12727.7	Somalogic	proteomics	SomaScan	7k
Plasma	Proteasome assembly chaperone 3	12729-12	ENSG00000157778	Q9BT73	combined	seq.12729.12	Somalogic	proteomics	SomaScan	7k
Plasma	Kinetochore protein NDC80 homolog	12730-3	ENSG00000080986	O14777	combined	seq.12730.3	Somalogic	proteomics	SomaScan	7k
Plasma	Pleckstrin homology domain-containing family A member 7	12731-12	ENSG00000166689	Q6IQ23	combined	seq.12731.12	Somalogic	proteomics	SomaScan	7k
Plasma	MAGUK p55 subfamily member 7	12732-13	ENSG00000150054	Q5T2T1	combined	seq.12732.13	Somalogic	proteomics	SomaScan	7k
Plasma	Kinesin-like protein KIF22	12734-112	ENSG00000079616	Q14807	combined	seq.12734.112	Somalogic	proteomics	SomaScan	7k
Plasma	Cold shock domain-containing protein E1	12735-39	ENSG00000009307	O75534	combined	seq.12735.39	Somalogic	proteomics	SomaScan	7k
Plasma	Plastin-1	12737-12	ENSG00000120756	Q14651	combined	seq.12737.12	Somalogic	proteomics	SomaScan	7k
Plasma	Nischarin	12738-43	ENSG00000010322	Q9Y2I1	combined	seq.12738.43	Somalogic	proteomics	SomaScan	7k
Plasma	Protein FEV	12740-55	ENSG00000163497	Q99581	combined	seq.12740.55	Somalogic	proteomics	SomaScan	7k
Plasma	Transmembrane protein 8B	12742-160	ENSG00000137103	A6NDV4	combined	seq.12742.160	Somalogic	proteomics	SomaScan	7k
Plasma	BAG family molecular chaperone regulator 5	12743-18	ENSG00000166170	Q9UL15	combined	seq.12743.18	Somalogic	proteomics	SomaScan	7k
Plasma	Cytohesin-4	12746-4	ENSG00000100055	Q9UIA0	combined	seq.12746.4	Somalogic	proteomics	SomaScan	7k
Plasma	RNA-binding protein 3	12747-89	ENSG00000102317	P98179	combined	seq.12747.89	Somalogic	proteomics	SomaScan	7k
Plasma	Bromodomain testis-specific protein	12748-6	ENSG00000137948	Q58F21	combined	seq.12748.6	Somalogic	proteomics	SomaScan	7k
Plasma	Integrin beta-2	12750-9	ENSG00000160255	P05107	combined	seq.12750.9	Somalogic	proteomics	SomaScan	7k
Plasma	Zinc fingers and homeoboxes protein 1	12751-26		Q9UKY1	combined	seq.12751.26	Somalogic	proteomics	SomaScan	7k
Plasma	Amyloid beta A4 precursor protein-binding family B member 2:Phosphotyrosine Interaction Domain 1	12753-6	ENSG00000163697	Q92870	combined	seq.12753.6	Somalogic	proteomics	SomaScan	7k
Plasma	Cold shock domain-containing protein C2	12754-14	ENSG00000172346	Q9Y534	combined	seq.12754.14	Somalogic	proteomics	SomaScan	7k
Plasma	Transcription regulator protein BACH2	12756-3	ENSG00000112182	Q9BYV9	combined	seq.12756.3	Somalogic	proteomics	SomaScan	7k
Plasma	Glutamate receptor ionotropic, delta-2	12758-47	ENSG00000152208	O43424	combined	seq.12758.47	Somalogic	proteomics	SomaScan	7k
Plasma	Interleukin enhancer-binding factor 3	12759-47	ENSG00000129351	Q12906	combined	seq.12759.47	Somalogic	proteomics	SomaScan	7k
Plasma	Zinc finger protein 774	12760-34	ENSG00000196391	Q6NX45	combined	seq.12760.34	Somalogic	proteomics	SomaScan	7k
Plasma	Amyloid beta A4 precursor protein-binding family B member 2:Phosphotyrosine Interaction Domain 2	12761-12	ENSG00000163697	Q92870	combined	seq.12761.12	Somalogic	proteomics	SomaScan	7k
Plasma	Zinc finger protein 334	12763-69	ENSG00000198185	Q9HCZ1	combined	seq.12763.69	Somalogic	proteomics	SomaScan	7k
Plasma	Engulfment and cell motility protein 1	12764-3	ENSG00000155849	Q92556	combined	seq.12764.3	Somalogic	proteomics	SomaScan	7k
Plasma	Probable G-protein coupled receptor 142	12766-33	ENSG00000257008	Q7Z601	combined	seq.12766.33	Somalogic	proteomics	SomaScan	7k
Plasma	Protein phosphatase 1 regulatory subunit 3B	12768-3	ENSG00000285343|ENSG00000173281	Q86XI6	combined	seq.12768.3	Somalogic	proteomics	SomaScan	7k
Plasma	Zinc finger protein 180	12771-19	ENSG00000167384	Q9UJW8	combined	seq.12771.19	Somalogic	proteomics	SomaScan	7k
Plasma	Nuclear pore complex protein Nup98-Nup96	12772-8	ENSG00000110713	P52948	combined	seq.12772.8	Somalogic	proteomics	SomaScan	7k
Plasma	Potassium/sodium hyperpolarization-activated cyclic nucleotide-gated channel 1	12774-12	ENSG00000164588	O60741	combined	seq.12774.12	Somalogic	proteomics	SomaScan	7k
Plasma	High mobility group protein B3	12775-6	ENSG00000029993	O15347	combined	seq.12775.6	Somalogic	proteomics	SomaScan	7k
Plasma	Splicing factor 1	12777-11	ENSG00000168066	Q15637	combined	seq.12777.11	Somalogic	proteomics	SomaScan	7k
Plasma	PR domain zinc finger protein 4	12779-30	ENSG00000110851	Q9UKN5	combined	seq.12779.30	Somalogic	proteomics	SomaScan	7k
Plasma	RISC-loading complex subunit TARBP2	12781-2	ENSG00000139546	Q15633	combined	seq.12781.2	Somalogic	proteomics	SomaScan	7k
Plasma	Heterogeneous nuclear ribonucleoprotein M	12783-29	ENSG00000099783	P52272	combined	seq.12783.29	Somalogic	proteomics	SomaScan	7k
Plasma	Amyloid beta A4 precursor protein-binding family B member 3:Phosphotyrosine Interaction Domain 1,Isoform II	12784-10	ENSG00000113108	O95704	combined	seq.12784.10	Somalogic	proteomics	SomaScan	7k
Plasma	Transcriptional regulator Kaiso	12785-49	ENSG00000177485	Q86T24	combined	seq.12785.49	Somalogic	proteomics	SomaScan	7k
Plasma	Glycerophosphocholine phosphodiesterase GPCPD1	12786-61	ENSG00000125772	Q9NPB8	combined	seq.12786.61	Somalogic	proteomics	SomaScan	7k
Plasma	Zinc finger protein 134	12787-47	ENSG00000213762	P52741	combined	seq.12787.47	Somalogic	proteomics	SomaScan	7k
Plasma	SAGA-associated factor 29 homolog	12788-6	ENSG00000176476	Q96ES7	combined	seq.12788.6	Somalogic	proteomics	SomaScan	7k
Plasma	Coiled-coil domain-containing protein 51	12790-10	ENSG00000164051	Q96ER9	combined	seq.12790.10	Somalogic	proteomics	SomaScan	7k
Plasma	Piwi-like protein 1	12793-4	ENSG00000275051|ENSG00000125207	Q96J94	combined	seq.12793.4	Somalogic	proteomics	SomaScan	7k
Plasma	NACHT, LRR and PYD domains-containing protein 4	12794-6	ENSG00000160505	Q96MN2	combined	seq.12794.6	Somalogic	proteomics	SomaScan	7k
Plasma	Zinc finger protein 566	12795-2	ENSG00000186017	Q969W8	combined	seq.12795.2	Somalogic	proteomics	SomaScan	7k
Plasma	Diphosphoinositol polyphosphate phosphohydrolase 1	12796-44	ENSG00000272325	O95989	combined	seq.12796.44	Somalogic	proteomics	SomaScan	7k
Plasma	Electroneutral sodium bicarbonate exchanger 1	12798-46	ENSG00000050438	Q2Y0W8	combined	seq.12798.46	Somalogic	proteomics	SomaScan	7k
Plasma	DnaJ homolog subfamily C member 27	12799-65	ENSG00000115137	Q9NZQ0	combined	seq.12799.65	Somalogic	proteomics	SomaScan	7k
Plasma	Tubulin polymerization-promoting protein family member 2	12800-5	ENSG00000179636	P59282	combined	seq.12800.5	Somalogic	proteomics	SomaScan	7k
Plasma	Interferon regulatory factor 2	12801-33	ENSG00000168310	P14316	combined	seq.12801.33	Somalogic	proteomics	SomaScan	7k
Plasma	Zinc finger protein 329	12803-9	ENSG00000181894	Q86UD4	combined	seq.12803.9	Somalogic	proteomics	SomaScan	7k
Plasma	Glucocorticoid modulatory element-binding protein 2	12804-5	ENSG00000101216	Q9UKD1	combined	seq.12804.5	Somalogic	proteomics	SomaScan	7k
Plasma	Rho GTPase-activating protein 30	12807-89	ENSG00000186517	Q7Z6I6	combined	seq.12807.89	Somalogic	proteomics	SomaScan	7k
Plasma	Calcium-regulated heat-stable protein 1	12808-103	ENSG00000153048	Q9Y2V2	combined	seq.12808.103	Somalogic	proteomics	SomaScan	7k
Plasma	Zinc finger protein 415	12811-55	ENSG00000170954	Q09FC8	combined	seq.12811.55	Somalogic	proteomics	SomaScan	7k
Plasma	Acylphosphatase-2	12812-25	ENSG00000170634	P14621	combined	seq.12812.25	Somalogic	proteomics	SomaScan	7k
Plasma	EH domain-binding protein 1	12813-18	ENSG00000115504	Q8NDI1	combined	seq.12813.18	Somalogic	proteomics	SomaScan	7k
Plasma	RNA-binding protein 40	12814-17	ENSG00000185946	Q96LT9	combined	seq.12814.17	Somalogic	proteomics	SomaScan	7k
Plasma	Isoleucine--tRNA ligase, cytoplasmic	12815-9	ENSG00000196305	P41252	combined	seq.12815.9	Somalogic	proteomics	SomaScan	7k
Plasma	GTP-binding protein GEM	12817-1	ENSG00000164949	P55040	combined	seq.12817.1	Somalogic	proteomics	SomaScan	7k
Plasma	Urea transporter 2	12818-159	ENSG00000132874	Q15849	combined	seq.12818.159	Somalogic	proteomics	SomaScan	7k
Plasma	GRB2-related adapter protein	12820-1	ENSG00000154016	Q13588	combined	seq.12820.1	Somalogic	proteomics	SomaScan	7k
Plasma	NACHT, LRR and PYD domains-containing protein 10	12821-6	ENSG00000281166|ENSG00000276780|ENSG00000182261	Q86W26	combined	seq.12821.6	Somalogic	proteomics	SomaScan	7k
Plasma	Amyloid beta A4 precursor protein-binding family B member 1:Phosphotyrosine Interaction Domain 1	12822-34	ENSG00000166313	O00213	combined	seq.12822.34	Somalogic	proteomics	SomaScan	7k
Plasma	DCC-interacting protein 13-alpha	12825-18	ENSG00000157500	Q9UKG1	combined	seq.12825.18	Somalogic	proteomics	SomaScan	7k
Plasma	Sodium/iodide cotransporter	12826-5	ENSG00000105641	Q92911	combined	seq.12826.5	Somalogic	proteomics	SomaScan	7k
Plasma	Regulator of G-protein signaling 3	12827-37	ENSG00000138835	P49796	combined	seq.12827.37	Somalogic	proteomics	SomaScan	7k
Plasma	Histone deacetylase complex subunit SAP18	12830-4	ENSG00000150459	O00422	combined	seq.12830.4	Somalogic	proteomics	SomaScan	7k
Plasma	Calcineurin B homologous protein 3	12831-21	ENSG00000088992	Q96BS2	combined	seq.12831.21	Somalogic	proteomics	SomaScan	7k
Plasma	Set1/Ash2 histone methyltransferase complex subunit ASH2	12832-10	ENSG00000129691	Q9UBL3	combined	seq.12832.10	Somalogic	proteomics	SomaScan	7k
Plasma	Potassium voltage-gated channel subfamily F member 1	12834-3	ENSG00000162975	Q9H3M0	combined	seq.12834.3	Somalogic	proteomics	SomaScan	7k
Plasma	Pyrin domain-containing protein 1	12835-101	ENSG00000169900	Q8WXC3	combined	seq.12835.101	Somalogic	proteomics	SomaScan	7k
Plasma	Dual specificity protein phosphatase 15	12838-28	ENSG00000149599	Q9H1R2	combined	seq.12838.28	Somalogic	proteomics	SomaScan	7k
Plasma	Syntaxin-10	12842-43	ENSG00000104915	O60499	combined	seq.12842.43	Somalogic	proteomics	SomaScan	7k
Plasma	Zinc finger protein 410	12843-6	ENSG00000119725	Q86VK4	combined	seq.12843.6	Somalogic	proteomics	SomaScan	7k
Plasma	BAG family molecular chaperone regulator 4	12844-10	ENSG00000156735	O95429	combined	seq.12844.10	Somalogic	proteomics	SomaScan	7k
Plasma	Sorting nexin-17	12845-18	ENSG00000115234	Q15036	combined	seq.12845.18	Somalogic	proteomics	SomaScan	7k
Plasma	F-box/LRR-repeat protein 5	12846-3	ENSG00000118564	Q9UKA1	combined	seq.12846.3	Somalogic	proteomics	SomaScan	7k
Plasma	mRNA-capping enzyme	12847-27	ENSG00000111880	O60942	combined	seq.12847.27	Somalogic	proteomics	SomaScan	7k
Plasma	Rho guanine nucleotide exchange factor 2	12848-9	ENSG00000116584	Q92974	combined	seq.12848.9	Somalogic	proteomics	SomaScan	7k
Plasma	GSK3-beta interaction protein	12849-25	ENSG00000100744	Q9P0R6	combined	seq.12849.25	Somalogic	proteomics	SomaScan	7k
Plasma	DNA-directed DNA/RNA polymerase mu	12851-5	ENSG00000122678	Q9NP87	combined	seq.12851.5	Somalogic	proteomics	SomaScan	7k
Plasma	Tropomodulin-2	12853-112	ENSG00000128872	Q9NZR1	combined	seq.12853.112	Somalogic	proteomics	SomaScan	7k
Plasma	Transcriptional enhancer factor TEF-5	12854-3	ENSG00000007866	Q99594	combined	seq.12854.3	Somalogic	proteomics	SomaScan	7k
Plasma	Cas scaffolding protein family member 4	12855-16	ENSG00000087589	Q9NQ75	combined	seq.12855.16	Somalogic	proteomics	SomaScan	7k
Plasma	Transmembrane protein 237	12856-14	ENSG00000155755	Q96Q45	combined	seq.12856.14	Somalogic	proteomics	SomaScan	7k
Plasma	Enoyl-CoA delta isomerase 2, mitochondrial	12859-33	ENSG00000198721	O75521	combined	seq.12859.33	Somalogic	proteomics	SomaScan	7k
Plasma	cAMP-regulated phosphoprotein 21	12860-7	ENSG00000172995	Q9UBL0	combined	seq.12860.7	Somalogic	proteomics	SomaScan	7k
Plasma	Tropomodulin-3	12861-13	ENSG00000138594	Q9NYL9	combined	seq.12861.13	Somalogic	proteomics	SomaScan	7k
Plasma	Enhancer of filamentation 1	12862-14	ENSG00000111859	Q14511	combined	seq.12862.14	Somalogic	proteomics	SomaScan	7k
Plasma	Magnesium transporter NIPA4	12864-9	ENSG00000172548	Q0D2K0	combined	seq.12864.9	Somalogic	proteomics	SomaScan	7k
Plasma	Dynein light chain Tctex-type 3	12867-40	ENSG00000165169	P51808	combined	seq.12867.40	Somalogic	proteomics	SomaScan	7k
Plasma	Probable ATP-dependent RNA helicase DDX6	12869-68	ENSG00000110367	P26196	combined	seq.12869.68	Somalogic	proteomics	SomaScan	7k
Plasma	Twinfilin-1	12871-10		Q12792	combined	seq.12871.10	Somalogic	proteomics	SomaScan	7k
Plasma	Cyclic nucleotide-gated olfactory channel	12872-35	ENSG00000183862	Q16280	combined	seq.12872.35	Somalogic	proteomics	SomaScan	7k
Plasma	Leukosialin	12873-11	ENSG00000197471	P16150	combined	seq.12873.11	Somalogic	proteomics	SomaScan	7k
Plasma	Ubiquitin domain-containing protein 2	12875-28	ENSG00000168246	Q8WUN7	combined	seq.12875.28	Somalogic	proteomics	SomaScan	7k
Plasma	Sperm flagellar protein 1	12876-39	ENSG00000101222	Q9Y4P9	combined	seq.12876.39	Somalogic	proteomics	SomaScan	7k
Plasma	Oxysterol-binding protein-related protein 11	12878-60	ENSG00000144909	Q9BXB4	combined	seq.12878.60	Somalogic	proteomics	SomaScan	7k
Plasma	Retinoblastoma-like protein 1	12879-5	ENSG00000080839	P28749	combined	seq.12879.5	Somalogic	proteomics	SomaScan	7k
Plasma	Synaptic vesicle glycoprotein 2A	12880-1	ENSG00000159164	Q7L0J3	combined	seq.12880.1	Somalogic	proteomics	SomaScan	7k
Plasma	Retinol dehydrogenase 16	12881-17	ENSG00000139547	O75452	combined	seq.12881.17	Somalogic	proteomics	SomaScan	7k
Plasma	Poly [ADP-ribose] polymerase 11	12882-7	ENSG00000111224	Q9NR21	combined	seq.12882.7	Somalogic	proteomics	SomaScan	7k
Plasma	Nuclear receptor subfamily 1 group D member 2	12885-42	ENSG00000174738	Q14995	combined	seq.12885.42	Somalogic	proteomics	SomaScan	7k
Plasma	Histone deacetylase complex subunit SAP30	12888-18	ENSG00000164105	O75446	combined	seq.12888.18	Somalogic	proteomics	SomaScan	7k
Plasma	MICAL-like protein 2	12891-1	ENSG00000164877	Q8IY33	combined	seq.12891.1	Somalogic	proteomics	SomaScan	7k
Plasma	Synaptotagmin-like protein 1	12892-10	ENSG00000142765	Q8IYJ3	combined	seq.12892.10	Somalogic	proteomics	SomaScan	7k
Plasma	Gamma-interferon-inducible protein 16:Isoform 2, Hematopoietic expression, interferon-inducible nature, and nuclear localization 2	12893-159	ENSG00000163565	Q16666	combined	seq.12893.159	Somalogic	proteomics	SomaScan	7k
Plasma	PAX-interacting protein 1	12894-3	ENSG00000157212	Q6ZW49	combined	seq.12894.3	Somalogic	proteomics	SomaScan	7k
Plasma	Diacylglycerol kinase beta	12895-28	ENSG00000136267	Q9Y6T7	combined	seq.12895.28	Somalogic	proteomics	SomaScan	7k
Plasma	cubilin	12904-180	ENSG00000107611	O60494	combined	seq.12904.180	Somalogic	proteomics	SomaScan	7k
Plasma	Protein p13 MTCP-1	12916-3	ENSG00000214827	P56278	combined	seq.12916.3	Somalogic	proteomics	SomaScan	7k
Plasma	Keratin, type I cytoskeletal 17	12923-51	ENSG00000128422	Q04695	combined	seq.12923.51	Somalogic	proteomics	SomaScan	7k
Plasma	Axin-2	12925-105	ENSG00000168646	Q9Y2T1	combined	seq.12925.105	Somalogic	proteomics	SomaScan	7k
Plasma	Mineralocorticoid receptor	12931-16	ENSG00000151623	P08235	combined	seq.12931.16	Somalogic	proteomics	SomaScan	7k
Plasma	Ecto-NOX disulfide-thiol exchanger 1	12933-17	ENSG00000120658	Q8TC92	combined	seq.12933.17	Somalogic	proteomics	SomaScan	7k
Plasma	E3 ISG15--protein ligase HERC5	12934-1	ENSG00000138646	Q9UII4	combined	seq.12934.1	Somalogic	proteomics	SomaScan	7k
Plasma	Retinaldehyde-binding protein 1	12936-38	ENSG00000140522	P12271	combined	seq.12936.38	Somalogic	proteomics	SomaScan	7k
Plasma	DNA-directed RNA polymerases I and III subunit RPAC1	12939-1	ENSG00000171453	O15160	combined	seq.12939.1	Somalogic	proteomics	SomaScan	7k
Plasma	Aldehyde dehydrogenase family 3 member B1	12940-35	ENSG00000006534	P43353	combined	seq.12940.35	Somalogic	proteomics	SomaScan	7k
Plasma	Ras-related protein Rab-18	12945-33	ENSG00000099246	Q9NP72	combined	seq.12945.33	Somalogic	proteomics	SomaScan	7k
Plasma	Peroxisome proliferator-activated receptor alpha	12954-71	ENSG00000186951	Q07869	combined	seq.12954.71	Somalogic	proteomics	SomaScan	7k
Plasma	KIF1-binding protein	12956-40	ENSG00000198954	Q96EK5	combined	seq.12956.40	Somalogic	proteomics	SomaScan	7k
Plasma	Cytochrome b-c1 complex subunit 7	12957-62	ENSG00000156467	P14927	combined	seq.12957.62	Somalogic	proteomics	SomaScan	7k
Plasma	Glucokinase	12960-9	ENSG00000106633	P35557	combined	seq.12960.9	Somalogic	proteomics	SomaScan	7k
Plasma	Protein GPR107	12963-1	ENSG00000148358	Q5VW38	combined	seq.12963.1	Somalogic	proteomics	SomaScan	7k
Plasma	Cysteine and glycine-rich protein 2	12968-2	ENSG00000175183	Q16527	combined	seq.12968.2	Somalogic	proteomics	SomaScan	7k
Plasma	Double-stranded RNA-binding protein Staufen homolog 2	12970-35	ENSG00000040341	Q9NUL3	combined	seq.12970.35	Somalogic	proteomics	SomaScan	7k
Plasma	Keratin, type I cytoskeletal 20	12975-11	ENSG00000263057|ENSG00000171431	P35900	combined	seq.12975.11	Somalogic	proteomics	SomaScan	7k
Plasma	Vinexin b	12976-49	ENSG00000120896	O60504	combined	seq.12976.49	Somalogic	proteomics	SomaScan	7k
Plasma	Pre-mRNA-splicing factor RBM22	12980-31	ENSG00000086589	Q9NW64	combined	seq.12980.31	Somalogic	proteomics	SomaScan	7k
Plasma	Protein lin-7 homolog C	12986-12	ENSG00000148943	Q9NUP9	combined	seq.12986.12	Somalogic	proteomics	SomaScan	7k
Plasma	Serine/arginine-rich splicing factor 7	12987-12	ENSG00000115875	Q16629	combined	seq.12987.12	Somalogic	proteomics	SomaScan	7k
Plasma	RNA-binding protein EWS	12988-49	ENSG00000182944	Q01844	combined	seq.12988.49	Somalogic	proteomics	SomaScan	7k
Plasma	Mitogen-activated protein kinase kinase kinase 3	12990-39	ENSG00000198909	Q99759	combined	seq.12990.39	Somalogic	proteomics	SomaScan	7k
Plasma	Cullin-9	12991-49	ENSG00000112659	Q8IWT3	combined	seq.12991.49	Somalogic	proteomics	SomaScan	7k
Plasma	Nuclear protein localization protein 4 homolog	12993-21	ENSG00000182446	Q8TAT6	combined	seq.12993.21	Somalogic	proteomics	SomaScan	7k
Plasma	Epididymal-specific lipocalin-10	13007-66	ENSG00000187922	Q6JVE6	combined	seq.13007.66	Somalogic	proteomics	SomaScan	7k
Plasma	40S ribosomal protein S10	13011-20	ENSG00000124614	P46783	combined	seq.13011.20	Somalogic	proteomics	SomaScan	7k
Plasma	E3 ubiquitin-protein ligase parkin	13013-41	ENSG00000185345	O60260	combined	seq.13013.41	Somalogic	proteomics	SomaScan	7k
Plasma	Tumor protein p53-inducible protein 11	13022-20	ENSG00000175274	O14683	combined	seq.13022.20	Somalogic	proteomics	SomaScan	7k
Plasma	Fibroblast growth factor receptor substrate 2	13025-4	ENSG00000166225	Q8WU20	combined	seq.13025.4	Somalogic	proteomics	SomaScan	7k
Plasma	Chromobox protein homolog 7	13027-20	ENSG00000100307	O95931	combined	seq.13027.20	Somalogic	proteomics	SomaScan	7k
Plasma	Beclin-1	13032-1	ENSG00000126581	Q14457	combined	seq.13032.1	Somalogic	proteomics	SomaScan	7k
Plasma	Nuclear inhibitor of protein phosphatase 1	13039-1	ENSG00000117751	Q12972	combined	seq.13039.1	Somalogic	proteomics	SomaScan	7k
Plasma	TNF receptor-associated factor 4	13041-47	ENSG00000076604	Q9BUZ4	combined	seq.13041.47	Somalogic	proteomics	SomaScan	7k
Plasma	Potassium voltage-gated channel subfamily A member 10	13042-7	ENSG00000143105	Q16322	combined	seq.13042.7	Somalogic	proteomics	SomaScan	7k
Plasma	ATPase family AAA domain-containing protein 2	13043-157	ENSG00000156802	Q6PL18	combined	seq.13043.157	Somalogic	proteomics	SomaScan	7k
Plasma	Tumor susceptibility gene 101 protein	13044-5	ENSG00000074319	Q99816	combined	seq.13044.5	Somalogic	proteomics	SomaScan	7k
Plasma	Sodium- and chloride-dependent neutral and basic amino acid transporter B(0+)	13053-6	ENSG00000268104	Q9UN76	combined	seq.13053.6	Somalogic	proteomics	SomaScan	7k
Plasma	Profilin-2	13054-87	ENSG00000070087	P35080	combined	seq.13054.87	Somalogic	proteomics	SomaScan	7k
Plasma	PH and SEC7 domain-containing protein 1	13055-53	ENSG00000059915	A5PKW4	combined	seq.13055.53	Somalogic	proteomics	SomaScan	7k
Plasma	Orphan sodium- and chloride-dependent neurotransmitter transporter NTT5	13056-18	ENSG00000063127	Q9GZN6	combined	seq.13056.18	Somalogic	proteomics	SomaScan	7k
Plasma	Riboflavin kinase	13059-33	ENSG00000135002	Q969G6	combined	seq.13059.33	Somalogic	proteomics	SomaScan	7k
Plasma	Glia maturation factor gamma	13062-4	ENSG00000130755	O60234	combined	seq.13062.4	Somalogic	proteomics	SomaScan	7k
Plasma	Enhancer of mRNA-decapping protein 4	13066-42	ENSG00000038358	Q6P2E9	combined	seq.13066.42	Somalogic	proteomics	SomaScan	7k
Plasma	cGMP-dependent protein kinase 1, beta isozyme	13067-5	ENSG00000185532	Q13976	combined	seq.13067.5	Somalogic	proteomics	SomaScan	7k
Plasma	Copper chaperone for superoxide dismutase	13068-139	ENSG00000173992	O14618	combined	seq.13068.139	Somalogic	proteomics	SomaScan	7k
Plasma	Acidic leucine-rich nuclear phosphoprotein 32 family member A	13073-14	ENSG00000140350	P39687	combined	seq.13073.14	Somalogic	proteomics	SomaScan	7k
Plasma	Fragile X mental retardation syndrome-related protein 1	13076-4	ENSG00000114416	P51114	combined	seq.13076.4	Somalogic	proteomics	SomaScan	7k
Plasma	Centrin-2	13078-3	ENSG00000147400	P41208	combined	seq.13078.3	Somalogic	proteomics	SomaScan	7k
Plasma	Protein unc-45 homolog A	13082-9	ENSG00000140553	Q9H3U1	combined	seq.13082.9	Somalogic	proteomics	SomaScan	7k
Plasma	Valine--tRNA ligase	13083-18	ENSG00000224264|ENSG00000231116|ENSG00000226589|ENSG00000096171|ENSG00000204394	P26640	combined	seq.13083.18	Somalogic	proteomics	SomaScan	7k
Plasma	Glucagon-like peptide 1 receptor:Cytoplasmic domain	13085-18	ENSG00000112164	P43220	combined	seq.13085.18	Somalogic	proteomics	SomaScan	7k
Plasma	Betacellulin	13088-397	ENSG00000174808	P35070	combined	seq.13088.397	Somalogic	proteomics	SomaScan	7k
Plasma	Hypoxia-inducible factor 1-alpha	13089-6	ENSG00000100644	Q16665	combined	seq.13089.6	Somalogic	proteomics	SomaScan	7k
Plasma	Protein S100-A6	13090-17	ENSG00000197956	P06703	combined	seq.13090.17	Somalogic	proteomics	SomaScan	7k
Plasma	Secreted and transmembrane protein 1	13093-6	ENSG00000141574	Q8WVN6	combined	seq.13093.6	Somalogic	proteomics	SomaScan	7k
Plasma	R-spondin-3	13094-75	ENSG00000146374	Q9BXY4	combined	seq.13094.75	Somalogic	proteomics	SomaScan	7k
Plasma	Lithostathine-1-alpha	13095-51	ENSG00000115386	P05451	combined	seq.13095.51	Somalogic	proteomics	SomaScan	7k
Plasma	Bcl-2-like protein 2	13097-11	ENSG00000258643|ENSG00000129473	Q92843	combined	seq.13097.11	Somalogic	proteomics	SomaScan	7k
Plasma	Vascular endothelial growth factor D	13098-93	ENSG00000165197	O43915	combined	seq.13098.93	Somalogic	proteomics	SomaScan	7k
Plasma	Sclerostin	13101-60	ENSG00000167941	Q9BQB4	combined	seq.13101.60	Somalogic	proteomics	SomaScan	7k
Plasma	Protein FAM3D	13102-1	ENSG00000198643	Q96BQ1	combined	seq.13102.1	Somalogic	proteomics	SomaScan	7k
Plasma	Chorionic somatomammotropin hormone	13103-125	ENSG00000136488|ENSG00000213218	P0DML2|P0DML3	combined	seq.13103.125	Somalogic	proteomics	SomaScan	7k
Plasma	Ephrin-B1	13104-32	ENSG00000090776	P98172	combined	seq.13104.32	Somalogic	proteomics	SomaScan	7k
Plasma	Synaptosomal-associated protein 25	13105-7	ENSG00000132639	P60880	combined	seq.13105.7	Somalogic	proteomics	SomaScan	7k
Plasma	Ly6/PLAUR domain-containing protein 3	13107-9	ENSG00000124466	O95274	combined	seq.13107.9	Somalogic	proteomics	SomaScan	7k
Plasma	Neuronal growth regulator 1	13109-82	ENSG00000172260	Q7Z3B1	combined	seq.13109.82	Somalogic	proteomics	SomaScan	7k
Plasma	B-cell lymphoma 6 protein	13111-79	ENSG00000113916	P41182	combined	seq.13111.79	Somalogic	proteomics	SomaScan	7k
Plasma	Follistatin-related protein 1	13112-179	ENSG00000163430	Q12841	combined	seq.13112.179	Somalogic	proteomics	SomaScan	7k
Plasma	Osteopontin	13113-7	ENSG00000118785	P10451	combined	seq.13113.7	Somalogic	proteomics	SomaScan	7k
Plasma	Lumican	13114-50	ENSG00000139329	P51884	combined	seq.13114.50	Somalogic	proteomics	SomaScan	7k
Plasma	CD177 antigen	13116-25	ENSG00000204936	Q8N6Q3	combined	seq.13116.25	Somalogic	proteomics	SomaScan	7k
Plasma	Choline/ethanolamine kinase	13117-232	ENSG00000100288	Q9Y259	combined	seq.13117.232	Somalogic	proteomics	SomaScan	7k
Plasma	SPARC-related modular calcium-binding protein 1	13118-5	ENSG00000198732	Q9H4F8	combined	seq.13118.5	Somalogic	proteomics	SomaScan	7k
Plasma	Protein Z-dependent protease inhibitor	13119-26	ENSG00000140093|ENSG00000278767	Q9UK55	combined	seq.13119.26	Somalogic	proteomics	SomaScan	7k
Plasma	Leucine-rich repeat transmembrane protein FLRT2	13122-19	ENSG00000185070	O43155	combined	seq.13122.19	Somalogic	proteomics	SomaScan	7k
Plasma	Leucine-rich repeat transmembrane protein FLRT3:Extracellular domain	13123-3	ENSG00000125848	Q9NZU0	combined	seq.13123.3	Somalogic	proteomics	SomaScan	7k
Plasma	Immunoglobulin superfamily containing leucine-rich repeat protein 2	13124-20	ENSG00000167178	Q6UXK2	combined	seq.13124.20	Somalogic	proteomics	SomaScan	7k
Plasma	Vitronectin	13125-45	ENSG00000109072	P04004	combined	seq.13125.45	Somalogic	proteomics	SomaScan	7k
Plasma	Desmocollin-2	13126-52	ENSG00000134755	Q02487	combined	seq.13126.52	Somalogic	proteomics	SomaScan	7k
Plasma	Low-density lipoprotein receptor	13129-40	ENSG00000130164	P01130	combined	seq.13129.40	Somalogic	proteomics	SomaScan	7k
Plasma	Hexokinase-2	13130-150	ENSG00000159399	P52789	combined	seq.13130.150	Somalogic	proteomics	SomaScan	7k
Plasma	Hexokinase-1	13131-5	ENSG00000156515	P19367	combined	seq.13131.5	Somalogic	proteomics	SomaScan	7k
Plasma	Semaphorin-5A	13132-14	ENSG00000112902	Q13591	combined	seq.13132.14	Somalogic	proteomics	SomaScan	7k
Plasma	Latent-transforming growth factor beta-binding protein 4	13133-73	ENSG00000090006	Q8N2S1	combined	seq.13133.73	Somalogic	proteomics	SomaScan	7k
Plasma	E3 ubiquitin-protein ligase Mdm2	13228-75	ENSG00000135679	Q00987	combined	seq.13228.75	Somalogic	proteomics	SomaScan	7k
Plasma	Protein Mdm4	13229-20	ENSG00000198625	O15151	combined	seq.13229.20	Somalogic	proteomics	SomaScan	7k
Plasma	Ig gamma-2, Kappa	13230-174	ENSG00000211893	P01859	combined	seq.13230.174	Somalogic	proteomics	SomaScan	7k
Plasma	Ig gamma-4, Kappa	13231-90	ENSG00000211892	P01861	combined	seq.13231.90	Somalogic	proteomics	SomaScan	7k
Plasma	Protein Wnt-3a	13236-25	ENSG00000154342	P56704	combined	seq.13236.25	Somalogic	proteomics	SomaScan	7k
Plasma	SH3 and multiple ankyrin repeat domains protein 1	13240-170	ENSG00000161681	Q9Y566	combined	seq.13240.170	Somalogic	proteomics	SomaScan	7k
Plasma	SH3 and multiple ankyrin repeat domains protein 3	13242-134		Q9BYB0	combined	seq.13242.134	Somalogic	proteomics	SomaScan	7k
Plasma	SH3 and multiple ankyrin repeat domains protein 1	13256-21	ENSG00000161681	Q9Y566	combined	seq.13256.21	Somalogic	proteomics	SomaScan	7k
Plasma	Protein Wnt-5a	13268-45	ENSG00000114251	P41221	combined	seq.13268.45	Somalogic	proteomics	SomaScan	7k
Plasma	Beta-defensin 113	13374-4	ENSG00000214642	Q30KQ7	combined	seq.13374.4	Somalogic	proteomics	SomaScan	7k
Plasma	Synaptogyrin-3	13375-48	ENSG00000127561	O43761	combined	seq.13375.48	Somalogic	proteomics	SomaScan	7k
Plasma	Cytochrome b561 domain-containing protein 1	13377-3	ENSG00000174151	Q8N8Q1	combined	seq.13377.3	Somalogic	proteomics	SomaScan	7k
Plasma	Glutaredoxin-like protein C5orf63	13378-80	ENSG00000164241	A6NC05	combined	seq.13378.80	Somalogic	proteomics	SomaScan	7k
Plasma	Beta-1,4-galactosyltransferase 1	13381-49	ENSG00000086062	P15291	combined	seq.13381.49	Somalogic	proteomics	SomaScan	7k
Plasma	Fumarate hydratase, mitochondrial	13384-110	ENSG00000091483	P07954	combined	seq.13384.110	Somalogic	proteomics	SomaScan	7k
Plasma	E3 ubiquitin-protein ligase RNF34	13386-248	ENSG00000170633	Q969K3	combined	seq.13386.248	Somalogic	proteomics	SomaScan	7k
Plasma	ETS homologous factor	13387-55	ENSG00000135373	Q9NZC4	combined	seq.13387.55	Somalogic	proteomics	SomaScan	7k
Plasma	Neuroendocrine convertase 1	13388-57	ENSG00000175426	P29120	combined	seq.13388.57	Somalogic	proteomics	SomaScan	7k
Plasma	Sodium/potassium-transporting ATPase subunit beta-1	13392-13	ENSG00000143153	P05026	combined	seq.13392.13	Somalogic	proteomics	SomaScan	7k
Plasma	Derlin-1	13393-46	ENSG00000136986	Q9BUN8	combined	seq.13393.46	Somalogic	proteomics	SomaScan	7k
Plasma	Beta-defensin 4A	13397-88	ENSG00000285181|ENSG00000177257|ENSG00000285433|ENSG00000171711|ENSG00000275444	O15263	combined	seq.13397.88	Somalogic	proteomics	SomaScan	7k
Plasma	RELT-like protein 1	13399-33	ENSG00000181826	Q8IUW5	combined	seq.13399.33	Somalogic	proteomics	SomaScan	7k
Plasma	Serine protease inhibitor Kazal-type 2	13405-61	ENSG00000128040	P20155	combined	seq.13405.61	Somalogic	proteomics	SomaScan	7k
Plasma	CMRF35-like molecule 6	13406-161	ENSG00000167850	Q08708	combined	seq.13406.161	Somalogic	proteomics	SomaScan	7k
Plasma	WAP, Kazal, immunoglobulin, Kunitz and NTR domain-containing protein 2	13408-23	ENSG00000173714	Q8TEU8	combined	seq.13408.23	Somalogic	proteomics	SomaScan	7k
Plasma	E3 ubiquitin-protein ligase NRDP1	13411-21	ENSG00000181852	Q9H4P4	combined	seq.13411.21	Somalogic	proteomics	SomaScan	7k
Plasma	WAP four-disulfide core domain protein 6	13412-5	ENSG00000243543	Q9BQY6	combined	seq.13412.5	Somalogic	proteomics	SomaScan	7k
Plasma	Transmembrane protein 132D	13416-8	ENSG00000151952	Q14C87	combined	seq.13416.8	Somalogic	proteomics	SomaScan	7k
Plasma	Protein kish-B	13421-17	ENSG00000215717	Q9NRX6	combined	seq.13421.17	Somalogic	proteomics	SomaScan	7k
Plasma	Ecto-NOX disulfide-thiol exchanger 2	13422-66	ENSG00000165675	Q16206	combined	seq.13422.66	Somalogic	proteomics	SomaScan	7k
Plasma	Redox-regulatory protein FAM213A	13423-94	ENSG00000122378	Q9BRX8	combined	seq.13423.94	Somalogic	proteomics	SomaScan	7k
Plasma	Mannosyl-oligosaccharide 1,2-alpha-mannosidase IC	13427-66	ENSG00000117643	Q9NR34	combined	seq.13427.66	Somalogic	proteomics	SomaScan	7k
Plasma	WAP four-disulfide core domain protein 10A	13429-3	ENSG00000180305	Q9H1F0	combined	seq.13429.3	Somalogic	proteomics	SomaScan	7k
Plasma	Urea transporter 1	13430-50	ENSG00000141469	Q13336	combined	seq.13430.50	Somalogic	proteomics	SomaScan	7k
Plasma	Membrane protein FAM159A	13431-74	ENSG00000182183	Q6UWV7	combined	seq.13431.74	Somalogic	proteomics	SomaScan	7k
Plasma	Protrudin:Cytoplasmic domain, region 1, isoform 6	13432-9	ENSG00000155256	Q5T4F4	combined	seq.13432.9	Somalogic	proteomics	SomaScan	7k
Plasma	Alpha-parvin	13434-172	ENSG00000197702	Q9NVD7	combined	seq.13434.172	Somalogic	proteomics	SomaScan	7k
Plasma	Interleukin-20 receptor subunit beta	13435-31	ENSG00000174564	Q6UXL0	combined	seq.13435.31	Somalogic	proteomics	SomaScan	7k
Plasma	Myc-associated zinc finger protein	13436-54	ENSG00000103495	P56270	combined	seq.13436.54	Somalogic	proteomics	SomaScan	7k
Plasma	Chordin	13438-115	ENSG00000090539	Q9H2X0	combined	seq.13438.115	Somalogic	proteomics	SomaScan	7k
Plasma	IQ domain-containing protein F3	13439-6	ENSG00000229972	P0C7M6	combined	seq.13439.6	Somalogic	proteomics	SomaScan	7k
Plasma	Dixin	13441-30	ENSG00000150764	Q155Q3	combined	seq.13441.30	Somalogic	proteomics	SomaScan	7k
Plasma	Shadow of prion protein	13447-42	ENSG00000203772	Q5BIV9	combined	seq.13447.42	Somalogic	proteomics	SomaScan	7k
Plasma	Splicing factor 3B subunit 4	13449-25	ENSG00000143368	Q15427	combined	seq.13449.25	Somalogic	proteomics	SomaScan	7k
Plasma	Ubiquitin carboxyl-terminal hydrolase 8	13450-49	ENSG00000138592	P40818	combined	seq.13450.49	Somalogic	proteomics	SomaScan	7k
Plasma	Fibronectin type III domain-containing protein 4	13451-2	ENSG00000115226	Q9H6D8	combined	seq.13451.2	Somalogic	proteomics	SomaScan	7k
Plasma	Small integral membrane protein 13	13452-113	ENSG00000224531	P0DJ93	combined	seq.13452.113	Somalogic	proteomics	SomaScan	7k
Plasma	39S ribosomal protein L33, mitochondrial	13453-2	ENSG00000243147	O75394	combined	seq.13453.2	Somalogic	proteomics	SomaScan	7k
Plasma	ETS-related transcription factor Elf-5	13457-33	ENSG00000135374	Q9UKW6	combined	seq.13457.33	Somalogic	proteomics	SomaScan	7k
Plasma	Torsin-4A	13459-30	ENSG00000198113	Q9NXH8	combined	seq.13459.30	Somalogic	proteomics	SomaScan	7k
Plasma	Chondroadherin	13460-4	ENSG00000136457	O15335	combined	seq.13460.4	Somalogic	proteomics	SomaScan	7k
Plasma	Peroxidasin homolog	13463-1	ENSG00000130508	Q92626	combined	seq.13463.1	Somalogic	proteomics	SomaScan	7k
Plasma	Nutritionally-regulated adipose and cardiac enriched protein homolog	13464-8	ENSG00000274126|ENSG00000184601	Q8N912	combined	seq.13464.8	Somalogic	proteomics	SomaScan	7k
Plasma	Calcipressin-1	13465-5	ENSG00000159200	P53805	combined	seq.13465.5	Somalogic	proteomics	SomaScan	7k
Plasma	Neuralized-like protein 4	13468-5	ENSG00000215041|ENSG00000288301	Q96JN8	combined	seq.13468.5	Somalogic	proteomics	SomaScan	7k
Plasma	Parathyroid hormone/parathyroid hormone-related peptide receptor	13470-43	ENSG00000160801	Q03431	combined	seq.13470.43	Somalogic	proteomics	SomaScan	7k
Plasma	Haloacid dehalogenase-like hydrolase domain-containing protein 2	13472-35	ENSG00000167220	Q9H0R4	combined	seq.13472.35	Somalogic	proteomics	SomaScan	7k
Plasma	Inositol-trisphosphate 3-kinase A	13473-55	ENSG00000137825	P23677	combined	seq.13473.55	Somalogic	proteomics	SomaScan	7k
Plasma	Glutathione S-transferase kappa 1	13474-40	ENSG00000197448	Q9Y2Q3	combined	seq.13474.40	Somalogic	proteomics	SomaScan	7k
Plasma	Ubiquitin-conjugating enzyme E2 D4	13475-10	ENSG00000078967	Q9Y2X8	combined	seq.13475.10	Somalogic	proteomics	SomaScan	7k
Plasma	DNA/RNA-binding protein KIN17	13476-16	ENSG00000151657	O60870	combined	seq.13476.16	Somalogic	proteomics	SomaScan	7k
Plasma	Leukotriene B4 receptor 1	13477-65	ENSG00000213903|ENSG00000285456	Q15722	combined	seq.13477.65	Somalogic	proteomics	SomaScan	7k
Plasma	Protein FAM171A2	13479-8	ENSG00000161682	A8MVW0	combined	seq.13479.8	Somalogic	proteomics	SomaScan	7k
Plasma	Transcription elongation factor A protein 2	13481-24	ENSG00000171703	Q15560	combined	seq.13481.24	Somalogic	proteomics	SomaScan	7k
Plasma	CCR4-NOT transcription complex subunit 1	13482-14	ENSG00000125107	A5YKK6	combined	seq.13482.14	Somalogic	proteomics	SomaScan	7k
Plasma	Collagen alpha-1(I) chain:N-term propeptide	13484-69	ENSG00000108821	P02452	combined	seq.13484.69	Somalogic	proteomics	SomaScan	7k
Plasma	Transmembrane protein 87B	13485-20	ENSG00000153214	Q96K49	combined	seq.13485.20	Somalogic	proteomics	SomaScan	7k
Plasma	Polycystin-2:Cytoplasmic domain 1	13486-9	ENSG00000118762	Q13563	combined	seq.13486.9	Somalogic	proteomics	SomaScan	7k
Plasma	Protein unc-93 homolog B1	13487-24	ENSG00000110057	Q9H1C4	combined	seq.13487.24	Somalogic	proteomics	SomaScan	7k
Plasma	Arfaptin-1	13488-3	ENSG00000164144	P53367	combined	seq.13488.3	Somalogic	proteomics	SomaScan	7k
Plasma	MAGUK p55 subfamily member 6	13490-1	ENSG00000105926	Q9NZW5	combined	seq.13490.1	Somalogic	proteomics	SomaScan	7k
Plasma	Retinal rod rhodopsin-sensitive cGMP 3',5'-cyclic phosphodiesterase subunit delta	13491-40	ENSG00000156973	O43924	combined	seq.13491.40	Somalogic	proteomics	SomaScan	7k
Plasma	Stress-70 protein, mitochondrial	13492-44	ENSG00000113013	P38646	combined	seq.13492.44	Somalogic	proteomics	SomaScan	7k
Plasma	Glutamate receptor ionotropic, delta-1	13493-5	ENSG00000182771	Q9ULK0	combined	seq.13493.5	Somalogic	proteomics	SomaScan	7k
Plasma	Ceramide synthase 5	13494-6	ENSG00000139624	Q8N5B7	combined	seq.13494.6	Somalogic	proteomics	SomaScan	7k
Plasma	Hydroxycarboxylic acid receptor 2	13495-48	ENSG00000182782	Q8TDS4	combined	seq.13495.48	Somalogic	proteomics	SomaScan	7k
Plasma	Hydroxymethylglutaryl-CoA synthase, cytoplasmic	13496-19	ENSG00000112972	Q01581	combined	seq.13496.19	Somalogic	proteomics	SomaScan	7k
Plasma	Eukaryotic translation initiation factor 3 subunit J	13497-34	ENSG00000104131	O75822	combined	seq.13497.34	Somalogic	proteomics	SomaScan	7k
Plasma	Inositol oxygenase	13498-1	ENSG00000100253	Q9UGB7	combined	seq.13498.1	Somalogic	proteomics	SomaScan	7k
Plasma	Coagulation Factor VIII	13499-30	ENSG00000185010	P00451	combined	seq.13499.30	Somalogic	proteomics	SomaScan	7k
Plasma	Solute carrier family 35 member G2	13501-10	ENSG00000168917	Q8TBE7	combined	seq.13501.10	Somalogic	proteomics	SomaScan	7k
Plasma	Sodium-independent sulfate anion transporter	13502-2	ENSG00000181045	Q86WA9	combined	seq.13502.2	Somalogic	proteomics	SomaScan	7k
Plasma	PRA1 family protein 3	13503-19	ENSG00000144746	O75915	combined	seq.13503.19	Somalogic	proteomics	SomaScan	7k
Plasma	Heterogeneous nuclear ribonucleoprotein R	13504-147	ENSG00000125944|ENSG00000282958	O43390	combined	seq.13504.147	Somalogic	proteomics	SomaScan	7k
Plasma	tRNA-dihydrouridine(20) synthase [NAD(P)+]-like	13506-10	ENSG00000167264	Q9NX74	combined	seq.13506.10	Somalogic	proteomics	SomaScan	7k
Plasma	Tumor necrosis factor receptor type 1-associated DEATH domain protein	13507-51	ENSG00000102871	Q15628	combined	seq.13507.51	Somalogic	proteomics	SomaScan	7k
Plasma	Secretory carrier-associated membrane protein 5	13509-5	ENSG00000198794	Q8TAC9	combined	seq.13509.5	Somalogic	proteomics	SomaScan	7k
Plasma	Sarcoplasmic/endoplasmic reticulum calcium ATPase 3	13510-7	ENSG00000074370	Q93084	combined	seq.13510.7	Somalogic	proteomics	SomaScan	7k
Plasma	DNA-binding protein SATB1	13511-29	ENSG00000182568	Q01826	combined	seq.13511.29	Somalogic	proteomics	SomaScan	7k
Plasma	Heterogeneous nuclear ribonucleoprotein R	13512-28	ENSG00000125944|ENSG00000282958	O43390	combined	seq.13512.28	Somalogic	proteomics	SomaScan	7k
Plasma	E3 SUMO-protein ligase PIAS3	13513-174	ENSG00000131788	Q9Y6X2	combined	seq.13513.174	Somalogic	proteomics	SomaScan	7k
Plasma	Ras-related protein Rab-35	13514-121	ENSG00000111737	Q15286	combined	seq.13514.121	Somalogic	proteomics	SomaScan	7k
Plasma	Regulation of nuclear pre-mRNA domain-containing protein 1A	13515-8	ENSG00000141425	Q96P16	combined	seq.13515.8	Somalogic	proteomics	SomaScan	7k
Plasma	ER membrane protein complex subunit 4	13516-46	ENSG00000128463	Q5J8M3	combined	seq.13516.46	Somalogic	proteomics	SomaScan	7k
Plasma	Patched domain-containing protein 3	13517-3	ENSG00000276595|ENSG00000182077	Q3KNS1	combined	seq.13517.3	Somalogic	proteomics	SomaScan	7k
Plasma	Arf-GAP with SH3 domain, ANK repeat and PH domain-containing protein 2	13518-5	ENSG00000151693	O43150	combined	seq.13518.5	Somalogic	proteomics	SomaScan	7k
Plasma	Rho guanine nucleotide exchange factor 25	13519-112	ENSG00000240771	Q86VW2	combined	seq.13519.112	Somalogic	proteomics	SomaScan	7k
Plasma	Visinin-like protein 1	13522-20	ENSG00000163032	P62760	combined	seq.13522.20	Somalogic	proteomics	SomaScan	7k
Plasma	Heparan-sulfate 6-O-sulfotransferase 2	13524-25	ENSG00000171004	Q96MM7	combined	seq.13524.25	Somalogic	proteomics	SomaScan	7k
Plasma	Potassium voltage-gated channel subfamily G member 4	13525-17	ENSG00000168418	Q8TDN1	combined	seq.13525.17	Somalogic	proteomics	SomaScan	7k
Plasma	Lupus La protein:RNA recognition motif	13526-5	ENSG00000138385	P05455	combined	seq.13526.5	Somalogic	proteomics	SomaScan	7k
Plasma	Nucleosome assembly protein 1-like 2	13529-39	ENSG00000186462	Q9ULW6	combined	seq.13529.39	Somalogic	proteomics	SomaScan	7k
Plasma	Urotensin-2 receptor	13530-5	ENSG00000181408	Q9UKP6	combined	seq.13530.5	Somalogic	proteomics	SomaScan	7k
Plasma	Nuclear envelope phosphatase-regulatory subunit 1	13532-25	ENSG00000205423	Q8N9A8	combined	seq.13532.25	Somalogic	proteomics	SomaScan	7k
Plasma	Myomesin-2	13534-20	ENSG00000274137|ENSG00000036448	P54296	combined	seq.13534.20	Somalogic	proteomics	SomaScan	7k
Plasma	Collagen type IV alpha-3-binding protein:PH domain	13535-2	ENSG00000113163	Q9Y5P4	combined	seq.13535.2	Somalogic	proteomics	SomaScan	7k
Plasma	DNA polymerase iota	13536-56	ENSG00000101751	Q9UNA4	combined	seq.13536.56	Somalogic	proteomics	SomaScan	7k
Plasma	Small conductance calcium-activated potassium channel protein 1	13539-131	ENSG00000105642	Q92952	combined	seq.13539.131	Somalogic	proteomics	SomaScan	7k
Plasma	G-protein coupled receptor 26	13540-1	ENSG00000154478	Q8NDV2	combined	seq.13540.1	Somalogic	proteomics	SomaScan	7k
Plasma	Myc target protein 1	13541-1	ENSG00000120279	Q8N699	combined	seq.13541.1	Somalogic	proteomics	SomaScan	7k
Plasma	Prostaglandin reductase 1	13543-7	ENSG00000106853	Q14914	combined	seq.13543.7	Somalogic	proteomics	SomaScan	7k
Plasma	Rho GTPase-activating protein 45	13544-9	ENSG00000180448	Q92619	combined	seq.13544.9	Somalogic	proteomics	SomaScan	7k
Plasma	Probable RNA-binding protein EIF1AD	13545-97	ENSG00000175376	Q8N9N8	combined	seq.13545.97	Somalogic	proteomics	SomaScan	7k
Plasma	5-hydroxytryptamine receptor 7	13547-5	ENSG00000148680	P34969	combined	seq.13547.5	Somalogic	proteomics	SomaScan	7k
Plasma	Phosphatidate phosphatase PPAPDC1A	13548-53	ENSG00000203805	Q5VZY2	combined	seq.13548.53	Somalogic	proteomics	SomaScan	7k
Plasma	Disintegrin and metalloproteinase domain-containing protein 29	13549-15	ENSG00000168594	Q9UKF5	combined	seq.13549.15	Somalogic	proteomics	SomaScan	7k
Plasma	Switch-associated protein 70	13552-7	ENSG00000133789	Q9UH65	combined	seq.13552.7	Somalogic	proteomics	SomaScan	7k
Plasma	DCN1-like protein 3	13553-4	ENSG00000188215	Q8IWE4	combined	seq.13553.4	Somalogic	proteomics	SomaScan	7k
Plasma	Replication initiator 1	13554-78	ENSG00000214022	Q9BWE0	combined	seq.13554.78	Somalogic	proteomics	SomaScan	7k
Plasma	5-hydroxytryptamine receptor 2A	13556-28	ENSG00000102468	P28223	combined	seq.13556.28	Somalogic	proteomics	SomaScan	7k
Plasma	Nectin-3	13557-3	ENSG00000177707	Q9NQS3	combined	seq.13557.3	Somalogic	proteomics	SomaScan	7k
Plasma	5-hydroxytryptamine receptor 6	13561-5	ENSG00000158748	P50406	combined	seq.13561.5	Somalogic	proteomics	SomaScan	7k
Plasma	Acyl-CoA-binding domain-containing protein 7	13563-259	ENSG00000176244	Q8N6N7	combined	seq.13563.259	Somalogic	proteomics	SomaScan	7k
Plasma	Retinoblastoma-like protein 2	13565-2	ENSG00000103479	Q08999	combined	seq.13565.2	Somalogic	proteomics	SomaScan	7k
Plasma	RNA polymerase II subunit A C-terminal domain phosphatase SSU72	13566-2	ENSG00000160075	Q9NP77	combined	seq.13566.2	Somalogic	proteomics	SomaScan	7k
Plasma	Dihydropyrimidinase-related protein 2	13567-1	ENSG00000092964	Q16555	combined	seq.13567.1	Somalogic	proteomics	SomaScan	7k
Plasma	26S proteasome non-ATPase regulatory subunit 4	13568-30	ENSG00000159352	P55036	combined	seq.13568.30	Somalogic	proteomics	SomaScan	7k
Plasma	Vigilin	13570-43	ENSG00000115677	Q00341	combined	seq.13570.43	Somalogic	proteomics	SomaScan	7k
Plasma	26S proteasome non-ATPase regulatory subunit 11	13572-43	ENSG00000108671	O00231	combined	seq.13572.43	Somalogic	proteomics	SomaScan	7k
Plasma	Actin-related protein 2/3 complex subunit 3	13573-5	ENSG00000111229	O15145	combined	seq.13573.5	Somalogic	proteomics	SomaScan	7k
Plasma	Rho-related GTP-binding protein Rho6	13574-50	ENSG00000172602	Q92730	combined	seq.13574.50	Somalogic	proteomics	SomaScan	7k
Plasma	Segment polarity protein dishevelled homolog DVL-2	13575-40	ENSG00000004975	O14641	combined	seq.13575.40	Somalogic	proteomics	SomaScan	7k
Plasma	Glutathione S-transferase P	13576-15	ENSG00000084207	P09211	combined	seq.13576.15	Somalogic	proteomics	SomaScan	7k
Plasma	Splicing factor U2AF 65 kDa subunit	13577-25	ENSG00000063244	P26368	combined	seq.13577.25	Somalogic	proteomics	SomaScan	7k
Plasma	Actin-binding LIM protein 3	13578-98	ENSG00000173210	O94929	combined	seq.13578.98	Somalogic	proteomics	SomaScan	7k
Plasma	UDP-N-acetylhexosamine pyrophosphorylase	13580-2	ENSG00000117143	Q16222	combined	seq.13580.2	Somalogic	proteomics	SomaScan	7k
Plasma	Apoptotic protease-activating factor 1	13583-19	ENSG00000120868	O14727	combined	seq.13583.19	Somalogic	proteomics	SomaScan	7k
Plasma	Rac GTPase-activating protein 1	13587-10	ENSG00000161800	Q9H0H5	combined	seq.13587.10	Somalogic	proteomics	SomaScan	7k
Plasma	Annexin A9	13588-11	ENSG00000143412	O76027	combined	seq.13588.11	Somalogic	proteomics	SomaScan	7k
Plasma	Amyloid beta A4 precursor protein-binding family B member 3:Phosphotyrosine Interaction Domain 2, Isoform IV	13589-10	ENSG00000113108	O95704	combined	seq.13589.10	Somalogic	proteomics	SomaScan	7k
Plasma	Oligoribonuclease, mitochondrial	13590-1	ENSG00000076043	Q9Y3B8	combined	seq.13590.1	Somalogic	proteomics	SomaScan	7k
Plasma	DNA primase small subunit	13591-31	ENSG00000198056	P49642	combined	seq.13591.31	Somalogic	proteomics	SomaScan	7k
Plasma	ADP-ribosylation factor-binding protein GGA1	13594-158	ENSG00000100083	Q9UJY5	combined	seq.13594.158	Somalogic	proteomics	SomaScan	7k
Plasma	Thiamine-triphosphatase	13595-20	ENSG00000259431	Q9BU02	combined	seq.13595.20	Somalogic	proteomics	SomaScan	7k
Plasma	Ras-related protein Rab-27B	13596-3	ENSG00000041353	O00194	combined	seq.13596.3	Somalogic	proteomics	SomaScan	7k
Plasma	Ras-related protein Rab-31	13597-20	ENSG00000168461	Q13636	combined	seq.13597.20	Somalogic	proteomics	SomaScan	7k
Plasma	Rab9 effector protein with kelch motifs	13599-15	ENSG00000136933	Q7Z6M1	combined	seq.13599.15	Somalogic	proteomics	SomaScan	7k
Plasma	NHP2-like protein 1	13602-6	ENSG00000100138	P55769	combined	seq.13602.6	Somalogic	proteomics	SomaScan	7k
Plasma	Rieske domain-containing protein	13603-7	ENSG00000175449	Q8TAC1	combined	seq.13603.7	Somalogic	proteomics	SomaScan	7k
Plasma	E3 ubiquitin-protein ligase NEURL1	13604-27	ENSG00000107954	O76050	combined	seq.13604.27	Somalogic	proteomics	SomaScan	7k
Plasma	Annexin A10	13605-16	ENSG00000109511	Q9UJ72	combined	seq.13605.16	Somalogic	proteomics	SomaScan	7k
Plasma	General transcription factor II-I	13609-11	ENSG00000263001	P78347	combined	seq.13609.11	Somalogic	proteomics	SomaScan	7k
Plasma	Melanoma-associated antigen 10	13610-9	ENSG00000124260	P43363	combined	seq.13610.9	Somalogic	proteomics	SomaScan	7k
Plasma	Cytohesin-interacting protein	13612-7	ENSG00000115165	O60759	combined	seq.13612.7	Somalogic	proteomics	SomaScan	7k
Plasma	Adenylate kinase isoenzyme 5	13613-23	ENSG00000154027	Q9Y6K8	combined	seq.13613.23	Somalogic	proteomics	SomaScan	7k
Plasma	CREB-binding protein	13614-6	ENSG00000005339	Q92793	combined	seq.13614.6	Somalogic	proteomics	SomaScan	7k
Plasma	Cytoplasmic protein NCK2	13615-60	ENSG00000071051	O43639	combined	seq.13615.60	Somalogic	proteomics	SomaScan	7k
Plasma	Mitotic spindle assembly checkpoint protein MAD1	13618-15	ENSG00000002822	Q9Y6D9	combined	seq.13618.15	Somalogic	proteomics	SomaScan	7k
Plasma	ATPase ASNA1	13620-10	ENSG00000198356	O43681	combined	seq.13620.10	Somalogic	proteomics	SomaScan	7k
Plasma	AP-2 complex subunit alpha-2	13621-31	ENSG00000183020	O94973	combined	seq.13621.31	Somalogic	proteomics	SomaScan	7k
Plasma	Serine/threonine-protein phosphatase 2A 56 kDa regulatory subunit alpha isoform	13622-16	ENSG00000066027	Q15172	combined	seq.13622.16	Somalogic	proteomics	SomaScan	7k
Plasma	Histone-lysine N-methyltransferase 2D	13623-4	ENSG00000167548	O14686	combined	seq.13623.4	Somalogic	proteomics	SomaScan	7k
Plasma	NAD kinase	13624-17	ENSG00000008130	O95544	combined	seq.13624.17	Somalogic	proteomics	SomaScan	7k
Plasma	Lupus La protein:HTH La-type RNA-binding domain	13625-19	ENSG00000138385	P05455	combined	seq.13625.19	Somalogic	proteomics	SomaScan	7k
Plasma	Growth factor receptor-bound protein 14	13628-58	ENSG00000115290	Q14449	combined	seq.13628.58	Somalogic	proteomics	SomaScan	7k
Plasma	Cysteine protease ATG4B	13629-25	ENSG00000168397	Q9Y4P1	combined	seq.13629.25	Somalogic	proteomics	SomaScan	7k
Plasma	Retinoblastoma-binding protein 5	13631-1	ENSG00000117222	Q15291	combined	seq.13631.1	Somalogic	proteomics	SomaScan	7k
Plasma	Zyxin	13632-10	ENSG00000159840|ENSG00000285443	Q15942	combined	seq.13632.10	Somalogic	proteomics	SomaScan	7k
Plasma	Pirin	13634-209	ENSG00000087842	O00625	combined	seq.13634.209	Somalogic	proteomics	SomaScan	7k
Plasma	Nucleosome assembly protein 1-like 1	13636-20	ENSG00000187109	P55209	combined	seq.13636.20	Somalogic	proteomics	SomaScan	7k
Plasma	General vesicular transport factor p115	13639-101	ENSG00000138768	O60763	combined	seq.13639.101	Somalogic	proteomics	SomaScan	7k
Plasma	B-cell lymphoma 6 protein	13640-5	ENSG00000113916	P41182	combined	seq.13640.5	Somalogic	proteomics	SomaScan	7k
Plasma	Interferon-induced protein with tetratricopeptide repeats 3	13642-90	ENSG00000119917	O14879	combined	seq.13642.90	Somalogic	proteomics	SomaScan	7k
Plasma	Hepatocyte growth factor-regulated tyrosine kinase substrate	13644-30	ENSG00000185359	O14964	combined	seq.13644.30	Somalogic	proteomics	SomaScan	7k
Plasma	Pre-mRNA-splicing factor ATP-dependent RNA helicase PRP16	13645-14	ENSG00000140829	Q92620	combined	seq.13645.14	Somalogic	proteomics	SomaScan	7k
Plasma	Kv channel-interacting protein 1	13650-11	ENSG00000182132	Q9NZI2	combined	seq.13650.11	Somalogic	proteomics	SomaScan	7k
Plasma	E3 ubiquitin-protein ligase ZFP91	13651-54	ENSG00000186660	Q96JP5	combined	seq.13651.54	Somalogic	proteomics	SomaScan	7k
Plasma	TOM1-like protein 1	13652-2	ENSG00000141198	O75674	combined	seq.13652.2	Somalogic	proteomics	SomaScan	7k
Plasma	O-acetyl-ADP-ribose deacetylase MACROD1	13653-335	ENSG00000133315	Q9BQ69	combined	seq.13653.335	Somalogic	proteomics	SomaScan	7k
Plasma	Rho-associated protein kinase 2	13654-1	ENSG00000134318	O75116	combined	seq.13654.1	Somalogic	proteomics	SomaScan	7k
Plasma	Nucleolin	13655-34	ENSG00000115053	P19338	combined	seq.13655.34	Somalogic	proteomics	SomaScan	7k
Plasma	Bifunctional polynucleotide phosphatase/kinase	13657-2	ENSG00000039650	Q96T60	combined	seq.13657.2	Somalogic	proteomics	SomaScan	7k
Plasma	Platelet-derived growth factor C	13658-31	ENSG00000145431	Q9NRA1	combined	seq.13658.31	Somalogic	proteomics	SomaScan	7k
Plasma	Manganese-transporting ATPase 13A1	13659-36	ENSG00000105726	Q9HD20	combined	seq.13659.36	Somalogic	proteomics	SomaScan	7k
Plasma	Angiopoietin-2	13660-76	ENSG00000091879	O15123	combined	seq.13660.76	Somalogic	proteomics	SomaScan	7k
Plasma	Cystatin-D	13661-193	ENSG00000170367	P28325	combined	seq.13661.193	Somalogic	proteomics	SomaScan	7k
Plasma	Interleukin-4	13663-2	ENSG00000113520	P05112	combined	seq.13663.2	Somalogic	proteomics	SomaScan	7k
Plasma	Serine/threonine-protein phosphatase 2A regulatory subunit B'' subunit alpha	13665-35	ENSG00000073711	Q06190	combined	seq.13665.35	Somalogic	proteomics	SomaScan	7k
Plasma	Carbonic anhydrase-related protein 10	13666-222	ENSG00000154975	Q9NS85	combined	seq.13666.222	Somalogic	proteomics	SomaScan	7k
Plasma	Tyrosine-protein kinase receptor TYRO3	13668-44	ENSG00000092445	Q06418	combined	seq.13668.44	Somalogic	proteomics	SomaScan	7k
Plasma	Fibroblast growth factor receptor 3:Extracellular domain	13669-6	ENSG00000068078	P22607	combined	seq.13669.6	Somalogic	proteomics	SomaScan	7k
Plasma	Group IIE secretory phospholipase A2	13670-81	ENSG00000188784	Q9NZK7	combined	seq.13670.81	Somalogic	proteomics	SomaScan	7k
Plasma	Neutrophil elastase	13671-40	ENSG00000277571|ENSG00000197561	P08246	combined	seq.13671.40	Somalogic	proteomics	SomaScan	7k
Plasma	Heat shock 70 kDa protein 6	13672-3	ENSG00000173110	P17066	combined	seq.13672.3	Somalogic	proteomics	SomaScan	7k
Plasma	T-complex protein 1 subunit eta	13673-21	ENSG00000135624	Q99832	combined	seq.13673.21	Somalogic	proteomics	SomaScan	7k
Plasma	Inhibin beta B chain	13676-46	ENSG00000163083	P09529	combined	seq.13676.46	Somalogic	proteomics	SomaScan	7k
Plasma	Complement factor D	13678-169	ENSG00000274619|ENSG00000197766	P00746	combined	seq.13678.169	Somalogic	proteomics	SomaScan	7k
Plasma	NGFI-A-binding protein 2	13680-3	ENSG00000166886	Q15742	combined	seq.13680.3	Somalogic	proteomics	SomaScan	7k
Plasma	Casein kinase II subunit alpha'	13681-173	ENSG00000070770	P19784	combined	seq.13681.173	Somalogic	proteomics	SomaScan	7k
Plasma	Macrophage colony-stimulating factor 1 receptor	13682-47	ENSG00000182578	P07333	combined	seq.13682.47	Somalogic	proteomics	SomaScan	7k
Plasma	Chloride channel protein ClC-Kb	13683-18	ENSG00000184908	P51801	combined	seq.13683.18	Somalogic	proteomics	SomaScan	7k
Plasma	Interleukin-5 receptor subunit alpha	13686-2	ENSG00000091181	Q01344	combined	seq.13686.2	Somalogic	proteomics	SomaScan	7k
Plasma	C-C motif chemokine 1	13687-5	ENSG00000108702	P22362	combined	seq.13687.5	Somalogic	proteomics	SomaScan	7k
Plasma	Calcyphosin-like protein	13688-2	ENSG00000152611	Q8WWF8	combined	seq.13688.2	Somalogic	proteomics	SomaScan	7k
Plasma	Ornithine decarboxylase	13689-2	ENSG00000115758	P11926	combined	seq.13689.2	Somalogic	proteomics	SomaScan	7k
Plasma	Biglycan	13690-26	ENSG00000182492	P21810	combined	seq.13690.26	Somalogic	proteomics	SomaScan	7k
Plasma	Sodium-coupled monocarboxylate transporter 1	13691-10	ENSG00000256870|ENSG00000262217	Q8N695	combined	seq.13691.10	Somalogic	proteomics	SomaScan	7k
Plasma	WNT1-inducible-signaling pathway protein 1	13692-154	ENSG00000104415	O95388	combined	seq.13692.154	Somalogic	proteomics	SomaScan	7k
Plasma	Cerebral dopamine neurotrophic factor	13693-5	ENSG00000185267	Q49AH0	combined	seq.13693.5	Somalogic	proteomics	SomaScan	7k
Plasma	Cytokine receptor-like factor 2	13694-24	ENSG00000205755	Q9HC73	combined	seq.13694.24	Somalogic	proteomics	SomaScan	7k
Plasma	Glycerol-3-phosphate dehydrogenase [NAD(+)], cytoplasmic	13697-51	ENSG00000167588	P21695	combined	seq.13697.51	Somalogic	proteomics	SomaScan	7k
Plasma	Dyslexia-associated protein KIAA0319-like protein	13698-28	ENSG00000142687	Q8IZA0	combined	seq.13698.28	Somalogic	proteomics	SomaScan	7k
Plasma	Prostate-specific antigen	13699-6	ENSG00000142515	P07288	combined	seq.13699.6	Somalogic	proteomics	SomaScan	7k
Plasma	Annexin A2	13700-10	ENSG00000182718	P07355	combined	seq.13700.10	Somalogic	proteomics	SomaScan	7k
Plasma	C-X-C motif chemokine 13	13701-2	ENSG00000156234	O43927	combined	seq.13701.2	Somalogic	proteomics	SomaScan	7k
Plasma	Hydroxymethylglutaryl-CoA synthase, mitochondrial	13704-5	ENSG00000134240	P54868	combined	seq.13704.5	Somalogic	proteomics	SomaScan	7k
Plasma	Interleukin-12 receptor subunit beta-1	13706-12	ENSG00000096996	P42701	combined	seq.13706.12	Somalogic	proteomics	SomaScan	7k
Plasma	SPARC-like protein 1	13707-27	ENSG00000152583	Q14515	combined	seq.13707.27	Somalogic	proteomics	SomaScan	7k
Plasma	Kallikrein-8	13708-56	ENSG00000129455	O60259	combined	seq.13708.56	Somalogic	proteomics	SomaScan	7k
Plasma	Plasma protease C1 inhibitor	13710-6	ENSG00000149131	P05155	combined	seq.13710.6	Somalogic	proteomics	SomaScan	7k
Plasma	Clathrin heavy chain 1	13711-10	ENSG00000141367	Q00610	combined	seq.13711.10	Somalogic	proteomics	SomaScan	7k
Plasma	Granzyme A	13712-104	ENSG00000145649	P12544	combined	seq.13712.104	Somalogic	proteomics	SomaScan	7k
Plasma	Vesicle-trafficking protein SEC22a	13713-164	ENSG00000121542	Q96IW7	combined	seq.13713.164	Somalogic	proteomics	SomaScan	7k
Plasma	Ficolin-2	13717-15	ENSG00000160339	Q15485	combined	seq.13717.15	Somalogic	proteomics	SomaScan	7k
Plasma	Serine/threonine-protein kinase PAK 4	13719-19	ENSG00000130669	O96013	combined	seq.13719.19	Somalogic	proteomics	SomaScan	7k
Plasma	Myeloblastin	13720-95	ENSG00000277804|ENSG00000196415	P24158	combined	seq.13720.95	Somalogic	proteomics	SomaScan	7k
Plasma	Complement component C9	13722-105	ENSG00000113600	P02748	combined	seq.13722.105	Somalogic	proteomics	SomaScan	7k
Plasma	Interleukin-10	13723-6	ENSG00000136634	P22301	combined	seq.13723.6	Somalogic	proteomics	SomaScan	7k
Plasma	Fibroblast growth factor 19	13724-27	ENSG00000162344	O95750	combined	seq.13724.27	Somalogic	proteomics	SomaScan	7k
Plasma	Fibroblast growth factor 16	13725-3	ENSG00000196468	O43320	combined	seq.13725.3	Somalogic	proteomics	SomaScan	7k
Plasma	T-lymphocyte activation antigen CD80	13726-4	ENSG00000121594	P33681	combined	seq.13726.4	Somalogic	proteomics	SomaScan	7k
Plasma	Speckle-type POZ protein	13727-44	ENSG00000121067	O43791	combined	seq.13727.44	Somalogic	proteomics	SomaScan	7k
Plasma	Endoplasmic reticulum resident protein 29	13728-19	ENSG00000089248	P30040	combined	seq.13728.19	Somalogic	proteomics	SomaScan	7k
Plasma	Sideroflexin-5	13729-26	ENSG00000144040	Q8TD22	combined	seq.13729.26	Somalogic	proteomics	SomaScan	7k
Plasma	Dipeptidyl peptidase 1	13730-18	ENSG00000109861	P53634	combined	seq.13730.18	Somalogic	proteomics	SomaScan	7k
Plasma	Complement component C7	13731-14	ENSG00000112936	P10643	combined	seq.13731.14	Somalogic	proteomics	SomaScan	7k
Plasma	Cardiotrophin-1	13732-79	ENSG00000150281	Q16619	combined	seq.13732.79	Somalogic	proteomics	SomaScan	7k
Plasma	Interleukin-12 subunit beta	13733-5	ENSG00000113302	P29460	combined	seq.13733.5	Somalogic	proteomics	SomaScan	7k
Plasma	Interferon lambda-1	13734-22	ENSG00000182393	Q8IU54	combined	seq.13734.22	Somalogic	proteomics	SomaScan	7k
Plasma	Rap1 GTPase-activating protein 1	13735-1	ENSG00000076864	P47736	combined	seq.13735.1	Somalogic	proteomics	SomaScan	7k
Plasma	Inhibin beta A chain	13738-8	ENSG00000122641	P08476	combined	seq.13738.8	Somalogic	proteomics	SomaScan	7k
Plasma	Leucine-rich repeat transmembrane protein FLRT1	13739-3		Q9NZU1	combined	seq.13739.3	Somalogic	proteomics	SomaScan	7k
Plasma	Secreted frizzled-related protein 3	13740-51	ENSG00000162998	Q92765	combined	seq.13740.51	Somalogic	proteomics	SomaScan	7k
Plasma	Insulin-like growth factor-binding protein 1	13741-36	ENSG00000146678	P08833	combined	seq.13741.36	Somalogic	proteomics	SomaScan	7k
Plasma	Interleukin-22	13742-66	ENSG00000127318	Q9GZX6	combined	seq.13742.66	Somalogic	proteomics	SomaScan	7k
Plasma	Cullin-4B	13743-56	ENSG00000158290	Q13620	combined	seq.13743.56	Somalogic	proteomics	SomaScan	7k
Plasma	Interleukin-3 receptor subunit alpha	13744-37	ENSG00000185291	P26951	combined	seq.13744.37	Somalogic	proteomics	SomaScan	7k
Plasma	Polycystin-2:Cytoplasmic domain 4	13745-10	ENSG00000118762	Q13563	combined	seq.13745.10	Somalogic	proteomics	SomaScan	7k
Plasma	Carbonic anhydrase 6	13747-9	ENSG00000131686	P23280	combined	seq.13747.9	Somalogic	proteomics	SomaScan	7k
Plasma	C-C motif chemokine 8	13748-4	ENSG00000108700	P80075	combined	seq.13748.4	Somalogic	proteomics	SomaScan	7k
Plasma	Myocardial zonula adherens protein	13924-13	ENSG00000263155	P0CAP1	combined	seq.13924.13	Somalogic	proteomics	SomaScan	7k
Plasma	RecQ-mediated genome instability protein 1	13926-1	ENSG00000178966	Q9H9A7	combined	seq.13926.1	Somalogic	proteomics	SomaScan	7k
Plasma	Peroxisomal carnitine O-octanoyltransferase	13929-27	ENSG00000005469	Q9UKG9	combined	seq.13929.27	Somalogic	proteomics	SomaScan	7k
Plasma	DNA dC->dU-editing enzyme APOBEC-3G	13930-3	ENSG00000239713	Q9HC16	combined	seq.13930.3	Somalogic	proteomics	SomaScan	7k
Plasma	26S proteasome non-ATPase regulatory subunit 9	13931-22	ENSG00000110801	O00233	combined	seq.13931.22	Somalogic	proteomics	SomaScan	7k
Plasma	Rho guanine nucleotide exchange factor 7	13932-45	ENSG00000102606	Q14155	combined	seq.13932.45	Somalogic	proteomics	SomaScan	7k
Plasma	NGFI-A-binding protein 1	13933-276	ENSG00000138386	Q13506	combined	seq.13933.276	Somalogic	proteomics	SomaScan	7k
Plasma	Guanine nucleotide exchange factor DBS	13934-3	ENSG00000126217	O15068	combined	seq.13934.3	Somalogic	proteomics	SomaScan	7k
Plasma	Phosphoglycerate kinase 2	13936-24	ENSG00000170950	P07205	combined	seq.13936.24	Somalogic	proteomics	SomaScan	7k
Plasma	Cullin-associated NEDD8-dissociated protein 1	13937-75	ENSG00000111530	Q86VP6	combined	seq.13937.75	Somalogic	proteomics	SomaScan	7k
Plasma	UTP--glucose-1-phosphate uridylyltransferase	13939-14	ENSG00000169764	Q16851	combined	seq.13939.14	Somalogic	proteomics	SomaScan	7k
Plasma	Gamma-interferon-inducible protein 16:Isoform 2, Hematopoietic expression, interferon-inducible nature, and nuclear localization 1	13940-19	ENSG00000163565	Q16666	combined	seq.13940.19	Somalogic	proteomics	SomaScan	7k
Plasma	Phenylalanine--tRNA ligase, mitochondrial	13941-82	ENSG00000145982	O95363	combined	seq.13941.82	Somalogic	proteomics	SomaScan	7k
Plasma	SPRY domain-containing SOCS box protein 1	13942-140	ENSG00000171621	Q96BD6	combined	seq.13942.140	Somalogic	proteomics	SomaScan	7k
Plasma	Protein dpy-30 homolog	13943-38	ENSG00000162961	Q9C005	combined	seq.13943.38	Somalogic	proteomics	SomaScan	7k
Plasma	Sulfotransferase 1A3	13944-3	ENSG00000261052	P0DMM9	combined	seq.13944.3	Somalogic	proteomics	SomaScan	7k
Plasma	Probable ATP-dependent RNA helicase DDX23	13946-8	ENSG00000174243	Q9BUQ8	combined	seq.13946.8	Somalogic	proteomics	SomaScan	7k
Plasma	Peroxisomal NADH pyrophosphatase NUDT12	13947-371	ENSG00000112874	Q9BQG2	combined	seq.13947.371	Somalogic	proteomics	SomaScan	7k
Plasma	Gamma-aminobutyric acid type B receptor subunit 2:Extracellular domain	13948-50	ENSG00000136928	O75899	combined	seq.13948.50	Somalogic	proteomics	SomaScan	7k
Plasma	Collagen type IV alpha-3-binding protein:StAR-related lipid-transfer domain, isoform 2	13950-9	ENSG00000113163	Q9Y5P4	combined	seq.13950.9	Somalogic	proteomics	SomaScan	7k
Plasma	Glucosamine 6-phosphate N-acetyltransferase	13954-9	ENSG00000100522	Q96EK6	combined	seq.13954.9	Somalogic	proteomics	SomaScan	7k
Plasma	Death-associated protein kinase 1	13955-33	ENSG00000196730	P53355	combined	seq.13955.33	Somalogic	proteomics	SomaScan	7k
Plasma	Probable RNA-binding protein 46	13958-5	ENSG00000151962	Q8TBY0	combined	seq.13958.5	Somalogic	proteomics	SomaScan	7k
Plasma	Cytosol aminopeptidase	13959-7	ENSG00000002549	P28838	combined	seq.13959.7	Somalogic	proteomics	SomaScan	7k
Plasma	Arf-GAP with GTPase, ANK repeat and PH domain-containing protein 3	13960-15	ENSG00000133612	Q96P47	combined	seq.13960.15	Somalogic	proteomics	SomaScan	7k
Plasma	Kinesin-like protein KIF3A	13961-18	ENSG00000131437	Q9Y496	combined	seq.13961.18	Somalogic	proteomics	SomaScan	7k
Plasma	Toll-interacting protein	13963-7	ENSG00000078902	Q9H0E2	combined	seq.13963.7	Somalogic	proteomics	SomaScan	7k
Plasma	Myomesin-3	13966-30	ENSG00000142661	Q5VTT5	combined	seq.13966.30	Somalogic	proteomics	SomaScan	7k
Plasma	Thioredoxin reductase 1, cytoplasmic	13967-14	ENSG00000198431	Q16881	combined	seq.13967.14	Somalogic	proteomics	SomaScan	7k
Plasma	Importin subunit alpha-7	13969-24	ENSG00000025800	O60684	combined	seq.13969.24	Somalogic	proteomics	SomaScan	7k
Plasma	17-beta-hydroxysteroid dehydrogenase 14	13972-4	ENSG00000087076	Q9BPX1	combined	seq.13972.4	Somalogic	proteomics	SomaScan	7k
Plasma	Tubulin--tyrosine ligase	13973-62	ENSG00000114999	Q8NG68	combined	seq.13973.62	Somalogic	proteomics	SomaScan	7k
Plasma	Liprin-alpha-1	13975-56	ENSG00000131626	Q13136	combined	seq.13975.56	Somalogic	proteomics	SomaScan	7k
Plasma	Rho guanine nucleotide exchange factor 1	13976-9	ENSG00000076928	Q92888	combined	seq.13976.9	Somalogic	proteomics	SomaScan	7k
Plasma	BRCA1-associated RING domain protein 1	13977-28	ENSG00000138376	Q99728	combined	seq.13977.28	Somalogic	proteomics	SomaScan	7k
Plasma	T-box transcription factor TBX3	13978-122	ENSG00000135111	O15119	combined	seq.13978.122	Somalogic	proteomics	SomaScan	7k
Plasma	Anion exchange transporter	13979-3	ENSG00000147606	Q8TE54	combined	seq.13979.3	Somalogic	proteomics	SomaScan	7k
Plasma	Regulator of G-protein signaling 18	13982-33	ENSG00000150681	Q9NS28	combined	seq.13982.33	Somalogic	proteomics	SomaScan	7k
Plasma	Quinone oxidoreductase	13983-27	ENSG00000116791	Q08257	combined	seq.13983.27	Somalogic	proteomics	SomaScan	7k
Plasma	ATP-dependent RNA helicase DDX25	13984-23	ENSG00000109832	Q9UHL0	combined	seq.13984.23	Somalogic	proteomics	SomaScan	7k
Plasma	E3 ubiquitin-protein ligase SMURF2	13985-12	ENSG00000108854	Q9HAU4	combined	seq.13985.12	Somalogic	proteomics	SomaScan	7k
Plasma	LanC-like protein 1	13986-6	ENSG00000115365	O43813	combined	seq.13986.6	Somalogic	proteomics	SomaScan	7k
Plasma	NmrA-like family domain-containing protein 1	13988-67	ENSG00000274684|ENSG00000153406	Q9HBL8	combined	seq.13988.67	Somalogic	proteomics	SomaScan	7k
Plasma	Pyruvate carboxylase, mitochondrial	13990-1	ENSG00000173599	P11498	combined	seq.13990.1	Somalogic	proteomics	SomaScan	7k
Plasma	Eukaryotic translation initiation factor 4 gamma 3	13991-47	ENSG00000075151	O43432	combined	seq.13991.47	Somalogic	proteomics	SomaScan	7k
Plasma	Vesicle-fusing ATPase	13992-12	ENSG00000278174|ENSG00000073969|ENSG00000276262	P46459	combined	seq.13992.12	Somalogic	proteomics	SomaScan	7k
Plasma	Band 4.1-like protein 1	13993-20	ENSG00000088367	Q9H4G0	combined	seq.13993.20	Somalogic	proteomics	SomaScan	7k
Plasma	rRNA 2'-O-methyltransferase fibrillarin	13994-1	ENSG00000280548|ENSG00000105202	P22087	combined	seq.13994.1	Somalogic	proteomics	SomaScan	7k
Plasma	Phosphopantothenoylcysteine decarboxylase	13996-16	ENSG00000138621	Q96CD2	combined	seq.13996.16	Somalogic	proteomics	SomaScan	7k
Plasma	Adenylosuccinate synthetase isozyme 1	13998-26	ENSG00000185100	Q8N142	combined	seq.13998.26	Somalogic	proteomics	SomaScan	7k
Plasma	Dedicator of cytokinesis protein 9	14002-18	ENSG00000088387	Q9BZ29	combined	seq.14002.18	Somalogic	proteomics	SomaScan	7k
Plasma	Chromodomain-helicase-DNA-binding protein 7	14005-2	ENSG00000171316	Q9P2D1	combined	seq.14005.2	Somalogic	proteomics	SomaScan	7k
Plasma	Glycine N-methyltransferase	14006-36	ENSG00000124713	Q14749	combined	seq.14006.36	Somalogic	proteomics	SomaScan	7k
Plasma	Bifunctional 3'-phosphoadenosine 5'-phosphosulfate synthase 1	14007-22	ENSG00000138801	O43252	combined	seq.14007.22	Somalogic	proteomics	SomaScan	7k
Plasma	mRNA-decapping enzyme 1A	14008-22	ENSG00000272886	Q9NPI6	combined	seq.14008.22	Somalogic	proteomics	SomaScan	7k
Plasma	Tumor necrosis factor alpha-induced protein 3	14009-65	ENSG00000118503	P21580	combined	seq.14009.65	Somalogic	proteomics	SomaScan	7k
Plasma	Protein S100-A11	14011-17	ENSG00000163191	P31949	combined	seq.14011.17	Somalogic	proteomics	SomaScan	7k
Plasma	Probable ATP-dependent RNA helicase DHX58	14012-17	ENSG00000108771	Q96C10	combined	seq.14012.17	Somalogic	proteomics	SomaScan	7k
Plasma	TRAF family member-associated NF-kappa-B activator	14013-11	ENSG00000136560	Q92844	combined	seq.14013.11	Somalogic	proteomics	SomaScan	7k
Plasma	Envoplakin	14019-73	ENSG00000167880	Q92817	combined	seq.14019.73	Somalogic	proteomics	SomaScan	7k
Plasma	Mediator of RNA polymerase II transcription subunit 4	14021-81	ENSG00000136146	Q9NPJ6	combined	seq.14021.81	Somalogic	proteomics	SomaScan	7k
Plasma	Interleukin-17B	14022-17	ENSG00000127743	Q9UHF5	combined	seq.14022.17	Somalogic	proteomics	SomaScan	7k
Plasma	Bone sialoprotein 2	14023-84	ENSG00000029559	P21815	combined	seq.14023.84	Somalogic	proteomics	SomaScan	7k
Plasma	Ectodysplasin-A, secreted form	14024-196	ENSG00000158813	Q92838	combined	seq.14024.196	Somalogic	proteomics	SomaScan	7k
Plasma	Tumor necrosis factor receptor superfamily member 9	14025-18	ENSG00000049249	Q07011	combined	seq.14025.18	Somalogic	proteomics	SomaScan	7k
Plasma	Interleukin-17F	14026-24	ENSG00000112116	Q96PD4	combined	seq.14026.24	Somalogic	proteomics	SomaScan	7k
Plasma	Phosphatidylinositol 4-phosphate 3-kinase C2 domain-containing subunit alpha	14028-22	ENSG00000011405	O00443	combined	seq.14028.22	Somalogic	proteomics	SomaScan	7k
Plasma	COP9 signalosome complex subunit 2	14029-42	ENSG00000166200	P61201	combined	seq.14029.42	Somalogic	proteomics	SomaScan	7k
Plasma	Tumor necrosis factor ligand superfamily member 4	14030-21	ENSG00000117586	P23510	combined	seq.14030.21	Somalogic	proteomics	SomaScan	7k
Plasma	Fibroblast growth factor 7	14031-18	ENSG00000140285	P21781	combined	seq.14031.18	Somalogic	proteomics	SomaScan	7k
Plasma	Vascular endothelial growth factor A, isoform 121	14032-2	ENSG00000112715	P15692	combined	seq.14032.2	Somalogic	proteomics	SomaScan	7k
Plasma	Tumor-associated calcium signal transducer 2	14034-22	ENSG00000184292	P09758	combined	seq.14034.22	Somalogic	proteomics	SomaScan	7k
Plasma	T-lymphoma invasion and metastasis-inducing protein 1	14035-13	ENSG00000156299	Q13009	combined	seq.14035.13	Somalogic	proteomics	SomaScan	7k
Plasma	Multiple PDZ domain protein	14036-116	ENSG00000107186	O75970	combined	seq.14036.116	Somalogic	proteomics	SomaScan	7k
Plasma	Ran-binding protein 3	14037-18	ENSG00000031823	Q9H6Z4	combined	seq.14037.18	Somalogic	proteomics	SomaScan	7k
Plasma	Cystatin-F	14038-130	ENSG00000077984	O76096	combined	seq.14038.130	Somalogic	proteomics	SomaScan	7k
Plasma	Kallikrein-5	14039-33	ENSG00000167754	Q9Y337	combined	seq.14039.33	Somalogic	proteomics	SomaScan	7k
Plasma	Granzyme B	14041-13	ENSG00000100453	P10144	combined	seq.14041.13	Somalogic	proteomics	SomaScan	7k
Plasma	Secreted frizzled-related protein 1	14042-11	ENSG00000104332	Q8N474	combined	seq.14042.11	Somalogic	proteomics	SomaScan	7k
Plasma	Early endosome antigen 1	14043-12	ENSG00000102189	Q15075	combined	seq.14043.12	Somalogic	proteomics	SomaScan	7k
Plasma	Nuclear receptor coactivator 2	14045-12	ENSG00000140396	Q15596	combined	seq.14045.12	Somalogic	proteomics	SomaScan	7k
Plasma	Brain-derived neurotrophic factor	14047-78	ENSG00000176697	P23560	combined	seq.14047.78	Somalogic	proteomics	SomaScan	7k
Plasma	Interleukin-1 Receptor accessory protein	14048-7	ENSG00000196083	Q9NPH3	combined	seq.14048.7	Somalogic	proteomics	SomaScan	7k
Plasma	Interleukin-7	14049-17	ENSG00000104432	P13232	combined	seq.14049.17	Somalogic	proteomics	SomaScan	7k
Plasma	Ephrin-A4	14050-61	ENSG00000243364	P52798	combined	seq.14050.61	Somalogic	proteomics	SomaScan	7k
Plasma	Forkhead box protein C2	14051-54	ENSG00000176692	Q99958	combined	seq.14051.54	Somalogic	proteomics	SomaScan	7k
Plasma	Protein unc-13 homolog A	14052-26	ENSG00000130477	Q9UPW8	combined	seq.14052.26	Somalogic	proteomics	SomaScan	7k
Plasma	Interleukin-15 receptor subunit alpha	14054-17	ENSG00000134470	Q13261	combined	seq.14054.17	Somalogic	proteomics	SomaScan	7k
Plasma	Glycoprotein hormones alpha chain	14056-4	ENSG00000135346	P01215	combined	seq.14056.4	Somalogic	proteomics	SomaScan	7k
Plasma	Tumor necrosis factor ligand superfamily member 15	14057-68	ENSG00000181634	O95150	combined	seq.14057.68	Somalogic	proteomics	SomaScan	7k
Plasma	Neutrophil cytosol factor 4	14060-67	ENSG00000100365	Q15080	combined	seq.14060.67	Somalogic	proteomics	SomaScan	7k
Plasma	Tumor necrosis factor ligand superfamily member 11	14061-48	ENSG00000120659	O14788	combined	seq.14061.48	Somalogic	proteomics	SomaScan	7k
Plasma	Oncostatin-M	14063-17	ENSG00000099985	P13725	combined	seq.14063.17	Somalogic	proteomics	SomaScan	7k
Plasma	Peptidoglycan recognition protein 1	14064-21	ENSG00000008438	O75594	combined	seq.14064.21	Somalogic	proteomics	SomaScan	7k
Plasma	T-cell surface glycoprotein CD5:Cytoplasmic domain	14065-11	ENSG00000110448	P06127	combined	seq.14065.11	Somalogic	proteomics	SomaScan	7k
Plasma	Membrane-associated guanylate kinase, WW and PDZ domain-containing protein 2	14066-49	ENSG00000187391	Q86UL8	combined	seq.14066.49	Somalogic	proteomics	SomaScan	7k
Plasma	Plakophilin-2	14067-6	ENSG00000057294	Q99959	combined	seq.14067.6	Somalogic	proteomics	SomaScan	7k
Plasma	C-C motif chemokine 25	14068-29	ENSG00000131142	O15444	combined	seq.14068.29	Somalogic	proteomics	SomaScan	7k
Plasma	Carbonic anhydrase 4	14069-61	ENSG00000167434	P22748	combined	seq.14069.61	Somalogic	proteomics	SomaScan	7k
Plasma	Intersectin-1	14070-56	ENSG00000205726	Q15811	combined	seq.14070.56	Somalogic	proteomics	SomaScan	7k
Plasma	Translationally-controlled tumor protein	14072-9	ENSG00000133112	P13693	combined	seq.14072.9	Somalogic	proteomics	SomaScan	7k
Plasma	Hemopexin	14073-31	ENSG00000110169	P02790	combined	seq.14073.31	Somalogic	proteomics	SomaScan	7k
Plasma	SHC-transforming protein 2	14074-2	ENSG00000129946	P98077	combined	seq.14074.2	Somalogic	proteomics	SomaScan	7k
Plasma	Cystatin-S	14076-74	ENSG00000101441	P01036	combined	seq.14076.74	Somalogic	proteomics	SomaScan	7k
Plasma	Ficolin-3	14077-6	ENSG00000142748	O75636	combined	seq.14077.6	Somalogic	proteomics	SomaScan	7k
Plasma	Lymphotactin	14078-69	ENSG00000143184	P47992	combined	seq.14078.69	Somalogic	proteomics	SomaScan	7k
Plasma	Interleukin-18 receptor 1	14079-14	ENSG00000115604	Q13478	combined	seq.14079.14	Somalogic	proteomics	SomaScan	7k
Plasma	NKG2D ligand 1	14081-5	ENSG00000111981	Q9BZM6	combined	seq.14081.5	Somalogic	proteomics	SomaScan	7k
Plasma	Talin-2	14082-56	ENSG00000171914	Q9Y4G6	combined	seq.14082.56	Somalogic	proteomics	SomaScan	7k
Plasma	Selenide, water dikinase 1	14083-25	ENSG00000086475	P49903	combined	seq.14083.25	Somalogic	proteomics	SomaScan	7k
Plasma	Interleukin-13	14085-28	ENSG00000169194	P35225	combined	seq.14085.28	Somalogic	proteomics	SomaScan	7k
Plasma	Acid sphingomyelinase-like phosphodiesterase 3a	14086-11	ENSG00000172594	Q92484	combined	seq.14086.11	Somalogic	proteomics	SomaScan	7k
Plasma	Insulin-like growth factor-binding protein 6	14088-38	ENSG00000167779	P24592	combined	seq.14088.38	Somalogic	proteomics	SomaScan	7k
Plasma	Differentially expressed in FDCP 6 homolog	14090-23	ENSG00000023892	Q9H4E7	combined	seq.14090.23	Somalogic	proteomics	SomaScan	7k
Plasma	Carbonyl reductase [NADPH] 3	14091-42	ENSG00000159231	O75828	combined	seq.14091.42	Somalogic	proteomics	SomaScan	7k
Plasma	Fms-related tyrosine kinase 3 ligand	14093-10	ENSG00000090554	P49771	combined	seq.14093.10	Somalogic	proteomics	SomaScan	7k
Plasma	Heparin-binding EGF-like growth factor	14094-29	ENSG00000113070	Q99075	combined	seq.14094.29	Somalogic	proteomics	SomaScan	7k
Plasma	NKG2-D type II integral membrane protein	14095-1	ENSG00000213809	P26718	combined	seq.14095.1	Somalogic	proteomics	SomaScan	7k
Plasma	Carbohydrate sulfotransferase 15	14097-86	ENSG00000182022	Q7LFX5	combined	seq.14097.86	Somalogic	proteomics	SomaScan	7k
Plasma	Cysteine--tRNA ligase, cytoplasmic	14098-28	ENSG00000278191|ENSG00000110619	P49589	combined	seq.14098.28	Somalogic	proteomics	SomaScan	7k
Plasma	Proteasome subunit alpha type-4	14099-20	ENSG00000041357	P25789	combined	seq.14099.20	Somalogic	proteomics	SomaScan	7k
Plasma	Complement C1q subcomponent subunit C	14100-63	ENSG00000159189	P02747	combined	seq.14100.63	Somalogic	proteomics	SomaScan	7k
Plasma	Ciliary neurotrophic factor receptor subunit alpha	14101-2	ENSG00000122756	P26992	combined	seq.14101.2	Somalogic	proteomics	SomaScan	7k
Plasma	Granulysin	14102-6	ENSG00000115523	P22749	combined	seq.14102.6	Somalogic	proteomics	SomaScan	7k
Plasma	Tryptase gamma	14103-12	ENSG00000116176	Q9NRR2	combined	seq.14103.12	Somalogic	proteomics	SomaScan	7k
Plasma	TLR4 interactor with leucine rich repeats:Cytoplasmic domain	14104-1	ENSG00000255690	Q7L0X0	combined	seq.14104.1	Somalogic	proteomics	SomaScan	7k
Plasma	Kallistatin	14105-5	ENSG00000100665	P29622	combined	seq.14105.5	Somalogic	proteomics	SomaScan	7k
Plasma	Rap1 GTPase-GDP dissociation stimulator 1	14106-46	ENSG00000138698	P52306	combined	seq.14106.46	Somalogic	proteomics	SomaScan	7k
Plasma	5-formyltetrahydrofolate cyclo-ligase	14107-1	ENSG00000136371	P49914	combined	seq.14107.1	Somalogic	proteomics	SomaScan	7k
Plasma	Transforming growth factor beta-1	14108-15		P01137	combined	seq.14108.15	Somalogic	proteomics	SomaScan	7k
Plasma	C-C motif chemokine 15	14109-15	ENSG00000275718|ENSG00000275528	Q16663	combined	seq.14109.15	Somalogic	proteomics	SomaScan	7k
Plasma	SPARC	14110-200	ENSG00000113140	P09486	combined	seq.14110.200	Somalogic	proteomics	SomaScan	7k
Plasma	Thrombospondin-2	14111-15	ENSG00000186340	P35442	combined	seq.14111.15	Somalogic	proteomics	SomaScan	7k
Plasma	Tumor necrosis factor receptor superfamily member 19L	14112-40	ENSG00000054967	Q969Z4	combined	seq.14112.40	Somalogic	proteomics	SomaScan	7k
Plasma	PILR alpha-associated neural protein	14114-18	ENSG00000139200	Q8IYJ0	combined	seq.14114.18	Somalogic	proteomics	SomaScan	7k
Plasma	Adrenomedullin	14115-34	ENSG00000148926	P35318	combined	seq.14115.34	Somalogic	proteomics	SomaScan	7k
Plasma	Protein S100-A4	14116-129	ENSG00000196154	P26447	combined	seq.14116.129	Somalogic	proteomics	SomaScan	7k
Plasma	E3 ubiquitin-protein ligase RNF43	14120-2	ENSG00000108375	Q68DV7	combined	seq.14120.2	Somalogic	proteomics	SomaScan	7k
Plasma	Tumor necrosis factor receptor superfamily member 10D	14121-24	ENSG00000173530	Q9UBN6	combined	seq.14121.24	Somalogic	proteomics	SomaScan	7k
Plasma	E3 ubiquitin-protein ligase ZNRF3	14122-132	ENSG00000183579	Q9ULT6	combined	seq.14122.132	Somalogic	proteomics	SomaScan	7k
Plasma	V-type immunoglobulin domain-containing suppressor of T-cell activation:Extracellular domain	14123-34	ENSG00000107738	Q9H7M9	combined	seq.14123.34	Somalogic	proteomics	SomaScan	7k
Plasma	Ephrin-A2	14124-6	ENSG00000099617	O43921	combined	seq.14124.6	Somalogic	proteomics	SomaScan	7k
Plasma	Apolipoprotein M	14125-5	ENSG00000224290|ENSG00000227567|ENSG00000231974|ENSG00000235754|ENSG00000206409|ENSG00000226215|ENSG00000204444	O95445	combined	seq.14125.5	Somalogic	proteomics	SomaScan	7k
Plasma	Interferon beta	14127-240	ENSG00000171855	P01574	combined	seq.14127.240	Somalogic	proteomics	SomaScan	7k
Plasma	Interferon alpha-10	14128-121	ENSG00000186803	P01566	combined	seq.14128.121	Somalogic	proteomics	SomaScan	7k
Plasma	Interferon alpha-7	14129-1	ENSG00000214042	P01567	combined	seq.14129.1	Somalogic	proteomics	SomaScan	7k
Plasma	Ephrin-B2:Extracellular domain	14131-37	ENSG00000125266	P52799	combined	seq.14131.37	Somalogic	proteomics	SomaScan	7k
Plasma	HERV-H LTR-associating protein 2	14132-21	ENSG00000114455	Q9UM44	combined	seq.14132.21	Somalogic	proteomics	SomaScan	7k
Plasma	Interleukin-1 receptor type 2	14133-93	ENSG00000115590	P27930	combined	seq.14133.93	Somalogic	proteomics	SomaScan	7k
Plasma	Amphoterin-induced protein 2	14134-49	ENSG00000139211	Q86SJ2	combined	seq.14134.49	Somalogic	proteomics	SomaScan	7k
Plasma	Relaxin receptor 1	14135-3	ENSG00000171509	Q9HBX9	combined	seq.14135.3	Somalogic	proteomics	SomaScan	7k
Plasma	Complement component C1q receptor	14136-234	ENSG00000125810	Q9NPY3	combined	seq.14136.234	Somalogic	proteomics	SomaScan	7k
Plasma	Neuregulin-4	14139-16	ENSG00000169752	Q8WWG1	combined	seq.14139.16	Somalogic	proteomics	SomaScan	7k
Plasma	Histone H2B type 2-E	14143-8	ENSG00000184678	Q16778	combined	seq.14143.8	Somalogic	proteomics	SomaScan	7k
Plasma	Histone H2A type 3	14144-3	ENSG00000284841|ENSG00000181218	Q7L7L0	combined	seq.14144.3	Somalogic	proteomics	SomaScan	7k
Plasma	Histone H3.1	14146-92	ENSG00000197153|ENSG00000275379|ENSG00000274750|ENSG00000287080|ENSG00000277775|ENSG00000197409|ENSG00000286522|ENSG00000273983|ENSG00000278828|ENSG00000275714	P68431	combined	seq.14146.92	Somalogic	proteomics	SomaScan	7k
Plasma	Ubiquitin-like protein ISG15	14148-2	ENSG00000187608	P05161	combined	seq.14148.2	Somalogic	proteomics	SomaScan	7k
Plasma	Interleukin-36 beta	14149-9	ENSG00000136696	Q9NZH7	combined	seq.14149.9	Somalogic	proteomics	SomaScan	7k
Plasma	Interleukin-36 alpha	14150-7	ENSG00000136694	Q9UHA7	combined	seq.14150.7	Somalogic	proteomics	SomaScan	7k
Plasma	Ubiquitin-like protein ISG15	14151-4	ENSG00000187608	P05161	combined	seq.14151.4	Somalogic	proteomics	SomaScan	7k
Plasma	Ephrin-A3	14153-8	ENSG00000143590	P52797	combined	seq.14153.8	Somalogic	proteomics	SomaScan	7k
Plasma	14-3-3 protein beta/alpha	14156-33	ENSG00000166913	P31946	combined	seq.14156.33	Somalogic	proteomics	SomaScan	7k
Plasma	14-3-3 protein epsilon	14157-21	ENSG00000108953|ENSG00000274474	P62258	combined	seq.14157.21	Somalogic	proteomics	SomaScan	7k
Plasma	Annexin A5	14158-17	ENSG00000164111	P08758	combined	seq.14158.17	Somalogic	proteomics	SomaScan	7k
Plasma	SCP2 sterol-binding domain-containing protein 1	14175-78	ENSG00000132631	Q9UJQ7	combined	seq.14175.78	Somalogic	proteomics	SomaScan	7k
Plasma	Cyclin-dependent kinase inhibitor 3	14178-18	ENSG00000100526	Q16667	combined	seq.14178.18	Somalogic	proteomics	SomaScan	7k
Plasma	E3 ubiquitin-protein ligase rififylin	14186-13	ENSG00000092871	Q8WZ73	combined	seq.14186.13	Somalogic	proteomics	SomaScan	7k
Plasma	Phosducin-like protein 2	14192-31	ENSG00000163440	Q8N4E4	combined	seq.14192.31	Somalogic	proteomics	SomaScan	7k
Plasma	PR domain zinc finger protein 1	14197-2	ENSG00000057657	O75626	combined	seq.14197.2	Somalogic	proteomics	SomaScan	7k
Plasma	Annexin A7	14203-3	ENSG00000138279	P20073	combined	seq.14203.3	Somalogic	proteomics	SomaScan	7k
Plasma	Forkhead box protein J2	14204-55	ENSG00000065970	Q9P0K8	combined	seq.14204.55	Somalogic	proteomics	SomaScan	7k
Plasma	Protein HEXIM2	14205-6	ENSG00000168517	Q96MH2	combined	seq.14205.6	Somalogic	proteomics	SomaScan	7k
Plasma	Amyloid beta A4 precursor protein-binding family B member 1:Phosphotyrosine Interaction Domain 2	14206-28	ENSG00000166313	O00213	combined	seq.14206.28	Somalogic	proteomics	SomaScan	7k
Plasma	Retinoid-binding protein 7	14208-3	ENSG00000162444	Q96R05	combined	seq.14208.3	Somalogic	proteomics	SomaScan	7k
Plasma	Probable ATP-dependent RNA helicase DDX46	14216-35	ENSG00000145833	Q7L014	combined	seq.14216.35	Somalogic	proteomics	SomaScan	7k
Plasma	S-methylmethionine--homocysteine S-methyltransferase BHMT2	14226-120	ENSG00000132840	Q9H2M3	combined	seq.14226.120	Somalogic	proteomics	SomaScan	7k
Plasma	Myosin light chain 6B	14227-21	ENSG00000196465	P14649	combined	seq.14227.21	Somalogic	proteomics	SomaScan	7k
Plasma	Adenylyltransferase and sulfurtransferase MOCS3	14229-5	ENSG00000124217	O95396	combined	seq.14229.5	Somalogic	proteomics	SomaScan	7k
Plasma	Internal Use Only: Heat shock 70 kDa protein 1A	14237-1	ENSG00000234475|ENSG00000204389|ENSG00000215328|ENSG00000235941|ENSG00000237724	P0DMV8	combined	seq.14237.1	Somalogic	proteomics	SomaScan	7k
Plasma	Sorting nexin-7	14245-195	ENSG00000162627	Q9UNH6	combined	seq.14245.195	Somalogic	proteomics	SomaScan	7k
Plasma	Docking protein 2	14246-50	ENSG00000147443	O60496	combined	seq.14246.50	Somalogic	proteomics	SomaScan	7k
Plasma	Probable E3 ubiquitin-protein ligase MID2	14249-68	ENSG00000080561	Q9UJV3	combined	seq.14249.68	Somalogic	proteomics	SomaScan	7k
Plasma	Bleomycin hydrolase	14250-115	ENSG00000108578	Q13867	combined	seq.14250.115	Somalogic	proteomics	SomaScan	7k
Plasma	Tyrosine-protein phosphatase non-receptor type 4	14254-27	ENSG00000088179	P29074	combined	seq.14254.27	Somalogic	proteomics	SomaScan	7k
Plasma	Neuroepithelial cell-transforming gene 1 protein	14260-112	ENSG00000173848	Q7Z628	combined	seq.14260.112	Somalogic	proteomics	SomaScan	7k
Plasma	Sulfiredoxin-1	14268-4	ENSG00000271303	Q9BYN0	combined	seq.14268.4	Somalogic	proteomics	SomaScan	7k
Plasma	Ras-related protein Rab-6B	14271-23	ENSG00000154917	Q9NRW1	combined	seq.14271.23	Somalogic	proteomics	SomaScan	7k
Plasma	Prolyl endopeptidase	14273-19	ENSG00000085377	P48147	combined	seq.14273.19	Somalogic	proteomics	SomaScan	7k
Plasma	Ras-related protein Rab-14	14283-12	ENSG00000119396	P61106	combined	seq.14283.12	Somalogic	proteomics	SomaScan	7k
Plasma	eIF-2-alpha kinase GCN2	14284-23	ENSG00000128829	Q9P2K8	combined	seq.14284.23	Somalogic	proteomics	SomaScan	7k
Plasma	Nuclear factor of activated T-cells, cytoplasmic 1	14286-2	ENSG00000131196	O95644	combined	seq.14286.2	Somalogic	proteomics	SomaScan	7k
Plasma	Ras-related protein Rab-5C	14287-6	ENSG00000108774	P51148	combined	seq.14287.6	Somalogic	proteomics	SomaScan	7k
Plasma	Arf-GAP with GTPase, ANK repeat and PH domain-containing protein 2	14291-53	ENSG00000135439	Q99490	combined	seq.14291.53	Somalogic	proteomics	SomaScan	7k
Plasma	Methyl-CpG-binding domain protein 1	14294-61	ENSG00000141644	Q9UIS9	combined	seq.14294.61	Somalogic	proteomics	SomaScan	7k
Plasma	Heterogeneous nuclear ribonucleoprotein H	14309-8	ENSG00000169045|ENSG00000284254	P31943	combined	seq.14309.8	Somalogic	proteomics	SomaScan	7k
Plasma	Peptidyl-prolyl cis-trans isomerase-like 2	14314-6	ENSG00000100023	Q13356	combined	seq.14314.6	Somalogic	proteomics	SomaScan	7k
Plasma	Vacuolar protein sorting-associated protein 29	14318-1	ENSG00000111237	Q9UBQ0	combined	seq.14318.1	Somalogic	proteomics	SomaScan	7k
Plasma	Structural maintenance of chromosomes protein 3	14324-52	ENSG00000108055	Q9UQE7	combined	seq.14324.52	Somalogic	proteomics	SomaScan	7k
Plasma	Ubiquitin-conjugating enzyme E2 E1	14326-4	ENSG00000170142	P51965	combined	seq.14326.4	Somalogic	proteomics	SomaScan	7k
Plasma	Death-inducer obliterator 1	14329-4	ENSG00000101191	Q9BTC0	combined	seq.14329.4	Somalogic	proteomics	SomaScan	7k
Plasma	Dynein light chain Tctex-type 1	14331-262	ENSG00000146425	P63172	combined	seq.14331.262	Somalogic	proteomics	SomaScan	7k
Plasma	Ras-related protein Ral-A	14332-3	ENSG00000006451	P11233	combined	seq.14332.3	Somalogic	proteomics	SomaScan	7k
Plasma	Recoverin	14334-3	ENSG00000109047	P35243	combined	seq.14334.3	Somalogic	proteomics	SomaScan	7k
Plasma	Trafficking protein particle complex subunit 3	14337-1	ENSG00000054116	O43617	combined	seq.14337.1	Somalogic	proteomics	SomaScan	7k
Plasma	Protein FAM69C	14341-8	ENSG00000187773	Q0P6D2	combined	seq.14341.8	Somalogic	proteomics	SomaScan	7k
Plasma	Growth/differentiation factor 8	14583-49	ENSG00000138379	O14793	combined	seq.14583.49	Somalogic	proteomics	SomaScan	7k
Plasma	Growth/differentiation factor 11	14587-16	ENSG00000135414	O95390	combined	seq.14587.16	Somalogic	proteomics	SomaScan	7k
Plasma	Protein FAM210A	14593-152	ENSG00000177150	Q96ND0	combined	seq.14593.152	Somalogic	proteomics	SomaScan	7k
Plasma	Semaphorin-6C, cytoplasmic	14597-5	ENSG00000143434	Q9H3T2	combined	seq.14597.5	Somalogic	proteomics	SomaScan	7k
Plasma	Stabilin-1	14599-18		Q9NY15	combined	seq.14599.18	Somalogic	proteomics	SomaScan	7k
Plasma	Uncharacterized protein KIAA0040	14603-51	ENSG00000235750	Q15053	combined	seq.14603.51	Somalogic	proteomics	SomaScan	7k
Plasma	Noncompact myelin-associated protein	14614-41	ENSG00000184454	Q5T1S8	combined	seq.14614.41	Somalogic	proteomics	SomaScan	7k
Plasma	Keratin-associated protein 2-4	14615-46	ENSG00000213417|ENSG00000263091	Q9BYR9	combined	seq.14615.46	Somalogic	proteomics	SomaScan	7k
Plasma	Zinc finger protein 382	14616-16	ENSG00000161298	Q96SR6	combined	seq.14616.16	Somalogic	proteomics	SomaScan	7k
Plasma	Vesicular, overexpressed in cancer, prosurvival protein 1	14618-26	ENSG00000154978	Q96AW1	combined	seq.14618.26	Somalogic	proteomics	SomaScan	7k
Plasma	Zinc finger protein 526	14619-8	ENSG00000167625	Q8TF50	combined	seq.14619.8	Somalogic	proteomics	SomaScan	7k
Plasma	Small ubiquitin-related modifier 3	14623-26	ENSG00000184900	P55854	combined	seq.14623.26	Somalogic	proteomics	SomaScan	7k
Plasma	Transcriptional repressor CTCF	14624-51	ENSG00000102974	P49711	combined	seq.14624.51	Somalogic	proteomics	SomaScan	7k
Plasma	F-box only protein 3	14628-72	ENSG00000110429	Q9UK99	combined	seq.14628.72	Somalogic	proteomics	SomaScan	7k
Plasma	Dual specificity protein phosphatase 16	14631-22	ENSG00000280962|ENSG00000111266	Q9BY84	combined	seq.14631.22	Somalogic	proteomics	SomaScan	7k
Plasma	Transmembrane protein 185A	14633-26	ENSG00000269556	Q8NFB2	combined	seq.14633.26	Somalogic	proteomics	SomaScan	7k
Plasma	Lutropin-choriogonadotropic hormone receptor	14634-13	ENSG00000138039	P22888	combined	seq.14634.13	Somalogic	proteomics	SomaScan	7k
Plasma	Ribonuclease UK114	14636-25	ENSG00000132541	P52758	combined	seq.14636.25	Somalogic	proteomics	SomaScan	7k
Plasma	Glutathione S-transferase A4	14645-253	ENSG00000170899	O15217	combined	seq.14645.253	Somalogic	proteomics	SomaScan	7k
Plasma	DnaJ homolog subfamily C member 17	14655-1	ENSG00000104129	Q9NVM6	combined	seq.14655.1	Somalogic	proteomics	SomaScan	7k
Plasma	Myeloid zinc finger 1	14662-6	ENSG00000099326	P28698	combined	seq.14662.6	Somalogic	proteomics	SomaScan	7k
Plasma	E3 ubiquitin-protein ligase RNF8	14663-44	ENSG00000112130	O76064	combined	seq.14663.44	Somalogic	proteomics	SomaScan	7k
Plasma	Ski-like protein	14670-1	ENSG00000136603	P12757	combined	seq.14670.1	Somalogic	proteomics	SomaScan	7k
Plasma	Protein kinase C and casein kinase substrate in neurons protein 3	14674-63	ENSG00000165912	Q9UKS6	combined	seq.14674.63	Somalogic	proteomics	SomaScan	7k
Plasma	Eukaryotic translation initiation factor 4B	14675-20	ENSG00000063046	P23588	combined	seq.14675.20	Somalogic	proteomics	SomaScan	7k
Plasma	Calpain-2 catalytic subunit	14684-17	ENSG00000162909	P17655	combined	seq.14684.17	Somalogic	proteomics	SomaScan	7k
Plasma	RAC-beta serine/threonine-protein kinase	14685-17	ENSG00000105221	P31751	combined	seq.14685.17	Somalogic	proteomics	SomaScan	7k
Plasma	Perilipin-3	14687-6	ENSG00000105355	O60664	combined	seq.14687.6	Somalogic	proteomics	SomaScan	7k
Plasma	Tyrosine-protein phosphatase non-receptor type 7	14688-6	ENSG00000143851	P35236	combined	seq.14688.6	Somalogic	proteomics	SomaScan	7k
Plasma	Protein SEC13 homolog	14689-3	ENSG00000157020	P55735	combined	seq.14689.3	Somalogic	proteomics	SomaScan	7k
Plasma	Zinc finger protein 276	14692-3	ENSG00000158805	Q8N554	combined	seq.14692.3	Somalogic	proteomics	SomaScan	7k
Plasma	Tryptase beta-2	14696-45	ENSG00000197253	P20231	combined	seq.14696.45	Somalogic	proteomics	SomaScan	7k
Plasma	Prokineticin-1	14703-6	ENSG00000143125	P58294	combined	seq.14703.6	Somalogic	proteomics	SomaScan	7k
Plasma	Vascular endothelial growth factor D	14705-1	ENSG00000165197	O43915	combined	seq.14705.1	Somalogic	proteomics	SomaScan	7k
Plasma	Complement component C8 gamma chain	14708-59	ENSG00000176919	P07360	combined	seq.14708.59	Somalogic	proteomics	SomaScan	7k
Plasma	Cystatin-M	14711-27	ENSG00000175315	Q15828	combined	seq.14711.27	Somalogic	proteomics	SomaScan	7k
Plasma	Azurocidin	14713-46	ENSG00000278624|ENSG00000172232	P20160	combined	seq.14713.46	Somalogic	proteomics	SomaScan	7k
Plasma	Cytokine receptor-like factor 1	14747-9	ENSG00000006016	O75462	combined	seq.14747.9	Somalogic	proteomics	SomaScan	7k
Plasma	Rho GTPase-activating protein 5	14748-31	ENSG00000100852	Q13017	combined	seq.14748.31	Somalogic	proteomics	SomaScan	7k
Plasma	Lactotransferrin	14755-4	ENSG00000012223	P02788	combined	seq.14755.4	Somalogic	proteomics	SomaScan	7k
Plasma	Intercellular adhesion molecule 2	14756-29	ENSG00000108622	P13598	combined	seq.14756.29	Somalogic	proteomics	SomaScan	7k
Plasma	Fibroblast growth factor 8 isoform B	14757-144	ENSG00000107831	P55075	combined	seq.14757.144	Somalogic	proteomics	SomaScan	7k
Plasma	Cadherin-1	14759-149	ENSG00000039068	P12830	combined	seq.14759.149	Somalogic	proteomics	SomaScan	7k
Plasma	Insulin-like growth factor II:Mature	15295-81	ENSG00000167244	P01344	combined	seq.15295.81	Somalogic	proteomics	SomaScan	7k
Plasma	Protein S100-A3	15297-3	ENSG00000188015	P33764	combined	seq.15297.3	Somalogic	proteomics	SomaScan	7k
Plasma	Neuropilin and tolloid-like protein 1	15298-199	ENSG00000166342	Q8TDF5	combined	seq.15298.199	Somalogic	proteomics	SomaScan	7k
Plasma	LDLR chaperone MESD	15299-102	ENSG00000117899	Q14696	combined	seq.15299.102	Somalogic	proteomics	SomaScan	7k
Plasma	Coiled-coil domain-containing protein 134	15300-66	ENSG00000100147	Q9H6E4	combined	seq.15300.66	Somalogic	proteomics	SomaScan	7k
Plasma	Acrosomal protein SP-10	15301-24	ENSG00000134940	P26436	combined	seq.15301.24	Somalogic	proteomics	SomaScan	7k
Plasma	Protein S100-A5	15303-63	ENSG00000196420	P33763	combined	seq.15303.63	Somalogic	proteomics	SomaScan	7k
Plasma	Regenerating islet-derived protein 3-alpha	15304-1	ENSG00000172016	Q06141	combined	seq.15304.1	Somalogic	proteomics	SomaScan	7k
Plasma	Secretagogin	15305-7	ENSG00000079689	O76038	combined	seq.15305.7	Somalogic	proteomics	SomaScan	7k
Plasma	Immunoglobulin J chain	15306-20	ENSG00000132465	P01591	combined	seq.15306.20	Somalogic	proteomics	SomaScan	7k
Plasma	Brorin	15308-108	ENSG00000188730	Q2TAL6	combined	seq.15308.108	Somalogic	proteomics	SomaScan	7k
Plasma	Protein regulator of cytokinesis 1	15310-61	ENSG00000198901	O43663	combined	seq.15310.61	Somalogic	proteomics	SomaScan	7k
Plasma	Protein argonaute-1	15312-14	ENSG00000092847	Q9UL18	combined	seq.15312.14	Somalogic	proteomics	SomaScan	7k
Plasma	Mitotic spindle assembly checkpoint protein MAD2A	15313-28	ENSG00000164109	Q13257	combined	seq.15313.28	Somalogic	proteomics	SomaScan	7k
Plasma	Chloride intracellular channel protein 4	15314-49	ENSG00000169504	Q9Y696	combined	seq.15314.49	Somalogic	proteomics	SomaScan	7k
Plasma	Copper homeostasis protein cutC homolog	15315-64	ENSG00000119929	Q9NTM9	combined	seq.15315.64	Somalogic	proteomics	SomaScan	7k
Plasma	Thioredoxin-like protein 4B	15316-262	ENSG00000140830	Q9NX01	combined	seq.15316.262	Somalogic	proteomics	SomaScan	7k
Plasma	Protein S100-A10	15318-75	ENSG00000197747	P60903	combined	seq.15318.75	Somalogic	proteomics	SomaScan	7k
Plasma	Cyclin-A1	15319-226	ENSG00000133101	P78396	combined	seq.15319.226	Somalogic	proteomics	SomaScan	7k
Plasma	Complexin-2	15321-8	ENSG00000145920	Q6PUV4	combined	seq.15321.8	Somalogic	proteomics	SomaScan	7k
Plasma	Death domain-containing protein CRADD	15322-35	ENSG00000169372	P78560	combined	seq.15322.35	Somalogic	proteomics	SomaScan	7k
Plasma	Protein argonaute-3	15323-112	ENSG00000126070	Q9H9G7	combined	seq.15323.112	Somalogic	proteomics	SomaScan	7k
Plasma	Ferritin light chain	15324-58	ENSG00000087086	P02792	combined	seq.15324.58	Somalogic	proteomics	SomaScan	7k
Plasma	Neuromodulin	15325-14	ENSG00000172020	P17677	combined	seq.15325.14	Somalogic	proteomics	SomaScan	7k
Plasma	Guanylate-binding protein 1	15326-64	ENSG00000117228	P32455	combined	seq.15326.64	Somalogic	proteomics	SomaScan	7k
Plasma	Ragulator complex protein LAMTOR2	15329-167	ENSG00000116586	Q9Y2Q5	combined	seq.15329.167	Somalogic	proteomics	SomaScan	7k
Plasma	Histone-binding protein RBBP4	15331-47	ENSG00000162521	Q09028	combined	seq.15331.47	Somalogic	proteomics	SomaScan	7k
Plasma	Stromal cell-derived factor 2	15333-11	ENSG00000132581	Q99470	combined	seq.15333.11	Somalogic	proteomics	SomaScan	7k
Plasma	Selenoprotein M	15336-7	ENSG00000198832	Q8WWX9	combined	seq.15336.7	Somalogic	proteomics	SomaScan	7k
Plasma	Cofilin-2	15339-32	ENSG00000165410	Q9Y281	combined	seq.15339.32	Somalogic	proteomics	SomaScan	7k
Plasma	Kininogen, HMW, Two Chain	15343-337	ENSG00000113889	P01042	combined	seq.15343.337	Somalogic	proteomics	SomaScan	7k
Plasma	Interferon gamma	15346-31	ENSG00000111537	P01579	combined	seq.15346.31	Somalogic	proteomics	SomaScan	7k
Plasma	Hemopexin	15347-12	ENSG00000110169	P02790	combined	seq.15347.12	Somalogic	proteomics	SomaScan	7k
Plasma	Neuroendocrine protein 7B2	15358-28	ENSG00000166922|ENSG00000277614|ENSG00000281931	P05408	combined	seq.15358.28	Somalogic	proteomics	SomaScan	7k
Plasma	Ankyrin repeat domain-containing protein 1	15361-37	ENSG00000148677	Q15327	combined	seq.15361.37	Somalogic	proteomics	SomaScan	7k
Plasma	Apolipoprotein A-V	15363-32	ENSG00000110243	Q6Q788	combined	seq.15363.32	Somalogic	proteomics	SomaScan	7k
Plasma	Apolipoprotein C-I	15364-101	ENSG00000130208	P02654	combined	seq.15364.101	Somalogic	proteomics	SomaScan	7k
Plasma	Adhesion G protein-coupled receptor B3	15365-41	ENSG00000135298	O60242	combined	seq.15365.41	Somalogic	proteomics	SomaScan	7k
Plasma	BPI fold-containing family B member 1	15367-38	ENSG00000125999	Q8TDL5	combined	seq.15367.38	Somalogic	proteomics	SomaScan	7k
Plasma	BMP-binding endothelial regulator protein	15368-3	ENSG00000164619	Q8N8U9	combined	seq.15368.3	Somalogic	proteomics	SomaScan	7k
Plasma	BolA-like protein 1	15370-5	ENSG00000178096	Q9Y3E2	combined	seq.15370.5	Somalogic	proteomics	SomaScan	7k
Plasma	Bromodomain-containing protein 2	15372-43	ENSG00000204256|ENSG00000235307|ENSG00000234507|ENSG00000234704|ENSG00000215077	P25440	combined	seq.15372.43	Somalogic	proteomics	SomaScan	7k
Plasma	Carboxypeptidase B	15375-49	ENSG00000153002	P15086	combined	seq.15375.49	Somalogic	proteomics	SomaScan	7k
Plasma	Cathepsin E	15376-134	ENSG00000196188	P14091	combined	seq.15376.134	Somalogic	proteomics	SomaScan	7k
Plasma	Discoidin domain-containing receptor 2	15381-45	ENSG00000162733	Q16832	combined	seq.15381.45	Somalogic	proteomics	SomaScan	7k
Plasma	Endothelin-3	15383-200	ENSG00000124205	P14138	combined	seq.15383.200	Somalogic	proteomics	SomaScan	7k
Plasma	Klotho	15384-15	ENSG00000133116	Q9UEF7	combined	seq.15384.15	Somalogic	proteomics	SomaScan	7k
Plasma	Fatty acid-binding protein, intestinal	15385-116	ENSG00000145384	P12104	combined	seq.15385.116	Somalogic	proteomics	SomaScan	7k
Plasma	Fatty acid-binding protein, adipocyte	15386-7	ENSG00000170323	P15090	combined	seq.15386.7	Somalogic	proteomics	SomaScan	7k
Plasma	Neuropilin-2	15387-44	ENSG00000118257	O60462	combined	seq.15387.44	Somalogic	proteomics	SomaScan	7k
Plasma	Low affinity immunoglobulin gamma Fc region receptor III-A	15388-24	ENSG00000203747	P08637	combined	seq.15388.24	Somalogic	proteomics	SomaScan	7k
Plasma	Frataxin, mitochondrial	15389-1	ENSG00000165060	Q16595	combined	seq.15389.1	Somalogic	proteomics	SomaScan	7k
Plasma	Galanin	15390-3	ENSG00000069482	P22466	combined	seq.15390.3	Somalogic	proteomics	SomaScan	7k
Plasma	Growth arrest-specific protein 6	15391-114	ENSG00000183087	Q14393	combined	seq.15391.114	Somalogic	proteomics	SomaScan	7k
Plasma	Netrin receptor UNC5B	15394-79	ENSG00000107731	Q8IZJ1	combined	seq.15394.79	Somalogic	proteomics	SomaScan	7k
Plasma	Glutathione S-transferase Mu 1	15395-15	ENSG00000134184	P09488	combined	seq.15395.15	Somalogic	proteomics	SomaScan	7k
Plasma	FAD-linked sulfhydryl oxidase ALR	15398-2	ENSG00000127554	P55789	combined	seq.15398.2	Somalogic	proteomics	SomaScan	7k
Plasma	DNA-binding protein inhibitor ID-1	15402-2	ENSG00000125968	P41134	combined	seq.15402.2	Somalogic	proteomics	SomaScan	7k
Plasma	DNA-binding protein inhibitor ID-2	15403-53	ENSG00000115738	Q02363	combined	seq.15403.53	Somalogic	proteomics	SomaScan	7k
Plasma	Interferon alpha-21	15404-3	ENSG00000137080	P01568	combined	seq.15404.3	Somalogic	proteomics	SomaScan	7k
Plasma	Interferon alpha-4	15405-23	ENSG00000236637	P05014	combined	seq.15405.23	Somalogic	proteomics	SomaScan	7k
Plasma	Baculoviral IAP repeat-containing protein 7	15412-40	ENSG00000101197	Q96CA5	combined	seq.15412.40	Somalogic	proteomics	SomaScan	7k
Plasma	Phosphatidylcholine-sterol acyltransferase	15413-3	ENSG00000213398	P04180	combined	seq.15413.3	Somalogic	proteomics	SomaScan	7k
Plasma	L-lactate dehydrogenase A chain	15414-316	ENSG00000134333|ENSG00000288299	P00338	combined	seq.15414.316	Somalogic	proteomics	SomaScan	7k
Plasma	Lysozyme g-like protein 2	15416-54	ENSG00000185674	Q86SG7	combined	seq.15416.54	Somalogic	proteomics	SomaScan	7k
Plasma	Serpin B5	15417-3	ENSG00000206075	P36952	combined	seq.15417.3	Somalogic	proteomics	SomaScan	7k
Plasma	Mitogen-activated protein kinase 10	15418-25	ENSG00000109339	P53779	combined	seq.15418.25	Somalogic	proteomics	SomaScan	7k
Plasma	Matrix metalloproteinase-20	15419-15	ENSG00000137674	O60882	combined	seq.15419.15	Somalogic	proteomics	SomaScan	7k
Plasma	Myelin P2 protein	15422-12	ENSG00000147588	P02689	combined	seq.15422.12	Somalogic	proteomics	SomaScan	7k
Plasma	Sialidase-1	15426-5	ENSG00000227315|ENSG00000234343|ENSG00000227129|ENSG00000184494|ENSG00000234846|ENSG00000223957|ENSG00000228691|ENSG00000204386	Q99519	combined	seq.15426.5	Somalogic	proteomics	SomaScan	7k
Plasma	Lysyl oxidase homolog 3	15427-35	ENSG00000115318	P58215	combined	seq.15427.35	Somalogic	proteomics	SomaScan	7k
Plasma	Opticin	15430-165	ENSG00000188770	Q9UBM4	combined	seq.15430.165	Somalogic	proteomics	SomaScan	7k
Plasma	Ornithine carbamoyltransferase, mitochondrial	15431-31	ENSG00000036473	P00480	combined	seq.15431.31	Somalogic	proteomics	SomaScan	7k
Plasma	Otoraplin	15432-1	ENSG00000125879	Q9NRC9	combined	seq.15432.1	Somalogic	proteomics	SomaScan	7k
Plasma	Proto-oncogene tyrosine-protein kinase Src	15433-4	ENSG00000197122	P12931	combined	seq.15433.4	Somalogic	proteomics	SomaScan	7k
Plasma	Prepronociceptin	15434-5	ENSG00000168081	Q13519	combined	seq.15434.5	Somalogic	proteomics	SomaScan	7k
Plasma	Purine nucleoside phosphorylase	15435-4	ENSG00000198805	P00491	combined	seq.15435.4	Somalogic	proteomics	SomaScan	7k
Plasma	Receptor activity-modifying protein 1	15436-40	ENSG00000132329	O60894	combined	seq.15436.40	Somalogic	proteomics	SomaScan	7k
Plasma	Receptor activity-modifying protein 3	15437-11	ENSG00000122679	O60896	combined	seq.15437.11	Somalogic	proteomics	SomaScan	7k
Plasma	Rho-related GTP-binding protein RhoE	15439-21	ENSG00000115963	P61587	combined	seq.15439.21	Somalogic	proteomics	SomaScan	7k
Plasma	Neuroendocrine convertase 2	15440-57	ENSG00000125851	P16519	combined	seq.15440.57	Somalogic	proteomics	SomaScan	7k
Plasma	Ganglioside GM2 activator	15441-6	ENSG00000196743	P17900	combined	seq.15441.6	Somalogic	proteomics	SomaScan	7k
Plasma	Serpin B4	15444-45	ENSG00000206073	P48594	combined	seq.15444.45	Somalogic	proteomics	SomaScan	7k
Plasma	Neuregulin-1, sensory and motor neuron-derived factor isoform	15446-25	ENSG00000157168	Q02297	combined	seq.15446.25	Somalogic	proteomics	SomaScan	7k
Plasma	Sorbitol dehydrogenase	15447-45	ENSG00000140263	Q00796	combined	seq.15447.45	Somalogic	proteomics	SomaScan	7k
Plasma	Sequestosome-1	15448-47	ENSG00000161011	Q13501	combined	seq.15448.47	Somalogic	proteomics	SomaScan	7k
Plasma	T-cell immunoglobulin and mucin domain-containing protein 4	15449-33	ENSG00000145850	Q96H15	combined	seq.15449.33	Somalogic	proteomics	SomaScan	7k
Plasma	5'-Nucleotidase	15452-5	ENSG00000135318	P21589	combined	seq.15452.5	Somalogic	proteomics	SomaScan	7k
Plasma	Alpha-1-microglobulin	15453-3	ENSG00000106927	P02760	combined	seq.15453.3	Somalogic	proteomics	SomaScan	7k
Plasma	Disintegrin and metalloproteinase domain-containing protein 15:Extracellular domain	15455-40	ENSG00000143537	Q13444	combined	seq.15455.40	Somalogic	proteomics	SomaScan	7k
Plasma	Aminopeptidase N	15457-14	ENSG00000166825	P15144	combined	seq.15457.14	Somalogic	proteomics	SomaScan	7k
Plasma	Dipeptidyl peptidase 4	15460-9	ENSG00000197635	P27487	combined	seq.15460.9	Somalogic	proteomics	SomaScan	7k
Plasma	T-cell surface glycoprotein CD8 alpha chain	15462-28	ENSG00000153563	P01732	combined	seq.15462.28	Somalogic	proteomics	SomaScan	7k
Plasma	Protein canopy homolog 4	15465-79	ENSG00000166997	Q8N129	combined	seq.15465.79	Somalogic	proteomics	SomaScan	7k
Plasma	Collagen alpha-1(IX) chain	15466-30	ENSG00000112280	P20849	combined	seq.15466.30	Somalogic	proteomics	SomaScan	7k
Plasma	Collagen triple helix repeat-containing protein 1	15467-10	ENSG00000164932	Q96CG8	combined	seq.15467.10	Somalogic	proteomics	SomaScan	7k
Plasma	Complement factor H-related protein 1	15468-14	ENSG00000244414	Q03591	combined	seq.15468.14	Somalogic	proteomics	SomaScan	7k
Plasma	Beta-hexosaminidase subunit beta	15470-11	ENSG00000049860	P07686	combined	seq.15470.11	Somalogic	proteomics	SomaScan	7k
Plasma	Pancreatic lipase-related protein 2	15471-29	ENSG00000266200	P54317	combined	seq.15471.29	Somalogic	proteomics	SomaScan	7k
Plasma	Low-density lipoprotein receptor-related protein 11	15472-16	ENSG00000120256	Q86VZ4	combined	seq.15472.16	Somalogic	proteomics	SomaScan	7k
Plasma	Peptidyl-prolyl cis-trans isomerase NIMA-interacting 1	15474-7	ENSG00000127445	Q13526	combined	seq.15474.7	Somalogic	proteomics	SomaScan	7k
Plasma	Phospholipid transfer protein	15475-4	ENSG00000100979	P55058	combined	seq.15475.4	Somalogic	proteomics	SomaScan	7k
Plasma	Regenerating islet-derived protein 3-gamma	15476-6	ENSG00000143954	Q6UW15	combined	seq.15476.6	Somalogic	proteomics	SomaScan	7k
Plasma	Vascular non-inflammatory molecule 2	15480-2	ENSG00000112303	O95498	combined	seq.15480.2	Somalogic	proteomics	SomaScan	7k
Plasma	Antibacterial protein LL-37	15481-45	ENSG00000164047	P49913	combined	seq.15481.45	Somalogic	proteomics	SomaScan	7k
Plasma	Alpha-2-macroglobulin-like protein 1	15482-12	ENSG00000166535	A8K2U0	combined	seq.15482.12	Somalogic	proteomics	SomaScan	7k
Plasma	Agrin	15483-377	ENSG00000188157	O00468	combined	seq.15483.377	Somalogic	proteomics	SomaScan	7k
Plasma	Amiloride-sensitive amine oxidase [copper-containing]	15486-126	ENSG00000002726	P19801	combined	seq.15486.126	Somalogic	proteomics	SomaScan	7k
Plasma	Liver carboxylesterase 1	15487-164	ENSG00000262243|ENSG00000198848	P23141	combined	seq.15487.164	Somalogic	proteomics	SomaScan	7k
Plasma	Endosialin	15491-20	ENSG00000174807	Q9HCU0	combined	seq.15491.20	Somalogic	proteomics	SomaScan	7k
Plasma	Cysteine-rich motor neuron 1 protein:Extracellular domain	15492-1	ENSG00000150938	Q9NZV1	combined	seq.15492.1	Somalogic	proteomics	SomaScan	7k
Plasma	Fibroblast growth factor-binding protein 1	15494-11	ENSG00000137440	Q14512	combined	seq.15494.11	Somalogic	proteomics	SomaScan	7k
Plasma	Folate receptor gamma	15495-9	ENSG00000110203	P41439	combined	seq.15495.9	Somalogic	proteomics	SomaScan	7k
Plasma	Heparan sulfate glucosamine 3-O-sulfotransferase 1	15497-9	ENSG00000002587	O14792	combined	seq.15497.9	Somalogic	proteomics	SomaScan	7k
Plasma	Attractin	15499-11	ENSG00000088812	O75882	combined	seq.15499.11	Somalogic	proteomics	SomaScan	7k
Plasma	Left-right determination factor 2	15503-15	ENSG00000143768	O00292	combined	seq.15503.15	Somalogic	proteomics	SomaScan	7k
Plasma	Left-right determination factor 2	15503-20	ENSG00000143768	O00292	combined	seq.15503.20	Somalogic	proteomics	SomaScan	7k
Plasma	Baculoviral IAP repeat-containing protein 7 Isoform beta	15504-39	ENSG00000101197	Q96CA5	combined	seq.15504.39	Somalogic	proteomics	SomaScan	7k
Plasma	Low-density lipoprotein receptor-related protein 12	15506-34		Q9Y561	combined	seq.15506.34	Somalogic	proteomics	SomaScan	7k
Plasma	Alpha-N-acetylglucosaminidase	15509-2	ENSG00000108784	P54802	combined	seq.15509.2	Somalogic	proteomics	SomaScan	7k
Plasma	Neuronal pentraxin receptor	15511-37	ENSG00000221890	O95502	combined	seq.15511.37	Somalogic	proteomics	SomaScan	7k
Plasma	Prostasin	15513-108	ENSG00000052344	Q16651	combined	seq.15513.108	Somalogic	proteomics	SomaScan	7k
Plasma	Cholinesterase	15514-26	ENSG00000114200	P06276	combined	seq.15514.26	Somalogic	proteomics	SomaScan	7k
Plasma	Serum amyloid A-1 protein	15515-2	ENSG00000173432	P0DJI8	combined	seq.15515.2	Somalogic	proteomics	SomaScan	7k
Plasma	Serum amyloid A-4 protein	15516-12	ENSG00000148965	P35542	combined	seq.15516.12	Somalogic	proteomics	SomaScan	7k
Plasma	Calsyntenin-1	15521-4	ENSG00000171603	O94985	combined	seq.15521.4	Somalogic	proteomics	SomaScan	7k
Plasma	Golgi-associated plant pathogenesis-related protein 1	15522-2	ENSG00000122694	Q9H4G4	combined	seq.15522.2	Somalogic	proteomics	SomaScan	7k
Plasma	Delta-aminolevulinic acid dehydratase	15523-9	ENSG00000148218	P13716	combined	seq.15523.9	Somalogic	proteomics	SomaScan	7k
Plasma	Phosphoglycerate mutase 2	15524-30	ENSG00000164708	P15259	combined	seq.15524.30	Somalogic	proteomics	SomaScan	7k
Plasma	Alcohol dehydrogenase 1C	15525-294	ENSG00000248144	P00326	combined	seq.15525.294	Somalogic	proteomics	SomaScan	7k
Plasma	Glutathione synthetase	15526-33	ENSG00000100983	P48637	combined	seq.15526.33	Somalogic	proteomics	SomaScan	7k
Plasma	Dihydrolipoyl dehydrogenase, mitochondrial	15527-90	ENSG00000091140	P09622	combined	seq.15527.90	Somalogic	proteomics	SomaScan	7k
Plasma	Cysteine and glycine-rich protein 1	15529-33	ENSG00000159176	P21291	combined	seq.15529.33	Somalogic	proteomics	SomaScan	7k
Plasma	Ephrin type-B receptor 4	15530-33	ENSG00000196411	P54760	combined	seq.15530.33	Somalogic	proteomics	SomaScan	7k
Plasma	Macrophage scavenger receptor types I and II:Extracellular domain	15533-97	ENSG00000038945	P21757	combined	seq.15533.97	Somalogic	proteomics	SomaScan	7k
Plasma	Malate dehydrogenase, mitochondrial	15534-26	ENSG00000146701	P40926	combined	seq.15534.26	Somalogic	proteomics	SomaScan	7k
Plasma	Serine protease 27	15535-3	ENSG00000172382	Q9BQR3	combined	seq.15535.3	Somalogic	proteomics	SomaScan	7k
Plasma	SLIT and NTRK-like protein 1	15539-15		Q96PX8	combined	seq.15539.15	Somalogic	proteomics	SomaScan	7k
Plasma	Vimentin	15540-6	ENSG00000026025	P08670	combined	seq.15540.6	Somalogic	proteomics	SomaScan	7k
Plasma	Creatine kinase U-type, mitochondrial	15542-19	ENSG00000223572|ENSG00000237289	P12532	combined	seq.15542.19	Somalogic	proteomics	SomaScan	7k
Plasma	Kallikrein-14	15544-25	ENSG00000129437	Q9P0G3	combined	seq.15544.25	Somalogic	proteomics	SomaScan	7k
Plasma	Calcineurin subunit B type 1	15545-13	ENSG00000221823	P63098	combined	seq.15545.13	Somalogic	proteomics	SomaScan	7k
Plasma	D-3-phosphoglycerate dehydrogenase	15548-35	ENSG00000092621	O43175	combined	seq.15548.35	Somalogic	proteomics	SomaScan	7k
Plasma	Acetylcholinesterase	15553-22	ENSG00000087085	P22303	combined	seq.15553.22	Somalogic	proteomics	SomaScan	7k
Plasma	Alpha-amylase 2B	15556-49	ENSG00000240038	P19961	combined	seq.15556.49	Somalogic	proteomics	SomaScan	7k
Plasma	Glutamyl aminopeptidase	15558-63	ENSG00000138792	Q07075	combined	seq.15558.63	Somalogic	proteomics	SomaScan	7k
Plasma	Anthrax toxin receptor 2	15559-5	ENSG00000163297	P58335	combined	seq.15559.5	Somalogic	proteomics	SomaScan	7k
Plasma	Transcobalamin-2	15560-52	ENSG00000185339	P20062	combined	seq.15560.52	Somalogic	proteomics	SomaScan	7k
Plasma	Beta-glucuronidase	15562-24	ENSG00000169919	P08236	combined	seq.15562.24	Somalogic	proteomics	SomaScan	7k
Plasma	Mucin-16	15565-102	ENSG00000181143	Q8WXI7	combined	seq.15565.102	Somalogic	proteomics	SomaScan	7k
Plasma	Calponin-1	15566-10	ENSG00000130176	P51911	combined	seq.15566.10	Somalogic	proteomics	SomaScan	7k
Plasma	T-cell surface glycoprotein CD3 zeta chain	15567-2	ENSG00000198821	P20963	combined	seq.15567.2	Somalogic	proteomics	SomaScan	7k
Plasma	Collagen Type II	15569-15	ENSG00000139219	P02458	combined	seq.15569.15	Somalogic	proteomics	SomaScan	7k
Plasma	Complement receptor type 2	15570-99	ENSG00000117322	P20023	combined	seq.15570.99	Somalogic	proteomics	SomaScan	7k
Plasma	Neurocan core protein	15573-110	ENSG00000130287	O14594	combined	seq.15573.110	Somalogic	proteomics	SomaScan	7k
Plasma	Cyclin-A2	15574-37	ENSG00000145386	P20248	combined	seq.15574.37	Somalogic	proteomics	SomaScan	7k
Plasma	Eosinophil cationic protein	15576-158	ENSG00000169397	P12724	combined	seq.15576.158	Somalogic	proteomics	SomaScan	7k
Plasma	Ectonucleotide pyrophosphatase/phosphodiesterase family member 6	15579-26	ENSG00000164303	Q6UWR7	combined	seq.15579.26	Somalogic	proteomics	SomaScan	7k
Plasma	Ephrin type-A receptor 7	15580-2	ENSG00000135333	Q15375	combined	seq.15580.2	Somalogic	proteomics	SomaScan	7k
Plasma	Fibronectin type 3 and ankyrin repeat domains protein 1	15581-16	ENSG00000203780	Q8TC84	combined	seq.15581.16	Somalogic	proteomics	SomaScan	7k
Plasma	Ficolin-1	15582-25	ENSG00000085265	O00602	combined	seq.15582.25	Somalogic	proteomics	SomaScan	7k
Plasma	Fc receptor-like B	15583-18	ENSG00000162746	Q6BAA4	combined	seq.15583.18	Somalogic	proteomics	SomaScan	7k
Plasma	Complement factor H-related protein 2	15584-9	ENSG00000080910	P36980	combined	seq.15584.9	Somalogic	proteomics	SomaScan	7k
Plasma	Fibulin-5	15585-304	ENSG00000140092	Q9UBX5	combined	seq.15585.304	Somalogic	proteomics	SomaScan	7k
Plasma	Folate receptor beta	15587-20	ENSG00000165457	P14207	combined	seq.15587.20	Somalogic	proteomics	SomaScan	7k
Plasma	Alpha-galactosidase A	15588-17	ENSG00000102393	P06280	combined	seq.15588.17	Somalogic	proteomics	SomaScan	7k
Plasma	Vitamin D-binding protein	15589-1	ENSG00000145321	P02774	combined	seq.15589.1	Somalogic	proteomics	SomaScan	7k
Plasma	Glutathione peroxidase 1	15591-28	ENSG00000233276	P07203	combined	seq.15591.28	Somalogic	proteomics	SomaScan	7k
Plasma	Serine protease HTRA1	15594-47	ENSG00000166033	Q92743	combined	seq.15594.47	Somalogic	proteomics	SomaScan	7k
Plasma	Protein HEXIM1	15596-7	ENSG00000186834	O94992	combined	seq.15596.7	Somalogic	proteomics	SomaScan	7k
Plasma	Interleukin-6 receptor subunit alpha	15602-43	ENSG00000160712	P08887	combined	seq.15602.43	Somalogic	proteomics	SomaScan	7k
Plasma	Integrin alpha-2	15603-20	ENSG00000164171	P17301	combined	seq.15603.20	Somalogic	proteomics	SomaScan	7k
Plasma	Mitogen-activated protein kinase 9	15604-18	ENSG00000050748	P45984	combined	seq.15604.18	Somalogic	proteomics	SomaScan	7k
Plasma	Keratin, type I cytoskeletal 19	15606-19	ENSG00000171345	P08727	combined	seq.15606.19	Somalogic	proteomics	SomaScan	7k
Plasma	Pyruvate kinase PKLR	15607-56	ENSG00000143627|ENSG00000262785	P30613	combined	seq.15607.56	Somalogic	proteomics	SomaScan	7k
Plasma	Ribosomal protein S6 kinase beta-1	15608-5	ENSG00000108443	P23443	combined	seq.15608.5	Somalogic	proteomics	SomaScan	7k
Plasma	Cytosol aminopeptidase	15610-72	ENSG00000002549	P28838	combined	seq.15610.72	Somalogic	proteomics	SomaScan	7k
Plasma	Protein lin-7 homolog B	15612-5	ENSG00000104863	Q9HAP6	combined	seq.15612.5	Somalogic	proteomics	SomaScan	7k
Plasma	Pancreatic triacylglycerol lipase	15613-16	ENSG00000175535	P16233	combined	seq.15613.16	Somalogic	proteomics	SomaScan	7k
Plasma	Leukocyte immunoglobulin-like receptor subfamily A member 2	15614-168	ENSG00000239998|ENSG00000275290|ENSG00000274000|ENSG00000278634	Q8N149	combined	seq.15614.168	Somalogic	proteomics	SomaScan	7k
Plasma	Leukocyte immunoglobulin-like receptor subfamily B member 3	15615-8	ENSG00000274587|ENSG00000275019|ENSG00000204577	O75022	combined	seq.15615.8	Somalogic	proteomics	SomaScan	7k
Plasma	Cytokine SCM-1 beta	15617-8	ENSG00000143185	Q9UBD3	combined	seq.15617.8	Somalogic	proteomics	SomaScan	7k
Plasma	Myelin-oligodendrocyte glycoprotein	15619-49	ENSG00000230885|ENSG00000236561|ENSG00000137345|ENSG00000234096|ENSG00000237834|ENSG00000234623|ENSG00000232641|ENSG00000204655	Q16653	combined	seq.15619.49	Somalogic	proteomics	SomaScan	7k
Plasma	Neuroligin-1	15620-4	ENSG00000169760	Q8N2Q7	combined	seq.15620.4	Somalogic	proteomics	SomaScan	7k
Plasma	Opioid-binding protein/cell adhesion molecule	15622-13	ENSG00000183715	Q14982	combined	seq.15622.13	Somalogic	proteomics	SomaScan	7k
Plasma	Programmed cell death protein 1	15623-1	ENSG00000276977|ENSG00000188389	Q15116	combined	seq.15623.1	Somalogic	proteomics	SomaScan	7k
Plasma	Basement membrane-specific heparan sulfate proteoglycan core protein	15626-223	ENSG00000142798	P98160	combined	seq.15626.223	Somalogic	proteomics	SomaScan	7k
Plasma	RAC-alpha serine/threonine-protein kinase	15627-83	ENSG00000142208	P31749	combined	seq.15627.83	Somalogic	proteomics	SomaScan	7k
Plasma	Pregnancy-specific beta-1-glycoprotein 1	15631-18	ENSG00000231924	P11464	combined	seq.15631.18	Somalogic	proteomics	SomaScan	7k
Plasma	Retinol-binding protein 4	15633-6	ENSG00000138207	P02753	combined	seq.15633.6	Somalogic	proteomics	SomaScan	7k
Plasma	Slit homolog 1 protein	15634-139	ENSG00000187122	O75093	combined	seq.15634.139	Somalogic	proteomics	SomaScan	7k
Plasma	SPARC-related modular calcium-binding protein 2	15635-4	ENSG00000112562	Q9H3U7	combined	seq.15635.4	Somalogic	proteomics	SomaScan	7k
Plasma	VPS10 domain-containing receptor SorCS1	15636-49	ENSG00000108018	Q8WY21	combined	seq.15636.49	Somalogic	proteomics	SomaScan	7k
Plasma	VPS10 domain-containing receptor SorCS3	15637-38	ENSG00000156395	Q9UPU3	combined	seq.15637.38	Somalogic	proteomics	SomaScan	7k
Plasma	Transgelin	15640-54	ENSG00000149591	Q01995	combined	seq.15640.54	Somalogic	proteomics	SomaScan	7k
Plasma	Tomoregulin-1	15641-20	ENSG00000241697	Q8IYR6	combined	seq.15641.20	Somalogic	proteomics	SomaScan	7k
Plasma	Biotinidase	15644-1	ENSG00000169814	P43251	combined	seq.15644.1	Somalogic	proteomics	SomaScan	7k
Plasma	Collagen alpha-1(X) chain	15653-9	ENSG00000123500	Q03692	combined	seq.15653.9	Somalogic	proteomics	SomaScan	7k
Plasma	Bone morphogenetic protein 2	15666-21	ENSG00000125845	P12643	combined	seq.15666.21	Somalogic	proteomics	SomaScan	7k
Plasma	Bone morphogenetic protein 4	15667-39	ENSG00000125378	P12644	combined	seq.15667.39	Somalogic	proteomics	SomaScan	7k
Plasma	Bone morphogenetic protein 8B	15668-19	ENSG00000116985	P34820	combined	seq.15668.19	Somalogic	proteomics	SomaScan	7k
Plasma	Serine/threonine-protein kinase B-raf	15669-7	ENSG00000157764	P15056	combined	seq.15669.7	Somalogic	proteomics	SomaScan	7k
Plasma	Complement C1q-like protein 2	15670-15	ENSG00000144119	Q7Z5L3	combined	seq.15670.15	Somalogic	proteomics	SomaScan	7k
Plasma	B-cell antigen receptor complex-associated protein alpha chain	15674-3	ENSG00000105369	P11912	combined	seq.15674.3	Somalogic	proteomics	SomaScan	7k
Plasma	CCAAT/enhancer-binding protein beta	15675-3	ENSG00000172216	P17676	combined	seq.15675.3	Somalogic	proteomics	SomaScan	7k
Plasma	Dickkopf-related protein 2	15678-71	ENSG00000155011	Q9UBU2	combined	seq.15678.71	Somalogic	proteomics	SomaScan	7k
Plasma	Inhibin beta C chain	15686-49	ENSG00000175189	P55103	combined	seq.15686.49	Somalogic	proteomics	SomaScan	7k
Plasma	Protein ERGIC-53	15688-30	ENSG00000074695	P49257	combined	seq.15688.30	Somalogic	proteomics	SomaScan	7k
Plasma	Nodal homolog	15692-300	ENSG00000156574	Q96S42	combined	seq.15692.300	Somalogic	proteomics	SomaScan	7k
Plasma	Progesterone receptor	15693-9	ENSG00000082175	P06401	combined	seq.15693.9	Somalogic	proteomics	SomaScan	7k
Plasma	Alpha-taxilin	15698-6	ENSG00000084652	P40222	combined	seq.15698.6	Somalogic	proteomics	SomaScan	7k
Plasma	Alanine aminotransferase 1	16015-19	ENSG00000167701	P24298	combined	seq.16015.19	Somalogic	proteomics	SomaScan	7k
Plasma	Cadherin-8	16021-30	ENSG00000150394	P55286	combined	seq.16021.30	Somalogic	proteomics	SomaScan	7k
Plasma	Vascular endothelial growth factor receptor 3	16035-8	ENSG00000037280	P35916	combined	seq.16035.8	Somalogic	proteomics	SomaScan	7k
Plasma	SHC-transforming protein 1:Phosphotyrosine Interaction Domain	16043-30	ENSG00000160691	P29353	combined	seq.16043.30	Somalogic	proteomics	SomaScan	7k
Plasma	Oxidized low-density lipoprotein receptor 1	16049-43	ENSG00000173391	P78380	combined	seq.16049.43	Somalogic	proteomics	SomaScan	7k
Plasma	Complement factor H-related protein 5	16055-3	ENSG00000134389	Q9BXR6	combined	seq.16055.3	Somalogic	proteomics	SomaScan	7k
Plasma	Cation-independent mannose-6-phosphate receptor	16057-6	ENSG00000197081	P11717	combined	seq.16057.6	Somalogic	proteomics	SomaScan	7k
Plasma	Nidogen-2	16060-99	ENSG00000087303	Q14112	combined	seq.16060.99	Somalogic	proteomics	SomaScan	7k
Plasma	Wnt inhibitory factor 1	16070-7	ENSG00000156076	Q9Y5W5	combined	seq.16070.7	Somalogic	proteomics	SomaScan	7k
Plasma	GRB2-related adapter protein 2	16074-12	ENSG00000100351	O75791	combined	seq.16074.12	Somalogic	proteomics	SomaScan	7k
Plasma	Tyrosine-protein kinase Tec	16079-2	ENSG00000135605	P42680	combined	seq.16079.2	Somalogic	proteomics	SomaScan	7k
Plasma	Aldo-keto reductase family 1 member B10	16081-38	ENSG00000198074	O60218	combined	seq.16081.38	Somalogic	proteomics	SomaScan	7k
Plasma	Ephrin type-A receptor 4	16288-17	ENSG00000116106	P54764	combined	seq.16288.17	Somalogic	proteomics	SomaScan	7k
Plasma	Gastric inhibitory polypeptide	16292-288	ENSG00000159224	P09681	combined	seq.16292.288	Somalogic	proteomics	SomaScan	7k
Plasma	Somatoliberin	16293-1	ENSG00000118702	P01286	combined	seq.16293.1	Somalogic	proteomics	SomaScan	7k
Plasma	Leucine-rich repeat-containing G-protein coupled receptor 5	16296-43	ENSG00000139292	O75473	combined	seq.16296.43	Somalogic	proteomics	SomaScan	7k
Plasma	Roundabout homolog 4	16297-14	ENSG00000154133	Q8WZ75	combined	seq.16297.14	Somalogic	proteomics	SomaScan	7k
Plasma	Group IID secretory phospholipase A2	16298-84	ENSG00000117215	Q9UNK4	combined	seq.16298.84	Somalogic	proteomics	SomaScan	7k
Plasma	T-cell immunoreceptor with Ig and ITIM domains	16299-13	ENSG00000181847	Q495A1	combined	seq.16299.13	Somalogic	proteomics	SomaScan	7k
Plasma	Triggering receptor expressed on myeloid cells 2	16300-4	ENSG00000095970	Q9NZC2	combined	seq.16300.4	Somalogic	proteomics	SomaScan	7k
Plasma	BPI fold-containing family A member 2	16302-11	ENSG00000131050	Q96DR5	combined	seq.16302.11	Somalogic	proteomics	SomaScan	7k
Plasma	Leucine-rich repeat-containing G-protein coupled receptor 4	16304-6	ENSG00000205213	Q9BXB1	combined	seq.16304.6	Somalogic	proteomics	SomaScan	7k
Plasma	Cadherin-11:Extracellular domain	16305-10	ENSG00000140937	P55287	combined	seq.16305.10	Somalogic	proteomics	SomaScan	7k
Plasma	Netrin receptor UNC5D	16307-22	ENSG00000156687	Q6UXZ4	combined	seq.16307.22	Somalogic	proteomics	SomaScan	7k
Plasma	B- and T-lymphocyte attenuator	16308-14	ENSG00000186265	Q7Z6A9	combined	seq.16308.14	Somalogic	proteomics	SomaScan	7k
Plasma	Dickkopf-like protein 1	16309-30	ENSG00000104901	Q9UK85	combined	seq.16309.30	Somalogic	proteomics	SomaScan	7k
Plasma	Cadherin-6	16312-45	ENSG00000113361	P55285	combined	seq.16312.45	Somalogic	proteomics	SomaScan	7k
Plasma	Vascular endothelial growth factor receptor 1	16315-105	ENSG00000102755	P17948	combined	seq.16315.105	Somalogic	proteomics	SomaScan	7k
Plasma	Desmoglein-3	16317-20	ENSG00000134757	P32926	combined	seq.16317.20	Somalogic	proteomics	SomaScan	7k
Plasma	Serine/threonine-protein kinase receptor R3	16318-12	ENSG00000139567	P37023	combined	seq.16318.12	Somalogic	proteomics	SomaScan	7k
Plasma	CD320 antigen	16320-139	ENSG00000167775	Q9NPF0	combined	seq.16320.139	Somalogic	proteomics	SomaScan	7k
Plasma	Marginal zone B- and B1-cell-specific protein	16322-10	ENSG00000170476	Q8WU39	combined	seq.16322.10	Somalogic	proteomics	SomaScan	7k
Plasma	Neurexin-3	16323-8	ENSG00000021645	Q9Y4C0	combined	seq.16323.8	Somalogic	proteomics	SomaScan	7k
Plasma	Toll-like receptor 1:Extracellular domain	16324-38	ENSG00000174125	Q15399	combined	seq.16324.38	Somalogic	proteomics	SomaScan	7k
Plasma	High mobility group protein HMG-I/HMG-Y	16536-3	ENSG00000137309	P17096	combined	seq.16536.3	Somalogic	proteomics	SomaScan	7k
Plasma	Signal transducer and activator of transcription 5B	16551-14	ENSG00000173757	P51692	combined	seq.16551.14	Somalogic	proteomics	SomaScan	7k
Plasma	Myocilin	16558-2	ENSG00000034971	Q99972	combined	seq.16558.2	Somalogic	proteomics	SomaScan	7k
Plasma	Alpha-1B-glycoprotein	16561-9	ENSG00000121410	P04217	combined	seq.16561.9	Somalogic	proteomics	SomaScan	7k
Plasma	Bis(5'-nucleosyl)-tetraphosphatase [asymmetrical]	16583-8	ENSG00000164978	P50583	combined	seq.16583.8	Somalogic	proteomics	SomaScan	7k
Plasma	N-acetyllactosaminide beta-1,3-N-acetylglucosaminyltransferase 4	16585-16	ENSG00000176383	Q9C0J1	combined	seq.16585.16	Somalogic	proteomics	SomaScan	7k
Plasma	Beta-casein	16587-1	ENSG00000283030|ENSG00000135222	P05814	combined	seq.16587.1	Somalogic	proteomics	SomaScan	7k
Plasma	78 kDa glucose-regulated protein	16588-10	ENSG00000044574	P11021	combined	seq.16588.10	Somalogic	proteomics	SomaScan	7k
Plasma	Acidic mammalian chitinase	16591-71	ENSG00000134216	Q9BZP6	combined	seq.16591.71	Somalogic	proteomics	SomaScan	7k
Plasma	FAS-associated death domain protein	16593-3	ENSG00000168040	Q13158	combined	seq.16593.3	Somalogic	proteomics	SomaScan	7k
Plasma	Fas apoptotic inhibitory molecule 1	16594-44	ENSG00000158234	Q9NVQ4	combined	seq.16594.44	Somalogic	proteomics	SomaScan	7k
Plasma	Glutaredoxin-3	16596-25	ENSG00000108010	O76003	combined	seq.16596.25	Somalogic	proteomics	SomaScan	7k
Plasma	Glutaredoxin-related protein 5, mitochondrial	16597-11	ENSG00000182512	Q86SX6	combined	seq.16597.11	Somalogic	proteomics	SomaScan	7k
Plasma	GPN-loop GTPase 1	16599-38	ENSG00000198522	Q9HCN4	combined	seq.16599.38	Somalogic	proteomics	SomaScan	7k
Plasma	Complement C1q and tumor necrosis factor-related protein 9A	16605-2	ENSG00000240654	P0C862	combined	seq.16605.2	Somalogic	proteomics	SomaScan	7k
Plasma	Aldose reductase	16606-85	ENSG00000085662	P15121	combined	seq.16606.85	Somalogic	proteomics	SomaScan	7k
Plasma	Gelsolin	16607-78	ENSG00000148180	P06396	combined	seq.16607.78	Somalogic	proteomics	SomaScan	7k
Plasma	Kin of IRRE-like protein 2	16609-106	ENSG00000126259	Q6UWL6	combined	seq.16609.106	Somalogic	proteomics	SomaScan	7k
Plasma	Low-density lipoprotein receptor-related protein 10	16610-13	ENSG00000197324	Q7Z4F1	combined	seq.16610.13	Somalogic	proteomics	SomaScan	7k
Plasma	Syndecan-3	16612-28	ENSG00000162512	O75056	combined	seq.16612.28	Somalogic	proteomics	SomaScan	7k
Plasma	Cadherin-17	16613-3	ENSG00000079112	Q12864	combined	seq.16613.3	Somalogic	proteomics	SomaScan	7k
Plasma	R-spondin-1	16614-27	ENSG00000169218	Q2MKA7	combined	seq.16614.27	Somalogic	proteomics	SomaScan	7k
Plasma	Beta-enolase	16616-137	ENSG00000108515	P13929	combined	seq.16616.137	Somalogic	proteomics	SomaScan	7k
Plasma	Early activation antigen CD69	16618-7	ENSG00000110848	Q07108	combined	seq.16618.7	Somalogic	proteomics	SomaScan	7k
Plasma	Lymphocyte antigen 75	16620-26		O60449	combined	seq.16620.26	Somalogic	proteomics	SomaScan	7k
Plasma	NAD(P)H-hydrate epimerase	16621-77	ENSG00000163382	Q8NCW5	combined	seq.16621.77	Somalogic	proteomics	SomaScan	7k
Plasma	Activin B	16746-12	ENSG00000163083	P09529	combined	seq.16746.12	Somalogic	proteomics	SomaScan	7k
Plasma	Bone morphogenetic protein 3	16748-1	ENSG00000152785	P12645	combined	seq.16748.1	Somalogic	proteomics	SomaScan	7k
Plasma	Growth/differentiation factor 10	16749-79	ENSG00000266524	P55107	combined	seq.16749.79	Somalogic	proteomics	SomaScan	7k
Plasma	Natriuretic peptides B	16751-15	ENSG00000120937	P16860	combined	seq.16751.15	Somalogic	proteomics	SomaScan	7k
Plasma	Collagen alpha-2(VI) chain	16753-46	ENSG00000142173	P12110	combined	seq.16753.46	Somalogic	proteomics	SomaScan	7k
Plasma	Peripheral plasma membrane protein CASK	16754-40	ENSG00000147044	O14936	combined	seq.16754.40	Somalogic	proteomics	SomaScan	7k
Plasma	Growth/differentiation factor 3	16755-195	ENSG00000184344	Q9NR23	combined	seq.16755.195	Somalogic	proteomics	SomaScan	7k
Plasma	Growth/differentiation factor 7	16756-30	ENSG00000143869	Q7Z4P5	combined	seq.16756.30	Somalogic	proteomics	SomaScan	7k
Plasma	Hepatoma-derived growth factor	16758-96	ENSG00000143321	P51858	combined	seq.16758.96	Somalogic	proteomics	SomaScan	7k
Plasma	Interleukin-26	16760-2	ENSG00000111536	Q9NPH9	combined	seq.16760.2	Somalogic	proteomics	SomaScan	7k
Plasma	Leukocyte cell-derived chemotaxin-2	16763-11	ENSG00000145826	O14960	combined	seq.16763.11	Somalogic	proteomics	SomaScan	7k
Plasma	Platelet basic protein	16765-52	ENSG00000163736	P02775	combined	seq.16765.52	Somalogic	proteomics	SomaScan	7k
Plasma	Junction plakoglobin	16768-3	ENSG00000173801	P14923	combined	seq.16768.3	Somalogic	proteomics	SomaScan	7k
Plasma	Ras-related C3 botulinum toxin substrate 3	16769-20	ENSG00000169750	P60763	combined	seq.16769.20	Somalogic	proteomics	SomaScan	7k
Plasma	Lithostathine-1-beta	16770-3	ENSG00000172023	P48304	combined	seq.16770.3	Somalogic	proteomics	SomaScan	7k
Plasma	Signal peptide, CUB and EGF-like domain-containing protein 3	16773-29	ENSG00000146197	Q8IX30	combined	seq.16773.29	Somalogic	proteomics	SomaScan	7k
Plasma	Internal Use Only: Heat shock 70 kDa protein 1A	16780-6	ENSG00000234475|ENSG00000204389|ENSG00000215328|ENSG00000235941|ENSG00000237724	P0DMV8	combined	seq.16780.6	Somalogic	proteomics	SomaScan	7k
Plasma	Cytosolic endo-beta-N-acetylglucosaminidase	16781-2	ENSG00000167280	Q8NFI3	combined	seq.16781.2	Somalogic	proteomics	SomaScan	7k
Plasma	Defensin-5	16785-45	ENSG00000285251|ENSG00000164816	Q01523	combined	seq.16785.45	Somalogic	proteomics	SomaScan	7k
Plasma	Sialic acid-binding Ig-like lectin 5	16792-4	ENSG00000105501	O15389	combined	seq.16792.4	Somalogic	proteomics	SomaScan	7k
Plasma	OCIA domain-containing protein 1	16802-31	ENSG00000109180	Q9NX40	combined	seq.16802.31	Somalogic	proteomics	SomaScan	7k
Plasma	Calretinin	16803-4	ENSG00000172137|ENSG00000282830	P22676	combined	seq.16803.4	Somalogic	proteomics	SomaScan	7k
Plasma	cGMP-specific 3',5'-cyclic phosphodiesterase	16805-5	ENSG00000138735	O76074	combined	seq.16805.5	Somalogic	proteomics	SomaScan	7k
Plasma	Troponin T, fast skeletal muscle	16807-35	ENSG00000130595|ENSG00000288250	P45378	combined	seq.16807.35	Somalogic	proteomics	SomaScan	7k
Plasma	Nucleoside diphosphate kinase, mitochondrial	16809-1	ENSG00000103202	O00746	combined	seq.16809.1	Somalogic	proteomics	SomaScan	7k
Plasma	Rab GDP dissociation inhibitor alpha	16810-3	ENSG00000203879	P31150	combined	seq.16810.3	Somalogic	proteomics	SomaScan	7k
Plasma	Four and a half LIM domains protein 1	16814-13	ENSG00000022267	Q13642	combined	seq.16814.13	Somalogic	proteomics	SomaScan	7k
Plasma	CUB domain-containing protein 1	16818-200	ENSG00000163814	Q9H5V8	combined	seq.16818.200	Somalogic	proteomics	SomaScan	7k
Plasma	Apolipoprotein L3	16823-75	ENSG00000128284	O95236	combined	seq.16823.75	Somalogic	proteomics	SomaScan	7k
Plasma	Ataxin-3	16825-20	ENSG00000066427	P54252	combined	seq.16825.20	Somalogic	proteomics	SomaScan	7k
Plasma	Collagen alpha-1(VI) chain	16828-8	ENSG00000142156	P12109	combined	seq.16828.8	Somalogic	proteomics	SomaScan	7k
Plasma	Docking protein 1	16831-7	ENSG00000115325	Q99704	combined	seq.16831.7	Somalogic	proteomics	SomaScan	7k
Plasma	Complement factor H-related protein 3	16836-1	ENSG00000116785	Q02985	combined	seq.16836.1	Somalogic	proteomics	SomaScan	7k
Plasma	CASP8 and FADD-like apoptosis regulator	16837-20	ENSG00000003402	O15519	combined	seq.16837.20	Somalogic	proteomics	SomaScan	7k
Plasma	Myelin protein zero-like protein 1	16845-15	ENSG00000197965	O95297	combined	seq.16845.15	Somalogic	proteomics	SomaScan	7k
Plasma	Ras-related protein Rab-3B	16847-39	ENSG00000169213	P20337	combined	seq.16847.39	Somalogic	proteomics	SomaScan	7k
Plasma	Regulator of G-protein signaling 5	16850-5	ENSG00000143248	O15539	combined	seq.16850.5	Somalogic	proteomics	SomaScan	7k
Plasma	Protein SCO2 homolog, mitochondrial	16851-50	ENSG00000284194	O43819	combined	seq.16851.50	Somalogic	proteomics	SomaScan	7k
Plasma	Na(+)/H(+) exchange regulatory cofactor NHE-RF3	16852-10	ENSG00000174827	Q5T2W1	combined	seq.16852.10	Somalogic	proteomics	SomaScan	7k
Plasma	Nicotinamide riboside kinase 1	16853-5	Bacterial	Q9NWW6	combined	seq.16853.5	Somalogic	proteomics	SomaScan	7k
Plasma	U6 snRNA-associated Sm-like protein LSm4	16854-17	ENSG00000130520	Q9Y4Z0	combined	seq.16854.17	Somalogic	proteomics	SomaScan	7k
Plasma	Microtubule-associated protein RP/EB family member 2	16856-79	ENSG00000166974	Q15555	combined	seq.16856.79	Somalogic	proteomics	SomaScan	7k
Plasma	Ras-related protein Rab-2A	16857-2	ENSG00000104388	P61019	combined	seq.16857.2	Somalogic	proteomics	SomaScan	7k
Plasma	Reticulocalbin-3	16858-384	ENSG00000142552	Q96D15	combined	seq.16858.384	Somalogic	proteomics	SomaScan	7k
Plasma	Endophilin-B1	16859-100	ENSG00000097033	Q9Y371	combined	seq.16859.100	Somalogic	proteomics	SomaScan	7k
Plasma	N-acylneuraminate-9-phosphatase	16863-47	ENSG00000170191	Q8TBE9	combined	seq.16863.47	Somalogic	proteomics	SomaScan	7k
Plasma	TATA-binding protein-associated factor 2N	16865-62	ENSG00000270647|ENSG00000276833	Q92804	combined	seq.16865.62	Somalogic	proteomics	SomaScan	7k
Plasma	Cyclin-dependent kinase 16	16867-76	5127	Q00536	combined	seq.16867.76	Somalogic	proteomics	SomaScan	7k
Plasma	Maleylacetoacetate isomerase	16872-248	ENSG00000100577	O43708	combined	seq.16872.248	Somalogic	proteomics	SomaScan	7k
Plasma	Protein mago nashi homolog 2	16875-13	ENSG00000111196	Q96A72	combined	seq.16875.13	Somalogic	proteomics	SomaScan	7k
Plasma	Methionine-R-sulfoxide reductase B2, mitochondrial	16877-19	ENSG00000148450	Q9Y3D2	combined	seq.16877.19	Somalogic	proteomics	SomaScan	7k
Plasma	14 kDa phosphohistidine phosphatase	16882-27	ENSG00000054148	Q9NRX4	combined	seq.16882.27	Somalogic	proteomics	SomaScan	7k
Plasma	Ras-related protein Rab-4A	16883-57	ENSG00000168118	P20338	combined	seq.16883.57	Somalogic	proteomics	SomaScan	7k
Plasma	Microtubule-associated protein RP/EB family member 3	16885-49	ENSG00000084764	Q9UPY8	combined	seq.16885.49	Somalogic	proteomics	SomaScan	7k
Plasma	Peptidyl-tRNA hydrolase 2, mitochondrial	16887-29	ENSG00000141378	Q9Y3E5	combined	seq.16887.29	Somalogic	proteomics	SomaScan	7k
Plasma	ADAMTS-like protein 1	16890-37	ENSG00000178031	Q8N6G6	combined	seq.16890.37	Somalogic	proteomics	SomaScan	7k
Plasma	Ectonucleotide pyrophosphatase/phosphodiesterase family member 2	16892-23	ENSG00000136960	Q13822	combined	seq.16892.23	Somalogic	proteomics	SomaScan	7k
Plasma	Oxysterol-binding protein-related protein 9	16899-59	ENSG00000117859	Q96SU4	combined	seq.16899.59	Somalogic	proteomics	SomaScan	7k
Plasma	MAM domain-containing glycosylphosphatidylinositol anchor protein 1	16900-29	ENSG00000112139	Q8NFP4	combined	seq.16900.29	Somalogic	proteomics	SomaScan	7k
Plasma	Lysosome-associated membrane glycoprotein 1	16902-17	ENSG00000185896	P11279	combined	seq.16902.17	Somalogic	proteomics	SomaScan	7k
Plasma	Cell adhesion molecule 2	16907-3	ENSG00000175161	Q8N3J6	combined	seq.16907.3	Somalogic	proteomics	SomaScan	7k
Plasma	Oligodendrocyte-myelin glycoprotein	16908-5	ENSG00000126861	P23515	combined	seq.16908.5	Somalogic	proteomics	SomaScan	7k
Plasma	Ribonuclease T2	16913-8	ENSG00000026297	O00584	combined	seq.16913.8	Somalogic	proteomics	SomaScan	7k
Plasma	Monocyte differentiation antigen CD14, soluble	16914-104	ENSG00000170458	P08571	combined	seq.16914.104	Somalogic	proteomics	SomaScan	7k
Plasma	Semaphorin-4A	16915-153	ENSG00000196189	Q9H3S1	combined	seq.16915.153	Somalogic	proteomics	SomaScan	7k
Plasma	SLIT and NTRK-like protein 6	16916-19		Q9H5Y7	combined	seq.16916.19	Somalogic	proteomics	SomaScan	7k
Plasma	Toll-like receptor 3	16918-198	ENSG00000164342	O15455	combined	seq.16918.198	Somalogic	proteomics	SomaScan	7k
Plasma	Acyl-CoA-binding protein	16919-1	ENSG00000155368	P07108	combined	seq.16919.1	Somalogic	proteomics	SomaScan	7k
Plasma	Plexin-B3	16922-53	ENSG00000198753	Q9ULL4	combined	seq.16922.53	Somalogic	proteomics	SomaScan	7k
Plasma	Profilin-2	16923-20	ENSG00000070087	P35080	combined	seq.16923.20	Somalogic	proteomics	SomaScan	7k
Plasma	Alkaline phosphatase, tissue-nonspecific isozyme	16926-44	ENSG00000162551	P05186	combined	seq.16926.44	Somalogic	proteomics	SomaScan	7k
Plasma	Coagulation factor XIII	16927-9	ENSG00000143278|ENSG00000124491	P05160|P00488	combined	seq.16927.9	Somalogic	proteomics	SomaScan	7k
Plasma	Estrogen sulfotransferase	16932-5	ENSG00000109193	P49888	combined	seq.16932.5	Somalogic	proteomics	SomaScan	7k
Plasma	Hemoglobin subunit beta	17137-160	ENSG00000244734	P68871	combined	seq.17137.160	Somalogic	proteomics	SomaScan	7k
Plasma	Glutathione S-transferase A1	17138-8	ENSG00000243955	P08263	combined	seq.17138.8	Somalogic	proteomics	SomaScan	7k
Plasma	Platelet-derived growth factor D	17140-57	ENSG00000170962	Q9GZP0	combined	seq.17140.57	Somalogic	proteomics	SomaScan	7k
Plasma	Protein S100-A8/A9 heterodimer	17145-1	ENSG00000163220|ENSG00000143546	P06702|P05109	combined	seq.17145.1	Somalogic	proteomics	SomaScan	7k
Plasma	Flavin reductase (NADPH)	17148-7	ENSG00000090013	P30043	combined	seq.17148.7	Somalogic	proteomics	SomaScan	7k
Plasma	10 kDa heat shock protein, mitochondrial	17150-8	ENSG00000115541	P61604	combined	seq.17150.8	Somalogic	proteomics	SomaScan	7k
Plasma	Interferon regulatory factor 3	17151-84	ENSG00000126456	Q14653	combined	seq.17151.84	Somalogic	proteomics	SomaScan	7k
Plasma	Killer cell immunoglobulin-like receptor 2DS4	17152-10	ENSG00000276885|ENSG00000274957|ENSG00000274406|ENSG00000276634|ENSG00000284264|ENSG00000283870|ENSG00000275731|ENSG00000276154|ENSG00000274947|ENSG00000275353|ENSG00000276395|ENSG00000283882	P43632	combined	seq.17152.10	Somalogic	proteomics	SomaScan	7k
Plasma	Killer cell immunoglobulin-like receptor 2DL3	17153-46	ENSG00000274830|ENSG00000284510|ENSG00000275623|ENSG00000284333|ENSG00000274952|ENSG00000274108|ENSG00000277317|ENSG00000283702|ENSG00000274402|ENSG00000277924|ENSG00000274410|ENSG00000277484|ENSG00000283790|ENSG00000284504|ENSG00000276459|ENSG00000276218|ENSG00000275008|ENSG00000278327|ENSG00000275658|ENSG00000283708|ENSG00000273887|ENSG00000276590|ENSG00000243772|ENSG00000277554	P43628	combined	seq.17153.46	Somalogic	proteomics	SomaScan	7k
Plasma	Prostaglandin E synthase 3	17154-2	ENSG00000110958	Q15185	combined	seq.17154.2	Somalogic	proteomics	SomaScan	7k
Plasma	Vacuolar protein sorting-associated protein 28 homolog	17155-1	ENSG00000160948|ENSG00000285339	Q9UK41	combined	seq.17155.1	Somalogic	proteomics	SomaScan	7k
Plasma	Serine/threonine-protein kinase DCLK1	17156-72	ENSG00000133083	O15075	combined	seq.17156.72	Somalogic	proteomics	SomaScan	7k
Plasma	Ubiquitin-conjugating enzyme E2 G1	17158-17	ENSG00000132388	P62253	combined	seq.17158.17	Somalogic	proteomics	SomaScan	7k
Plasma	Dolichyl-diphosphooligosaccharide--protein glycosyltransferase 48 kDa subunit	17161-1	ENSG00000244038	P39656	combined	seq.17161.1	Somalogic	proteomics	SomaScan	7k
Plasma	Annexin A3	17163-117	ENSG00000138772	P12429	combined	seq.17163.117	Somalogic	proteomics	SomaScan	7k
Plasma	Annexin A4	17164-15	ENSG00000196975	P09525	combined	seq.17164.15	Somalogic	proteomics	SomaScan	7k
Plasma	Beta-thromboglobulin	17165-1	ENSG00000163736	P02775	combined	seq.17165.1	Somalogic	proteomics	SomaScan	7k
Plasma	Fibroblast growth factor 8 isoform F	17166-4	ENSG00000107831	P55075	combined	seq.17166.4	Somalogic	proteomics	SomaScan	7k
Plasma	Calcitonin gene-related peptide 2	17170-15	ENSG00000175868	P10092	combined	seq.17170.15	Somalogic	proteomics	SomaScan	7k
Plasma	Statherin	17172-19	ENSG00000126549|ENSG00000282891	P02808	combined	seq.17172.19	Somalogic	proteomics	SomaScan	7k
Plasma	Dual specificity mitogen-activated protein kinase kinase 6	17175-5	ENSG00000108984	P52564	combined	seq.17175.5	Somalogic	proteomics	SomaScan	7k
Plasma	PC4 and SFRS1-interacting protein	17176-13	ENSG00000164985	O75475	combined	seq.17176.13	Somalogic	proteomics	SomaScan	7k
Plasma	BAG family molecular chaperone regulator 1	17195-43	ENSG00000107262	Q99933	combined	seq.17195.43	Somalogic	proteomics	SomaScan	7k
Plasma	ATP-dependent Clp protease proteolytic subunit, mitochondrial	17196-5	ENSG00000125656	Q16740	combined	seq.17196.5	Somalogic	proteomics	SomaScan	7k
Plasma	Hypoxia-inducible factor 1-alpha inhibitor	17199-43	ENSG00000166135	Q9NWT6	combined	seq.17199.43	Somalogic	proteomics	SomaScan	7k
Plasma	Killer cell immunoglobulin-like receptor 2DL1	17200-50	ENSG00000276625|ENSG00000273794|ENSG00000278821|ENSG00000125498|ENSG00000277833|ENSG00000278495|ENSG00000278738	P43626	combined	seq.17200.50	Somalogic	proteomics	SomaScan	7k
Plasma	Programmed cell death protein 4	17202-37	ENSG00000150593	Q53EL6	combined	seq.17202.37	Somalogic	proteomics	SomaScan	7k
Plasma	Phenylethanolamine N-methyltransferase	17204-17	ENSG00000141744	P11086	combined	seq.17204.17	Somalogic	proteomics	SomaScan	7k
Plasma	Ras-related protein Rab-5A	17205-21	ENSG00000144566	P20339	combined	seq.17205.21	Somalogic	proteomics	SomaScan	7k
Plasma	Sulfotransferase family cytosolic 2B member 1	17209-27	ENSG00000088002	O00204	combined	seq.17209.27	Somalogic	proteomics	SomaScan	7k
Plasma	T-cell leukemia/lymphoma protein 1A	17210-2	ENSG00000100721	P56279	combined	seq.17210.2	Somalogic	proteomics	SomaScan	7k
Plasma	Mimecan	17224-12	ENSG00000106809	P20774	combined	seq.17224.12	Somalogic	proteomics	SomaScan	7k
Plasma	Plastin-2	17231-1	ENSG00000136167	P13796	combined	seq.17231.1	Somalogic	proteomics	SomaScan	7k
Plasma	Selenoprotein H	17319-1	ENSG00000211450	Q8IZQ5	combined	seq.17319.1	Somalogic	proteomics	SomaScan	7k
Plasma	L-aminoadipate-semialdehyde dehydrogenase-phosphopantetheinyl transferase	17320-19	ENSG00000149313	Q9NRN7	combined	seq.17320.19	Somalogic	proteomics	SomaScan	7k
Plasma	Guanylate kinase	17325-10	ENSG00000143774	Q16774	combined	seq.17325.10	Somalogic	proteomics	SomaScan	7k
Plasma	Dual specificity protein phosphatase 23	17326-44	ENSG00000158716	Q9BVJ7	combined	seq.17326.44	Somalogic	proteomics	SomaScan	7k
Plasma	Protein canopy homolog 3	17327-3	ENSG00000137161	Q9BT09	combined	seq.17327.3	Somalogic	proteomics	SomaScan	7k
Plasma	3-hydroxybutyrate dehydrogenase type 2	17329-2	ENSG00000164039	Q9BUT1	combined	seq.17329.2	Somalogic	proteomics	SomaScan	7k
Plasma	Kremen protein 1	17331-138	ENSG00000183762	Q96MU8	combined	seq.17331.138	Somalogic	proteomics	SomaScan	7k
Plasma	Poly(ADP-ribose) glycohydrolase ARH3	17332-3	ENSG00000116863	Q9NX46	combined	seq.17332.3	Somalogic	proteomics	SomaScan	7k
Plasma	Medium-chain specific acyl-CoA dehydrogenase, mitochondrial	17333-20	ENSG00000117054	P11310	combined	seq.17333.20	Somalogic	proteomics	SomaScan	7k
Plasma	Vesicle-associated membrane protein 2	17335-18	ENSG00000220205	P63027	combined	seq.17335.18	Somalogic	proteomics	SomaScan	7k
Plasma	Cyclic AMP-responsive element-binding protein 3-like protein 2	17336-54	ENSG00000182158	Q70SY1	combined	seq.17336.54	Somalogic	proteomics	SomaScan	7k
Plasma	Transcriptional repressor protein YY1	17337-1	ENSG00000100811	P25490	combined	seq.17337.1	Somalogic	proteomics	SomaScan	7k
Plasma	Acetyl-CoA acetyltransferase, cytosolic	17341-89	ENSG00000120437	Q9BWD1	combined	seq.17341.89	Somalogic	proteomics	SomaScan	7k
Plasma	Anterior gradient protein 3	17342-13	ENSG00000173467	Q8TD06	combined	seq.17342.13	Somalogic	proteomics	SomaScan	7k
Plasma	Syntaphilin	17343-6	ENSG00000101298	O15079	combined	seq.17343.6	Somalogic	proteomics	SomaScan	7k
Plasma	Stomatin-like protein 1	17344-23	ENSG00000067221	Q9UBI4	combined	seq.17344.23	Somalogic	proteomics	SomaScan	7k
Plasma	Prostaglandin reductase 3	17345-12	ENSG00000180011	Q8N4Q0	combined	seq.17345.12	Somalogic	proteomics	SomaScan	7k
Plasma	Follicular dendritic cell secreted peptide	17346-61	ENSG00000181617	Q8NFU4	combined	seq.17346.61	Somalogic	proteomics	SomaScan	7k
Plasma	Axin interactor, dorsalization-associated protein	17347-80	ENSG00000186063	Q96BJ3	combined	seq.17347.80	Somalogic	proteomics	SomaScan	7k
Plasma	Synaptojanin-2-binding protein	17348-5	ENSG00000213463	P57105	combined	seq.17348.5	Somalogic	proteomics	SomaScan	7k
Plasma	Charged multivesicular body protein 2b	17350-13	ENSG00000083937	Q9UQN3	combined	seq.17350.13	Somalogic	proteomics	SomaScan	7k
Plasma	Synaptotagmin-4	17355-56	ENSG00000132872	Q9H2B2	combined	seq.17355.56	Somalogic	proteomics	SomaScan	7k
Plasma	Interleukin-1 family member 10	17356-34	ENSG00000136697	Q8WWZ1	combined	seq.17356.34	Somalogic	proteomics	SomaScan	7k
Plasma	O-phosphoseryl-tRNA(Sec) selenium transferase	17357-33	ENSG00000109618	Q9HD40	combined	seq.17357.33	Somalogic	proteomics	SomaScan	7k
Plasma	Von Hippel-Lindau disease tumor suppressor	17362-5	ENSG00000134086	P40337	combined	seq.17362.5	Somalogic	proteomics	SomaScan	7k
Plasma	U2 small nuclear ribonucleoprotein B''	17364-8	ENSG00000125870	P08579	combined	seq.17364.8	Somalogic	proteomics	SomaScan	7k
Plasma	Kynurenine--oxoglutarate transaminase 1	17365-7	ENSG00000171097	Q16773	combined	seq.17365.7	Somalogic	proteomics	SomaScan	7k
Plasma	DCN1-like protein 1	17366-6	ENSG00000043093	Q96GG9	combined	seq.17366.6	Somalogic	proteomics	SomaScan	7k
Plasma	Stathmin	17367-5	ENSG00000117632	P16949	combined	seq.17367.5	Somalogic	proteomics	SomaScan	7k
Plasma	Mycophenolic acid acyl-glucuronide esterase, mitochondrial	17370-186	ENSG00000144827	Q9NUJ1	combined	seq.17370.186	Somalogic	proteomics	SomaScan	7k
Plasma	Eukaryotic translation initiation factor 4E-binding protein 1	17372-5		Q13541	combined	seq.17372.5	Somalogic	proteomics	SomaScan	7k
Plasma	Aldo-keto reductase family 1 member C3	17377-1	ENSG00000196139	P42330	combined	seq.17377.1	Somalogic	proteomics	SomaScan	7k
Plasma	Ubiquitin-conjugating enzyme E2 K	17380-2	ENSG00000078140	P61086	combined	seq.17380.2	Somalogic	proteomics	SomaScan	7k
Plasma	StAR-related lipid transfer protein 5	17383-4	ENSG00000172345	Q9NSY2	combined	seq.17383.4	Somalogic	proteomics	SomaScan	7k
Plasma	ATP-dependent 6-phosphofructokinase, muscle type	17384-110	ENSG00000152556	P08237	combined	seq.17384.110	Somalogic	proteomics	SomaScan	7k
Plasma	NF-kappa-B inhibitor beta	17387-27	ENSG00000104825|ENSG00000282905	Q15653	combined	seq.17387.27	Somalogic	proteomics	SomaScan	7k
Plasma	Splicing factor 45	17391-10	ENSG00000134453	Q96I25	combined	seq.17391.10	Somalogic	proteomics	SomaScan	7k
Plasma	Short-chain specific acyl-CoA dehydrogenase, mitochondrial	17393-13	ENSG00000122971	P16219	combined	seq.17393.13	Somalogic	proteomics	SomaScan	7k
Plasma	Alcohol dehydrogenase 1A	17396-23	ENSG00000187758	P07327	combined	seq.17396.23	Somalogic	proteomics	SomaScan	7k
Plasma	Estradiol 17-beta-dehydrogenase 11	17397-8	ENSG00000198189	Q8NBQ5	combined	seq.17397.8	Somalogic	proteomics	SomaScan	7k
Plasma	Heme oxygenase 1	17398-55	ENSG00000100292	P09601	combined	seq.17398.55	Somalogic	proteomics	SomaScan	7k
Plasma	Acyl-coenzyme A thioesterase 8	17400-71	ENSG00000101473	O14734	combined	seq.17400.71	Somalogic	proteomics	SomaScan	7k
Plasma	Short/branched chain specific acyl-CoA dehydrogenase, mitochondrial	17403-14	ENSG00000196177	P45954	combined	seq.17403.14	Somalogic	proteomics	SomaScan	7k
Plasma	ADP-ribosylation factor-like protein 5B	17404-5	ENSG00000165997	Q96KC2	combined	seq.17404.5	Somalogic	proteomics	SomaScan	7k
Plasma	Ubiquitin carboxyl-terminal hydrolase isozyme L5	17405-2	ENSG00000116750	Q9Y5K5	combined	seq.17405.2	Somalogic	proteomics	SomaScan	7k
Plasma	Phosphomannomutase 1	17408-2	ENSG00000100417	Q92871	combined	seq.17408.2	Somalogic	proteomics	SomaScan	7k
Plasma	Centrin-3	17410-5	ENSG00000153140	O15182	combined	seq.17410.5	Somalogic	proteomics	SomaScan	7k
Plasma	Ubiquitin recognition factor in ER-associated degradation protein 1	17411-55	ENSG00000070010	Q92890	combined	seq.17411.55	Somalogic	proteomics	SomaScan	7k
Plasma	Testin	17419-17	ENSG00000135269	Q9UGI8	combined	seq.17419.17	Somalogic	proteomics	SomaScan	7k
Plasma	Neuroligin-3	17427-26	ENSG00000196338	Q9NZ94	combined	seq.17427.26	Somalogic	proteomics	SomaScan	7k
Plasma	Adenylate kinase 4, mitochondrial	17432-25	ENSG00000162433	P27144	combined	seq.17432.25	Somalogic	proteomics	SomaScan	7k
Plasma	Electron transfer flavoprotein subunit alpha, mitochondrial	17435-43	ENSG00000140374	P13804	combined	seq.17435.43	Somalogic	proteomics	SomaScan	7k
Plasma	Casein kinase I isoform gamma-2	17436-193	ENSG00000133275	P78368	combined	seq.17436.193	Somalogic	proteomics	SomaScan	7k
Plasma	Intestinal-type alkaline phosphatase	17441-4	ENSG00000163295	P09923	combined	seq.17441.4	Somalogic	proteomics	SomaScan	7k
Plasma	Secreted frizzled-related protein 4	17447-52	ENSG00000106483	Q6FHJ7	combined	seq.17447.52	Somalogic	proteomics	SomaScan	7k
Plasma	CD9 antigen	17449-23	ENSG00000010278	P21926	combined	seq.17449.23	Somalogic	proteomics	SomaScan	7k
Plasma	Histidine--tRNA ligase, cytoplasmic	17450-51	ENSG00000170445	P12081	combined	seq.17450.51	Somalogic	proteomics	SomaScan	7k
Plasma	Bcl-2-like protein 11	17451-13	ENSG00000153094	O43521	combined	seq.17451.13	Somalogic	proteomics	SomaScan	7k
Plasma	Ceruloplasmin	17453-34	ENSG00000047457	P00450	combined	seq.17453.34	Somalogic	proteomics	SomaScan	7k
Plasma	Epidermal growth factor-like protein 6	17454-15	ENSG00000198759	Q8IUX8	combined	seq.17454.15	Somalogic	proteomics	SomaScan	7k
Plasma	Folate receptor alpha	17455-42	ENSG00000110195	P15328	combined	seq.17455.42	Somalogic	proteomics	SomaScan	7k
Plasma	Golgi membrane protein 1	17456-53	ENSG00000135052	Q8NBJ4	combined	seq.17456.53	Somalogic	proteomics	SomaScan	7k
Plasma	Interferon-induced GTP-binding protein Mx1	17460-51	ENSG00000157601	P20591	combined	seq.17460.51	Somalogic	proteomics	SomaScan	7k
Plasma	Interferon regulatory factor 1	17462-19	ENSG00000125347	P10914	combined	seq.17462.19	Somalogic	proteomics	SomaScan	7k
Plasma	Acyl-CoA synthetase family member 2, mitochondrial	17466-72	ENSG00000167107	Q96CM8	combined	seq.17466.72	Somalogic	proteomics	SomaScan	7k
Plasma	Dehydrogenase/reductase SDR family member 9	17467-1	ENSG00000073737	Q9BPW9	combined	seq.17467.1	Somalogic	proteomics	SomaScan	7k
Plasma	Suppressor of fused homolog	17468-1	ENSG00000107882	Q9UMX1	combined	seq.17468.1	Somalogic	proteomics	SomaScan	7k
Plasma	YEATS domain-containing protein 4	17474-106	ENSG00000127337	O95619	combined	seq.17474.106	Somalogic	proteomics	SomaScan	7k
Plasma	Lymphokine-activated killer T-cell-originated protein kinase	17475-18	ENSG00000168078	Q96KB5	combined	seq.17475.18	Somalogic	proteomics	SomaScan	7k
Plasma	SH3 domain-binding glutamic acid-rich-like protein 3	17490-4	ENSG00000142669	Q9H299	combined	seq.17490.4	Somalogic	proteomics	SomaScan	7k
Plasma	NAD-dependent protein deacetylase sirtuin-3, mitochondrial	17495-141	ENSG00000142082	Q9NTG7	combined	seq.17495.141	Somalogic	proteomics	SomaScan	7k
Plasma	N-acetylated-alpha-linked acidic dipeptidase-like protein	17505-125	ENSG00000168060	Q9UQQ1	combined	seq.17505.125	Somalogic	proteomics	SomaScan	7k
Plasma	4-hydroxyphenylpyruvate dioxygenase	17509-6	ENSG00000158104	P32754	combined	seq.17509.6	Somalogic	proteomics	SomaScan	7k
Plasma	Signal recognition particle 14 kDa protein	17510-7	ENSG00000140319	P37108	combined	seq.17510.7	Somalogic	proteomics	SomaScan	7k
Plasma	Ribonuclease P protein subunit p30	17511-10	ENSG00000148688	P78346	combined	seq.17511.10	Somalogic	proteomics	SomaScan	7k
Plasma	N-myc-interactor	17512-2	ENSG00000123609	Q13287	combined	seq.17512.2	Somalogic	proteomics	SomaScan	7k
Plasma	Annexin A11	17513-11	ENSG00000122359	P50995	combined	seq.17513.11	Somalogic	proteomics	SomaScan	7k
Plasma	Ras-related protein Rab-21	17514-48	ENSG00000080371	Q9UL25	combined	seq.17514.48	Somalogic	proteomics	SomaScan	7k
Plasma	Heat shock 70 kDa protein 13	17515-6	ENSG00000155304	P48723	combined	seq.17515.6	Somalogic	proteomics	SomaScan	7k
Plasma	Ras-related protein Rab-3A	17516-7	ENSG00000105649	P20336	combined	seq.17516.7	Somalogic	proteomics	SomaScan	7k
Plasma	Inhibitor of growth protein 4	17671-58	ENSG00000111653	Q9UNL4	combined	seq.17671.58	Somalogic	proteomics	SomaScan	7k
Plasma	Gastric intrinsic factor	17672-184	ENSG00000134812	P27352	combined	seq.17672.184	Somalogic	proteomics	SomaScan	7k
Plasma	Carbonic anhydrase 5B, mitochondrial	17673-34	ENSG00000169239	Q9Y2D0	combined	seq.17673.34	Somalogic	proteomics	SomaScan	7k
Plasma	Acyl-coenzyme A thioesterase 13	17675-17	ENSG00000112304	Q9NPJ3	combined	seq.17675.17	Somalogic	proteomics	SomaScan	7k
Plasma	Cdc42-interacting protein 4	17676-13	ENSG00000125733	Q15642	combined	seq.17676.13	Somalogic	proteomics	SomaScan	7k
Plasma	CD160 antigen	17677-47	ENSG00000117281	O95971	combined	seq.17677.47	Somalogic	proteomics	SomaScan	7k
Plasma	V-set and immunoglobulin domain-containing protein 4	17678-28	ENSG00000155659	Q9Y279	combined	seq.17678.28	Somalogic	proteomics	SomaScan	7k
Plasma	Ephrin type-B receptor 1	17680-12	ENSG00000154928	P54762	combined	seq.17680.12	Somalogic	proteomics	SomaScan	7k
Plasma	Membrane cofactor protein	17682-1	ENSG00000117335	P15529	combined	seq.17682.1	Somalogic	proteomics	SomaScan	7k
Plasma	COMM domain-containing protein 9	17683-2	ENSG00000110442	Q9P000	combined	seq.17683.2	Somalogic	proteomics	SomaScan	7k
Plasma	Apolipoprotein A-IV	17685-9	ENSG00000110244	P06727	combined	seq.17685.9	Somalogic	proteomics	SomaScan	7k
Plasma	Tubulin-folding cofactor B	17686-27	ENSG00000105254	Q99426	combined	seq.17686.27	Somalogic	proteomics	SomaScan	7k
Plasma	Tripeptidyl-peptidase 1	17691-1	ENSG00000166340	O14773	combined	seq.17691.1	Somalogic	proteomics	SomaScan	7k
Plasma	Butyrophilin subfamily 3 member A3	17692-2	ENSG00000111801	O00478	combined	seq.17692.2	Somalogic	proteomics	SomaScan	7k
Plasma	Septin-6	17693-2	ENSG00000125354	Q14141	combined	seq.17693.2	Somalogic	proteomics	SomaScan	7k
Plasma	Proteasome activator complex subunit 2	17694-32	ENSG00000100911|ENSG00000284889	Q9UL46	combined	seq.17694.32	Somalogic	proteomics	SomaScan	7k
Plasma	TIR domain-containing adapter molecule 2	17696-1	ENSG00000243414	Q86XR7	combined	seq.17696.1	Somalogic	proteomics	SomaScan	7k
Plasma	Esterase OVCA2	17697-2	ENSG00000262664	Q8WZ82	combined	seq.17697.2	Somalogic	proteomics	SomaScan	7k
Plasma	WW domain-binding protein 2	17698-15	ENSG00000132471	Q969T9	combined	seq.17698.15	Somalogic	proteomics	SomaScan	7k
Plasma	Protein timeless homolog	17699-43	ENSG00000111602	Q9UNS1	combined	seq.17699.43	Somalogic	proteomics	SomaScan	7k
Plasma	UDP-glucuronosyltransferase 1-1	17702-53	ENSG00000241635	P22309	combined	seq.17702.53	Somalogic	proteomics	SomaScan	7k
Plasma	Geminin	17703-40	ENSG00000112312	O75496	combined	seq.17703.40	Somalogic	proteomics	SomaScan	7k
Plasma	Heat shock protein 105 kDa	17704-74	ENSG00000120694	Q92598	combined	seq.17704.74	Somalogic	proteomics	SomaScan	7k
Plasma	Protein phosphatase 1 regulatory subunit 1A	17706-4	ENSG00000135447	Q13522	combined	seq.17706.4	Somalogic	proteomics	SomaScan	7k
Plasma	Tumor protein D53	17710-40	ENSG00000111907	Q16890	combined	seq.17710.40	Somalogic	proteomics	SomaScan	7k
Plasma	Vesicle-associated membrane protein 1	17711-13	ENSG00000139190	P23763	combined	seq.17711.13	Somalogic	proteomics	SomaScan	7k
Plasma	Isopentenyl-diphosphate Delta-isomerase 1	17712-7	ENSG00000067064	Q13907	combined	seq.17712.7	Somalogic	proteomics	SomaScan	7k
Plasma	Growth arrest-specific protein 7	17721-82	ENSG00000007237	O60861	combined	seq.17721.82	Somalogic	proteomics	SomaScan	7k
Plasma	Peptidyl-prolyl cis-trans isomerase FKBP4	17722-5	ENSG00000004478	Q02790	combined	seq.17722.5	Somalogic	proteomics	SomaScan	7k
Plasma	WW domain-containing oxidoreductase	17724-3	ENSG00000186153	Q9NZC7	combined	seq.17724.3	Somalogic	proteomics	SomaScan	7k
Plasma	Harmonin	17725-37	ENSG00000006611	Q9Y6N9	combined	seq.17725.37	Somalogic	proteomics	SomaScan	7k
Plasma	GTP-binding protein SAR1a	17726-3	ENSG00000079332	Q9NR31	combined	seq.17726.3	Somalogic	proteomics	SomaScan	7k
Plasma	Securin	17727-1	ENSG00000164611	O95997	combined	seq.17727.1	Somalogic	proteomics	SomaScan	7k
Plasma	Charged multivesicular body protein 2a	17728-61	ENSG00000130724	O43633	combined	seq.17728.61	Somalogic	proteomics	SomaScan	7k
Plasma	Ubiquitin-conjugating enzyme E2 S	17729-20	ENSG00000108106	Q16763	combined	seq.17729.20	Somalogic	proteomics	SomaScan	7k
Plasma	Alpha-endosulfine	17734-13	ENSG00000143420	O43768	combined	seq.17734.13	Somalogic	proteomics	SomaScan	7k
Plasma	Gamma-aminobutyric acid receptor-associated protein	17735-130	ENSG00000170296	O95166	combined	seq.17735.130	Somalogic	proteomics	SomaScan	7k
Plasma	Aprataxin	17736-105	ENSG00000137074	Q7Z2E3	combined	seq.17736.105	Somalogic	proteomics	SomaScan	7k
Plasma	Isovaleryl-CoA dehydrogenase, mitochondrial	17737-7	ENSG00000128928	P26440	combined	seq.17737.7	Somalogic	proteomics	SomaScan	7k
Plasma	Cornulin	17738-7	ENSG00000143536	Q9UBG3	combined	seq.17738.7	Somalogic	proteomics	SomaScan	7k
Plasma	Hydroxyacyl-coenzyme A dehydrogenase, mitochondrial	17739-1	ENSG00000138796	Q16836	combined	seq.17739.1	Somalogic	proteomics	SomaScan	7k
Plasma	Ras-related protein R-Ras	17742-2	ENSG00000126458	P10301	combined	seq.17742.2	Somalogic	proteomics	SomaScan	7k
Plasma	Ubiquitin-conjugating enzyme E2 A	17743-14	ENSG00000077721	P49459	combined	seq.17743.14	Somalogic	proteomics	SomaScan	7k
Plasma	Ras-related protein Rab-11A	17744-31	ENSG00000103769	P62491	combined	seq.17744.31	Somalogic	proteomics	SomaScan	7k
Plasma	Mitochondrial fission 1 protein	17746-77	ENSG00000214253	Q9Y3D6	combined	seq.17746.77	Somalogic	proteomics	SomaScan	7k
Plasma	TNF receptor-associated factor 1	17747-45	ENSG00000056558	Q13077	combined	seq.17747.45	Somalogic	proteomics	SomaScan	7k
Plasma	Quinone oxidoreductase PIG3	17748-21	ENSG00000115129	Q53FA7	combined	seq.17748.21	Somalogic	proteomics	SomaScan	7k
Plasma	Ribonucleoside-diphosphate reductase subunit M2	17750-8	ENSG00000171848	P31350	combined	seq.17750.8	Somalogic	proteomics	SomaScan	7k
Plasma	Beta-crystallin B1	17751-68	ENSG00000100122	P53674	combined	seq.17751.68	Somalogic	proteomics	SomaScan	7k
Plasma	Arginase-2, mitochondrial	17752-24	ENSG00000081181	P78540	combined	seq.17752.24	Somalogic	proteomics	SomaScan	7k
Plasma	UDP-glucose 6-dehydrogenase	17755-5	ENSG00000109814	O60701	combined	seq.17755.5	Somalogic	proteomics	SomaScan	7k
Plasma	Deoxycytidylate deaminase	17756-69	ENSG00000129187	P32321	combined	seq.17756.69	Somalogic	proteomics	SomaScan	7k
Plasma	Calcium-binding protein 39	17757-86	ENSG00000135932	Q9Y376	combined	seq.17757.86	Somalogic	proteomics	SomaScan	7k
Plasma	L-xylulose reductase	17758-79	ENSG00000169738	Q7Z4W1	combined	seq.17758.79	Somalogic	proteomics	SomaScan	7k
Plasma	WD repeat-containing protein 5	17760-128	ENSG00000196363	P61964	combined	seq.17760.128	Somalogic	proteomics	SomaScan	7k
Plasma	ADP-sugar pyrophosphatase	17761-2	ENSG00000165609	Q9UKK9	combined	seq.17761.2	Somalogic	proteomics	SomaScan	7k
Plasma	Rho-related GTP-binding protein RhoC	17764-108	ENSG00000155366	P08134	combined	seq.17764.108	Somalogic	proteomics	SomaScan	7k
Plasma	Snurportin-1	17765-3	ENSG00000169371	O95149	combined	seq.17765.3	Somalogic	proteomics	SomaScan	7k
Plasma	Neutrophil cytosol factor 1	17766-5	ENSG00000158517	P14598	combined	seq.17766.5	Somalogic	proteomics	SomaScan	7k
Plasma	Hydroxyacid oxidase 1	17768-50	ENSG00000101323	Q9UJM8	combined	seq.17768.50	Somalogic	proteomics	SomaScan	7k
Plasma	PEST proteolytic signal-containing nuclear protein	17769-28	ENSG00000081154	Q8WW12	combined	seq.17769.28	Somalogic	proteomics	SomaScan	7k
Plasma	ER membrane protein complex subunit 8	17770-42	ENSG00000131148	O43402	combined	seq.17770.42	Somalogic	proteomics	SomaScan	7k
Plasma	DNA-directed RNA polymerase III subunit RPC9	17771-35	ENSG00000241258	O75575	combined	seq.17771.35	Somalogic	proteomics	SomaScan	7k
Plasma	Ubiquitin D	17772-7	ENSG00000228913|ENSG00000231968|ENSG00000206468|ENSG00000213886	O15205	combined	seq.17772.7	Somalogic	proteomics	SomaScan	7k
Plasma	Gamma-soluble NSF attachment protein	17773-26	ENSG00000134265	Q99747	combined	seq.17773.26	Somalogic	proteomics	SomaScan	7k
Plasma	Small nuclear ribonucleoprotein Sm D3	17774-38	ENSG00000100028	P62318	combined	seq.17774.38	Somalogic	proteomics	SomaScan	7k
Plasma	Transgelin-3	17775-8	ENSG00000144834	Q9UI15	combined	seq.17775.8	Somalogic	proteomics	SomaScan	7k
Plasma	Peroxisomal trans-2-enoyl-CoA reductase	17776-15	ENSG00000115425	Q9BY49	combined	seq.17776.15	Somalogic	proteomics	SomaScan	7k
Plasma	Serine dehydratase-like	17777-31	ENSG00000139410	Q96GA7	combined	seq.17777.31	Somalogic	proteomics	SomaScan	7k
Plasma	Ras-related protein Rab-32	17778-19	ENSG00000118508	Q13637	combined	seq.17778.19	Somalogic	proteomics	SomaScan	7k
Plasma	Microtubule-associated proteins 1A/1B light chain 3A	17781-191	ENSG00000101460	Q9H492	combined	seq.17781.191	Somalogic	proteomics	SomaScan	7k
Plasma	3-ketoacyl-CoA thiolase, peroxisomal	17782-23	ENSG00000060971	P09110	combined	seq.17782.23	Somalogic	proteomics	SomaScan	7k
Plasma	Cob(I)yrinic acid a,c-diamide adenosyltransferase, mitochondrial	17783-9	ENSG00000139428	Q96EY8	combined	seq.17783.9	Somalogic	proteomics	SomaScan	7k
Plasma	Glia maturation factor beta	17784-23	ENSG00000197045	P60983	combined	seq.17784.23	Somalogic	proteomics	SomaScan	7k
Plasma	2'-deoxynucleoside 5'-phosphate N-hydrolase 1	17785-11	ENSG00000112667	O43598	combined	seq.17785.11	Somalogic	proteomics	SomaScan	7k
Plasma	Geranylgeranyl pyrophosphate synthase	17786-5	ENSG00000152904	O95749	combined	seq.17786.5	Somalogic	proteomics	SomaScan	7k
Plasma	Enoyl-CoA hydratase, mitochondrial	17787-1	ENSG00000127884	P30084	combined	seq.17787.1	Somalogic	proteomics	SomaScan	7k
Plasma	Nicotinate-nucleotide pyrophosphorylase [carboxylating]	17789-1	ENSG00000103485	Q15274	combined	seq.17789.1	Somalogic	proteomics	SomaScan	7k
Plasma	Hippocalcin-like protein 1	17791-25	ENSG00000115756	P37235	combined	seq.17791.25	Somalogic	proteomics	SomaScan	7k
Plasma	Succinate-semialdehyde dehydrogenase, mitochondrial	17792-158	ENSG00000112294	P51649	combined	seq.17792.158	Somalogic	proteomics	SomaScan	7k
Plasma	GTP-binding protein Di-Ras1	17793-4	ENSG00000176490	O95057	combined	seq.17793.4	Somalogic	proteomics	SomaScan	7k
Plasma	Phosphomannomutase 2	17794-6	ENSG00000140650	O15305	combined	seq.17794.6	Somalogic	proteomics	SomaScan	7k
Plasma	U6 snRNA-associated Sm-like protein LSm1	17795-176	ENSG00000175324	O15116	combined	seq.17795.176	Somalogic	proteomics	SomaScan	7k
Plasma	Inositol monophosphatase 1	17796-15	ENSG00000133731	P29218	combined	seq.17796.15	Somalogic	proteomics	SomaScan	7k
Plasma	Cullin-1	17797-1	ENSG00000055130	Q13616	combined	seq.17797.1	Somalogic	proteomics	SomaScan	7k
Plasma	6-phosphogluconolactonase	17799-9	ENSG00000130313	O95336	combined	seq.17799.9	Somalogic	proteomics	SomaScan	7k
Plasma	SCAN domain-containing protein 1	17800-33	ENSG00000171222	P57086	combined	seq.17800.33	Somalogic	proteomics	SomaScan	7k
Plasma	Sialic acid synthase	17802-4	ENSG00000095380	Q9NR45	combined	seq.17802.4	Somalogic	proteomics	SomaScan	7k
Plasma	Pyridoxine-5'-phosphate oxidase	17804-102	ENSG00000108439	Q9NVS9	combined	seq.17804.102	Somalogic	proteomics	SomaScan	7k
Plasma	Survival of motor neuron-related-splicing factor 30	17805-35	ENSG00000119953	O75940	combined	seq.17805.35	Somalogic	proteomics	SomaScan	7k
Plasma	Syntenin-1	17806-6	ENSG00000137575	O00560	combined	seq.17806.6	Somalogic	proteomics	SomaScan	7k
Plasma	Omega-amidase NIT2	17808-37	ENSG00000114021	Q9NQR4	combined	seq.17808.37	Somalogic	proteomics	SomaScan	7k
Plasma	Sulfotransferase 1C2	17811-78	ENSG00000198203	O00338	combined	seq.17811.78	Somalogic	proteomics	SomaScan	7k
Plasma	Protein tyrosine phosphatase type IVA 1	17812-2	ENSG00000112245	Q93096	combined	seq.17812.2	Somalogic	proteomics	SomaScan	7k
Plasma	Valacyclovir hydrolase	17813-21	ENSG00000137274	Q86WA6	combined	seq.17813.21	Somalogic	proteomics	SomaScan	7k
Plasma	3'(2'),5'-bisphosphate nucleotidase 1	17814-8	ENSG00000162813	O95861	combined	seq.17814.8	Somalogic	proteomics	SomaScan	7k
Plasma	Neurocalcin-delta	17816-58	ENSG00000104490	P61601	combined	seq.17816.58	Somalogic	proteomics	SomaScan	7k
Plasma	DNA damage-inducible transcript 4 protein	17817-22	ENSG00000168209	Q9NX09	combined	seq.17817.22	Somalogic	proteomics	SomaScan	7k
Plasma	Protein SGT1 homolog	17818-22	ENSG00000165416	Q9Y2Z0	combined	seq.17818.22	Somalogic	proteomics	SomaScan	7k
Plasma	Acylpyruvase FAHD1, mitochondrial	17819-30	ENSG00000180185	Q6P587	combined	seq.17819.30	Somalogic	proteomics	SomaScan	7k
Plasma	Myeloid leukemia factor 1	17820-170	ENSG00000178053	P58340	combined	seq.17820.170	Somalogic	proteomics	SomaScan	7k
Plasma	Glycylpeptide N-tetradecanoyltransferase 2	17821-20	ENSG00000152465	O60551	combined	seq.17821.20	Somalogic	proteomics	SomaScan	7k
Plasma	Ras-related and estrogen-regulated growth inhibitor	17822-57	ENSG00000134533	Q96A58	combined	seq.17822.57	Somalogic	proteomics	SomaScan	7k
Plasma	Small nuclear ribonucleoprotein Sm D2	17823-40	ENSG00000125743	P62316	combined	seq.17823.40	Somalogic	proteomics	SomaScan	7k
Plasma	Elongation factor 1-delta	17826-341	ENSG00000273594|ENSG00000104529	P29692	combined	seq.17826.341	Somalogic	proteomics	SomaScan	7k
Plasma	Dynein light chain roadblock-type 2	17827-53	ENSG00000168589	Q8TF09	combined	seq.17827.53	Somalogic	proteomics	SomaScan	7k
Plasma	Protein S100-A14	17828-3	ENSG00000189334	Q9HCY8	combined	seq.17828.3	Somalogic	proteomics	SomaScan	7k
Plasma	Three prime repair exonuclease 2	17829-2	ENSG00000183479	Q9BQ50	combined	seq.17829.2	Somalogic	proteomics	SomaScan	7k
Plasma	Isopentenyl-diphosphate delta-isomerase 2	17832-12	ENSG00000148377	Q9BXS1	combined	seq.17832.12	Somalogic	proteomics	SomaScan	7k
Plasma	Annexin A13	17835-28	ENSG00000104537	P27216	combined	seq.17835.28	Somalogic	proteomics	SomaScan	7k
Plasma	Protein S100-A16	17836-17	ENSG00000188643	Q96FQ6	combined	seq.17836.17	Somalogic	proteomics	SomaScan	7k
Plasma	Chloride intracellular channel protein 2	17837-5	ENSG00000155962	O15247	combined	seq.17837.5	Somalogic	proteomics	SomaScan	7k
Plasma	Phosphopantothenate--cysteine ligase	17843-30	ENSG00000127125	Q9HAB8	combined	seq.17843.30	Somalogic	proteomics	SomaScan	7k
Plasma	Developmentally-regulated GTP-binding protein 1	17849-6	ENSG00000185721	Q9Y295	combined	seq.17849.6	Somalogic	proteomics	SomaScan	7k
Plasma	Krueppel-like factor 4	17850-42	ENSG00000136826	O43474	combined	seq.17850.42	Somalogic	proteomics	SomaScan	7k
Plasma	Protein phosphatase methylesterase 1	17852-5	ENSG00000214517	Q9Y570	combined	seq.17852.5	Somalogic	proteomics	SomaScan	7k
Plasma	N-alpha-acetyltransferase 10	17854-33	ENSG00000102030	P41227	combined	seq.17854.33	Somalogic	proteomics	SomaScan	7k
Plasma	Regulator of G-protein signaling 4	17855-28	ENSG00000117152	P49798	combined	seq.17855.28	Somalogic	proteomics	SomaScan	7k
Plasma	5'(3')-deoxyribonucleotidase, mitochondrial	17856-23	ENSG00000205309	Q9NPB1	combined	seq.17856.23	Somalogic	proteomics	SomaScan	7k
Plasma	Long-chain specific acyl-CoA dehydrogenase, mitochondrial	17857-6	ENSG00000115361	P28330	combined	seq.17857.6	Somalogic	proteomics	SomaScan	7k
Plasma	Ubiquitin-like-conjugating enzyme ATG3	18156-7	ENSG00000144848	Q9NT62	combined	seq.18156.7	Somalogic	proteomics	SomaScan	7k
Plasma	Caspase-8	18158-45	ENSG00000064012	Q14790	combined	seq.18158.45	Somalogic	proteomics	SomaScan	7k
Plasma	Protein-L-isoaspartate(D-aspartate) O-methyltransferase	18160-2	ENSG00000120265	P22061	combined	seq.18160.2	Somalogic	proteomics	SomaScan	7k
Plasma	Interleukin-1 receptor-associated kinase 4	18162-167	ENSG00000198001	Q9NWZ3	combined	seq.18162.167	Somalogic	proteomics	SomaScan	7k
Plasma	Ubiquitin-conjugating enzyme E2 variant 2	18165-181	ENSG00000169139	Q15819	combined	seq.18165.181	Somalogic	proteomics	SomaScan	7k
Plasma	Rho-related GTP-binding protein RhoB	18166-4	ENSG00000143878	P62745	combined	seq.18166.4	Somalogic	proteomics	SomaScan	7k
Plasma	Pyrroline-5-carboxylate reductase 1, mitochondrial	18170-46	ENSG00000183010	P32322	combined	seq.18170.46	Somalogic	proteomics	SomaScan	7k
Plasma	C-X-C motif chemokine 11	18171-25	ENSG00000169248	O14625	combined	seq.18171.25	Somalogic	proteomics	SomaScan	7k
Plasma	Histone chaperone ASF1A	18172-71	ENSG00000111875	Q9Y294	combined	seq.18172.71	Somalogic	proteomics	SomaScan	7k
Plasma	Aflatoxin B1 aldehyde reductase member 3	18173-11	ENSG00000162482	O95154	combined	seq.18173.11	Somalogic	proteomics	SomaScan	7k
Plasma	Programmed cell death 6-interacting protein	18174-79	ENSG00000170248	Q8WUM4	combined	seq.18174.79	Somalogic	proteomics	SomaScan	7k
Plasma	Synaptic vesicle membrane protein VAT-1 homolog	18175-65	ENSG00000108828	Q99536	combined	seq.18175.65	Somalogic	proteomics	SomaScan	7k
Plasma	NEDD8-activating enzyme E1 regulatory subunit	18177-49	ENSG00000159593	Q13564	combined	seq.18177.49	Somalogic	proteomics	SomaScan	7k
Plasma	Serine--tRNA ligase, cytoplasmic	18178-13	ENSG00000031698	P49591	combined	seq.18178.13	Somalogic	proteomics	SomaScan	7k
Plasma	Spermine synthase	18179-56	ENSG00000102172	P52788	combined	seq.18179.56	Somalogic	proteomics	SomaScan	7k
Plasma	Reticulon-4-interacting protein 1, mitochondrial	18180-58	ENSG00000130347	Q8WWV3	combined	seq.18180.58	Somalogic	proteomics	SomaScan	7k
Plasma	Protein TSSC4	18181-2	ENSG00000184281	Q9Y5U2	combined	seq.18181.2	Somalogic	proteomics	SomaScan	7k
Plasma	Phosphoenolpyruvate carboxykinase, cytosolic [GTP]	18182-24	ENSG00000124253	P35558	combined	seq.18182.24	Somalogic	proteomics	SomaScan	7k
Plasma	Low density lipoprotein receptor adapter protein 1	18183-3	ENSG00000157978	Q5SW96	combined	seq.18183.3	Somalogic	proteomics	SomaScan	7k
Plasma	GMP synthase [glutamine-hydrolyzing]	18184-28	ENSG00000163655	P49915	combined	seq.18184.28	Somalogic	proteomics	SomaScan	7k
Plasma	Fructose-bisphosphate aldolase B	18185-118	ENSG00000136872	P05062	combined	seq.18185.118	Somalogic	proteomics	SomaScan	7k
Plasma	Threonine--tRNA ligase, cytoplasmic	18186-15	ENSG00000113407	P26639	combined	seq.18186.15	Somalogic	proteomics	SomaScan	7k
Plasma	Aspartoacylase	18187-16	ENSG00000108381	P45381	combined	seq.18187.16	Somalogic	proteomics	SomaScan	7k
Plasma	Glycine amidinotransferase, mitochondrial	18188-12	ENSG00000171766	P50440	combined	seq.18188.12	Somalogic	proteomics	SomaScan	7k
Plasma	Vacuolar protein-sorting-associated protein 25	18189-12	ENSG00000131475	Q9BRG1	combined	seq.18189.12	Somalogic	proteomics	SomaScan	7k
Plasma	Caspase recruitment domain-containing protein 18	18190-15	ENSG00000255501	P57730	combined	seq.18190.15	Somalogic	proteomics	SomaScan	7k
Plasma	Ran-specific GTPase-activating protein	18191-23	ENSG00000099901	P43487	combined	seq.18191.23	Somalogic	proteomics	SomaScan	7k
Plasma	Melanoma-associated antigen 5	18192-69		P43359	combined	seq.18192.69	Somalogic	proteomics	SomaScan	7k
Plasma	Mortality factor 4-like protein 1	18193-165	ENSG00000185787	Q9UBU8	combined	seq.18193.165	Somalogic	proteomics	SomaScan	7k
Plasma	Fatty acid-binding protein 9	18194-18	ENSG00000205186	Q0Z7S8	combined	seq.18194.18	Somalogic	proteomics	SomaScan	7k
Plasma	Oral cancer-overexpressed protein 1	18195-3	ENSG00000149716	Q8WV07	combined	seq.18195.3	Somalogic	proteomics	SomaScan	7k
Plasma	Afamin	18196-8	ENSG00000079557	P43652	combined	seq.18196.8	Somalogic	proteomics	SomaScan	7k
Plasma	Creatine kinase S-type, mitochondrial	18197-97	ENSG00000131730	P17540	combined	seq.18197.97	Somalogic	proteomics	SomaScan	7k
Plasma	Hemoglobin subunit theta-1	18198-51	ENSG00000086506	P09105	combined	seq.18198.51	Somalogic	proteomics	SomaScan	7k
Plasma	Leukocyte antigen CD37	18202-22	ENSG00000104894	P11049	combined	seq.18202.22	Somalogic	proteomics	SomaScan	7k
Plasma	Gamma-crystallin C	18203-9	ENSG00000163254|ENSG00000285011	P07315	combined	seq.18203.9	Somalogic	proteomics	SomaScan	7k
Plasma	Transcription elongation factor A protein 1	18204-1	ENSG00000187735	P23193	combined	seq.18204.1	Somalogic	proteomics	SomaScan	7k
Plasma	Melanoma-associated antigen 6	18205-123	ENSG00000197172	P43360	combined	seq.18205.123	Somalogic	proteomics	SomaScan	7k
Plasma	Alcohol dehydrogenase 6	18206-18	ENSG00000172955	P28332	combined	seq.18206.18	Somalogic	proteomics	SomaScan	7k
Plasma	Charged multivesicular body protein 1b	18207-6	ENSG00000255112	Q7LBR1	combined	seq.18207.6	Somalogic	proteomics	SomaScan	7k
Plasma	G2/mitotic-specific cyclin-B2	18208-3	ENSG00000157456	O95067	combined	seq.18208.3	Somalogic	proteomics	SomaScan	7k
Plasma	Spindlin-1	18210-12	ENSG00000106723	Q9Y657	combined	seq.18210.12	Somalogic	proteomics	SomaScan	7k
Plasma	Glutathione S-transferase Mu 5	18212-43	ENSG00000134201	P46439	combined	seq.18212.43	Somalogic	proteomics	SomaScan	7k
Plasma	NEDD8-conjugating enzyme UBE2F	18213-30	ENSG00000184182	Q969M7	combined	seq.18213.30	Somalogic	proteomics	SomaScan	7k
Plasma	Glutamate--cysteine ligase regulatory subunit	18214-2	ENSG00000023909	P48507	combined	seq.18214.2	Somalogic	proteomics	SomaScan	7k
Plasma	Probable tRNA(His) guanylyltransferase	18215-5	ENSG00000113272	Q9NWX6	combined	seq.18215.5	Somalogic	proteomics	SomaScan	7k
Plasma	Interleukin-11 receptor subunit alpha	18216-22	ENSG00000137070	Q14626	combined	seq.18216.22	Somalogic	proteomics	SomaScan	7k
Plasma	CB1 cannabinoid receptor-interacting protein 1	18218-48	ENSG00000119865	Q96F85	combined	seq.18218.48	Somalogic	proteomics	SomaScan	7k
Plasma	Steroid receptor RNA activator 1	18220-141	ENSG00000213523	Q9HD15	combined	seq.18220.141	Somalogic	proteomics	SomaScan	7k
Plasma	Endophilin-B2	18222-34	ENSG00000148341	Q9NR46	combined	seq.18222.34	Somalogic	proteomics	SomaScan	7k
Plasma	Charged multivesicular body protein 1a	18224-11	ENSG00000131165	Q9HD42	combined	seq.18224.11	Somalogic	proteomics	SomaScan	7k
Plasma	Heme-binding protein 1	18225-13	ENSG00000013583	Q9NRV9	combined	seq.18225.13	Somalogic	proteomics	SomaScan	7k
Plasma	Cytochrome c oxidase subunit 5A, mitochondrial	18226-148	ENSG00000178741	P20674	combined	seq.18226.148	Somalogic	proteomics	SomaScan	7k
Plasma	Cyclin-dependent kinase 2-associated protein 2	18227-3	ENSG00000167797	O75956	combined	seq.18227.3	Somalogic	proteomics	SomaScan	7k
Plasma	Nucleolar protein 16	18228-30	ENSG00000048162	Q9Y3C1	combined	seq.18228.30	Somalogic	proteomics	SomaScan	7k
Plasma	Prion-like protein doppel	18231-147	ENSG00000171864	Q9UKY0	combined	seq.18231.147	Somalogic	proteomics	SomaScan	7k
Plasma	Phosphatidylinositol 5-phosphate 4-kinase type-2 beta	18232-42	ENSG00000276293|ENSG00000277292	P78356	combined	seq.18232.42	Somalogic	proteomics	SomaScan	7k
Plasma	Aspartate aminotransferase, mitochondrial	18233-10	ENSG00000125166	P00505	combined	seq.18233.10	Somalogic	proteomics	SomaScan	7k
Plasma	Glycerol-3-phosphate phosphatase	18235-16	ENSG00000184207	A6NDG6	combined	seq.18235.16	Somalogic	proteomics	SomaScan	7k
Plasma	Galectin-related protein	18236-3	ENSG00000119862	Q3ZCW2	combined	seq.18236.3	Somalogic	proteomics	SomaScan	7k
Plasma	Nuclear receptor-interacting protein 3	18237-29	ENSG00000175352	Q9NQ35	combined	seq.18237.29	Somalogic	proteomics	SomaScan	7k
Plasma	Olfactory marker protein	18240-6	ENSG00000254550	P47874	combined	seq.18240.6	Somalogic	proteomics	SomaScan	7k
Plasma	Oxygen-dependent coproporphyrinogen-III oxidase, mitochondrial	18241-18	ENSG00000080819	P36551	combined	seq.18241.18	Somalogic	proteomics	SomaScan	7k
Plasma	Sperm surface protein Sp17	18242-8	ENSG00000064199	Q15506	combined	seq.18242.8	Somalogic	proteomics	SomaScan	7k
Plasma	UMP-CMP kinase	18243-9	ENSG00000162368	P30085	combined	seq.18243.9	Somalogic	proteomics	SomaScan	7k
Plasma	Annexin A7	18244-1	ENSG00000138279	P20073	combined	seq.18244.1	Somalogic	proteomics	SomaScan	7k
Plasma	Single-stranded DNA-binding protein, mitochondrial	18253-8	ENSG00000262771|ENSG00000106028	Q04837	combined	seq.18253.8	Somalogic	proteomics	SomaScan	7k
Plasma	NADH-cytochrome b5 reductase 1	18255-6	ENSG00000159348	Q9UHQ9	combined	seq.18255.6	Somalogic	proteomics	SomaScan	7k
Plasma	Signal recognition particle 19 kDa protein	18257-64	ENSG00000153037	P09132	combined	seq.18257.64	Somalogic	proteomics	SomaScan	7k
Plasma	Homeobox protein MOX-2	18259-15	ENSG00000106511	P50222	combined	seq.18259.15	Somalogic	proteomics	SomaScan	7k
Plasma	Protein NATD1	18261-34	ENSG00000274180	Q8N6N6	combined	seq.18261.34	Somalogic	proteomics	SomaScan	7k
Plasma	Coiled-coil domain-containing protein 25	18264-12	ENSG00000147419	Q86WR0	combined	seq.18264.12	Somalogic	proteomics	SomaScan	7k
Plasma	Zinc finger protein 34	18265-18	ENSG00000196378	Q8IZ26	combined	seq.18265.18	Somalogic	proteomics	SomaScan	7k
Plasma	Caspase recruitment domain-containing protein 17	18267-74	ENSG00000255221	Q5XLA6	combined	seq.18267.74	Somalogic	proteomics	SomaScan	7k
Plasma	G antigen 2A	18268-5	ENSG00000189064	Q6NT46	combined	seq.18268.5	Somalogic	proteomics	SomaScan	7k
Plasma	Transcription initiation factor TFIID subunit 10	18270-10	ENSG00000166337	Q12962	combined	seq.18270.10	Somalogic	proteomics	SomaScan	7k
Plasma	3-oxoacyl-[acyl-carrier-protein] synthase, mitochondrial	18271-43	ENSG00000151093	Q9NWU1	combined	seq.18271.43	Somalogic	proteomics	SomaScan	7k
Plasma	G antigen 2D	18273-14		Q9UEU5	combined	seq.18273.14	Somalogic	proteomics	SomaScan	7k
Plasma	Small EDRK-rich factor 2	18274-2	ENSG00000140264	P84101	combined	seq.18274.2	Somalogic	proteomics	SomaScan	7k
Plasma	Cysteine-rich protein 1	18275-5	ENSG00000213145	P50238	combined	seq.18275.5	Somalogic	proteomics	SomaScan	7k
Plasma	T-cell leukemia/lymphoma protein 1B	18276-34	ENSG00000213231	O95988	combined	seq.18276.34	Somalogic	proteomics	SomaScan	7k
Plasma	TP53-regulated inhibitor of apoptosis 1	18277-28	ENSG00000170855	O43715	combined	seq.18277.28	Somalogic	proteomics	SomaScan	7k
Plasma	Putative D-tyrosyl-tRNA(Tyr) deacylase 2	18280-29	ENSG00000129480	Q96FN9	combined	seq.18280.29	Somalogic	proteomics	SomaScan	7k
Plasma	Guanine nucleotide-binding protein G(I)/G(S)/G(O) subunit gamma-11	18282-1	ENSG00000127920	P61952	combined	seq.18282.1	Somalogic	proteomics	SomaScan	7k
Plasma	Protein KIBRA	18284-77	ENSG00000113645	Q8IX03	combined	seq.18284.77	Somalogic	proteomics	SomaScan	7k
Plasma	Small VCP/p97-interacting protein	18285-6	ENSG00000198168	Q8NHG7	combined	seq.18285.6	Somalogic	proteomics	SomaScan	7k
Plasma	ZW10 interactor	18286-3	ENSG00000122952	O95229	combined	seq.18286.3	Somalogic	proteomics	SomaScan	7k
Plasma	C-C motif chemokine 15	18289-16	ENSG00000275718|ENSG00000275528	Q16663	combined	seq.18289.16	Somalogic	proteomics	SomaScan	7k
Plasma	Annexin A8	18290-6	ENSG00000265190	P13928	combined	seq.18290.6	Somalogic	proteomics	SomaScan	7k
Plasma	Cyclin-dependent kinase inhibitor 1	18291-8	ENSG00000124762	P38936	combined	seq.18291.8	Somalogic	proteomics	SomaScan	7k
Plasma	Transcription factor SOX-2	18294-26	ENSG00000181449	P48431	combined	seq.18294.26	Somalogic	proteomics	SomaScan	7k
Plasma	Glyoxylate reductase/hydroxypyruvate reductase	18295-102	ENSG00000137106	Q9UBQ7	combined	seq.18295.102	Somalogic	proteomics	SomaScan	7k
Plasma	Ras-related protein M-Ras	18297-8	ENSG00000158186	O14807	combined	seq.18297.8	Somalogic	proteomics	SomaScan	7k
Plasma	Calpain small subunit 1	18299-13	ENSG00000126247	P04632	combined	seq.18299.13	Somalogic	proteomics	SomaScan	7k
Plasma	Transcriptional activator protein Pur-beta	18300-39	ENSG00000146676	Q96QR8	combined	seq.18300.39	Somalogic	proteomics	SomaScan	7k
Plasma	Nuclear apoptosis-inducing factor 1	18301-10	ENSG00000171169	Q69YI7	combined	seq.18301.10	Somalogic	proteomics	SomaScan	7k
Plasma	Protein zwilch homolog	18302-204	ENSG00000174442	Q9H900	combined	seq.18302.204	Somalogic	proteomics	SomaScan	7k
Plasma	Neurogranin	18303-39	ENSG00000154146	Q92686	combined	seq.18303.39	Somalogic	proteomics	SomaScan	7k
Plasma	BRCA2 and CDKN1A-interacting protein	18304-19	ENSG00000107949	Q9P287	combined	seq.18304.19	Somalogic	proteomics	SomaScan	7k
Plasma	Paralemmin-1	18306-1	ENSG00000099864	O75781	combined	seq.18306.1	Somalogic	proteomics	SomaScan	7k
Plasma	Inorganic pyrophosphatase 2, mitochondrial	18307-71	ENSG00000138777	Q9H2U2	combined	seq.18307.71	Somalogic	proteomics	SomaScan	7k
Plasma	Syntaxin-binding protein 6	18308-30	ENSG00000168952	Q8NFX7	combined	seq.18308.30	Somalogic	proteomics	SomaScan	7k
Plasma	Citrate synthase, mitochondrial	18309-18	ENSG00000062485	O75390	combined	seq.18309.18	Somalogic	proteomics	SomaScan	7k
Plasma	Selenoprotein W	18310-26	ENSG00000178980	P63302	combined	seq.18310.26	Somalogic	proteomics	SomaScan	7k
Plasma	Dynactin subunit 6	18311-44	ENSG00000104671	O00399	combined	seq.18311.44	Somalogic	proteomics	SomaScan	7k
Plasma	Protein NDRG3	18312-68	ENSG00000101079	Q9UGV2	combined	seq.18312.68	Somalogic	proteomics	SomaScan	7k
Plasma	Isoaspartyl peptidase/L-asparaginase	18313-4	ENSG00000162174	Q7L266	combined	seq.18313.4	Somalogic	proteomics	SomaScan	7k
Plasma	Paired box protein Pax-8	18314-88	ENSG00000125618	Q06710	combined	seq.18314.88	Somalogic	proteomics	SomaScan	7k
Plasma	Receptor-transporting protein 4	18315-38	ENSG00000136514	Q96DX8	combined	seq.18315.38	Somalogic	proteomics	SomaScan	7k
Plasma	Neuronal-specific septin-3	18316-75	ENSG00000100167	Q9UH03	combined	seq.18316.75	Somalogic	proteomics	SomaScan	7k
Plasma	AN1-type zinc finger protein 5	18317-111	ENSG00000107372	O76080	combined	seq.18317.111	Somalogic	proteomics	SomaScan	7k
Plasma	Endophilin-A3	18318-98	ENSG00000140600	Q99963	combined	seq.18318.98	Somalogic	proteomics	SomaScan	7k
Plasma	Pyruvate dehydrogenase protein X component, mitochondrial	18319-7	ENSG00000110435	O00330	combined	seq.18319.7	Somalogic	proteomics	SomaScan	7k
Plasma	Bifunctional methylenetetrahydrofolate dehydrogenase/cyclohydrolase, mitochondrial	18321-38	ENSG00000065911	P13995	combined	seq.18321.38	Somalogic	proteomics	SomaScan	7k
Plasma	Bifunctional arginine demethylase and lysyl-hydroxylase JMJD6	18322-15	ENSG00000070495	Q6NYC1	combined	seq.18322.15	Somalogic	proteomics	SomaScan	7k
Plasma	Dihydropyrimidinase-related protein 1	18323-39	ENSG00000072832	Q14194	combined	seq.18323.39	Somalogic	proteomics	SomaScan	7k
Plasma	Sulfite oxidase, mitochondrial	18324-61	ENSG00000139531	P51687	combined	seq.18324.61	Somalogic	proteomics	SomaScan	7k
Plasma	Melanoma-associated antigen 8	18326-50	ENSG00000156009	P43361	combined	seq.18326.50	Somalogic	proteomics	SomaScan	7k
Plasma	Sorting nexin-5	18327-6	ENSG00000089006	Q9Y5X3	combined	seq.18327.6	Somalogic	proteomics	SomaScan	7k
Plasma	Pyrroline-5-carboxylate reductase 2	18328-36	ENSG00000143811	Q96C36	combined	seq.18328.36	Somalogic	proteomics	SomaScan	7k
Plasma	Ribose-phosphate pyrophosphokinase 2	18329-4	ENSG00000101911	P11908	combined	seq.18329.4	Somalogic	proteomics	SomaScan	7k
Plasma	Phosphoglucomutase-2	18330-7	ENSG00000169299	Q96G03	combined	seq.18330.7	Somalogic	proteomics	SomaScan	7k
Plasma	Glucosylceramidase	18331-3	ENSG00000177628	P04062	combined	seq.18331.3	Somalogic	proteomics	SomaScan	7k
Plasma	Complexin-1	18332-17	ENSG00000168993	O14810	combined	seq.18332.17	Somalogic	proteomics	SomaScan	7k
Plasma	Cytidine deaminase	18336-31	ENSG00000158825	P32320	combined	seq.18336.31	Somalogic	proteomics	SomaScan	7k
Plasma	GDP-mannose 4,6 dehydratase	18337-4	ENSG00000112699	O60547	combined	seq.18337.4	Somalogic	proteomics	SomaScan	7k
Plasma	Isocitrate dehydrogenase [NADP] cytoplasmic	18338-26	ENSG00000138413	O75874	combined	seq.18338.26	Somalogic	proteomics	SomaScan	7k
Plasma	Proteasome subunit beta type-3	18339-207	ENSG00000275903|ENSG00000277791	P49720	combined	seq.18339.207	Somalogic	proteomics	SomaScan	7k
Plasma	Proteasome subunit beta type-4	18340-2	ENSG00000159377	P28070	combined	seq.18340.2	Somalogic	proteomics	SomaScan	7k
Plasma	Phosphoserine aminotransferase	18342-2	ENSG00000135069	Q9Y617	combined	seq.18342.2	Somalogic	proteomics	SomaScan	7k
Plasma	Peroxisomal 2,4-dienoyl-CoA reductase	18343-10	ENSG00000242612|ENSG00000274296	Q9NUI1	combined	seq.18343.10	Somalogic	proteomics	SomaScan	7k
Plasma	Laminin-2	18347-15	ENSG00000135862|ENSG00000091136|ENSG00000196569	P11047|P07942|P24043	combined	seq.18347.15	Somalogic	proteomics	SomaScan	7k
Plasma	Heterogeneous nuclear ribonucleoprotein D0	18348-89	ENSG00000138668	Q14103	combined	seq.18348.89	Somalogic	proteomics	SomaScan	7k
Plasma	Radixin	18373-13	ENSG00000137710	P35241	combined	seq.18373.13	Somalogic	proteomics	SomaScan	7k
Plasma	Interleukin-36 receptor antagonist protein	18375-28	ENSG00000136695	Q9UBH0	combined	seq.18375.28	Somalogic	proteomics	SomaScan	7k
Plasma	Myosin light chain 3	18376-19	ENSG00000160808	P08590	combined	seq.18376.19	Somalogic	proteomics	SomaScan	7k
Plasma	Serum albumin	18380-78	ENSG00000163631	P02768	combined	seq.18380.78	Somalogic	proteomics	SomaScan	7k
Plasma	Aldehyde dehydrogenase, mitochondrial	18381-16	ENSG00000111275	P05091	combined	seq.18381.16	Somalogic	proteomics	SomaScan	7k
Plasma	Catechol O-methyltransferase	18382-109	ENSG00000093010	P21964	combined	seq.18382.109	Somalogic	proteomics	SomaScan	7k
Plasma	Peptidyl-prolyl cis-trans isomerase FKBP3	18383-9	ENSG00000100442	Q00688	combined	seq.18383.9	Somalogic	proteomics	SomaScan	7k
Plasma	26S proteasome non-ATPase regulatory subunit 10	18385-4	ENSG00000101843	O75832	combined	seq.18385.4	Somalogic	proteomics	SomaScan	7k
Plasma	Glutaredoxin-1	18386-36	ENSG00000173221	P35754	combined	seq.18386.36	Somalogic	proteomics	SomaScan	7k
Plasma	Hsc70-interacting protein	18387-7	ENSG00000100380	P50502	combined	seq.18387.7	Somalogic	proteomics	SomaScan	7k
Plasma	Interferon alpha-1/13	18389-11	ENSG00000233816|ENSG00000197919	P01562	combined	seq.18389.11	Somalogic	proteomics	SomaScan	7k
Plasma	Methionine adenosyltransferase 2 subunit beta	18392-19	ENSG00000038274	Q9NZL9	combined	seq.18392.19	Somalogic	proteomics	SomaScan	7k
Plasma	[Protein ADP-ribosylarginine] hydrolase	18395-5	ENSG00000144843	P54922	combined	seq.18395.5	Somalogic	proteomics	SomaScan	7k
Plasma	Amino-terminal enhancer of split	18396-10	ENSG00000104964	Q08117	combined	seq.18396.10	Somalogic	proteomics	SomaScan	7k
Plasma	Aldo-keto reductase family 1 member C4	18397-5	ENSG00000198610	P17516	combined	seq.18397.5	Somalogic	proteomics	SomaScan	7k
Plasma	3-oxo-5-beta-steroid 4-dehydrogenase	18398-1	ENSG00000122787	P51857	combined	seq.18398.1	Somalogic	proteomics	SomaScan	7k
Plasma	A-kinase anchor protein 7 isoforms alpha and beta	18399-1	ENSG00000118507	O43687	combined	seq.18399.1	Somalogic	proteomics	SomaScan	7k
Plasma	DNA oxidative demethylase ALKBH2	18400-52	ENSG00000189046	Q6NS38	combined	seq.18400.52	Somalogic	proteomics	SomaScan	7k
Plasma	Alpha-ketoglutarate-dependent dioxygenase alkB homolog 3	18401-18	ENSG00000166199	Q96Q83	combined	seq.18401.18	Somalogic	proteomics	SomaScan	7k
Plasma	AMMECR1-like protein	18402-1	ENSG00000144233	Q6DCA0	combined	seq.18402.1	Somalogic	proteomics	SomaScan	7k
Plasma	AMP deaminase 2	18403-25	ENSG00000116337	Q01433	combined	seq.18403.25	Somalogic	proteomics	SomaScan	7k
Plasma	Ankyrin repeat domain-containing protein 54	18404-22	ENSG00000100124	Q6NXT1	combined	seq.18404.22	Somalogic	proteomics	SomaScan	7k
Plasma	AP-1 complex subunit sigma-2	18405-117	ENSG00000182287	P56377	combined	seq.18405.117	Somalogic	proteomics	SomaScan	7k
Plasma	ADP-ribosylation factor-like protein 2-binding protein	18407-36	ENSG00000102931	Q9Y2Y0	combined	seq.18407.36	Somalogic	proteomics	SomaScan	7k
Plasma	ADP-ribosylation factor 4	18408-26	ENSG00000168374	P18085	combined	seq.18408.26	Somalogic	proteomics	SomaScan	7k
Plasma	ADP-ribosylation factor 5	18409-61	ENSG00000004059	P84085	combined	seq.18409.61	Somalogic	proteomics	SomaScan	7k
Plasma	ADP-ribosylation factor-like protein 15	18411-83	ENSG00000185305	Q9NXU5	combined	seq.18411.83	Somalogic	proteomics	SomaScan	7k
Plasma	ADP-ribosylation factor-like protein 4D	18413-24	ENSG00000175906	P49703	combined	seq.18413.24	Somalogic	proteomics	SomaScan	7k
Plasma	ADP-ribosylation factor-like protein 5A	18414-26	ENSG00000162980	Q9Y689	combined	seq.18414.26	Somalogic	proteomics	SomaScan	7k
Plasma	ADP-ribosylation factor-like protein 6	18415-16	ENSG00000113966	Q9H0F7	combined	seq.18415.16	Somalogic	proteomics	SomaScan	7k
Plasma	ADP-ribosylation factor-like protein 9	18416-3	ENSG00000196503	Q6T311	combined	seq.18416.3	Somalogic	proteomics	SomaScan	7k
Plasma	Arsenite methyltransferase	18417-3	ENSG00000214435	Q9HBK9	combined	seq.18417.3	Somalogic	proteomics	SomaScan	7k
Plasma	Actin-related protein 2/3 complex subunit 5	18419-20	ENSG00000162704	O15511	combined	seq.18419.20	Somalogic	proteomics	SomaScan	7k
Plasma	Diphosphomevalonate decarboxylase	18422-41	ENSG00000167508	P53602	combined	seq.18422.41	Somalogic	proteomics	SomaScan	7k
Plasma	Cadherin-1	18429-10	ENSG00000039068	P12830	combined	seq.18429.10	Somalogic	proteomics	SomaScan	7k
Plasma	Ras-related protein Ral-B	18432-32	ENSG00000144118	P11234	combined	seq.18432.32	Somalogic	proteomics	SomaScan	7k
Plasma	TATA box-binding protein-like protein 1	18434-141	ENSG00000028839	P62380	combined	seq.18434.141	Somalogic	proteomics	SomaScan	7k
Plasma	UBX domain-containing protein 2B	18435-40	ENSG00000215114	Q14CS0	combined	seq.18435.40	Somalogic	proteomics	SomaScan	7k
Plasma	Peptidyl-prolyl cis-trans isomerase G	18449-33	ENSG00000138398	Q13427	combined	seq.18449.33	Somalogic	proteomics	SomaScan	7k
Plasma	Prostaglandin E synthase 2	18458-4	ENSG00000148334	Q9H7Z7	combined	seq.18458.4	Somalogic	proteomics	SomaScan	7k
Plasma	ATP-dependent RNA helicase DDX19A	18813-15	ENSG00000168872	Q9NUU7	combined	seq.18813.15	Somalogic	proteomics	SomaScan	7k
Plasma	Inhibin beta A chain:Inhibin beta C chain heterodimer	18814-21	ENSG00000122641|ENSG00000175189	P08476|P55103	combined	seq.18814.21	Somalogic	proteomics	SomaScan	7k
Plasma	Chromobox protein homolog 1	18817-50	ENSG00000108468	P83916	combined	seq.18817.50	Somalogic	proteomics	SomaScan	7k
Plasma	Peptidyl-prolyl cis-trans isomerase C	18819-21	ENSG00000168938	P45877	combined	seq.18819.21	Somalogic	proteomics	SomaScan	7k
Plasma	C4a anaphylatoxin	18821-9	ENSG00000228454|ENSG00000224389|ENSG00000236625|ENSG00000228267|ENSG00000233312|ENSG00000206340|ENSG00000227746|ENSG00000244731	P0C0L5|P0C0L4	combined	seq.18821.9	Somalogic	proteomics	SomaScan	7k
Plasma	Histone H2B type 3-B	18823-52	ENSG00000285449|ENSG00000196890	Q8N257	combined	seq.18823.52	Somalogic	proteomics	SomaScan	7k
Plasma	Eukaryotic initiation factor 4A-II	18824-7	ENSG00000156976	Q14240	combined	seq.18824.7	Somalogic	proteomics	SomaScan	7k
Plasma	Eukaryotic initiation factor 4A-I	18829-4	ENSG00000161960	P60842	combined	seq.18829.4	Somalogic	proteomics	SomaScan	7k
Plasma	Intelectin-1	18830-1	ENSG00000179914	Q8WWA0	combined	seq.18830.1	Somalogic	proteomics	SomaScan	7k
Plasma	Leucine-rich repeats and immunoglobulin-like domains protein 1	18831-6	ENSG00000144749	Q96JA1	combined	seq.18831.6	Somalogic	proteomics	SomaScan	7k
Plasma	Serum amyloid A-2 protein	18832-65	ENSG00000134339	P0DJI9	combined	seq.18832.65	Somalogic	proteomics	SomaScan	7k
Plasma	Astrocytic phosphoprotein PEA-15	18833-76	ENSG00000162734	Q15121	combined	seq.18833.76	Somalogic	proteomics	SomaScan	7k
Plasma	Small glutamine-rich tetratricopeptide repeat-containing protein beta	18837-9	ENSG00000197860	Q96EQ0	combined	seq.18837.9	Somalogic	proteomics	SomaScan	7k
Plasma	Thyroglobulin	18839-24	ENSG00000042832	P01266	combined	seq.18839.24	Somalogic	proteomics	SomaScan	7k
Plasma	SH2 domain-containing protein 1B	18840-205	ENSG00000198574	O14796	combined	seq.18840.205	Somalogic	proteomics	SomaScan	7k
Plasma	Serpin B13	18841-1	ENSG00000197641	Q9UIV8	combined	seq.18841.1	Somalogic	proteomics	SomaScan	7k
Plasma	Ubiquitin-conjugating enzyme E2 D2	18842-24	ENSG00000131508	P62837	combined	seq.18842.24	Somalogic	proteomics	SomaScan	7k
Plasma	Eukaryotic translation initiation factor 4E-binding protein 3	18859-7	ENSG00000243056	O60516	combined	seq.18859.7	Somalogic	proteomics	SomaScan	7k
Plasma	Calcium/calmodulin-dependent protein kinase kinase 1	18860-2	ENSG00000004660	Q8N5S9	combined	seq.18860.2	Somalogic	proteomics	SomaScan	7k
Plasma	Carbohydrate sulfotransferase 2	18863-176	ENSG00000175040	Q9Y4C5	combined	seq.18863.176	Somalogic	proteomics	SomaScan	7k
Plasma	Trypsin-3	18864-7	ENSG00000010438	P35030	combined	seq.18864.7	Somalogic	proteomics	SomaScan	7k
Plasma	Calcineurin subunit B type 2	18866-8	ENSG00000188386	Q96LZ3	combined	seq.18866.8	Somalogic	proteomics	SomaScan	7k
Plasma	Chromobox protein homolog 3	18868-7	ENSG00000122565	Q13185	combined	seq.18868.7	Somalogic	proteomics	SomaScan	7k
Plasma	T-cell surface glycoprotein CD3 epsilon chain	18870-1	ENSG00000198851	P07766	combined	seq.18870.1	Somalogic	proteomics	SomaScan	7k
Plasma	Allograft inflammatory factor 1-like	18871-24	ENSG00000126878	Q9BQI0	combined	seq.18871.24	Somalogic	proteomics	SomaScan	7k
Plasma	Carcinoembryonic antigen-related cell adhesion molecule 8	18873-8	ENSG00000124469	P31997	combined	seq.18873.8	Somalogic	proteomics	SomaScan	7k
Plasma	CCAAT/enhancer-binding protein alpha	18874-66	ENSG00000245848	P49715	combined	seq.18874.66	Somalogic	proteomics	SomaScan	7k
Plasma	Chondrocalcin	18875-125	ENSG00000139219	P02458	combined	seq.18875.125	Somalogic	proteomics	SomaScan	7k
Plasma	Carbohydrate sulfotransferase 4	18876-77	ENSG00000140835	Q8NCG5	combined	seq.18876.77	Somalogic	proteomics	SomaScan	7k
Plasma	Calponin-2	18877-15	ENSG00000064666	Q99439	combined	seq.18877.15	Somalogic	proteomics	SomaScan	7k
Plasma	Gremlin-1	18878-15	ENSG00000282046|ENSG00000166923|ENSG00000276886	O60565	combined	seq.18878.15	Somalogic	proteomics	SomaScan	7k
Plasma	Collagen Type III	18880-81	ENSG00000168542	P02461	combined	seq.18880.81	Somalogic	proteomics	SomaScan	7k
Plasma	CD97 antigen	18881-7	ENSG00000123146	P48960	combined	seq.18881.7	Somalogic	proteomics	SomaScan	7k
Plasma	Calsyntenin-2	18882-7	ENSG00000158258	Q9H4D0	combined	seq.18882.7	Somalogic	proteomics	SomaScan	7k
Plasma	Destrin	18883-4	ENSG00000125868	P60981	combined	seq.18883.4	Somalogic	proteomics	SomaScan	7k
Plasma	DnaJ homolog subfamily B member 4	18884-22	ENSG00000162616	Q9UDY4	combined	seq.18884.22	Somalogic	proteomics	SomaScan	7k
Plasma	Down syndrome cell adhesion molecule-like protein 1	18886-28	ENSG00000177103	Q8TD84	combined	seq.18886.28	Somalogic	proteomics	SomaScan	7k
Plasma	Ectonucleoside triphosphate diphosphohydrolase 2	18887-7	ENSG00000054179	Q9Y5L3	combined	seq.18887.7	Somalogic	proteomics	SomaScan	7k
Plasma	Fatty acid-binding protein 12	18888-37	ENSG00000197416	A6NFH5	combined	seq.18888.37	Somalogic	proteomics	SomaScan	7k
Plasma	Fibrinogen beta chain	18890-227	ENSG00000171564	P02675	combined	seq.18890.227	Somalogic	proteomics	SomaScan	7k
Plasma	Guanylate-binding protein 2	18891-98	ENSG00000162645	P32456	combined	seq.18891.98	Somalogic	proteomics	SomaScan	7k
Plasma	Glypican-4	18892-48	ENSG00000076716	O75487	combined	seq.18892.48	Somalogic	proteomics	SomaScan	7k
Plasma	Adhesion G-protein coupled receptor G1	18893-26	ENSG00000205336	Q9Y653	combined	seq.18893.26	Somalogic	proteomics	SomaScan	7k
Plasma	Glutathione peroxidase 2	18894-1	ENSG00000176153	P18283	combined	seq.18894.1	Somalogic	proteomics	SomaScan	7k
Plasma	Glutathione S-transferase Mu 4	18895-54	ENSG00000168765	Q03013	combined	seq.18895.54	Somalogic	proteomics	SomaScan	7k
Plasma	Heparan-sulfate 6-O-sulfotransferase 3	18896-23	ENSG00000185352	Q8IZP7	combined	seq.18896.23	Somalogic	proteomics	SomaScan	7k
Plasma	Histone deacetylase 2	18897-31	ENSG00000196591	Q92769	combined	seq.18897.31	Somalogic	proteomics	SomaScan	7k
Plasma	Hepatoma-derived growth factor-like protein 1	18898-36	ENSG00000112273	Q5TGJ6	combined	seq.18898.36	Somalogic	proteomics	SomaScan	7k
Plasma	Hepatoma-derived growth factor-related protein 3	18899-82	ENSG00000166503	Q9Y3E1	combined	seq.18899.82	Somalogic	proteomics	SomaScan	7k
Plasma	GTPase HRas	18900-37	ENSG00000174775|ENSG00000276536	P01112	combined	seq.18900.37	Somalogic	proteomics	SomaScan	7k
Plasma	Heat shock 70 kDa protein 1B	18901-26	ENSG00000231555|ENSG00000204388|ENSG00000224501|ENSG00000232804|ENSG00000212866	P0DMV9	combined	seq.18901.26	Somalogic	proteomics	SomaScan	7k
Plasma	Calcium/calmodulin-dependent protein kinase type IV	18904-23	ENSG00000152495	Q16566	combined	seq.18904.23	Somalogic	proteomics	SomaScan	7k
Plasma	Keratin, type I cytoskeletal 16	18905-5	ENSG00000186832	P08779	combined	seq.18905.5	Somalogic	proteomics	SomaScan	7k
Plasma	Killer cell immunoglobulin-like receptor 3DL1	18907-97	ENSG00000284426|ENSG00000167633|ENSG00000275288|ENSG00000284342|ENSG00000276423|ENSG00000274036	P43629	combined	seq.18907.97	Somalogic	proteomics	SomaScan	7k
Plasma	Exosome complex component RRP43	18909-11	ENSG00000120699	Q96B26	combined	seq.18909.11	Somalogic	proteomics	SomaScan	7k
Plasma	Protein lin-7 homolog A	18910-45	ENSG00000111052	O14910	combined	seq.18910.45	Somalogic	proteomics	SomaScan	7k
Plasma	Cyclin-H	18913-3	ENSG00000134480	P51946	combined	seq.18913.3	Somalogic	proteomics	SomaScan	7k
Plasma	Platelet-activating factor acetylhydrolase 2, cytoplasmic	18914-188	ENSG00000158006	Q99487	combined	seq.18914.188	Somalogic	proteomics	SomaScan	7k
Plasma	Inosine triphosphate pyrophosphatase	18916-25	ENSG00000125877	Q9BY32	combined	seq.18916.25	Somalogic	proteomics	SomaScan	7k
Plasma	Pancreatic alpha-amylase	18917-53	ENSG00000243480	P04746	combined	seq.18917.53	Somalogic	proteomics	SomaScan	7k
Plasma	cAMP-specific 3',5'-cyclic phosphodiesterase 4A	18918-86	ENSG00000065989	P27815	combined	seq.18918.86	Somalogic	proteomics	SomaScan	7k
Plasma	Phosphate-regulating neutral endopeptidase	18921-30	ENSG00000102174	P78562	combined	seq.18921.30	Somalogic	proteomics	SomaScan	7k
Plasma	Macrosialin	18922-27	ENSG00000129226	P34810	combined	seq.18922.27	Somalogic	proteomics	SomaScan	7k
Plasma	Proteasome subunit alpha type-5	18925-24	ENSG00000143106	P28066	combined	seq.18925.24	Somalogic	proteomics	SomaScan	7k
Plasma	Proteasome subunit alpha type-3	18926-7	ENSG00000100567	P25788	combined	seq.18926.7	Somalogic	proteomics	SomaScan	7k
Plasma	Retinoic acid early transcript 1G protein	18927-14	ENSG00000203722	Q6H3X3	combined	seq.18927.14	Somalogic	proteomics	SomaScan	7k
Plasma	Protein S100-Z	18928-10	ENSG00000171643	Q8WXG8	combined	seq.18928.10	Somalogic	proteomics	SomaScan	7k
Plasma	Slit homolog 2 protein	18930-28		O94813	combined	seq.18930.28	Somalogic	proteomics	SomaScan	7k
Plasma	Slit homolog 3 protein	18931-40	ENSG00000184347	O75094	combined	seq.18931.40	Somalogic	proteomics	SomaScan	7k
Plasma	Nicotinamide/nicotinic acid mononucleotide adenylyltransferase 1	18932-84		Q9HAN9	combined	seq.18932.84	Somalogic	proteomics	SomaScan	7k
Plasma	Protein-glutamine gamma-glutamyltransferase 4	18933-4	ENSG00000281886|ENSG00000163810	P49221	combined	seq.18933.4	Somalogic	proteomics	SomaScan	7k
Plasma	Protein-glutamine gamma-glutamyltransferase 2	18934-50	ENSG00000198959	P21980	combined	seq.18934.50	Somalogic	proteomics	SomaScan	7k
Plasma	Toll-like receptor 5	18935-14	ENSG00000187554	O60602	combined	seq.18935.14	Somalogic	proteomics	SomaScan	7k
Plasma	Very low-density lipoprotein receptor	18938-3	ENSG00000147852	P98155	combined	seq.18938.3	Somalogic	proteomics	SomaScan	7k
Plasma	Proteasome subunit beta type-9	18942-11	ENSG00000240065|ENSG00000243594|ENSG00000243067|ENSG00000240508|ENSG00000239836|ENSG00000243958|ENSG00000240118|ENSG00000242711	P28065	combined	seq.18942.11	Somalogic	proteomics	SomaScan	7k
Plasma	Prostaglandin reductase 2	18943-4	ENSG00000140043	Q8N8N7	combined	seq.18943.4	Somalogic	proteomics	SomaScan	7k
Plasma	Regulator of G-protein signaling 1	18945-11	ENSG00000090104	Q08116	combined	seq.18945.11	Somalogic	proteomics	SomaScan	7k
Plasma	Leucine-rich repeat-containing protein 3B	18947-3	ENSG00000179796	Q96PB8	combined	seq.18947.3	Somalogic	proteomics	SomaScan	7k
Plasma	Ras-related C3 botulinum toxin substrate 2	18950-13	ENSG00000128340	P15153	combined	seq.18950.13	Somalogic	proteomics	SomaScan	7k
Plasma	Methyl-CpG-binding protein 2	19108-50	ENSG00000169057	P51608	combined	seq.19108.50	Somalogic	proteomics	SomaScan	7k
Plasma	Transcription elongation factor A protein-like 8	19109-32	ENSG00000180964	Q8IYN2	combined	seq.19109.32	Somalogic	proteomics	SomaScan	7k
Plasma	Protein MEMO1	19110-6	ENSG00000162959	Q9Y316	combined	seq.19110.6	Somalogic	proteomics	SomaScan	7k
Plasma	NEDD8-conjugating enzyme Ubc12	19111-10	ENSG00000130725	P61081	combined	seq.19111.10	Somalogic	proteomics	SomaScan	7k
Plasma	Transcription elongation factor A protein-like 3	19112-2	ENSG00000196507	Q969E4	combined	seq.19112.2	Somalogic	proteomics	SomaScan	7k
Plasma	SH3 domain-binding glutamic acid-rich-like protein 2	19113-66	ENSG00000198478	Q9UJC5	combined	seq.19113.66	Somalogic	proteomics	SomaScan	7k
Plasma	Thymidine kinase 2, mitochondrial	19114-8	ENSG00000166548	O00142	combined	seq.19114.8	Somalogic	proteomics	SomaScan	7k
Plasma	Carboxymethylenebutenolidase homolog	19115-13	ENSG00000164237	Q96DG6	combined	seq.19115.13	Somalogic	proteomics	SomaScan	7k
Plasma	Biogenesis of lysosome-related organelles complex 1 subunit 5	19116-1	ENSG00000188428	Q8TDH9	combined	seq.19116.1	Somalogic	proteomics	SomaScan	7k
Plasma	Protein phosphatase 1 regulatory subunit 14A	19117-3	ENSG00000167641	Q96A00	combined	seq.19117.3	Somalogic	proteomics	SomaScan	7k
Plasma	Osteoclast-stimulating factor 1	19118-47	ENSG00000134996	Q92882	combined	seq.19118.47	Somalogic	proteomics	SomaScan	7k
Plasma	DNA damage-inducible transcript 3 protein	19119-10	ENSG00000175197	P35638	combined	seq.19119.10	Somalogic	proteomics	SomaScan	7k
Plasma	D-amino-acid oxidase	19120-33	ENSG00000110887	P14920	combined	seq.19120.33	Somalogic	proteomics	SomaScan	7k
Plasma	Ubiquilin-2	19121-3	ENSG00000188021	Q9UHD9	combined	seq.19121.3	Somalogic	proteomics	SomaScan	7k
Plasma	Myosin regulatory light chain 12B	19122-47	ENSG00000118680	O14950	combined	seq.19122.47	Somalogic	proteomics	SomaScan	7k
Plasma	NF-kappa-B inhibitor delta	19123-6	ENSG00000167604	Q8NI38	combined	seq.19123.6	Somalogic	proteomics	SomaScan	7k
Plasma	Ubiquitin-like domain-containing CTD phosphatase 1	19124-9	ENSG00000164332	Q8WVY7	combined	seq.19124.9	Somalogic	proteomics	SomaScan	7k
Plasma	cAMP-dependent protein kinase type II-alpha regulatory subunit	19125-26	ENSG00000114302	P13861	combined	seq.19125.26	Somalogic	proteomics	SomaScan	7k
Plasma	Regulation of nuclear pre-mRNA domain-containing protein 1B	19126-4	ENSG00000101413	Q9NQG5	combined	seq.19126.4	Somalogic	proteomics	SomaScan	7k
Plasma	Heat shock protein beta-6	19127-1	ENSG00000004776	O14558	combined	seq.19127.1	Somalogic	proteomics	SomaScan	7k
Plasma	Methenyltetrahydrofolate synthase domain-containing protein	19129-15	ENSG00000103248	Q2M296	combined	seq.19129.15	Somalogic	proteomics	SomaScan	7k
Plasma	Serpin B8	19130-81	ENSG00000166401	P50452	combined	seq.19130.81	Somalogic	proteomics	SomaScan	7k
Plasma	Nucleolysin TIAR	19131-184	ENSG00000151923	Q01085	combined	seq.19131.184	Somalogic	proteomics	SomaScan	7k
Plasma	39S ribosomal protein L2, mitochondrial	19132-1	ENSG00000112651	Q5T653	combined	seq.19132.1	Somalogic	proteomics	SomaScan	7k
Plasma	DNA-directed RNA polymerases I, II, and III subunit RPABC4	19134-66	ENSG00000147669	P53803	combined	seq.19134.66	Somalogic	proteomics	SomaScan	7k
Plasma	7-methylguanosine phosphate-specific 5'-nucleotidase	19135-5	ENSG00000141698	Q969T7	combined	seq.19135.5	Somalogic	proteomics	SomaScan	7k
Plasma	Methylmalonate-semialdehyde dehydrogenase [acylating], mitochondrial	19136-22	ENSG00000119711	Q02252	combined	seq.19136.22	Somalogic	proteomics	SomaScan	7k
Plasma	Heat shock factor 2-binding protein	19139-3	ENSG00000160207	O75031	combined	seq.19139.3	Somalogic	proteomics	SomaScan	7k
Plasma	Death-associated protein 1	19141-22	ENSG00000112977	P51397	combined	seq.19141.22	Somalogic	proteomics	SomaScan	7k
Plasma	DNA (cytosine-5)-methyltransferase 3-like	19142-39	ENSG00000142182	Q9UJW3	combined	seq.19142.39	Somalogic	proteomics	SomaScan	7k
Plasma	NADH-cytochrome b5 reductase 2	19143-38	ENSG00000166394	Q6BCY4	combined	seq.19143.38	Somalogic	proteomics	SomaScan	7k
Plasma	Transcription factor 4	19144-9	ENSG00000196628	P15884	combined	seq.19144.9	Somalogic	proteomics	SomaScan	7k
Plasma	Melanoregulin	19145-4	ENSG00000118242	Q8N565	combined	seq.19145.4	Somalogic	proteomics	SomaScan	7k
Plasma	Galactoside-binding soluble lectin 13	19147-6	ENSG00000105198	Q9UHV8	combined	seq.19147.6	Somalogic	proteomics	SomaScan	7k
Plasma	Mitochondrial import inner membrane translocase subunit Tim8 A	19148-58	ENSG00000126953	O60220	combined	seq.19148.58	Somalogic	proteomics	SomaScan	7k
Plasma	Phosphoribosyl pyrophosphate synthase-associated protein 2	19150-20	ENSG00000141127	O60256	combined	seq.19150.20	Somalogic	proteomics	SomaScan	7k
Plasma	Protein phosphatase inhibitor 2	19152-4	ENSG00000184203	P41236	combined	seq.19152.4	Somalogic	proteomics	SomaScan	7k
Plasma	Metallophosphoesterase MPPED2	19153-53	ENSG00000066382	Q15777	combined	seq.19153.53	Somalogic	proteomics	SomaScan	7k
Plasma	Glia-derived nexin	19154-41	ENSG00000135919	P07093	combined	seq.19154.41	Somalogic	proteomics	SomaScan	7k
Plasma	PCNA-associated factor	19158-1	ENSG00000166803	Q15004	combined	seq.19158.1	Somalogic	proteomics	SomaScan	7k
Plasma	DNA polymerase delta subunit 4	19159-9	ENSG00000175482	Q9HCU8	combined	seq.19159.9	Somalogic	proteomics	SomaScan	7k
Plasma	Ubiquitin carboxyl-terminal hydrolase 15	19161-1	ENSG00000135655	Q9Y4E8	combined	seq.19161.1	Somalogic	proteomics	SomaScan	7k
Plasma	Leucine-rich repeat-containing protein 59	19163-26	ENSG00000108829	Q96AG4	combined	seq.19163.26	Somalogic	proteomics	SomaScan	7k
Plasma	40S ribosomal protein S19	19166-15	ENSG00000105372	P39019	combined	seq.19166.15	Somalogic	proteomics	SomaScan	7k
Plasma	Proline-serine-threonine phosphatase-interacting protein 1	19168-71	ENSG00000140368	O43586	combined	seq.19168.71	Somalogic	proteomics	SomaScan	7k
Plasma	Acidic fibroblast growth factor intracellular-binding protein	19169-88	ENSG00000172500	O43427	combined	seq.19169.88	Somalogic	proteomics	SomaScan	7k
Plasma	DNA polymerase epsilon subunit 3	19170-25	ENSG00000148229	Q9NRF9	combined	seq.19170.25	Somalogic	proteomics	SomaScan	7k
Plasma	AN1-type zinc finger protein 1	19173-5	ENSG00000104231	Q8TCF1	combined	seq.19173.5	Somalogic	proteomics	SomaScan	7k
Plasma	Golgin subfamily A member 7	19174-141	ENSG00000147533	Q7Z5G4	combined	seq.19174.141	Somalogic	proteomics	SomaScan	7k
Plasma	MARCKS-related protein	19175-18	ENSG00000175130	P49006	combined	seq.19175.18	Somalogic	proteomics	SomaScan	7k
Plasma	Protein FAM49B	19176-27	ENSG00000153310	Q9NUQ9	combined	seq.19176.27	Somalogic	proteomics	SomaScan	7k
Plasma	MOB kinase activator 1B	19177-7	ENSG00000173542	Q7L9L4	combined	seq.19177.7	Somalogic	proteomics	SomaScan	7k
Plasma	PTB domain-containing engulfment adapter protein 1	19180-38	ENSG00000144366	Q9UBP9	combined	seq.19180.38	Somalogic	proteomics	SomaScan	7k
Plasma	60S ribosomal protein L12	19183-164	ENSG00000197958	P30050	combined	seq.19183.164	Somalogic	proteomics	SomaScan	7k
Plasma	STAM-binding protein	19187-21	ENSG00000124356	O95630	combined	seq.19187.21	Somalogic	proteomics	SomaScan	7k
Plasma	nucleosome assembly protein 1-like 4	19188-21	ENSG00000205531|ENSG00000273562	Q99733	combined	seq.19188.21	Somalogic	proteomics	SomaScan	7k
Plasma	Ubiquitin carboxyl-terminal hydrolase 14	19189-2	ENSG00000101557	P54578	combined	seq.19189.2	Somalogic	proteomics	SomaScan	7k
Plasma	Ubiquitin/ISG15-conjugating enzyme E2 L6	19190-4	ENSG00000156587	O14933	combined	seq.19190.4	Somalogic	proteomics	SomaScan	7k
Plasma	Prefoldin subunit 3	19193-18	ENSG00000155959	P61758	combined	seq.19193.18	Somalogic	proteomics	SomaScan	7k
Plasma	D-tyrosyl-tRNA(Tyr) deacylase 1	19194-9	ENSG00000125821	Q8TEA8	combined	seq.19194.9	Somalogic	proteomics	SomaScan	7k
Plasma	40S ribosomal protein S5	19195-85	ENSG00000083845	P46782	combined	seq.19195.85	Somalogic	proteomics	SomaScan	7k
Plasma	Homeodomain-only protein	19196-73	ENSG00000171476	Q9BPY8	combined	seq.19196.73	Somalogic	proteomics	SomaScan	7k
Plasma	Acetyl-CoA acetyltransferase, mitochondrial	19197-95	ENSG00000075239	P24752	combined	seq.19197.95	Somalogic	proteomics	SomaScan	7k
Plasma	DNA-directed RNA polymerase II subunit RPB11-a	19199-3	ENSG00000005075	P52435	combined	seq.19199.3	Somalogic	proteomics	SomaScan	7k
Plasma	NADH dehydrogenase [ubiquinone] 1 alpha subcomplex subunit 5	19200-16	ENSG00000128609	Q16718	combined	seq.19200.16	Somalogic	proteomics	SomaScan	7k
Plasma	Tyrosine-protein kinase BTK	19202-10	ENSG00000010671	Q06187	combined	seq.19202.10	Somalogic	proteomics	SomaScan	7k
Plasma	7,8-dihydro-8-oxoguanine triphosphatase	19206-20	ENSG00000106268	P36639	combined	seq.19206.20	Somalogic	proteomics	SomaScan	7k
Plasma	Adenosine kinase	19207-119	ENSG00000156110	P55263	combined	seq.19207.119	Somalogic	proteomics	SomaScan	7k
Plasma	Activin receptor type-2A	19208-8	ENSG00000121989	P27037	combined	seq.19208.8	Somalogic	proteomics	SomaScan	7k
Plasma	NF-kappa-B inhibitor alpha	19209-6	ENSG00000100906	P25963	combined	seq.19209.6	Somalogic	proteomics	SomaScan	7k
Plasma	Deleted in malignant brain tumors 1 protein	19212-4	ENSG00000187908	Q9UGM3	combined	seq.19212.4	Somalogic	proteomics	SomaScan	7k
Plasma	Serine protease inhibitor Kazal-type 4	19213-1	ENSG00000122711	O60575	combined	seq.19213.1	Somalogic	proteomics	SomaScan	7k
Plasma	Protein NDRG1	19215-7	ENSG00000104419	Q92597	combined	seq.19215.7	Somalogic	proteomics	SomaScan	7k
Plasma	Nuclear transport factor 2	19219-71	ENSG00000102898	P61970	combined	seq.19219.71	Somalogic	proteomics	SomaScan	7k
Plasma	Ras-related protein Rab-5B	19222-124	ENSG00000111540	P61020	combined	seq.19222.124	Somalogic	proteomics	SomaScan	7k
Plasma	Ras-related protein Rab-1A	19223-6	ENSG00000138069	P62820	combined	seq.19223.6	Somalogic	proteomics	SomaScan	7k
Plasma	Eukaryotic translation initiation factor 1A, Y-chromosomal	19224-5	ENSG00000198692	O14602	combined	seq.19224.5	Somalogic	proteomics	SomaScan	7k
Plasma	B-cell linker protein	19225-11	ENSG00000095585	Q8WV28	combined	seq.19225.11	Somalogic	proteomics	SomaScan	7k
Plasma	Basic leucine zipper transcriptional factor ATF-like	19227-18	ENSG00000156127	Q16520	combined	seq.19227.18	Somalogic	proteomics	SomaScan	7k
Plasma	BAG family molecular chaperone regulator 2	19228-11	ENSG00000112208	O95816	combined	seq.19228.11	Somalogic	proteomics	SomaScan	7k
Plasma	Homer protein homolog 1	19229-92	ENSG00000152413	Q86YM7	combined	seq.19229.92	Somalogic	proteomics	SomaScan	7k
Plasma	Glutathione S-transferase theta-1	19230-12	ENSG00000277656	P30711	combined	seq.19230.12	Somalogic	proteomics	SomaScan	7k
Plasma	Protein tyrosine phosphatase type IVA 3	19231-22	ENSG00000184489|ENSG00000275575	O75365	combined	seq.19231.22	Somalogic	proteomics	SomaScan	7k
Plasma	Copper transport protein ATOX1	19233-75	ENSG00000177556	O00244	combined	seq.19233.75	Somalogic	proteomics	SomaScan	7k
Plasma	Activated RNA polymerase II transcriptional coactivator p15	19236-24	ENSG00000113387	P53999	combined	seq.19236.24	Somalogic	proteomics	SomaScan	7k
Plasma	D-dopachrome decarboxylase	19237-17	ENSG00000099977|ENSG00000275003	P30046	combined	seq.19237.17	Somalogic	proteomics	SomaScan	7k
Plasma	Glutamine synthetase	19238-12	ENSG00000135821	P15104	combined	seq.19238.12	Somalogic	proteomics	SomaScan	7k
Plasma	ADP-ribosylation factor 1	19239-5	ENSG00000143761	P84077	combined	seq.19239.5	Somalogic	proteomics	SomaScan	7k
Plasma	28 kDa heat- and acid-stable phosphoprotein	19240-265	ENSG00000106244	Q13442	combined	seq.19240.265	Somalogic	proteomics	SomaScan	7k
Plasma	Retinol-binding protein 5	19241-31	ENSG00000288369|ENSG00000139194	P82980	combined	seq.19241.31	Somalogic	proteomics	SomaScan	7k
Plasma	Prefoldin subunit 1	19242-21	ENSG00000113068	O60925	combined	seq.19242.21	Somalogic	proteomics	SomaScan	7k
Plasma	Prefoldin subunit 2	19243-2	ENSG00000143256	Q9UHV9	combined	seq.19243.2	Somalogic	proteomics	SomaScan	7k
Plasma	Ubiquitin-conjugating enzyme E2 D1	19247-1	ENSG00000072401	P51668	combined	seq.19247.1	Somalogic	proteomics	SomaScan	7k
Plasma	Lysine--tRNA ligase	19249-18	ENSG00000065427	Q15046	combined	seq.19249.18	Somalogic	proteomics	SomaScan	7k
Plasma	C-Myc-binding protein	19250-50	ENSG00000214114	Q99417	combined	seq.19250.50	Somalogic	proteomics	SomaScan	7k
Plasma	Serglycin	19251-56	ENSG00000122862	P10124	combined	seq.19251.56	Somalogic	proteomics	SomaScan	7k
Plasma	Proteasome subunit beta type-2	19252-67	ENSG00000126067	P49721	combined	seq.19252.67	Somalogic	proteomics	SomaScan	7k
Plasma	Ras-related protein Rab-2B	19253-82	ENSG00000129472	Q8WUD1	combined	seq.19253.82	Somalogic	proteomics	SomaScan	7k
Plasma	GMP reductase 1	19254-125	ENSG00000137198	P36959	combined	seq.19254.125	Somalogic	proteomics	SomaScan	7k
Plasma	NTF2-related export protein 2	19255-124	ENSG00000101888	Q9NPJ8	combined	seq.19255.124	Somalogic	proteomics	SomaScan	7k
Plasma	Clathrin light chain A	19257-11	ENSG00000122705	P09496	combined	seq.19257.11	Somalogic	proteomics	SomaScan	7k
Plasma	Glutaryl-CoA dehydrogenase, mitochondrial	19258-24	ENSG00000105607	Q92947	combined	seq.19258.24	Somalogic	proteomics	SomaScan	7k
Plasma	Eukaryotic translation initiation factor 2 subunit 1	19259-176	ENSG00000134001	P05198	combined	seq.19259.176	Somalogic	proteomics	SomaScan	7k
Plasma	PDZ domain-containing protein GIPC1	19260-4	ENSG00000123159	O14908	combined	seq.19260.4	Somalogic	proteomics	SomaScan	7k
Plasma	Syntenin-2	19261-12	ENSG00000125775	Q9H190	combined	seq.19261.12	Somalogic	proteomics	SomaScan	7k
Plasma	Very long-chain specific acyl-CoA dehydrogenase, mitochondrial	19262-219	ENSG00000072778	P49748	combined	seq.19262.219	Somalogic	proteomics	SomaScan	7k
Plasma	Eukaryotic translation initiation factor 4E	19263-147	ENSG00000151247	P06730	combined	seq.19263.147	Somalogic	proteomics	SomaScan	7k
Plasma	Replication protein A 32 kDa subunit	19264-6	ENSG00000117748	P15927	combined	seq.19264.6	Somalogic	proteomics	SomaScan	7k
Plasma	T-complex protein 1 subunit alpha	19265-9	ENSG00000120438	P17987	combined	seq.19265.9	Somalogic	proteomics	SomaScan	7k
Plasma	Ras GTPase-activating protein-binding protein 1	19266-35	ENSG00000145907	Q13283	combined	seq.19266.35	Somalogic	proteomics	SomaScan	7k
Plasma	Hydroxyacylglutathione hydrolase, mitochondrial	19267-14	ENSG00000063854	Q16775	combined	seq.19267.14	Somalogic	proteomics	SomaScan	7k
Plasma	Tyrosine--tRNA ligase, cytoplasmic	19270-26	ENSG00000134684	P54577	combined	seq.19270.26	Somalogic	proteomics	SomaScan	7k
Plasma	Guanine nucleotide-binding protein G(i) subunit alpha-1	19271-64	ENSG00000127955	P63096	combined	seq.19271.64	Somalogic	proteomics	SomaScan	7k
Plasma	Peflin	19272-9	ENSG00000162517	Q9UBV8	combined	seq.19272.9	Somalogic	proteomics	SomaScan	7k
Plasma	Glutathione reductase, mitochondrial	19273-3	ENSG00000104687	P00390	combined	seq.19273.3	Somalogic	proteomics	SomaScan	7k
Plasma	Alpha-1-syntrophin	19274-80	ENSG00000101400	Q13424	combined	seq.19274.80	Somalogic	proteomics	SomaScan	7k
Plasma	Isocitrate dehydrogenase [NAD] subunit gamma, mitochondrial	19275-68	ENSG00000067829	P51553	combined	seq.19275.68	Somalogic	proteomics	SomaScan	7k
Plasma	Small nuclear ribonucleoprotein G	19276-124	ENSG00000143977	P62308	combined	seq.19276.124	Somalogic	proteomics	SomaScan	7k
Plasma	Thiosulfate sulfurtransferase/rhodanese-like domain-containing protein 1	19277-4	ENSG00000215845	Q8NFU3	combined	seq.19277.4	Somalogic	proteomics	SomaScan	7k
Plasma	Ras-related protein Rab-1B	19278-19	ENSG00000174903	Q9H0U4	combined	seq.19278.19	Somalogic	proteomics	SomaScan	7k
Plasma	Retinol-binding protein 1	19279-42	ENSG00000114115	P09455	combined	seq.19279.42	Somalogic	proteomics	SomaScan	7k
Plasma	Ubiquitin-conjugating enzyme E2 D3	19280-29	ENSG00000109332	P61077	combined	seq.19280.29	Somalogic	proteomics	SomaScan	7k
Plasma	Transcription factor MafG	19281-86	ENSG00000197063	O15525	combined	seq.19281.86	Somalogic	proteomics	SomaScan	7k
Plasma	Ras-related protein Rab-13	19282-3	ENSG00000143545	P51153	combined	seq.19282.3	Somalogic	proteomics	SomaScan	7k
Plasma	Myosin light chain 5	19286-30	ENSG00000215375	Q02045	combined	seq.19286.30	Somalogic	proteomics	SomaScan	7k
Plasma	Density-regulated protein	19287-59	ENSG00000139726	O43583	combined	seq.19287.59	Somalogic	proteomics	SomaScan	7k
Plasma	Uroporphyrinogen decarboxylase	19289-29	ENSG00000126088	P06132	combined	seq.19289.29	Somalogic	proteomics	SomaScan	7k
Plasma	Hypoxanthine-guanine phosphoribosyltransferase	19290-5	ENSG00000165704	P00492	combined	seq.19290.5	Somalogic	proteomics	SomaScan	7k
Plasma	Calsequestrin-2	19291-2	ENSG00000118729	O14958	combined	seq.19291.2	Somalogic	proteomics	SomaScan	7k
Plasma	Vacuolar protein sorting-associated protein 26A	19293-6	ENSG00000122958	O75436	combined	seq.19293.6	Somalogic	proteomics	SomaScan	7k
Plasma	Cysteine-rich PDZ-binding protein	19294-26	ENSG00000119878	Q9P021	combined	seq.19294.26	Somalogic	proteomics	SomaScan	7k
Plasma	Serine/threonine-protein phosphatase PP1-gamma catalytic subunit	19295-32	ENSG00000186298	P36873	combined	seq.19295.32	Somalogic	proteomics	SomaScan	7k
Plasma	Myosin regulatory light chain 2, atrial isoform	19296-51	ENSG00000106631	Q01449	combined	seq.19296.51	Somalogic	proteomics	SomaScan	7k
Plasma	Glucose-6-phosphate 1-dehydrogenase	19297-4	ENSG00000160211	P11413	combined	seq.19297.4	Somalogic	proteomics	SomaScan	7k
Plasma	GTPase IMAP family member 6	19302-7	ENSG00000133561	Q6P9H5	combined	seq.19302.7	Somalogic	proteomics	SomaScan	7k
Plasma	Protein PET117 homolog, mitochondrial	19303-64	ENSG00000232838	Q6UWS5	combined	seq.19303.64	Somalogic	proteomics	SomaScan	7k
Plasma	Coatomer subunit epsilon	19310-81	ENSG00000105669	O14579	combined	seq.19310.81	Somalogic	proteomics	SomaScan	7k
Plasma	Beta-crystallin S	19311-15	ENSG00000213139	P22914	combined	seq.19311.15	Somalogic	proteomics	SomaScan	7k
Plasma	Iron-sulfur cluster co-chaperone protein HscB, mitochondrial	19316-2	ENSG00000100209	Q8IWL3	combined	seq.19316.2	Somalogic	proteomics	SomaScan	7k
Plasma	Prostatic acid phosphatase	19317-114	ENSG00000014257	P15309	combined	seq.19317.114	Somalogic	proteomics	SomaScan	7k
Plasma	Receptor-binding cancer antigen expressed on SiSo cells	19323-1	ENSG00000147654	O00559	combined	seq.19323.1	Somalogic	proteomics	SomaScan	7k
Plasma	Protein ABHD14B	19325-21	ENSG00000114779	Q96IU4	combined	seq.19325.21	Somalogic	proteomics	SomaScan	7k
Plasma	Histone acetyltransferase type B catalytic subunit	19327-31	ENSG00000128708	O14929	combined	seq.19327.31	Somalogic	proteomics	SomaScan	7k
Plasma	Serine/threonine-protein kinase Chk2	19328-51	ENSG00000183765	O96017	combined	seq.19328.51	Somalogic	proteomics	SomaScan	7k
Plasma	Homeodomain-interacting protein kinase 3	19329-31	ENSG00000110422	Q9H422	combined	seq.19329.31	Somalogic	proteomics	SomaScan	7k
Plasma	Brain-specific angiogenesis inhibitor 1-associated protein 2	19331-18	ENSG00000175866	Q9UQB8	combined	seq.19331.18	Somalogic	proteomics	SomaScan	7k
Plasma	MOB-like protein phocein	19332-1	ENSG00000115540	Q9Y3A3	combined	seq.19332.1	Somalogic	proteomics	SomaScan	7k
Plasma	Heterogeneous nuclear ribonucleoprotein K	19333-4	ENSG00000165119	P61978	combined	seq.19333.4	Somalogic	proteomics	SomaScan	7k
Plasma	Thioredoxin domain-containing protein 12	19334-62	ENSG00000117862	O95881	combined	seq.19334.62	Somalogic	proteomics	SomaScan	7k
Plasma	Hematological and neurological expressed 1 protein	19335-2	ENSG00000189159	Q9UK76	combined	seq.19335.2	Somalogic	proteomics	SomaScan	7k
Plasma	Protein LZIC	19338-3	ENSG00000162441	Q8WZA0	combined	seq.19338.3	Somalogic	proteomics	SomaScan	7k
Plasma	Acyl-CoA-binding domain-containing protein 6	19341-36	ENSG00000230124	Q9BR61	combined	seq.19341.36	Somalogic	proteomics	SomaScan	7k
Plasma	Carbonic anhydrase 12	19347-37	ENSG00000074410	O43570	combined	seq.19347.37	Somalogic	proteomics	SomaScan	7k
Plasma	Osteopetrosis-associated transmembrane protein 1	19353-25	ENSG00000081087	Q86WC4	combined	seq.19353.25	Somalogic	proteomics	SomaScan	7k
Plasma	TOM1-like protein 2	19356-20	ENSG00000175662	Q6ZVM7	combined	seq.19356.20	Somalogic	proteomics	SomaScan	7k
Plasma	Vesicle-associated membrane protein 7	19357-11	ENSG00000124333	P51809	combined	seq.19357.11	Somalogic	proteomics	SomaScan	7k
Plasma	Leucine-rich repeat transmembrane neuronal protein 1	19360-22	ENSG00000162951	Q86UE6	combined	seq.19360.22	Somalogic	proteomics	SomaScan	7k
Plasma	Matrilin-3	19361-78	ENSG00000132031	O15232	combined	seq.19361.78	Somalogic	proteomics	SomaScan	7k
Plasma	Proliferating cell nuclear antigen	19364-163	ENSG00000132646	P12004	combined	seq.19364.163	Somalogic	proteomics	SomaScan	7k
Plasma	Branched-chain-amino-acid aminotransferase, mitochondrial	19365-11	ENSG00000105552	O15382	combined	seq.19365.11	Somalogic	proteomics	SomaScan	7k
Plasma	Enoyl-CoA delta isomerase 1, mitochondrial	19367-34	ENSG00000167969	P42126	combined	seq.19367.34	Somalogic	proteomics	SomaScan	7k
Plasma	Histone acetyltransferase KAT2A	19369-17	ENSG00000108773	Q92830	combined	seq.19369.17	Somalogic	proteomics	SomaScan	7k
Plasma	Heparan sulfate glucosamine 3-O-sulfotransferase 4	19370-30	ENSG00000182601	Q9Y661	combined	seq.19370.30	Somalogic	proteomics	SomaScan	7k
Plasma	Microtubule-associated protein RP/EB family member 1	19371-18	ENSG00000101367	Q15691	combined	seq.19371.18	Somalogic	proteomics	SomaScan	7k
Plasma	MAM domain-containing glycosylphosphatidylinositol anchor protein 2	19372-7	ENSG00000139915	Q7Z553	combined	seq.19372.7	Somalogic	proteomics	SomaScan	7k
Plasma	Myosin regulatory light chain 12A	19373-3	ENSG00000101608	P19105	combined	seq.19373.3	Somalogic	proteomics	SomaScan	7k
Plasma	Protein p13 MTCP-1	19374-72	ENSG00000214827	P56278	combined	seq.19374.72	Somalogic	proteomics	SomaScan	7k
Plasma	Nicotinamide N-methyltransferase	19376-74	ENSG00000166741	P40261	combined	seq.19376.74	Somalogic	proteomics	SomaScan	7k
Plasma	Noelin-2	19377-14	ENSG00000105088	O95897	combined	seq.19377.14	Somalogic	proteomics	SomaScan	7k
Plasma	Ras-related protein Rab-3D	19379-154	ENSG00000105514	O95716	combined	seq.19379.154	Somalogic	proteomics	SomaScan	7k
Plasma	Regulator of G-protein signaling 21	19381-7	ENSG00000253148	Q2M5E4	combined	seq.19381.7	Somalogic	proteomics	SomaScan	7k
Plasma	Cyclin-dependent kinase 2-interacting protein	19383-131	ENSG00000100865	Q9BW66	combined	seq.19383.131	Somalogic	proteomics	SomaScan	7k
Plasma	Cadherin-12:Extracellular domain	19388-2	ENSG00000154162	P55289	combined	seq.19388.2	Somalogic	proteomics	SomaScan	7k
Plasma	N(G),N(G)-dimethylarginine dimethylaminohydrolase 1	19392-6	ENSG00000153904	O94760	combined	seq.19392.6	Somalogic	proteomics	SomaScan	7k
Plasma	Isoform L-VEGF165	19437-61	ENSG00000112715	P15692	combined	seq.19437.61	Somalogic	proteomics	SomaScan	7k
Plasma	Pre-mRNA-splicing factor SYF2	19438-68	ENSG00000117614	O95926	combined	seq.19438.68	Somalogic	proteomics	SomaScan	7k
Plasma	GMP reductase 2	19446-1	ENSG00000100938|ENSG00000284752	Q9P2T1	combined	seq.19446.1	Somalogic	proteomics	SomaScan	7k
Plasma	Uridine phosphorylase 1	19448-104	ENSG00000183696	Q16831	combined	seq.19448.104	Somalogic	proteomics	SomaScan	7k
Plasma	Ribokinase	19467-3	ENSG00000171174	Q9H477	combined	seq.19467.3	Somalogic	proteomics	SomaScan	7k
Plasma	3-ketodihydrosphingosine reductase	19483-16	ENSG00000119537	Q06136	combined	seq.19483.16	Somalogic	proteomics	SomaScan	7k
Plasma	Programmed cell death protein 6	19488-1	ENSG00000249915	O75340	combined	seq.19488.1	Somalogic	proteomics	SomaScan	7k
Plasma	Estradiol 17-beta-dehydrogenase 8	19491-11	ENSG00000228712|ENSG00000204228|ENSG00000225312|ENSG00000112474|ENSG00000232357|ENSG00000228357	Q92506	combined	seq.19491.11	Somalogic	proteomics	SomaScan	7k
Plasma	Kidney-associated antigen 1	19492-5	ENSG00000146049	Q9UBP8	combined	seq.19492.5	Somalogic	proteomics	SomaScan	7k
Plasma	N-acetylneuraminate lyase	19496-1	ENSG00000135838	Q9BXD5	combined	seq.19496.1	Somalogic	proteomics	SomaScan	7k
Plasma	Sorting nexin-3	19503-2	ENSG00000112335	O60493	combined	seq.19503.2	Somalogic	proteomics	SomaScan	7k
Plasma	Thymidylate kinase	19504-22	ENSG00000168393	P23919	combined	seq.19504.22	Somalogic	proteomics	SomaScan	7k
Plasma	DCN1-like protein 2	19511-8	ENSG00000150401	Q6PH85	combined	seq.19511.8	Somalogic	proteomics	SomaScan	7k
Plasma	High mobility group protein HMGI-C	19516-10	ENSG00000149948	P52926	combined	seq.19516.10	Somalogic	proteomics	SomaScan	7k
Plasma	Hexokinase-3	19518-12	ENSG00000160883	P52790	combined	seq.19518.12	Somalogic	proteomics	SomaScan	7k
Plasma	Protein DJ-1	19523-215	ENSG00000116288	Q99497	combined	seq.19523.215	Somalogic	proteomics	SomaScan	7k
Plasma	Oxidized Protein deglycase DJ-1	19545-145	ENSG00000116288	Q99497	combined	seq.19545.145	Somalogic	proteomics	SomaScan	7k
Plasma	Syntaxin-1A	19553-14	ENSG00000106089	Q16623	combined	seq.19553.14	Somalogic	proteomics	SomaScan	7k
Plasma	Small ubiquitin-related modifier 2	19555-1	ENSG00000188612	P61956	combined	seq.19555.1	Somalogic	proteomics	SomaScan	7k
Plasma	Complement receptor type 1	19556-12	ENSG00000203710	P17927	combined	seq.19556.12	Somalogic	proteomics	SomaScan	7k
Plasma	Beta-klotho	19557-3	ENSG00000134962	Q86Z14	combined	seq.19557.3	Somalogic	proteomics	SomaScan	7k
Plasma	Low-density lipoprotein receptor-related protein 4	19558-10	ENSG00000134569	O75096	combined	seq.19558.10	Somalogic	proteomics	SomaScan	7k
Plasma	Plexin-A4	19560-23	ENSG00000221866	Q9HCM2	combined	seq.19560.23	Somalogic	proteomics	SomaScan	7k
Plasma	Plexin-D1	19561-216	ENSG00000004399	Q9Y4D7	combined	seq.19561.216	Somalogic	proteomics	SomaScan	7k
Plasma	Ubiquitin carboxyl-terminal hydrolase 28	19562-8	ENSG00000048028	Q96RU2	combined	seq.19562.8	Somalogic	proteomics	SomaScan	7k
Plasma	Seizure 6-like protein	19563-3	ENSG00000100095	Q9BYH1	combined	seq.19563.3	Somalogic	proteomics	SomaScan	7k
Plasma	Interferon regulatory factor 4	19564-61	ENSG00000137265	Q15306	combined	seq.19564.61	Somalogic	proteomics	SomaScan	7k
Plasma	Epidermal growth factor receptor variant III	19567-1	ENSG00000146648	P00533	combined	seq.19567.1	Somalogic	proteomics	SomaScan	7k
Plasma	Interleukin-15	19568-17	ENSG00000164136	P40933	combined	seq.19568.17	Somalogic	proteomics	SomaScan	7k
Plasma	Fibroblast growth factor 8	19570-12	ENSG00000107831	P55075	combined	seq.19570.12	Somalogic	proteomics	SomaScan	7k
Plasma	CCAAT/enhancer-binding protein gamma	19572-10	ENSG00000153879	P53567	combined	seq.19572.10	Somalogic	proteomics	SomaScan	7k
Plasma	Integrin alpha-IIb: beta-3 complex	19574-5	ENSG00000259207|ENSG00000005961	P05106|P08514	combined	seq.19574.5	Somalogic	proteomics	SomaScan	7k
Plasma	Erythropoietin receptor	19575-4	ENSG00000187266	P19235	combined	seq.19575.4	Somalogic	proteomics	SomaScan	7k
Plasma	Docking protein 2	19578-19	ENSG00000147443	O60496	combined	seq.19578.19	Somalogic	proteomics	SomaScan	7k
Plasma	Neutrophil defensin 1	19579-5	ENSG00000206047|ENSG00000284983|ENSG00000285176|ENSG00000240247	P59665	combined	seq.19579.5	Somalogic	proteomics	SomaScan	7k
Plasma	Insulin-like growth factor-binding protein 5	19581-15	ENSG00000115461	P24593	combined	seq.19581.15	Somalogic	proteomics	SomaScan	7k
Plasma	Fibroblast growth factor 9	19584-33	ENSG00000102678	P31371	combined	seq.19584.33	Somalogic	proteomics	SomaScan	7k
Plasma	Ras-related protein Rab-3C	19586-89	ENSG00000152932	Q96E17	combined	seq.19586.89	Somalogic	proteomics	SomaScan	7k
Plasma	Importin subunit alpha-5	19587-12	ENSG00000114030	P52294	combined	seq.19587.12	Somalogic	proteomics	SomaScan	7k
Plasma	Pulmonary surfactant-associated protein D	19590-46	ENSG00000133661	P35247	combined	seq.19590.46	Somalogic	proteomics	SomaScan	7k
Plasma	Transcription factor IIIB 90 kDa subunit	19596-18	ENSG00000185024	Q92994	combined	seq.19596.18	Somalogic	proteomics	SomaScan	7k
Plasma	Ankyrin repeat and SOCS box protein 9	19601-15	ENSG00000102048	Q96DX5	combined	seq.19601.15	Somalogic	proteomics	SomaScan	7k
Plasma	Transcription factor jun-D	19602-36	ENSG00000130522	P17535	combined	seq.19602.36	Somalogic	proteomics	SomaScan	7k
Plasma	Indian hedgehog protein	19606-28	ENSG00000163501	Q14623	combined	seq.19606.28	Somalogic	proteomics	SomaScan	7k
Plasma	CD81 antigen	19612-3	ENSG00000110651	P60033	combined	seq.19612.3	Somalogic	proteomics	SomaScan	7k
Plasma	Retinol dehydrogenase 10	19613-16	ENSG00000121039	Q8IZV5	combined	seq.19613.16	Somalogic	proteomics	SomaScan	7k
Plasma	Transcobalamin-1	19614-8	ENSG00000134827	P20061	combined	seq.19614.8	Somalogic	proteomics	SomaScan	7k
Plasma	Cytosolic 5'-nucleotidase 3A	19615-213	ENSG00000122643	Q9H0P0	combined	seq.19615.213	Somalogic	proteomics	SomaScan	7k
Plasma	EF-hand domain-containing protein D1	19616-100	ENSG00000115468	Q9BUP0	combined	seq.19616.100	Somalogic	proteomics	SomaScan	7k
Plasma	Prostaglandin reductase 1	19617-5	ENSG00000106853	Q14914	combined	seq.19617.5	Somalogic	proteomics	SomaScan	7k
Plasma	Disks large homolog 2	19620-16	ENSG00000150672	Q15700	combined	seq.19620.16	Somalogic	proteomics	SomaScan	7k
Plasma	Activin A	19622-7	ENSG00000122641	P08476	combined	seq.19622.7	Somalogic	proteomics	SomaScan	7k
Plasma	40S ribosomal protein SA	19623-26	ENSG00000168028	P08865	combined	seq.19623.26	Somalogic	proteomics	SomaScan	7k
Plasma	Gamma-synuclein	19630-2	ENSG00000173267	O76070	combined	seq.19630.2	Somalogic	proteomics	SomaScan	7k
Plasma	Kininostatin	19631-13	ENSG00000113889	P01042	combined	seq.19631.13	Somalogic	proteomics	SomaScan	7k
Plasma	Fibroleukin	19635-69	ENSG00000127951	Q14314	combined	seq.19635.69	Somalogic	proteomics	SomaScan	7k
Plasma	HLA class I histocompatibility antigen, alpha chain G	19636-23	ENSG00000204632|ENSG00000237216|ENSG00000235680|ENSG00000235346|ENSG00000230413|ENSG00000206506|ENSG00000233095|ENSG00000276051	P17693	combined	seq.19636.23	Somalogic	proteomics	SomaScan	7k
Plasma	Corticoliberin	19637-9	ENSG00000147571	P06850	combined	seq.19637.9	Somalogic	proteomics	SomaScan	7k
Plasma	Dynorphin A (1-17)	19638-9	ENSG00000101327	P01213	combined	seq.19638.9	Somalogic	proteomics	SomaScan	7k
Plasma	Islet amyloid polypeptide	19639-53	ENSG00000121351	P10997	combined	seq.19639.53	Somalogic	proteomics	SomaScan	7k
Plasma	Parathyroid Hormone1-34	19640-2	ENSG00000152266	P01270	combined	seq.19640.2	Somalogic	proteomics	SomaScan	7k
Plasma	Septin-5	19742-3	ENSG00000184702	Q99719	combined	seq.19742.3	Somalogic	proteomics	SomaScan	7k
Plasma	V-set and transmembrane domain-containing protein 1	19743-12	ENSG00000275330|ENSG00000276066|ENSG00000274953|ENSG00000274887|ENSG00000277607|ENSG00000189068|ENSG00000275962|ENSG00000276363|ENSG00000275577|ENSG00000276159	Q6UX27	combined	seq.19743.12	Somalogic	proteomics	SomaScan	7k
Plasma	Diphosphomevalonate decarboxylase	19748-3	ENSG00000167508	P53602	combined	seq.19748.3	Somalogic	proteomics	SomaScan	7k
Plasma	Adenosine deaminase	19751-21	ENSG00000196839	P00813	combined	seq.19751.21	Somalogic	proteomics	SomaScan	7k
Plasma	Methionine aminopeptidase 1D, mitochondrial	19752-197	ENSG00000172878	Q6UB28	combined	seq.19752.197	Somalogic	proteomics	SomaScan	7k
Plasma	ATPase inhibitor, mitochondrial	19755-38	ENSG00000285390|ENSG00000130770	Q9UII2	combined	seq.19755.38	Somalogic	proteomics	SomaScan	7k
Plasma	Carboxypeptidase A1	19760-26	ENSG00000091704	P15085	combined	seq.19760.26	Somalogic	proteomics	SomaScan	7k
Plasma	C-type lectin domain family 4 member G	19765-17	ENSG00000182566	Q6UXB4	combined	seq.19765.17	Somalogic	proteomics	SomaScan	7k
Plasma	Cystatin B	19768-13	ENSG00000160213	P04080	combined	seq.19768.13	Somalogic	proteomics	SomaScan	7k
Plasma	Hemoglobin subunit gamma-2	19774-8	ENSG00000196565	P69892	combined	seq.19774.8	Somalogic	proteomics	SomaScan	7k
Plasma	Lymphocyte antigen 6D	19784-16	ENSG00000167656	Q14210	combined	seq.19784.16	Somalogic	proteomics	SomaScan	7k
Plasma	Meprin A subunit alpha	19786-26	ENSG00000112818	Q16819	combined	seq.19786.26	Somalogic	proteomics	SomaScan	7k
Plasma	Proto-oncogene tyrosine-protein kinase MER	19787-14	ENSG00000153208	Q12866	combined	seq.19787.14	Somalogic	proteomics	SomaScan	7k
Plasma	S-adenosylmethionine synthetase isoform type-2	19788-6	ENSG00000168906	P31153	combined	seq.19788.6	Somalogic	proteomics	SomaScan	7k
Plasma	Uridine diphosphate glucose pyrophosphatase	19794-10	ENSG00000183828	O95848	combined	seq.19794.10	Somalogic	proteomics	SomaScan	7k
Plasma	Histone acetyltransferase KAT2A	19797-4	ENSG00000108773	Q92830	combined	seq.19797.4	Somalogic	proteomics	SomaScan	7k
Plasma	Probable phosphoglycerate mutase 4	19799-2	ENSG00000226784	Q8N0Y7	combined	seq.19799.2	Somalogic	proteomics	SomaScan	7k
Plasma	Receptor-binding cancer antigen expressed on SiSo cells	19802-22	ENSG00000147654	O00559	combined	seq.19802.22	Somalogic	proteomics	SomaScan	7k
Plasma	Retinol-binding protein 2	19803-34	ENSG00000114113	P50120	combined	seq.19803.34	Somalogic	proteomics	SomaScan	7k
Plasma	Ras-related protein Rab-3D	19808-26	ENSG00000105514	O95716	combined	seq.19808.26	Somalogic	proteomics	SomaScan	7k
Plasma	DNA-directed RNA polymerase II subunit RPB9	19809-47	ENSG00000105258	P36954	combined	seq.19809.47	Somalogic	proteomics	SomaScan	7k
Plasma	Regulator of G-protein signaling 21	19819-7	ENSG00000253148	Q2M5E4	combined	seq.19819.7	Somalogic	proteomics	SomaScan	7k
Plasma	Peptidoglycan recognition protein I-beta	19821-10	ENSG00000163218	Q96LB8	combined	seq.19821.10	Somalogic	proteomics	SomaScan	7k
Plasma	NAD-dependent protein deacetylase sirtuin-1	19823-75	ENSG00000096717	Q96EB6	combined	seq.19823.75	Somalogic	proteomics	SomaScan	7k
Plasma	Cytoplasmic aconitate hydratase	20054-28	ENSG00000122729	P21399	combined	seq.20054.28	Somalogic	proteomics	SomaScan	7k
Plasma	Retinal dehydrogenase 2	20055-40	ENSG00000128918	O94788	combined	seq.20055.40	Somalogic	proteomics	SomaScan	7k
Plasma	Frizzled-10:Frizzled domain	20056-7	ENSG00000111432	Q9ULW2	combined	seq.20056.7	Somalogic	proteomics	SomaScan	7k
Plasma	Histone chaperone ASF1B	20057-177	ENSG00000288210|ENSG00000105011	Q9NVP2	combined	seq.20057.177	Somalogic	proteomics	SomaScan	7k
Plasma	Fibronectin-1 Fragment 2	20064-24	ENSG00000115414	P02751	combined	seq.20064.24	Somalogic	proteomics	SomaScan	7k
Plasma	Frizzled-5	20066-19	ENSG00000163251	Q13467	combined	seq.20066.19	Somalogic	proteomics	SomaScan	7k
Plasma	Factor seven-activating protease	20067-26	ENSG00000148702	Q14520	combined	seq.20067.26	Somalogic	proteomics	SomaScan	7k
Plasma	G antigen 12F	20068-61	ENSG00000236362	P0CL80	combined	seq.20068.61	Somalogic	proteomics	SomaScan	7k
Plasma	Glycine N-acyltransferase-like protein 2	20069-23	ENSG00000156689	Q8WU03	combined	seq.20069.23	Somalogic	proteomics	SomaScan	7k
Plasma	I-kappa-B-epsilon	20071-53	ENSG00000146232	O00221	combined	seq.20071.53	Somalogic	proteomics	SomaScan	7k
Plasma	GTPase KRas	20073-22	ENSG00000133703	P01116	combined	seq.20073.22	Somalogic	proteomics	SomaScan	7k
Plasma	Laminin subunit alpha-3	20074-3	ENSG00000053747	Q16787	combined	seq.20074.3	Somalogic	proteomics	SomaScan	7k
Plasma	Melanoma-associated antigen 4	20075-130	ENSG00000147381	P43358	combined	seq.20075.130	Somalogic	proteomics	SomaScan	7k
Plasma	Myeloid cell nuclear differentiation antigen	20076-7	ENSG00000163563	P41218	combined	seq.20076.7	Somalogic	proteomics	SomaScan	7k
Plasma	Myosin light chain 6B	20078-6	ENSG00000196465	P14649	combined	seq.20078.6	Somalogic	proteomics	SomaScan	7k
Plasma	Phosphoenolpyruvate carboxykinase [GTP], mitochondrial	20079-6	ENSG00000100889|ENSG00000285241	Q16822	combined	seq.20079.6	Somalogic	proteomics	SomaScan	7k
Plasma	Serine/threonine-protein kinase Pim-2	20081-14	ENSG00000102096	Q9P1W9	combined	seq.20081.14	Somalogic	proteomics	SomaScan	7k
Plasma	Ras-related protein Rab-6A	20083-1	ENSG00000175582	P20340	combined	seq.20083.1	Somalogic	proteomics	SomaScan	7k
Plasma	Ras-related protein Rab-11B	20086-5	ENSG00000185236	Q15907	combined	seq.20086.5	Somalogic	proteomics	SomaScan	7k
Plasma	15 kDa selenoprotein	20087-3	ENSG00000183291	O60613	combined	seq.20087.3	Somalogic	proteomics	SomaScan	7k
Plasma	Sulfotransferase 1C4	20089-172	ENSG00000198075	O75897	combined	seq.20089.172	Somalogic	proteomics	SomaScan	7k
Plasma	Ubiquitin-conjugating enzyme E2 E3	20090-63	ENSG00000170035	Q969T4	combined	seq.20090.63	Somalogic	proteomics	SomaScan	7k
Plasma	Ephrin-A1	20091-138	ENSG00000169242	P20827	combined	seq.20091.138	Somalogic	proteomics	SomaScan	7k
Plasma	Vascular cell adhesion protein 1	20093-9	ENSG00000162692	P19320	combined	seq.20093.9	Somalogic	proteomics	SomaScan	7k
Plasma	N-glycosylase/DNA lyase	20103-176	ENSG00000114026	O15527	combined	seq.20103.176	Somalogic	proteomics	SomaScan	7k
Plasma	Myosin light polypeptide 6	20105-7	ENSG00000092841	P60660	combined	seq.20105.7	Somalogic	proteomics	SomaScan	7k
Plasma	Scavenger mRNA-decapping enzyme DcpS	20106-80	ENSG00000110063	Q96C86	combined	seq.20106.80	Somalogic	proteomics	SomaScan	7k
Plasma	Myosin light polypeptide 4	20107-11	ENSG00000198336	P12829	combined	seq.20107.11	Somalogic	proteomics	SomaScan	7k
Plasma	Hematological and neurological expressed 1-like protein	20110-25	ENSG00000206053	Q9H910	combined	seq.20110.25	Somalogic	proteomics	SomaScan	7k
Plasma	Brain acid soluble protein 1	20111-5	ENSG00000176788	P80723	combined	seq.20111.5	Somalogic	proteomics	SomaScan	7k
Plasma	Serine/threonine-protein kinase OSR1	20116-30	ENSG00000172939	O95747	combined	seq.20116.30	Somalogic	proteomics	SomaScan	7k
Plasma	Eukaryotic translation initiation factor 4E-binding protein 2	20117-5		Q13542	combined	seq.20117.5	Somalogic	proteomics	SomaScan	7k
Plasma	Amphoterin-induced protein 1:Extracellular domain	20120-101	ENSG00000181754	Q86WK6	combined	seq.20120.101	Somalogic	proteomics	SomaScan	7k
Plasma	Glial fibrillary acidic protein	20126-19	ENSG00000131095	P14136	combined	seq.20126.19	Somalogic	proteomics	SomaScan	7k
Plasma	Hephaestin	20127-102	ENSG00000089472	Q9BQS7	combined	seq.20127.102	Somalogic	proteomics	SomaScan	7k
Plasma	cAMP response element-binding protein	20128-1	ENSG00000118260	P16220	combined	seq.20128.1	Somalogic	proteomics	SomaScan	7k
Plasma	Casein kinase I isoform gamma-1	20130-144	ENSG00000169118	Q9HCP0	combined	seq.20130.144	Somalogic	proteomics	SomaScan	7k
Plasma	Melanoma-associated antigen 3	20133-1	ENSG00000221867	P43357	combined	seq.20133.1	Somalogic	proteomics	SomaScan	7k
Plasma	Macrophage receptor MARCO	20134-27	ENSG00000019169	Q9UEW3	combined	seq.20134.27	Somalogic	proteomics	SomaScan	7k
Plasma	mRNA-capping enzyme	20135-85	ENSG00000111880	O60942	combined	seq.20135.85	Somalogic	proteomics	SomaScan	7k
Plasma	Heterogeneous nuclear ribonucleoprotein A1	20137-49	ENSG00000135486	P09651	combined	seq.20137.49	Somalogic	proteomics	SomaScan	7k
Plasma	Endophilin-A1	20139-57	ENSG00000107295	Q99962	combined	seq.20139.57	Somalogic	proteomics	SomaScan	7k
Plasma	Transcription elongation factor A protein 2	20141-42	ENSG00000171703	Q15560	combined	seq.20141.42	Somalogic	proteomics	SomaScan	7k
Plasma	Ubiquitin-conjugating enzyme E2 C	20142-42	ENSG00000175063	O00762	combined	seq.20142.42	Somalogic	proteomics	SomaScan	7k
Plasma	Neuritin-like protein	20159-1	ENSG00000188038	Q496H8	combined	seq.20159.1	Somalogic	proteomics	SomaScan	7k
Plasma	Neural cell adhesion molecule 1	20161-41	ENSG00000149294	P13591	combined	seq.20161.41	Somalogic	proteomics	SomaScan	7k
Plasma	Dihydropyrimidinase	20165-4	ENSG00000147647	Q14117	combined	seq.20165.4	Somalogic	proteomics	SomaScan	7k
Plasma	Ras-related protein Rab-8B	20167-6	ENSG00000166128	Q92930	combined	seq.20167.6	Somalogic	proteomics	SomaScan	7k
Plasma	Calpain-9	20173-39	ENSG00000135773	O14815	combined	seq.20173.39	Somalogic	proteomics	SomaScan	7k
Plasma	Collagen alpha-3(IX) chain	20175-17	ENSG00000092758	Q14050	combined	seq.20175.17	Somalogic	proteomics	SomaScan	7k
Plasma	Integrin alpha-11	20181-17	ENSG00000137809	Q9UKX5	combined	seq.20181.17	Somalogic	proteomics	SomaScan	7k
Plasma	Homeobox protein MOX-1	20183-48	ENSG00000005102	P50221	combined	seq.20183.48	Somalogic	proteomics	SomaScan	7k
Plasma	Dihydrolipoyllysine-residue acetyltransferase component of pyruvate dehydrogenase complex, mitochondrial	20185-44	ENSG00000150768	P10515	combined	seq.20185.44	Somalogic	proteomics	SomaScan	7k
Plasma	Integrin alpha V beta 3	20187-10	ENSG00000259207|ENSG00000138448	P05106|P06756	combined	seq.20187.10	Somalogic	proteomics	SomaScan	7k
Plasma	Integrin alpha V beta 6	20189-28	ENSG00000138448|ENSG00000115221	P06756|P18564	combined	seq.20189.28	Somalogic	proteomics	SomaScan	7k
Plasma	Integrin alpha V beta 6	20189-4	ENSG00000115221|ENSG00000138448	P18564|P06756	combined	seq.20189.4	Somalogic	proteomics	SomaScan	7k
Plasma	Integrin alpha V beta 8	20191-13	ENSG00000138448|ENSG00000105855	P06756|P26012	combined	seq.20191.13	Somalogic	proteomics	SomaScan	7k
Plasma	Interferon-induced helicase C domain-containing protein 1	20195-13	ENSG00000115267	Q9BYX4	combined	seq.20195.13	Somalogic	proteomics	SomaScan	7k
Plasma	Visinin-like protein 1	20197-14	ENSG00000163032	P62760	combined	seq.20197.14	Somalogic	proteomics	SomaScan	7k
Plasma	Complement C1s subcomponent	20203-45	ENSG00000182326	P09871	combined	seq.20203.45	Somalogic	proteomics	SomaScan	7k
Plasma	Dual specificity tyrosine-phosphorylation-regulated kinase 2	20205-55	ENSG00000127334	Q92630	combined	seq.20205.55	Somalogic	proteomics	SomaScan	7k
Plasma	Guanylate-binding protein 5	20211-75	ENSG00000154451	Q96PP8	combined	seq.20211.75	Somalogic	proteomics	SomaScan	7k
Plasma	Heat shock 70 kDa protein 6	20213-82	ENSG00000173110	P17066	combined	seq.20213.82	Somalogic	proteomics	SomaScan	7k
Plasma	Integrin alpha-V: beta-1 complex	20215-45	ENSG00000150093|ENSG00000138448	P05556|P06756	combined	seq.20215.45	Somalogic	proteomics	SomaScan	7k
Plasma	Lamin-B2	20217-26	ENSG00000176619	Q03252	combined	seq.20217.26	Somalogic	proteomics	SomaScan	7k
Plasma	Neprilysin	20219-25	ENSG00000196549	P08473	combined	seq.20219.25	Somalogic	proteomics	SomaScan	7k
Plasma	cAMP-specific 3',5'-cyclic phosphodiesterase 4C	20221-26	ENSG00000105650	Q08493	combined	seq.20221.26	Somalogic	proteomics	SomaScan	7k
Plasma	Signal transducer and activator of transcription 5A	20225-119	ENSG00000126561	P42229	combined	seq.20225.119	Somalogic	proteomics	SomaScan	7k
Plasma	TM2 domain-containing protein 1	20229-67	ENSG00000162604	Q9BX74	combined	seq.20229.67	Somalogic	proteomics	SomaScan	7k
Plasma	Uridine phosphorylase 2	20231-23	ENSG00000007001	O95045	combined	seq.20231.23	Somalogic	proteomics	SomaScan	7k
Plasma	Ornithine aminotransferase, mitochondrial	20237-38	ENSG00000065154	P04181	combined	seq.20237.38	Somalogic	proteomics	SomaScan	7k
Plasma	Synaptosomal-associated protein 23	20241-9	ENSG00000092531	O00161	combined	seq.20241.9	Somalogic	proteomics	SomaScan	7k
Plasma	Profilin-1	20243-26	ENSG00000108518	P07737	combined	seq.20243.26	Somalogic	proteomics	SomaScan	7k
Plasma	Retinoic acid receptor RXR-alpha	20245-13	ENSG00000186350	P19793	combined	seq.20245.13	Somalogic	proteomics	SomaScan	7k
Plasma	Dihydropyrimidinase-related protein 4	20247-17	ENSG00000151640	O14531	combined	seq.20247.17	Somalogic	proteomics	SomaScan	7k
Plasma	L-amino-acid oxidase	20367-6	ENSG00000104951	Q96RQ9	combined	seq.20367.6	Somalogic	proteomics	SomaScan	7k
Plasma	Acylphosphatase-1	20370-6	ENSG00000119640	P07311	combined	seq.20370.6	Somalogic	proteomics	SomaScan	7k
Plasma	Glucose-induced degradation protein 8 homolog	20373-141	ENSG00000101193	Q9NWU2	combined	seq.20373.141	Somalogic	proteomics	SomaScan	7k
Plasma	Ubiquinone biosynthesis protein COQ9, mitochondrial	20374-41	ENSG00000088682	O75208	combined	seq.20374.41	Somalogic	proteomics	SomaScan	7k
Plasma	Putative deoxyribonuclease TATDN1	20376-64	ENSG00000147687	Q6P1N9	combined	seq.20376.64	Somalogic	proteomics	SomaScan	7k
Plasma	Leucine zipper transcription factor-like protein 1	20378-110	ENSG00000163818	Q9NQ48	combined	seq.20378.110	Somalogic	proteomics	SomaScan	7k
Plasma	Small vasohibin-binding protein	20379-59	ENSG00000177868	Q8N300	combined	seq.20379.59	Somalogic	proteomics	SomaScan	7k
Plasma	Protein LSM12 homolog	20380-50	ENSG00000161654	Q3MHD2	combined	seq.20380.50	Somalogic	proteomics	SomaScan	7k
Plasma	PIH1 domain-containing protein 2	20381-21	ENSG00000150773	Q8WWB5	combined	seq.20381.21	Somalogic	proteomics	SomaScan	7k
Plasma	Motile sperm domain-containing protein 1	20382-8	ENSG00000101928	Q9UJG1	combined	seq.20382.8	Somalogic	proteomics	SomaScan	7k
Plasma	Probable RNA-binding protein 18	20383-31	ENSG00000119446	Q96H35	combined	seq.20383.31	Somalogic	proteomics	SomaScan	7k
Plasma	Ceramide-1-phosphate transfer protein	20385-21	ENSG00000224051	Q5TA50	combined	seq.20385.21	Somalogic	proteomics	SomaScan	7k
Plasma	Putative peptidyl-tRNA hydrolase PTRHD1	20386-15	ENSG00000184924	Q6GMV3	combined	seq.20386.15	Somalogic	proteomics	SomaScan	7k
Plasma	Coiled-coil-helix-coiled-coil-helix domain-containing protein 7	20387-277	ENSG00000170791	Q9BUK0	combined	seq.20387.277	Somalogic	proteomics	SomaScan	7k
Plasma	Pre-rRNA-processing protein TSR2 homolog	20388-8	ENSG00000158526	Q969E8	combined	seq.20388.8	Somalogic	proteomics	SomaScan	7k
Plasma	Mitochondrial inner membrane protease subunit 2	20389-36	ENSG00000184903	Q96T52	combined	seq.20389.36	Somalogic	proteomics	SomaScan	7k
Plasma	High mobility group nucleosome-binding domain-containing protein 3	20390-4	ENSG00000118418	Q15651	combined	seq.20390.4	Somalogic	proteomics	SomaScan	7k
Plasma	Retinal cone rhodopsin-sensitive cGMP 3',5'-cyclic phosphodiesterase subunit gamma	20393-10	ENSG00000139053	Q13956	combined	seq.20393.10	Somalogic	proteomics	SomaScan	7k
Plasma	COMM domain-containing protein 6	20396-70	ENSG00000188243	Q7Z4G1	combined	seq.20396.70	Somalogic	proteomics	SomaScan	7k
Plasma	Ribonuclease P protein subunit p20	20398-60	ENSG00000172336	O75817	combined	seq.20398.60	Somalogic	proteomics	SomaScan	7k
Plasma	Oxidoreductase-like domain-containing protein 1	20399-7	ENSG00000204237	Q5BKU9	combined	seq.20399.7	Somalogic	proteomics	SomaScan	7k
Plasma	Protein BUD31 homolog	20401-19	ENSG00000106245	P41223	combined	seq.20401.19	Somalogic	proteomics	SomaScan	7k
Plasma	Trafficking protein particle complex subunit 2	20402-11	ENSG00000196459	P0DI81	combined	seq.20402.11	Somalogic	proteomics	SomaScan	7k
Plasma	Mitochondrial import receptor subunit TOM20 homolog	20408-11	ENSG00000173726	Q15388	combined	seq.20408.11	Somalogic	proteomics	SomaScan	7k
Plasma	Tetratricopeptide repeat protein 33	20411-52	ENSG00000113638	Q6PID6	combined	seq.20411.52	Somalogic	proteomics	SomaScan	7k
Plasma	Calcium and integrin-binding protein 1	20423-40	ENSG00000185043	Q99828	combined	seq.20423.40	Somalogic	proteomics	SomaScan	7k
Plasma	Hematopoietically-expressed homeobox protein HHEX	20425-12	ENSG00000152804	Q03014	combined	seq.20425.12	Somalogic	proteomics	SomaScan	7k
Plasma	Protein FAM84A	20426-34	ENSG00000162981	Q96KN4	combined	seq.20426.34	Somalogic	proteomics	SomaScan	7k
Plasma	Mediator of RNA polymerase II transcription subunit 20	20427-18	ENSG00000124641	Q9H944	combined	seq.20427.18	Somalogic	proteomics	SomaScan	7k
Plasma	Phosphoethanolamine/phosphocholine phosphatase	20428-5	ENSG00000173868	Q8TCT1	combined	seq.20428.5	Somalogic	proteomics	SomaScan	7k
Plasma	C-type natriuretic peptide	20430-8	ENSG00000163273	P23582	combined	seq.20430.8	Somalogic	proteomics	SomaScan	7k
Plasma	Pyroglutamyl-peptidase 1	20432-6	ENSG00000130517	Q9NXJ5	combined	seq.20432.6	Somalogic	proteomics	SomaScan	7k
Plasma	39S ribosomal protein L1, mitochondrial	20433-19	ENSG00000169288	Q9BYD6	combined	seq.20433.19	Somalogic	proteomics	SomaScan	7k
Plasma	Purkinje cell protein 4-like protein 1	20434-23	ENSG00000248485	A6NKN8	combined	seq.20434.23	Somalogic	proteomics	SomaScan	7k
Plasma	ER membrane protein complex subunit 2	20435-41	ENSG00000104412	Q15006	combined	seq.20435.41	Somalogic	proteomics	SomaScan	7k
Plasma	Tubulin polyglutamylase complex subunit 2	20436-93	ENSG00000134779	Q68CL5	combined	seq.20436.93	Somalogic	proteomics	SomaScan	7k
Plasma	Axonemal dynein light intermediate polypeptide 1	20437-9	ENSG00000163879	O14645	combined	seq.20437.9	Somalogic	proteomics	SomaScan	7k
Plasma	Proline synthase co-transcribed bacterial homolog protein	20439-14	ENSG00000147471	O94903	combined	seq.20439.14	Somalogic	proteomics	SomaScan	7k
Plasma	Tetratricopeptide repeat protein 32	20440-36	ENSG00000183891	Q5I0X7	combined	seq.20440.36	Somalogic	proteomics	SomaScan	7k
Plasma	DNA-directed RNA polymerases I, II, and III subunit RPABC1	20441-35	ENSG00000099817	P19388	combined	seq.20441.35	Somalogic	proteomics	SomaScan	7k
Plasma	Calcipressin-3	20442-12	ENSG00000117602	Q9UKA8	combined	seq.20442.12	Somalogic	proteomics	SomaScan	7k
Plasma	CST complex subunit TEN1	20443-37	ENSG00000257949	Q86WV5	combined	seq.20443.37	Somalogic	proteomics	SomaScan	7k
Plasma	Tubulin polymerization-promoting protein family member 3	20444-12	ENSG00000159713	Q9BW30	combined	seq.20444.12	Somalogic	proteomics	SomaScan	7k
Plasma	AP-1 complex-associated regulatory protein	20445-29	ENSG00000138660	Q63HQ0	combined	seq.20445.29	Somalogic	proteomics	SomaScan	7k
Plasma	Homeobox protein TGIF2LY	20447-11	ENSG00000176679	Q8IUE0	combined	seq.20447.11	Somalogic	proteomics	SomaScan	7k
Plasma	DNA-directed RNA polymerases I, II, and III subunit RPABC2	20448-7	ENSG00000100142	P61218	combined	seq.20448.7	Somalogic	proteomics	SomaScan	7k
Plasma	Josephin-1	20449-72	ENSG00000100221	Q15040	combined	seq.20449.72	Somalogic	proteomics	SomaScan	7k
Plasma	Intraflagellar transport protein 22 homolog	20451-126	ENSG00000128581	Q9H7X7	combined	seq.20451.126	Somalogic	proteomics	SomaScan	7k
Plasma	Non-structural maintenance of chromosomes element 1 homolog	20453-9	ENSG00000169189	Q8WV22	combined	seq.20453.9	Somalogic	proteomics	SomaScan	7k
Plasma	SOSS complex subunit B2	20454-24	ENSG00000173559	Q96AH0	combined	seq.20454.24	Somalogic	proteomics	SomaScan	7k
Plasma	Cytochrome c oxidase assembly factor 4 homolog, mitochondrial	20457-13	ENSG00000181924	Q9NYJ1	combined	seq.20457.13	Somalogic	proteomics	SomaScan	7k
Plasma	NADH dehydrogenase [ubiquinone] 1 alpha subcomplex subunit 2	20458-22	ENSG00000131495	O43678	combined	seq.20458.22	Somalogic	proteomics	SomaScan	7k
Plasma	Intraflagellar transport protein 20 homolog	20460-22	ENSG00000109083	Q8IY31	combined	seq.20460.22	Somalogic	proteomics	SomaScan	7k
Plasma	Protein FAM50A	20461-58	ENSG00000071859	Q14320	combined	seq.20461.58	Somalogic	proteomics	SomaScan	7k
Plasma	Protein IMPACT	20463-315	ENSG00000154059	Q9P2X3	combined	seq.20463.315	Somalogic	proteomics	SomaScan	7k
Plasma	Putative KHDC1-like protein	20464-7	ENSG00000256980	Q5JSQ8	combined	seq.20464.7	Somalogic	proteomics	SomaScan	7k
Plasma	Junctional adhesion molecule A	20511-3	ENSG00000158769	Q9Y624	combined	seq.20511.3	Somalogic	proteomics	SomaScan	7k
Plasma	Melanoma-associated antigen MUC18	20512-2	ENSG00000076706	P43121	combined	seq.20512.2	Somalogic	proteomics	SomaScan	7k
Plasma	BMP and activin membrane-bound inhibitor homolog:Extracellular domain	20514-8	ENSG00000095739	Q13145	combined	seq.20514.8	Somalogic	proteomics	SomaScan	7k
Plasma	Sodium channel subunit beta-3	20516-11	ENSG00000166257	Q9NY72	combined	seq.20516.11	Somalogic	proteomics	SomaScan	7k
Plasma	Desmoglein-2	20517-1	ENSG00000046604	Q14126	combined	seq.20517.1	Somalogic	proteomics	SomaScan	7k
Plasma	Tumor necrosis factor receptor superfamily member 25	20518-11	ENSG00000215788	Q93038	combined	seq.20518.11	Somalogic	proteomics	SomaScan	7k
Plasma	CD6	20519-7	ENSG00000013725	P30203	combined	seq.20519.7	Somalogic	proteomics	SomaScan	7k
Plasma	Protein FAM3C	20520-14	ENSG00000196937	Q92520	combined	seq.20520.14	Somalogic	proteomics	SomaScan	7k
Plasma	CD28	20521-83	ENSG00000178562	P10747	combined	seq.20521.83	Somalogic	proteomics	SomaScan	7k
Plasma	Interleukin-1 receptor accessory protein-like 1	20522-2	ENSG00000169306	Q9NZN1	combined	seq.20522.2	Somalogic	proteomics	SomaScan	7k
Plasma	Pro-neuregulin-3, membrane-bound isoform	20524-38	ENSG00000185737	P56975	combined	seq.20524.38	Somalogic	proteomics	SomaScan	7k
Plasma	Protein disulfide-isomerase A4	20525-200	ENSG00000155660	P13667	combined	seq.20525.200	Somalogic	proteomics	SomaScan	7k
Plasma	Retinoic acid early transcript 1L protein	20526-3	ENSG00000155918	Q5VY80	combined	seq.20526.3	Somalogic	proteomics	SomaScan	7k
Plasma	Semaphorin-5B	20527-47	ENSG00000082684	Q9P283	combined	seq.20527.47	Somalogic	proteomics	SomaScan	7k
Plasma	Macrosialin	20528-23	ENSG00000129226	P34810	combined	seq.20528.23	Somalogic	proteomics	SomaScan	7k
Plasma	Cadherin-10	20529-7	ENSG00000040731	Q9Y6N8	combined	seq.20529.7	Somalogic	proteomics	SomaScan	7k
Plasma	Semaphorin-6D	20530-2	ENSG00000137872	Q8NFY4	combined	seq.20530.2	Somalogic	proteomics	SomaScan	7k
Plasma	SLAM family member 9	20531-5	ENSG00000162723	Q96A28	combined	seq.20531.5	Somalogic	proteomics	SomaScan	7k
Plasma	Interleukin-35	20533-39	ENSG00000168811|ENSG00000105246	P29459|Q14213	combined	seq.20533.39	Somalogic	proteomics	SomaScan	7k
Plasma	Scavenger receptor class B member 1	20534-6	ENSG00000073060	Q8WTV0	combined	seq.20534.6	Somalogic	proteomics	SomaScan	7k
Plasma	Interleukin-17 receptor E	20535-68	ENSG00000163701	Q8NFR9	combined	seq.20535.68	Somalogic	proteomics	SomaScan	7k
Plasma	Endothelial cell-selective adhesion molecule	20536-11	ENSG00000149564	Q96AP7	combined	seq.20536.11	Somalogic	proteomics	SomaScan	7k
Plasma	Sialic acid-binding Ig-like lectin 11:Extracellular domain, Isoform 1	20538-71	ENSG00000161640	Q96RL6	combined	seq.20538.71	Somalogic	proteomics	SomaScan	7k
Plasma	Neutrophil defensin 3	20539-4	ENSG00000239839	P59666	combined	seq.20539.4	Somalogic	proteomics	SomaScan	7k
Plasma	Semaphorin-4G	20540-65	ENSG00000095539	Q9NTN9	combined	seq.20540.65	Somalogic	proteomics	SomaScan	7k
Plasma	T-cell surface glycoprotein CD1b	20541-73	ENSG00000158485	P29016	combined	seq.20541.73	Somalogic	proteomics	SomaScan	7k
Plasma	Calcitonin receptor	20542-47	ENSG00000004948	P30988	combined	seq.20542.47	Somalogic	proteomics	SomaScan	7k
Plasma	Beta-defensin 127	20543-19	ENSG00000088782	Q9H1M4	combined	seq.20543.19	Somalogic	proteomics	SomaScan	7k
Plasma	Glutamate receptor ionotropic, kainate 2	20544-103	ENSG00000164418	Q13002	combined	seq.20544.103	Somalogic	proteomics	SomaScan	7k
Plasma	Microfibril-associated glycoprotein 3	20545-17	ENSG00000037749	P55082	combined	seq.20545.17	Somalogic	proteomics	SomaScan	7k
Plasma	Reticulon-4 receptor-like 1	20546-71	ENSG00000185924	Q86UN2	combined	seq.20546.71	Somalogic	proteomics	SomaScan	7k
Plasma	Neuronal acetylcholine receptor subunit beta-3	20547-5	ENSG00000147432	Q05901	combined	seq.20547.5	Somalogic	proteomics	SomaScan	7k
Plasma	Izumo sperm-egg fusion protein 4	20549-1	ENSG00000099840	Q1ZYL8	combined	seq.20549.1	Somalogic	proteomics	SomaScan	7k
Plasma	Neurotrimin	20550-38	ENSG00000182667	Q9P121	combined	seq.20550.38	Somalogic	proteomics	SomaScan	7k
Plasma	Phosphoinositide-3-kinase-interacting protein 1	20553-2	ENSG00000100100	Q96FE7	combined	seq.20553.2	Somalogic	proteomics	SomaScan	7k
Plasma	V-set and immunoglobulin domain-containing protein 8	20557-19	ENSG00000243284	P0DPA2	combined	seq.20557.19	Somalogic	proteomics	SomaScan	7k
Plasma	Ephrin type-A receptor 8	20558-4	ENSG00000070886	P29322	combined	seq.20558.4	Somalogic	proteomics	SomaScan	7k
Plasma	Contactin-6	20561-15	ENSG00000134115	Q9UQ52	combined	seq.20561.15	Somalogic	proteomics	SomaScan	7k
Plasma	Killer cell lectin-like receptor subfamily B member 1	20562-78	ENSG00000111796	Q12918	combined	seq.20562.78	Somalogic	proteomics	SomaScan	7k
Plasma	Toll-like receptor 10	20563-48	ENSG00000174123	Q9BXR5	combined	seq.20563.48	Somalogic	proteomics	SomaScan	7k
Plasma	Thy-1 membrane glycoprotein	20564-53	ENSG00000154096	P04216	combined	seq.20564.53	Somalogic	proteomics	SomaScan	7k
Plasma	FRAS1-related extracellular matrix protein 1	20568-3	ENSG00000164946	Q5H8C1	combined	seq.20568.3	Somalogic	proteomics	SomaScan	7k
Plasma	V-set and transmembrane domain-containing protein 1	20570-18	ENSG00000275330|ENSG00000276066|ENSG00000274953|ENSG00000274887|ENSG00000277607|ENSG00000189068|ENSG00000275962|ENSG00000276363|ENSG00000275577|ENSG00000276159	Q6UX27	combined	seq.20570.18	Somalogic	proteomics	SomaScan	7k
Plasma	Proto-oncogene tyrosine-protein kinase MER	20572-6	ENSG00000153208	Q12866	combined	seq.20572.6	Somalogic	proteomics	SomaScan	7k
Plasma	CD81 antigen	20574-8	ENSG00000110651	P60033	combined	seq.20574.8	Somalogic	proteomics	SomaScan	7k
Plasma	C-type lectin domain family 9 member A	20575-82	ENSG00000197992	Q6UXN8	combined	seq.20575.82	Somalogic	proteomics	SomaScan	7k
Plasma	Frizzled-7	20576-71	ENSG00000155760	O75084	combined	seq.20576.71	Somalogic	proteomics	SomaScan	7k
Plasma	Frizzled-8	20577-5	ENSG00000177283	Q9H461	combined	seq.20577.5	Somalogic	proteomics	SomaScan	7k
Plasma	Latrophilin-3	20578-10	ENSG00000150471	Q9HAR2	combined	seq.20578.10	Somalogic	proteomics	SomaScan	7k
Plasma	Myelin-associated glycoprotein	20579-50	ENSG00000105695	P20916	combined	seq.20579.50	Somalogic	proteomics	SomaScan	7k
Plasma	Glucagon-like peptide 1 receptor:Extracellular domain	20581-42	ENSG00000112164	P43220	combined	seq.20581.42	Somalogic	proteomics	SomaScan	7k
Plasma	Nectin-1, isoform gamma:Extracellular domain	20584-4	ENSG00000110400	Q15223	combined	seq.20584.4	Somalogic	proteomics	SomaScan	7k
Plasma	CMRF35-like molecule 9	20585-5	ENSG00000161649	Q6UXG3	combined	seq.20585.5	Somalogic	proteomics	SomaScan	7k
Plasma	CMRF35-like molecule 9	20585-9	ENSG00000161649	Q6UXG3	combined	seq.20585.9	Somalogic	proteomics	SomaScan	7k
Plasma	Contactin-3	20586-18	ENSG00000113805	Q9P232	combined	seq.20586.18	Somalogic	proteomics	SomaScan	7k
Plasma	Cadherin-4	20589-5	ENSG00000179242	P55283	combined	seq.20589.5	Somalogic	proteomics	SomaScan	7k
Plasma	Neuropeptide Y	20590-13	ENSG00000122585	P01303	combined	seq.20590.13	Somalogic	proteomics	SomaScan	7k
Plasma	Gliomedin	20591-48	ENSG00000186417	Q6ZMI3	combined	seq.20591.48	Somalogic	proteomics	SomaScan	7k
Plasma	Latexin	20592-8	ENSG00000079257	Q9BS40	combined	seq.20592.8	Somalogic	proteomics	SomaScan	7k
Plasma	Beta-1,3-galactosyltransferase 5	20593-10	ENSG00000183778	Q9Y2C3	combined	seq.20593.10	Somalogic	proteomics	SomaScan	7k
Plasma	Pseudouridine-5'-phosphatase	20912-10	ENSG00000130021	Q08623	combined	seq.20912.10	Somalogic	proteomics	SomaScan	7k
Plasma	Eukaryotic translation initiation factor 1	20913-27	ENSG00000173812	P41567	combined	seq.20913.27	Somalogic	proteomics	SomaScan	7k
Plasma	Adaptin ear-binding coat-associated protein 2	20915-68	ENSG00000157191	Q9NVZ3	combined	seq.20915.68	Somalogic	proteomics	SomaScan	7k
Plasma	U1 small nuclear ribonucleoprotein C	20918-28	ENSG00000124562	P09234	combined	seq.20918.28	Somalogic	proteomics	SomaScan	7k
Plasma	PDZ domain-containing protein GIPC2	20921-1	ENSG00000137960	Q8TF65	combined	seq.20921.1	Somalogic	proteomics	SomaScan	7k
Plasma	Profilin-4	20922-4	ENSG00000176732	Q8NHR9	combined	seq.20922.4	Somalogic	proteomics	SomaScan	7k
Plasma	Magnesium-dependent phosphatase 1	20923-10	ENSG00000285200|ENSG00000213920	Q86V88	combined	seq.20923.10	Somalogic	proteomics	SomaScan	7k
Plasma	Transcription elongation factor A protein-like 1	20924-85	ENSG00000172465	Q15170	combined	seq.20924.85	Somalogic	proteomics	SomaScan	7k
Plasma	Cyclic AMP-dependent transcription factor ATF-1	20926-31	ENSG00000123268	P18846	combined	seq.20926.31	Somalogic	proteomics	SomaScan	7k
Plasma	General transcription factor IIF subunit 2	20927-43	ENSG00000188342	P13984	combined	seq.20927.43	Somalogic	proteomics	SomaScan	7k
Plasma	Transcription elongation factor A protein-like 7	20928-39	ENSG00000182916	Q9BRU2	combined	seq.20928.39	Somalogic	proteomics	SomaScan	7k
Plasma	CTD small phosphatase-like protein	20929-4	ENSG00000144677	O15194	combined	seq.20929.4	Somalogic	proteomics	SomaScan	7k
Plasma	Methylglutaconyl-CoA hydratase, mitochondrial	20931-156	ENSG00000148090	Q13825	combined	seq.20931.156	Somalogic	proteomics	SomaScan	7k
Plasma	Coiled-coil domain-containing protein 69	20932-10	ENSG00000198624	A6NI79	combined	seq.20932.10	Somalogic	proteomics	SomaScan	7k
Plasma	Ras-related protein Rab-24	20934-13	ENSG00000169228	Q969Q5	combined	seq.20934.13	Somalogic	proteomics	SomaScan	7k
Plasma	Phosducin-like protein 3	20935-4	ENSG00000115539	Q9H2J4	combined	seq.20935.4	Somalogic	proteomics	SomaScan	7k
Plasma	Putative deoxyribonuclease TATDN3	20936-8	ENSG00000203705	Q17R31	combined	seq.20936.8	Somalogic	proteomics	SomaScan	7k
Plasma	Ribosomal RNA small subunit methyltransferase NEP1	20937-43	ENSG00000126749	Q92979	combined	seq.20937.43	Somalogic	proteomics	SomaScan	7k
Plasma	H/ACA ribonucleoprotein complex subunit 2	20939-113	ENSG00000145912	Q9NX24	combined	seq.20939.113	Somalogic	proteomics	SomaScan	7k
Plasma	Ubiquitin-like protein 3	20941-7	ENSG00000122042	O95164	combined	seq.20941.7	Somalogic	proteomics	SomaScan	7k
Plasma	DnaJ homolog subfamily B member 8	20942-4	ENSG00000179407	Q8NHS0	combined	seq.20942.4	Somalogic	proteomics	SomaScan	7k
Plasma	N-alpha-acetyltransferase 50	20943-14	ENSG00000121579	Q9GZZ1	combined	seq.20943.14	Somalogic	proteomics	SomaScan	7k
Plasma	Gametocyte-specific factor 1	20946-41	ENSG00000170627	Q8WW33	combined	seq.20946.41	Somalogic	proteomics	SomaScan	7k
Plasma	Protein Dr1	20947-50	ENSG00000117505	Q01658	combined	seq.20947.50	Somalogic	proteomics	SomaScan	7k
Plasma	U8 snoRNA-decapping enzyme	20948-16	ENSG00000198585	Q96DE0	combined	seq.20948.16	Somalogic	proteomics	SomaScan	7k
Plasma	Phosphoribosyltransferase domain-containing protein 1	20950-159	ENSG00000099256	Q9NRG1	combined	seq.20950.159	Somalogic	proteomics	SomaScan	7k
Plasma	Ethylmalonyl-CoA decarboxylase	20952-15	ENSG00000093144	Q9NTX5	combined	seq.20952.15	Somalogic	proteomics	SomaScan	7k
Plasma	Methylmalonic aciduria and homocystinuria type C protein	20953-34	ENSG00000132763	Q9Y4U1	combined	seq.20953.34	Somalogic	proteomics	SomaScan	7k
Plasma	Protein LDOC1L	20954-27	ENSG00000188636	Q6ICC9	combined	seq.20954.27	Somalogic	proteomics	SomaScan	7k
Plasma	tRNA-specific adenosine deaminase 2	20955-20	ENSG00000189007	Q7Z6V5	combined	seq.20955.20	Somalogic	proteomics	SomaScan	7k
Plasma	Prefoldin subunit 4	20956-13	ENSG00000101132	Q9NQP4	combined	seq.20956.13	Somalogic	proteomics	SomaScan	7k
Plasma	Diphosphoinositol polyphosphate phosphohydrolase 3-alpha	20957-57	ENSG00000122824	Q8NFP7	combined	seq.20957.57	Somalogic	proteomics	SomaScan	7k
Plasma	Ras-related protein Rab-23	20958-13	ENSG00000112210	Q9ULC3	combined	seq.20958.13	Somalogic	proteomics	SomaScan	7k
Plasma	Dual specificity protein phosphatase 18	20959-12	ENSG00000167065	Q8NEJ0	combined	seq.20959.12	Somalogic	proteomics	SomaScan	7k
Plasma	Far upstream element-binding protein 1	20960-47	ENSG00000162613	Q96AE4	combined	seq.20960.47	Somalogic	proteomics	SomaScan	7k
Plasma	40S ribosomal protein S14	20964-13	ENSG00000164587	P62263	combined	seq.20964.13	Somalogic	proteomics	SomaScan	7k
Plasma	Microtubule-associated proteins 1A/1B light chain 3 beta 2	20965-18	ENSG00000258102	A6NCE7	combined	seq.20965.18	Somalogic	proteomics	SomaScan	7k
Plasma	Sentrin-specific protease 8	20966-7	ENSG00000166192	Q96LD8	combined	seq.20966.7	Somalogic	proteomics	SomaScan	7k
Plasma	Proteasome assembly chaperone 4	20967-137	ENSG00000180822	Q5JS54	combined	seq.20967.137	Somalogic	proteomics	SomaScan	7k
Plasma	Exosome complex component RRP46	20968-22	ENSG00000077348	Q9NQT4	combined	seq.20968.22	Somalogic	proteomics	SomaScan	7k
Plasma	RING1 and YY1-binding protein	20969-114	ENSG00000163602	Q8N488	combined	seq.20969.114	Somalogic	proteomics	SomaScan	7k
Plasma	Dysbindin domain-containing protein 1	20970-14	ENSG00000003249	Q9H9R9	combined	seq.20970.14	Somalogic	proteomics	SomaScan	7k
Plasma	Methionine-R-sulfoxide reductase B1	20971-1	ENSG00000198736	Q9NZV6	combined	seq.20971.1	Somalogic	proteomics	SomaScan	7k
Plasma	Cleavage and polyadenylation specificity factor subunit 5	20972-37	ENSG00000167005	O43809	combined	seq.20972.37	Somalogic	proteomics	SomaScan	7k
Plasma	Calcipressin-2	20975-2	ENSG00000172348	Q14206	combined	seq.20975.2	Somalogic	proteomics	SomaScan	7k
Plasma	U6 snRNA-associated Sm-like protein LSm3	20976-19	ENSG00000170860	P62310	combined	seq.20976.19	Somalogic	proteomics	SomaScan	7k
Plasma	Phosducin-like protein	20977-2	ENSG00000136940	Q13371	combined	seq.20977.2	Somalogic	proteomics	SomaScan	7k
Plasma	Transcription initiation factor IIB	20979-86	ENSG00000137947	Q00403	combined	seq.20979.86	Somalogic	proteomics	SomaScan	7k
Plasma	U11/U12 small nuclear ribonucleoprotein 25 kDa protein	20982-29	ENSG00000161981	Q9BV90	combined	seq.20982.29	Somalogic	proteomics	SomaScan	7k
Plasma	Dual specificity protein phosphatase 19	20984-142	ENSG00000162999	Q8WTR2	combined	seq.20984.142	Somalogic	proteomics	SomaScan	7k
Plasma	Egl nine homolog 3	20986-58	ENSG00000129521	Q9H6Z9	combined	seq.20986.58	Somalogic	proteomics	SomaScan	7k
Plasma	Homeobox protein SIX6	20987-21	ENSG00000184302	O95475	combined	seq.20987.21	Somalogic	proteomics	SomaScan	7k
Plasma	Retinitis pigmentosa 9 protein	20988-63	ENSG00000164610	Q8TA86	combined	seq.20988.63	Somalogic	proteomics	SomaScan	7k
Plasma	Thyrotroph embryonic factor	20990-48	ENSG00000167074	Q10587	combined	seq.20990.48	Somalogic	proteomics	SomaScan	7k
Plasma	LIM domain-containing protein 2	20991-2	ENSG00000136490	Q9BT23	combined	seq.20991.2	Somalogic	proteomics	SomaScan	7k
Plasma	BEN domain-containing protein 6	20993-13	ENSG00000151917	Q5SZJ8	combined	seq.20993.13	Somalogic	proteomics	SomaScan	7k
Plasma	Pleckstrin homology domain-containing family F member 2	20994-37	ENSG00000175895	Q9H8W4	combined	seq.20994.37	Somalogic	proteomics	SomaScan	7k
Plasma	DNA-directed RNA polymerase II subunit RPB3	20995-47	ENSG00000102978	P19387	combined	seq.20995.47	Somalogic	proteomics	SomaScan	7k
Plasma	Succinate dehydrogenase assembly factor 1, mitochondrial	20996-107	ENSG00000205138	A6NFY7	combined	seq.20996.107	Somalogic	proteomics	SomaScan	7k
Plasma	Nicotinamide riboside kinase 2	20998-19	Bacterial	 Short=NRK 2	combined	seq.20998.19	Somalogic	proteomics	SomaScan	7k
Plasma	60S ribosomal protein L5	20999-12	ENSG00000122406	P46777	combined	seq.20999.12	Somalogic	proteomics	SomaScan	7k
Plasma	DNA-directed RNA polymerase II subunit RPB11-b1	21000-40	ENSG00000228049	Q9GZM3	combined	seq.21000.40	Somalogic	proteomics	SomaScan	7k
Plasma	Protein BRICK1	21001-393	ENSG00000254999	Q8WUW1	combined	seq.21001.393	Somalogic	proteomics	SomaScan	7k
Plasma	NudC domain-containing protein 2	21002-1	ENSG00000170584	Q8WVJ2	combined	seq.21002.1	Somalogic	proteomics	SomaScan	7k
Plasma	Protein mago nashi homolog	21008-113	ENSG00000162385	P61326	combined	seq.21008.113	Somalogic	proteomics	SomaScan	7k
Plasma	Sentan	21009-28	ENSG00000188817	A6NMZ2	combined	seq.21009.28	Somalogic	proteomics	SomaScan	7k
Plasma	Ubiquitin-like protein 5	21104-37	ENSG00000198258	Q9BZL1	combined	seq.21104.37	Somalogic	proteomics	SomaScan	7k
Plasma	Protein unc-119 homolog B	21105-23	ENSG00000175970	A6NIH7	combined	seq.21105.23	Somalogic	proteomics	SomaScan	7k
Plasma	Centrin-1	21106-206	ENSG00000177143	Q12798	combined	seq.21106.206	Somalogic	proteomics	SomaScan	7k
Plasma	Complex I intermediate-associated protein 30, mitochondrial	21107-5	ENSG00000137806	Q9Y375	combined	seq.21107.5	Somalogic	proteomics	SomaScan	7k
Plasma	Uncharacterized metallophosphoesterase CSTP1	21108-5	ENSG00000103381	Q9BRF8	combined	seq.21108.5	Somalogic	proteomics	SomaScan	7k
Plasma	Cilia- and flagella-associated protein 36	21109-1	ENSG00000163001	Q96G28	combined	seq.21109.1	Somalogic	proteomics	SomaScan	7k
Plasma	Ubiquitin-conjugating enzyme E2 Z	21110-5	ENSG00000159202	Q9H832	combined	seq.21110.5	Somalogic	proteomics	SomaScan	7k
Plasma	Hsp70-binding protein 1	21111-49	ENSG00000133265	Q9NZL4	combined	seq.21111.49	Somalogic	proteomics	SomaScan	7k
Plasma	Myosin regulatory light chain 2, skeletal muscle isoform	21112-6	ENSG00000180209	Q96A32	combined	seq.21112.6	Somalogic	proteomics	SomaScan	7k
Plasma	TRAF-interacting protein with FHA domain-containing protein A	21113-3	ENSG00000145365	Q96CG3	combined	seq.21113.3	Somalogic	proteomics	SomaScan	7k
Plasma	DnaJ homolog subfamily C member 12	21114-18	ENSG00000108176	Q9UKB3	combined	seq.21114.18	Somalogic	proteomics	SomaScan	7k
Plasma	Pre-miRNA 5'-monophosphate methyltransferase	21115-48	ENSG00000186666	Q7Z5W3	combined	seq.21115.48	Somalogic	proteomics	SomaScan	7k
Plasma	Polycomb protein EED	21116-13	ENSG00000074266	O75530	combined	seq.21116.13	Somalogic	proteomics	SomaScan	7k
Plasma	Zinc finger C4H2 domain-containing protein	21117-18	ENSG00000126970	Q9NQZ6	combined	seq.21117.18	Somalogic	proteomics	SomaScan	7k
Plasma	GTP cyclohydrolase I feedback regulatory protein	21118-48	ENSG00000137880	P30047	combined	seq.21118.48	Somalogic	proteomics	SomaScan	7k
Plasma	Carbonyl reductase family member 4	21119-1	ENSG00000145439	Q8N4T8	combined	seq.21119.1	Somalogic	proteomics	SomaScan	7k
Plasma	Mimitin, mitochondrial	21120-3	ENSG00000164182	Q8N183	combined	seq.21120.3	Somalogic	proteomics	SomaScan	7k
Plasma	NEDD8-activating enzyme E1 catalytic subunit	21121-31	ENSG00000144744	Q8TBC4	combined	seq.21121.31	Somalogic	proteomics	SomaScan	7k
Plasma	Dysbindin domain-containing protein 2	21122-3	ENSG00000244274	Q9BQY9	combined	seq.21122.3	Somalogic	proteomics	SomaScan	7k
Plasma	39S ribosomal protein L28, mitochondrial	21123-1	ENSG00000086504	Q13084	combined	seq.21123.1	Somalogic	proteomics	SomaScan	7k
Plasma	Yae1 domain-containing protein 1	21124-17	ENSG00000241127	Q9NRH1	combined	seq.21124.17	Somalogic	proteomics	SomaScan	7k
Plasma	Glutamine--fructose-6-phosphate aminotransferase [isomerizing] 1	21126-27	ENSG00000198380	Q06210	combined	seq.21126.27	Somalogic	proteomics	SomaScan	7k
Plasma	CDK2	21128-2	ENSG00000123374	P24941	combined	seq.21128.2	Somalogic	proteomics	SomaScan	7k
Plasma	MAD2L1-binding protein	21129-95	ENSG00000124688	Q15013	combined	seq.21129.95	Somalogic	proteomics	SomaScan	7k
Plasma	Inositol-tetrakisphosphate 1-kinase	21130-82	ENSG00000100605|ENSG00000274958	Q13572	combined	seq.21130.82	Somalogic	proteomics	SomaScan	7k
Plasma	tRNA wybutosine-synthesizing protein 5	21131-109	ENSG00000162971	A2RUC4	combined	seq.21131.109	Somalogic	proteomics	SomaScan	7k
Plasma	Synaptotagmin-13	21132-9	ENSG00000019505	Q7L8C5	combined	seq.21132.9	Somalogic	proteomics	SomaScan	7k
Plasma	Cx9C motif-containing protein 4	21133-33	ENSG00000182712	P56277	combined	seq.21133.33	Somalogic	proteomics	SomaScan	7k
Plasma	CREB/ATF bZIP transcription factor	21134-9	ENSG00000137504	Q9NS37	combined	seq.21134.9	Somalogic	proteomics	SomaScan	7k
Plasma	Splicing factor 3B subunit 6	21135-16	ENSG00000115128	Q9Y3B4	combined	seq.21135.16	Somalogic	proteomics	SomaScan	7k
Plasma	Proteasome assembly chaperone 2	21136-1	ENSG00000128789	Q969U7	combined	seq.21136.1	Somalogic	proteomics	SomaScan	7k
Plasma	Nucleoplasmin-2	21138-2	ENSG00000158806	Q86SE8	combined	seq.21138.2	Somalogic	proteomics	SomaScan	7k
Plasma	Calcium signal-modulating cyclophilin ligand	21140-19	ENSG00000164615	P49069	combined	seq.21140.19	Somalogic	proteomics	SomaScan	7k
Plasma	Protein FAM84B	21141-9	ENSG00000168672	Q96KN1	combined	seq.21141.9	Somalogic	proteomics	SomaScan	7k
Plasma	Calcyphosin	21143-10	ENSG00000105519	Q13938	combined	seq.21143.10	Somalogic	proteomics	SomaScan	7k
Plasma	Serine/threonine-protein kinase Sgk1	21144-160	ENSG00000118515	O00141	combined	seq.21144.160	Somalogic	proteomics	SomaScan	7k
Plasma	Tubby-related protein 1	21146-187	ENSG00000112041	O00294	combined	seq.21146.187	Somalogic	proteomics	SomaScan	7k
Plasma	Fructosamine-3-kinase	21147-9	ENSG00000167363	Q9H479	combined	seq.21147.9	Somalogic	proteomics	SomaScan	7k
Plasma	CUE domain-containing protein 1	21149-27	ENSG00000180891	Q9NWM3	combined	seq.21149.27	Somalogic	proteomics	SomaScan	7k
Plasma	Eyes absent homolog 2	21152-25	ENSG00000064655	O00167	combined	seq.21152.25	Somalogic	proteomics	SomaScan	7k
Plasma	Chromatin complexes subunit BAP18	21153-5	ENSG00000258315	Q8IXM2	combined	seq.21153.5	Somalogic	proteomics	SomaScan	7k
Plasma	Calcium-binding protein 39-like	21154-8	ENSG00000102547	Q9H9S4	combined	seq.21154.8	Somalogic	proteomics	SomaScan	7k
Plasma	Putative glutathione-specific gamma-glutamylcyclotransferase 2	21156-5	ENSG00000143942	Q8WUX2	combined	seq.21156.5	Somalogic	proteomics	SomaScan	7k
Plasma	Hydroxylysine kinase	21157-6	ENSG00000188266	A2RU49	combined	seq.21157.6	Somalogic	proteomics	SomaScan	7k
Plasma	Charged multivesicular body protein 6	21160-4	ENSG00000176108	Q96FZ7	combined	seq.21160.4	Somalogic	proteomics	SomaScan	7k
Plasma	rRNA methyltransferase 2, mitochondrial	21161-16	ENSG00000122687	Q9UI43	combined	seq.21161.16	Somalogic	proteomics	SomaScan	7k
Plasma	Tubulin-specific chaperone cofactor E-like protein	21162-30	ENSG00000154114	Q5QJ74	combined	seq.21162.30	Somalogic	proteomics	SomaScan	7k
Plasma	TBC1 domain family member 13	21163-21	ENSG00000107021	Q9NVG8	combined	seq.21163.21	Somalogic	proteomics	SomaScan	7k
Plasma	Homeobox protein TGIF2LX	21164-83	ENSG00000153779	Q8IUE1	combined	seq.21164.83	Somalogic	proteomics	SomaScan	7k
Plasma	Carboxy-terminal domain RNA polymerase II polypeptide A small phosphatase 1	21166-1	ENSG00000144579	Q9GZU7	combined	seq.21166.1	Somalogic	proteomics	SomaScan	7k
Plasma	Phosphatidylglycerophosphatase and protein-tyrosine phosphatase 1	21167-33	ENSG00000285206|ENSG00000110536	Q8WUK0	combined	seq.21167.33	Somalogic	proteomics	SomaScan	7k
Plasma	Mesoderm development candidate 1	21172-11	ENSG00000140406	Q9H1K6	combined	seq.21172.11	Somalogic	proteomics	SomaScan	7k
Plasma	ELAV-like protein 2	21173-25	ENSG00000107105	Q12926	combined	seq.21173.25	Somalogic	proteomics	SomaScan	7k
Plasma	Probable cytosolic iron-sulfur protein assembly protein CIAO1	21178-8	ENSG00000144021	O76071	combined	seq.21178.8	Somalogic	proteomics	SomaScan	7k
Plasma	PI-PLC X domain-containing protein 3	21180-16	ENSG00000182836	Q63HM9	combined	seq.21180.16	Somalogic	proteomics	SomaScan	7k
Plasma	LRP2-binding protein	21181-10	ENSG00000109771	Q9P2M1	combined	seq.21181.10	Somalogic	proteomics	SomaScan	7k
Plasma	tRNA-splicing endonuclease subunit Sen15	21182-8	ENSG00000198860	Q8WW01	combined	seq.21182.8	Somalogic	proteomics	SomaScan	7k
Plasma	Dual specificity protein phosphatase 10	21183-1	ENSG00000143507	Q9Y6W6	combined	seq.21183.1	Somalogic	proteomics	SomaScan	7k
Plasma	Biogenesis of lysosome-related organelles complex 1 subunit 2	21184-1	ENSG00000196072	Q6QNY1	combined	seq.21184.1	Somalogic	proteomics	SomaScan	7k
Plasma	RWD domain-containing protein 4	21188-38	ENSG00000182552	Q6NW29	combined	seq.21188.38	Somalogic	proteomics	SomaScan	7k
Plasma	Nucleotide-binding protein 1	21189-9	ENSG00000103274	P53384	combined	seq.21189.9	Somalogic	proteomics	SomaScan	7k
Plasma	Ubiquitin-conjugating enzyme E2 W	21190-4	ENSG00000104343	Q96B02	combined	seq.21190.4	Somalogic	proteomics	SomaScan	7k
Plasma	Dual specificity protein phosphatase 21	21191-24	ENSG00000189037	Q9H596	combined	seq.21191.24	Somalogic	proteomics	SomaScan	7k
Plasma	Dimethyladenosine transferase 2, mitochondrial	21193-1	ENSG00000162851	Q9H5Q4	combined	seq.21193.1	Somalogic	proteomics	SomaScan	7k
Plasma	POU domain, class 6, transcription factor 1	21194-39		Q14863	combined	seq.21194.39	Somalogic	proteomics	SomaScan	7k
Plasma	SAM domain-containing protein SAMSN-1	21196-29	ENSG00000155307	Q9NSI8	combined	seq.21196.29	Somalogic	proteomics	SomaScan	7k
Plasma	MORF4 family-associated protein 1-like 1	21203-14	ENSG00000178988	Q96HT8	combined	seq.21203.14	Somalogic	proteomics	SomaScan	7k
Plasma	Desumoylating isopeptidase 1	21204-70	ENSG00000100418	Q6ICB0	combined	seq.21204.70	Somalogic	proteomics	SomaScan	7k
Plasma	HCLS1-associated protein X-1	21206-218	ENSG00000143575	O00165	combined	seq.21206.218	Somalogic	proteomics	SomaScan	7k
Plasma	Bifunctional coenzyme A synthase	21207-1	ENSG00000068120	Q13057	combined	seq.21207.1	Somalogic	proteomics	SomaScan	7k
Plasma	CCAAT/enhancer-binding protein epsilon	21208-163	ENSG00000092067	Q15744	combined	seq.21208.163	Somalogic	proteomics	SomaScan	7k
Plasma	DNA polymerase beta	21210-33	ENSG00000070501	P06746	combined	seq.21210.33	Somalogic	proteomics	SomaScan	7k
Plasma	Prohibitin-2	21217-20	ENSG00000215021	Q99623	combined	seq.21217.20	Somalogic	proteomics	SomaScan	7k
Plasma	RPA-interacting protein	21219-7	ENSG00000129197	Q86UA6	combined	seq.21219.7	Somalogic	proteomics	SomaScan	7k
Plasma	GTP-binding protein SAR1b	21220-11	ENSG00000152700	Q9Y6B6	combined	seq.21220.11	Somalogic	proteomics	SomaScan	7k
Plasma	Serpin B9	21221-67	ENSG00000170542	P50453	combined	seq.21221.67	Somalogic	proteomics	SomaScan	7k
Plasma	SULT 1A1*2	21227-18	ENSG00000196502	P50225	combined	seq.21227.18	Somalogic	proteomics	SomaScan	7k
Plasma	Transmembrane and immunoglobulin domain-containing protein 2	21229-5	ENSG00000167664	Q96BF3	combined	seq.21229.5	Somalogic	proteomics	SomaScan	7k
Plasma	Neuronal acetylcholine receptor subunit alpha-5	21231-3	ENSG00000169684	P30532	combined	seq.21231.3	Somalogic	proteomics	SomaScan	7k
Plasma	Benign Prostate specific Antigen	21232-39	ENSG00000142515	P07288	combined	seq.21232.39	Somalogic	proteomics	SomaScan	7k
Plasma	Ankyrin repeat and SOCS box protein 13	21234-7	ENSG00000196372	Q8WXK3	combined	seq.21234.7	Somalogic	proteomics	SomaScan	7k
Plasma	Importin subunit alpha-6	21235-11	ENSG00000196911	O15131	combined	seq.21235.11	Somalogic	proteomics	SomaScan	7k
Plasma	Transmembrane emp24 domain-containing protein 9	21236-12	ENSG00000184840	Q9BVK6	combined	seq.21236.12	Somalogic	proteomics	SomaScan	7k
Plasma	Protein-arginine deiminase type-4	21237-24	ENSG00000159339|ENSG00000280908	Q9UM07	combined	seq.21237.24	Somalogic	proteomics	SomaScan	7k
Plasma	CDK5 regulatory subunit-associated protein 3	21238-40	ENSG00000108465	Q96JB5	combined	seq.21238.40	Somalogic	proteomics	SomaScan	7k
Plasma	Cytohesin-1	21239-31	ENSG00000108669	Q15438	combined	seq.21239.31	Somalogic	proteomics	SomaScan	7k
Plasma	Aminomethyltransferase, mitochondrial	21240-6	ENSG00000145020	P48728	combined	seq.21240.6	Somalogic	proteomics	SomaScan	7k
Plasma	N-acetyltransferase 6	21241-1	ENSG00000243477	Q93015	combined	seq.21241.1	Somalogic	proteomics	SomaScan	7k
Plasma	Nucleophosmin	21244-57	ENSG00000181163	P06748	combined	seq.21244.57	Somalogic	proteomics	SomaScan	7k
Plasma	S-adenosylmethionine synthase isoform type-1	21247-16	ENSG00000151224	Q00266	combined	seq.21247.16	Somalogic	proteomics	SomaScan	7k
Plasma	DNA fragmentation factor subunit alpha	21249-115	ENSG00000160049	O00273	combined	seq.21249.115	Somalogic	proteomics	SomaScan	7k
Plasma	Regulator of G-protein signaling 16	21255-2	ENSG00000143333	O15492	combined	seq.21255.2	Somalogic	proteomics	SomaScan	7k
Plasma	Small nuclear ribonucleoprotein E	21260-74	ENSG00000182004	P62304	combined	seq.21260.74	Somalogic	proteomics	SomaScan	7k
Plasma	Epoxide hydrolase 2	21269-198	ENSG00000120915	P34913	combined	seq.21269.198	Somalogic	proteomics	SomaScan	7k
Plasma	Aldo-keto reductase family 1 member C2	21271-53	ENSG00000151632	P52895	combined	seq.21271.53	Somalogic	proteomics	SomaScan	7k
Plasma	UPF0568 protein C14orf166	21272-100	ENSG00000087302	Q9Y224	combined	seq.21272.100	Somalogic	proteomics	SomaScan	7k
Plasma	CD133 antigen	21276-11	ENSG00000007062	O43490	combined	seq.21276.11	Somalogic	proteomics	SomaScan	7k
Plasma	TSC22 domain family protein 3	21280-13	ENSG00000157514	Q99576	combined	seq.21280.13	Somalogic	proteomics	SomaScan	7k
Plasma	Calcium/calmodulin-dependent protein kinase II inhibitor 2	21281-13	ENSG00000163888	Q96S95	combined	seq.21281.13	Somalogic	proteomics	SomaScan	7k
Plasma	TNFAIP3-interacting protein 1	21282-21	ENSG00000145901	Q15025	combined	seq.21282.21	Somalogic	proteomics	SomaScan	7k
Plasma	60S ribosomal protein L11	21286-29	ENSG00000142676	P62913	combined	seq.21286.29	Somalogic	proteomics	SomaScan	7k
Plasma	Sperm-associated antigen 7	21289-36	ENSG00000091640	O75391	combined	seq.21289.36	Somalogic	proteomics	SomaScan	7k
Plasma	Checkpoint protein HUS1	21290-66	ENSG00000136273	O60921	combined	seq.21290.66	Somalogic	proteomics	SomaScan	7k
Plasma	HAUS augmin-like complex subunit 1	21306-7	ENSG00000152240	Q96CS2	combined	seq.21306.7	Somalogic	proteomics	SomaScan	7k
Plasma	Dehydrogenase/reductase SDR family member 4	21308-44	ENSG00000157326|ENSG00000284807	Q9BTZ2	combined	seq.21308.44	Somalogic	proteomics	SomaScan	7k
Plasma	mRNA turnover protein 4 homolog	21310-37	ENSG00000053372	Q9UKD2	combined	seq.21310.37	Somalogic	proteomics	SomaScan	7k
Plasma	Jun dimerization protein 2	21311-22	ENSG00000140044	Q8WYK2	combined	seq.21311.22	Somalogic	proteomics	SomaScan	7k
Plasma	Ubiquitin-like modifier-activating enzyme 5	21314-11	ENSG00000081307	Q9GZZ9	combined	seq.21314.11	Somalogic	proteomics	SomaScan	7k
Plasma	NF-kappa-B inhibitor-interacting Ras-like protein 1	21317-25	ENSG00000197885	Q9NYS0	combined	seq.21317.25	Somalogic	proteomics	SomaScan	7k
Plasma	rRNA methyltransferase 1, mitochondrial	21319-196	ENSG00000274853|ENSG00000278619	Q6IN84	combined	seq.21319.196	Somalogic	proteomics	SomaScan	7k
Plasma	U2 small nuclear ribonucleoprotein A'	21321-2	ENSG00000131876	P09661	combined	seq.21321.2	Somalogic	proteomics	SomaScan	7k
Plasma	Transcription initiation factor IIE subunit beta	21322-60	ENSG00000197265	P29084	combined	seq.21322.60	Somalogic	proteomics	SomaScan	7k
Plasma	RWD domain-containing protein 1	21323-2	ENSG00000111832	Q9H446	combined	seq.21323.2	Somalogic	proteomics	SomaScan	7k
Plasma	Tubulin-specific chaperone C	21326-28	ENSG00000124659	Q15814	combined	seq.21326.28	Somalogic	proteomics	SomaScan	7k
Plasma	Modulator of retrovirus infection homolog	21327-12	ENSG00000122783	Q9BWK5	combined	seq.21327.12	Somalogic	proteomics	SomaScan	7k
Plasma	Synaptotagmin-1	21328-2	ENSG00000067715	P21579	combined	seq.21328.2	Somalogic	proteomics	SomaScan	7k
Plasma	Pyridoxal phosphate phosphatase PHOSPHO2	21329-66	ENSG00000144362	Q8TCD6	combined	seq.21329.66	Somalogic	proteomics	SomaScan	7k
Plasma	Tyrosyl-tRNA synthetase, mitochondrial	21330-13	ENSG00000139131	Q9Y2Z4	combined	seq.21330.13	Somalogic	proteomics	SomaScan	7k
Plasma	B-cell CLL/lymphoma 7 protein family member A	21331-19	ENSG00000110987|ENSG00000282873	Q4VC05	combined	seq.21331.19	Somalogic	proteomics	SomaScan	7k
Plasma	Nucleotide exchange factor SIL1	21338-44	ENSG00000120725	Q9H173	combined	seq.21338.44	Somalogic	proteomics	SomaScan	7k
Plasma	Alanine aminotransferase 2	21339-19	ENSG00000166123	Q8TD30	combined	seq.21339.19	Somalogic	proteomics	SomaScan	7k
Plasma	Hepatic leukemia factor	21340-38	ENSG00000108924	Q16534	combined	seq.21340.38	Somalogic	proteomics	SomaScan	7k
Plasma	Charged multivesicular body protein 4a	21341-19	ENSG00000285302|ENSG00000254505	Q9BY43	combined	seq.21341.19	Somalogic	proteomics	SomaScan	7k
Plasma	Regulator of G-protein signaling 14	21342-25	ENSG00000169220	O43566	combined	seq.21342.25	Somalogic	proteomics	SomaScan	7k
Plasma	Activity-regulated cytoskeleton-associated protein	21343-3	ENSG00000198576	Q7LC44	combined	seq.21343.3	Somalogic	proteomics	SomaScan	7k
Plasma	Dimethyladenosine transferase 1, mitochondrial	21344-31	ENSG00000029639	Q8WVM0	combined	seq.21344.31	Somalogic	proteomics	SomaScan	7k
Plasma	Retinol dehydrogenase 12	21345-93	ENSG00000139988	Q96NR8	combined	seq.21345.93	Somalogic	proteomics	SomaScan	7k
Plasma	Dihydroorotate dehydrogenase (quinone), mitochondrial	21346-71	ENSG00000102967	Q02127	combined	seq.21346.71	Somalogic	proteomics	SomaScan	7k
Plasma	tRNA 2'-phosphotransferase 1	21348-22	ENSG00000149743	Q86TN4	combined	seq.21348.22	Somalogic	proteomics	SomaScan	7k
Plasma	Serine/threonine/tyrosine-interacting protein	21349-2	ENSG00000198252	Q8WUJ0	combined	seq.21349.2	Somalogic	proteomics	SomaScan	7k
Plasma	Protein lin-28 homolog B	21350-29	ENSG00000187772	Q6ZN17	combined	seq.21350.29	Somalogic	proteomics	SomaScan	7k
Plasma	Glycyl t-RNA synthetase	21351-8	ENSG00000106105	P41250	combined	seq.21351.8	Somalogic	proteomics	SomaScan	7k
Plasma	Uracil phosphoribosyltransferase homolog	21354-92	ENSG00000094841	Q96BW1	combined	seq.21354.92	Somalogic	proteomics	SomaScan	7k
Plasma	Upstream stimulatory factor 1	21355-4	ENSG00000158773	P22415	combined	seq.21355.4	Somalogic	proteomics	SomaScan	7k
Plasma	B9 domain-containing protein 2	21356-6	ENSG00000123810	Q9BPU9	combined	seq.21356.6	Somalogic	proteomics	SomaScan	7k
Plasma	Filamin-binding LIM protein 1	21357-12	ENSG00000162458	Q8WUP2	combined	seq.21357.12	Somalogic	proteomics	SomaScan	7k
Plasma	Neuronal regeneration-related protein	21359-17	ENSG00000134986	Q16612	combined	seq.21359.17	Somalogic	proteomics	SomaScan	7k
Plasma	Sperm antigen with calponin homology and coiled-coil domains 1	21360-27	ENSG00000128487	Q5M775	combined	seq.21360.27	Somalogic	proteomics	SomaScan	7k
Plasma	Protein TXNRD3NB	21361-8		Q6F5E7	combined	seq.21361.8	Somalogic	proteomics	SomaScan	7k
Plasma	Cytohesin-3	21365-5	ENSG00000008256	O43739	combined	seq.21365.5	Somalogic	proteomics	SomaScan	7k
Plasma	RNA-binding protein Musashi homolog 2	21366-7	ENSG00000153944	Q96DH6	combined	seq.21366.7	Somalogic	proteomics	SomaScan	7k
Plasma	Nuclear receptor-binding factor 2	21367-63	ENSG00000148572	Q96F24	combined	seq.21367.63	Somalogic	proteomics	SomaScan	7k
Plasma	DNA-directed RNA polymerase III subunit RPC10	21368-46	ENSG00000161980	Q9Y2Y1	combined	seq.21368.46	Somalogic	proteomics	SomaScan	7k
Plasma	RNA 3'-terminal phosphate cyclase	21369-15	ENSG00000137996	O00442	combined	seq.21369.15	Somalogic	proteomics	SomaScan	7k
Plasma	Spindle and kinetochore-associated protein 1	21370-45	ENSG00000262634|ENSG00000154839	Q96BD8	combined	seq.21370.45	Somalogic	proteomics	SomaScan	7k
Plasma	Bifunctional lysine-specific demethylase and histidyl-hydroxylase MINA	21371-12	ENSG00000170854	Q8IUF8	combined	seq.21371.12	Somalogic	proteomics	SomaScan	7k
Plasma	Queuine tRNA-ribosyltransferase subunit QTRTD1	21373-8	ENSG00000151576	Q9H974	combined	seq.21373.8	Somalogic	proteomics	SomaScan	7k
Plasma	Guanine nucleotide exchange factor for Rab-3A	21375-34	ENSG00000167994	Q8TBN0	combined	seq.21375.34	Somalogic	proteomics	SomaScan	7k
Plasma	Polyribonucleotide nucleotidyltransferase 1, mitochondrial	21378-7	ENSG00000138035	Q8TCS8	combined	seq.21378.7	Somalogic	proteomics	SomaScan	7k
Plasma	Ethanolamine kinase 2	21379-30	ENSG00000143845	Q9NVF9	combined	seq.21379.30	Somalogic	proteomics	SomaScan	7k
Plasma	Queuine tRNA-ribosyltransferase	21380-77	ENSG00000213339	Q9BXR0	combined	seq.21380.77	Somalogic	proteomics	SomaScan	7k
Plasma	TBC1 domain family member 22B	21381-73	ENSG00000065491	Q9NU19	combined	seq.21381.73	Somalogic	proteomics	SomaScan	7k
Plasma	Zinc phosphodiesterase ELAC protein 1	21382-70	ENSG00000141642	Q9H777	combined	seq.21382.70	Somalogic	proteomics	SomaScan	7k
Plasma	Asparaginyl-tRNA synthetase, cytoplasmic	21383-37	ENSG00000134440	O43776	combined	seq.21383.37	Somalogic	proteomics	SomaScan	7k
Plasma	Alpha-L-fucoside fucohydrolase	21384-2	ENSG00000179163	P04066	combined	seq.21384.2	Somalogic	proteomics	SomaScan	7k
Plasma	SLIT and NTRK-like protein 2	21385-5		Q9H156	combined	seq.21385.5	Somalogic	proteomics	SomaScan	7k
Plasma	Meprin A subunit alpha	21387-64	ENSG00000112818	Q16819	combined	seq.21387.64	Somalogic	proteomics	SomaScan	7k
Plasma	Serine/threonine-protein kinase 3	21389-32	ENSG00000104375	Q13188	combined	seq.21389.32	Somalogic	proteomics	SomaScan	7k
Plasma	L-dopachrome tautomerase	21390-68	ENSG00000080166	P40126	combined	seq.21390.68	Somalogic	proteomics	SomaScan	7k
Plasma	Choriogonadotropin subunit beta 3	21391-17	ENSG00000213030|ENSG00000189052|ENSG00000104827	P0DN86	combined	seq.21391.17	Somalogic	proteomics	SomaScan	7k
Plasma	Melanoma-associated antigen D1	21392-15	ENSG00000179222	Q9Y5V3	combined	seq.21392.15	Somalogic	proteomics	SomaScan	7k
Plasma	Adenosylhomocysteinase	21393-62	ENSG00000101444	P23526	combined	seq.21393.62	Somalogic	proteomics	SomaScan	7k
Plasma	Protocadherin-17	21395-23	ENSG00000118946	O14917	combined	seq.21395.23	Somalogic	proteomics	SomaScan	7k
Plasma	Protogenin	21397-21	ENSG00000166450	Q2VWP7	combined	seq.21397.21	Somalogic	proteomics	SomaScan	7k
Plasma	Tuberin	21403-39	ENSG00000103197	P49815	combined	seq.21403.39	Somalogic	proteomics	SomaScan	7k
Plasma	Mitogen-activated protein kinase kinase kinase 11	21406-25	ENSG00000173327	Q16584	combined	seq.21406.25	Somalogic	proteomics	SomaScan	7k
Plasma	Mitogen-activated protein kinase kinase kinase 3	21415-212	ENSG00000198909	Q99759	combined	seq.21415.212	Somalogic	proteomics	SomaScan	7k
Plasma	Ceramide-1-phosphate transfer protein	21426-88	ENSG00000224051	Q5TA50	combined	seq.21426.88	Somalogic	proteomics	SomaScan	7k
Plasma	Thimet oligopeptidase	21429-50	ENSG00000172009	P52888	combined	seq.21429.50	Somalogic	proteomics	SomaScan	7k
Plasma	Cytosolic phospholipase A2 alpha	21430-4	ENSG00000116711	P47712	combined	seq.21430.4	Somalogic	proteomics	SomaScan	7k
Plasma	Butyrophilin subfamily 3 member A2	21433-3	ENSG00000186470	P78410	combined	seq.21433.3	Somalogic	proteomics	SomaScan	7k
Plasma	Serine/threonine-protein kinase SRPK2	21435-143	ENSG00000135250	P78362	combined	seq.21435.143	Somalogic	proteomics	SomaScan	7k
Plasma	Cysteine protease ATG4A	21436-56	ENSG00000101844	Q8WYN0	combined	seq.21436.56	Somalogic	proteomics	SomaScan	7k
Plasma	Methylated-DNA--protein-cysteine methyltransferase	21437-77	ENSG00000170430	P16455	combined	seq.21437.77	Somalogic	proteomics	SomaScan	7k
Plasma	Tripartite motif-containing protein 5	21438-45	ENSG00000132256	Q9C035	combined	seq.21438.45	Somalogic	proteomics	SomaScan	7k
Plasma	Hematopoietic lineage cell-specific protein	21439-37	ENSG00000180353	P14317	combined	seq.21439.37	Somalogic	proteomics	SomaScan	7k
Plasma	ADAM 8	21440-9	ENSG00000151651	P78325	combined	seq.21440.9	Somalogic	proteomics	SomaScan	7k
Plasma	gp75	21441-20	ENSG00000107165	P17643	combined	seq.21441.20	Somalogic	proteomics	SomaScan	7k
Plasma	Kallikrein 2	21444-40	ENSG00000167751	P20151	combined	seq.21444.40	Somalogic	proteomics	SomaScan	7k
Plasma	Ubiquitin-like protein Nedd8	21445-40	ENSG00000285246|ENSG00000129559	Q15843	combined	seq.21445.40	Somalogic	proteomics	SomaScan	7k
Plasma	Caspase-10:region 2	21450-333	ENSG00000003400	Q92851	combined	seq.21450.333	Somalogic	proteomics	SomaScan	7k
Plasma	Dynamin-1-like protein	21452-3	ENSG00000087470	O00429	combined	seq.21452.3	Somalogic	proteomics	SomaScan	7k
Plasma	Coenzyme Q-binding protein COQ10 homolog A, mitochondrial	21457-141	ENSG00000135469	Q96MF6	combined	seq.21457.141	Somalogic	proteomics	SomaScan	7k
Plasma	Baculoviral IAP repeat-containing protein 2	21464-2	ENSG00000110330	Q13490	combined	seq.21464.2	Somalogic	proteomics	SomaScan	7k
Plasma	Thioredoxin-like protein 1	21475-137	ENSG00000091164	O43396	combined	seq.21475.137	Somalogic	proteomics	SomaScan	7k
Plasma	Endonuclease 8-like 2	21476-43	ENSG00000154328	Q969S2	combined	seq.21476.43	Somalogic	proteomics	SomaScan	7k
Plasma	Macrophage erythroblast attacher	21477-105	ENSG00000090316	Q7L5Y9	combined	seq.21477.105	Somalogic	proteomics	SomaScan	7k
Plasma	SMAD5	21478-20	ENSG00000113658	Q99717	combined	seq.21478.20	Somalogic	proteomics	SomaScan	7k
Plasma	CD82 antigen	21480-2	ENSG00000085117	P27701	combined	seq.21480.2	Somalogic	proteomics	SomaScan	7k
Plasma	cAMP-dependent protein kinase type I-alpha regulatory subunit	21483-155	ENSG00000108946	P10644	combined	seq.21483.155	Somalogic	proteomics	SomaScan	7k
Plasma	Biogenesis of lysosome-related organelles complex 1 subunit 6	21487-20	ENSG00000104164	Q9UL45	combined	seq.21487.20	Somalogic	proteomics	SomaScan	7k
Plasma	Vascular adhesion protein-1	21491-7	ENSG00000131471	Q16853	combined	seq.21491.7	Somalogic	proteomics	SomaScan	7k
Plasma	Clusterin-like protein 1	21492-19	ENSG00000079101	Q15846	combined	seq.21492.19	Somalogic	proteomics	SomaScan	7k
Plasma	Prosaposin receptor GPR37	21495-134	ENSG00000170775	O15354	combined	seq.21495.134	Somalogic	proteomics	SomaScan	7k
Plasma	Hypoxia up-regulated protein 1	21497-32	ENSG00000280682|ENSG00000149428	Q9Y4L1	combined	seq.21497.32	Somalogic	proteomics	SomaScan	7k
Plasma	Alpha-aminoadipic semialdehyde dehydrogenase	21498-3	ENSG00000164904	P49419	combined	seq.21498.3	Somalogic	proteomics	SomaScan	7k
Plasma	5-demethoxyubiquinone hydroxylase, mitochondrial	21499-17	ENSG00000167186	Q99807	combined	seq.21499.17	Somalogic	proteomics	SomaScan	7k
Plasma	Farnesyl pyrophosphate synthetase	21501-30	ENSG00000160752	P14324	combined	seq.21501.30	Somalogic	proteomics	SomaScan	7k
Plasma	Thyrotropin receptor	21503-12	ENSG00000165409	P16473	combined	seq.21503.12	Somalogic	proteomics	SomaScan	7k
Plasma	Eukaryotic translation initiation factor 2C 2	21504-41	ENSG00000123908	Q9UKV8	combined	seq.21504.41	Somalogic	proteomics	SomaScan	7k
Plasma	COMM domain-containing protein 8	21507-48	ENSG00000169019	Q9NX08	combined	seq.21507.48	Somalogic	proteomics	SomaScan	7k
Plasma	Alpha-N-acetylneuraminide alpha-2,8-sialyltransferase	21508-7	ENSG00000111728	Q92185	combined	seq.21508.7	Somalogic	proteomics	SomaScan	7k
Plasma	Glycosyltransferase 8 domain-containing protein 2	21509-29	ENSG00000120820	Q9H1C3	combined	seq.21509.29	Somalogic	proteomics	SomaScan	7k
Plasma	G protein-coupled receptor kinase 5	21510-24	ENSG00000198873	P34947	combined	seq.21510.24	Somalogic	proteomics	SomaScan	7k
Plasma	ER degradation-enhancing alpha-mannosidase-like 2	21512-6	ENSG00000088298	Q9BV94	combined	seq.21512.6	Somalogic	proteomics	SomaScan	7k
Plasma	Caspase-7	21513-1	ENSG00000165806	P55210	combined	seq.21513.1	Somalogic	proteomics	SomaScan	7k
Plasma	Platelet glycoprotein Ib beta chain	21514-1	ENSG00000203618	P13224	combined	seq.21514.1	Somalogic	proteomics	SomaScan	7k
Plasma	Acetoacetyl-CoA synthetase	21515-61	ENSG00000081760	Q86V21	combined	seq.21515.61	Somalogic	proteomics	SomaScan	7k
Plasma	Tryptophan 5-hydroxylase 1	21521-17	ENSG00000129167	P17752	combined	seq.21521.17	Somalogic	proteomics	SomaScan	7k
Plasma	Integrin-linked kinase-associated serine/threonine phosphatase 2C	21523-71	ENSG00000132323	Q9H0C8	combined	seq.21523.71	Somalogic	proteomics	SomaScan	7k
Plasma	Ubiquitin carboxyl-terminal hydrolase 5	21524-14	ENSG00000111667	P45974	combined	seq.21524.14	Somalogic	proteomics	SomaScan	7k
Plasma	Izumo sperm-egg fusion protein 1	21526-88	ENSG00000182264	Q8IYV9	combined	seq.21526.88	Somalogic	proteomics	SomaScan	7k
Plasma	Bcl-2-modifying factor	21528-12	ENSG00000104081	Q96LC9	combined	seq.21528.12	Somalogic	proteomics	SomaScan	7k
Plasma	Ubiquitin-associated and SH3 domain-containing protein A	21529-6	ENSG00000160185	P57075	combined	seq.21529.6	Somalogic	proteomics	SomaScan	7k
Plasma	Lymphocyte-specific protein 1	21533-51	ENSG00000288199|ENSG00000130592	P33241	combined	seq.21533.51	Somalogic	proteomics	SomaScan	7k
Plasma	Alanyl-tRNA editing protein Aarsd1	21535-5	ENSG00000266967|ENSG00000108825	Q9BTE6	combined	seq.21535.5	Somalogic	proteomics	SomaScan	7k
Plasma	Complexin-3	21536-65	ENSG00000213578	Q8WVH0	combined	seq.21536.65	Somalogic	proteomics	SomaScan	7k
Plasma	Selenocysteine lyase	21537-33	ENSG00000132330	Q96I15	combined	seq.21537.33	Somalogic	proteomics	SomaScan	7k
Plasma	Synaptotagmin-6	21539-139	ENSG00000134207	Q5T7P8	combined	seq.21539.139	Somalogic	proteomics	SomaScan	7k
Plasma	Bridging integrator 2	21540-73	ENSG00000110934	Q9UBW5	combined	seq.21540.73	Somalogic	proteomics	SomaScan	7k
Plasma	Atlastin-3	21544-4	ENSG00000184743	Q6DD88	combined	seq.21544.4	Somalogic	proteomics	SomaScan	7k
Plasma	Musculoskeletal embryonic nuclear protein 1	21545-51	ENSG00000272573	Q8IVN3	combined	seq.21545.51	Somalogic	proteomics	SomaScan	7k
Plasma	Adhesion G-protein coupled receptor D1	21546-20	ENSG00000111452	Q6QNK2	combined	seq.21546.20	Somalogic	proteomics	SomaScan	7k
Plasma	Dentin matrix protein 4	21547-6	ENSG00000288499|ENSG00000177706	Q8IXL6	combined	seq.21547.6	Somalogic	proteomics	SomaScan	7k
Plasma	Gamma-glutamyltransferase 5	21548-20	ENSG00000099998	P36269	combined	seq.21548.20	Somalogic	proteomics	SomaScan	7k
Plasma	Beta-tectorin	21549-144	ENSG00000119913	Q96PL2	combined	seq.21549.144	Somalogic	proteomics	SomaScan	7k
Plasma	Peroxisomal acyl-coenzyme A oxidase 1	21552-9	ENSG00000161533	Q15067	combined	seq.21552.9	Somalogic	proteomics	SomaScan	7k
Plasma	Protein FAM3A	21555-17	ENSG00000071889	P98173	combined	seq.21555.17	Somalogic	proteomics	SomaScan	7k
Plasma	Secretoglobin family 1D member 1	21562-3	ENSG00000168515	O95968	combined	seq.21562.3	Somalogic	proteomics	SomaScan	7k
Plasma	sPLA(2)-XII	21563-3	ENSG00000123739	Q9BZM1	combined	seq.21563.3	Somalogic	proteomics	SomaScan	7k
Plasma	Complement C1q tumor necrosis factor-related protein 4	21567-214	ENSG00000172247|ENSG00000284838	Q9BXJ3	combined	seq.21567.214	Somalogic	proteomics	SomaScan	7k
Plasma	Serine/threonine kinase 10	21569-49	ENSG00000072786	O94804	combined	seq.21569.49	Somalogic	proteomics	SomaScan	7k
Plasma	Xylosyltransferase 2	21572-91	ENSG00000015532	Q9H1B5	combined	seq.21572.91	Somalogic	proteomics	SomaScan	7k
Plasma	S100 calcium-binding protein A15	21574-106	ENSG00000184330	Q86SG5	combined	seq.21574.106	Somalogic	proteomics	SomaScan	7k
Plasma	FK506-binding protein 5	21577-35	ENSG00000096060	Q13451	combined	seq.21577.35	Somalogic	proteomics	SomaScan	7k
Plasma	Myosin-binding protein C, cardiac-type	21579-35	ENSG00000134571	Q14896	combined	seq.21579.35	Somalogic	proteomics	SomaScan	7k
Plasma	Cyclin-dependent kinase 15	21581-87	ENSG00000138395	 Q96Q40	combined	seq.21581.87	Somalogic	proteomics	SomaScan	7k
Plasma	60S ribosomal protein L26-like 1	21583-14	ENSG00000037241	Q9UNX3	combined	seq.21583.14	Somalogic	proteomics	SomaScan	7k
Plasma	BTB/POZ domain-containing protein KCTD4	21588-4	ENSG00000180332	Q8WVF5	combined	seq.21588.4	Somalogic	proteomics	SomaScan	7k
Plasma	Developmental pluripotency-associated protein 4	21589-80	ENSG00000121570	Q7L190	combined	seq.21589.80	Somalogic	proteomics	SomaScan	7k
Plasma	Ankyrin repeat family A protein 2	21590-9	ENSG00000164331	Q9H9E1	combined	seq.21590.9	Somalogic	proteomics	SomaScan	7k
Plasma	Cytosolic beta-glucosidase	21592-8		Q9H227	combined	seq.21592.8	Somalogic	proteomics	SomaScan	7k
Plasma	Coiled-coil domain-containing protein 43	21595-8	ENSG00000180329	Q96MW1	combined	seq.21595.8	Somalogic	proteomics	SomaScan	7k
Plasma	Cystathionine gamma-lyase	21599-6	ENSG00000116761	P32929	combined	seq.21599.6	Somalogic	proteomics	SomaScan	7k
Plasma	Beta-catenin-interacting protein 1	21600-10	ENSG00000178585	Q9NSA3	combined	seq.21600.10	Somalogic	proteomics	SomaScan	7k
Plasma	Protein CutA	21604-2	ENSG00000226492|ENSG00000112514	O60888	combined	seq.21604.2	Somalogic	proteomics	SomaScan	7k
Plasma	Gem-associated protein 6	21614-2	ENSG00000152147	Q8WXD5	combined	seq.21614.2	Somalogic	proteomics	SomaScan	7k
Plasma	NF-kappa-B inhibitor-interacting Ras-like protein 2	21624-64	ENSG00000168256	Q9NYR9	combined	seq.21624.64	Somalogic	proteomics	SomaScan	7k
Plasma	Eukaryotic translation elongation factor 1 epsilon-1	21628-6	ENSG00000124802	O43324	combined	seq.21628.6	Somalogic	proteomics	SomaScan	7k
Plasma	Nuclear cap-binding protein subunit 2	21636-63	ENSG00000114503	P52298	combined	seq.21636.63	Somalogic	proteomics	SomaScan	7k
Plasma	Peptidyl-prolyl cis-trans isomerase-like 3	21638-5	ENSG00000240344	Q9H2H8	combined	seq.21638.5	Somalogic	proteomics	SomaScan	7k
Plasma	40S ribosomal protein S20	21643-8	ENSG00000008988	P60866	combined	seq.21643.8	Somalogic	proteomics	SomaScan	7k
Plasma	Smad nuclear-interacting protein 1	21645-6	ENSG00000163877	Q8TAD8	combined	seq.21645.6	Somalogic	proteomics	SomaScan	7k
Plasma	Spermidine synthase	21647-9	ENSG00000116649	P19623	combined	seq.21647.9	Somalogic	proteomics	SomaScan	7k
Plasma	Syntaxin-17	21649-12	ENSG00000136874	P56962	combined	seq.21649.12	Somalogic	proteomics	SomaScan	7k
Plasma	Thioredoxin-like protein 4A	21651-9	ENSG00000141759	P83876	combined	seq.21651.9	Somalogic	proteomics	SomaScan	7k
Plasma	Ubiquitin-related modifier 1	21653-205	ENSG00000167118	Q9BTM9	combined	seq.21653.205	Somalogic	proteomics	SomaScan	7k
Plasma	LisH domain-containing protein FOPNL	21655-18	ENSG00000276914|ENSG00000133393	Q96NB1	combined	seq.21655.18	Somalogic	proteomics	SomaScan	7k
Plasma	Prohibitin-2	21658-15	ENSG00000215021	Q99623	combined	seq.21658.15	Somalogic	proteomics	SomaScan	7k
Plasma	GTP-binding protein SAR1b	21660-4	ENSG00000152700	Q9Y6B6	combined	seq.21660.4	Somalogic	proteomics	SomaScan	7k
Plasma	Dentin matrix protein 4	21661-82	ENSG00000288499|ENSG00000177706	Q8IXL6	combined	seq.21661.82	Somalogic	proteomics	SomaScan	7k
Plasma	Dual specificity tyrosine-phosphorylation-regulated kinase 3	21662-121	ENSG00000143479	O43781	combined	seq.21662.121	Somalogic	proteomics	SomaScan	7k
Plasma	Alpha-N-acetylneuraminide alpha-2,8-sialyltransferase	21663-149	ENSG00000111728	Q92185	combined	seq.21663.149	Somalogic	proteomics	SomaScan	7k
Plasma	Core histone macro-H2A.1	21664-6	ENSG00000113648	O75367	combined	seq.21664.6	Somalogic	proteomics	SomaScan	7k
Plasma	Calcium/calmodulin-dependent 3',5'-cyclic nucleotide phosphodiesterase 1B	21667-57	ENSG00000123360	Q01064	combined	seq.21667.57	Somalogic	proteomics	SomaScan	7k
Plasma	NEDD4-like E3 ubiquitin-protein ligase WWP2	21670-52	ENSG00000198373	O00308	combined	seq.21670.52	Somalogic	proteomics	SomaScan	7k
Plasma	Butyrophilin subfamily 1 member A1	21674-132	ENSG00000124557	Q13410	combined	seq.21674.132	Somalogic	proteomics	SomaScan	7k
Plasma	PAI-2	21676-17	ENSG00000197632	P05120	combined	seq.21676.17	Somalogic	proteomics	SomaScan	7k
Plasma	Cadherin-20	21679-16	ENSG00000101542	Q9HBT6	combined	seq.21679.16	Somalogic	proteomics	SomaScan	7k
Plasma	ADAM 28	21681-10	ENSG00000042980	Q9UKQ2	combined	seq.21681.10	Somalogic	proteomics	SomaScan	7k
Plasma	DCC	21685-29	ENSG00000187323	P43146	combined	seq.21685.29	Somalogic	proteomics	SomaScan	7k
Plasma	Protein phosphatase 1 regulatory subunit 29	21687-3	ENSG00000166897	Q5R3F8	combined	seq.21687.3	Somalogic	proteomics	SomaScan	7k
Plasma	Very Late Antigen-4	21688-50	ENSG00000115232|ENSG00000150093	P13612|P05556	combined	seq.21688.50	Somalogic	proteomics	SomaScan	7k
Plasma	Leucine-rich repeat-containing protein 4	21690-31	ENSG00000128594	Q9HBW1	combined	seq.21690.31	Somalogic	proteomics	SomaScan	7k
Plasma	Leucine-rich repeat and fibronectin type-III domain-containing protein 3	21691-27	ENSG00000126243	Q9BTN0	combined	seq.21691.27	Somalogic	proteomics	SomaScan	7k
Plasma	CD8A/CD8B Complex	21692-12	ENSG00000172116|ENSG00000153563	P10966|P01732	combined	seq.21692.12	Somalogic	proteomics	SomaScan	7k
Plasma	Cadherin-13	21693-14	ENSG00000140945	P55290	combined	seq.21693.14	Somalogic	proteomics	SomaScan	7k
Plasma	Leucine-rich repeat and fibronectin type-III domain-containing protein 4	21696-80	ENSG00000173621	Q6PJG9	combined	seq.21696.80	Somalogic	proteomics	SomaScan	7k
Plasma	Adhesion G-protein coupled receptor F2	21697-57	ENSG00000164393	Q8IZF7	combined	seq.21697.57	Somalogic	proteomics	SomaScan	7k
Plasma	Integrin a11b1	21698-11	ENSG00000150093|ENSG00000137809	P05556|Q9UKX5	combined	seq.21698.11	Somalogic	proteomics	SomaScan	7k
Plasma	Activin RIA	21703-31	ENSG00000115170	Q04771	combined	seq.21703.31	Somalogic	proteomics	SomaScan	7k
Plasma	Protocadherin-12	21704-8	ENSG00000113555	Q9NPG4	combined	seq.21704.8	Somalogic	proteomics	SomaScan	7k
Plasma	Meteorin-like protein	21705-33	ENSG00000275031|ENSG00000176845	Q641Q3	combined	seq.21705.33	Somalogic	proteomics	SomaScan	7k
Plasma	Leukocyte immunoglobulin-like receptor subfamily A member 1	21706-29	ENSG00000277398|ENSG00000274935|ENSG00000104974|ENSG00000275525	O75019	combined	seq.21706.29	Somalogic	proteomics	SomaScan	7k
Plasma	Complement C1q-like protein 3	21707-15	ENSG00000165985	Q5VWW1	combined	seq.21707.15	Somalogic	proteomics	SomaScan	7k
Plasma	IgG receptor FcRn large subunit p51	21708-149	ENSG00000104870	P55899	combined	seq.21708.149	Somalogic	proteomics	SomaScan	7k
Plasma	Neuroligin-4, Y-linked	21710-16	ENSG00000165246	Q8NFZ3	combined	seq.21710.16	Somalogic	proteomics	SomaScan	7k
Plasma	Brain-specific angiogenesis inhibitor 1	21711-86	ENSG00000181790	O14514	combined	seq.21711.86	Somalogic	proteomics	SomaScan	7k
Plasma	Reelin	21713-11	ENSG00000189056	P78509	combined	seq.21713.11	Somalogic	proteomics	SomaScan	7k
Plasma	Sentrin-specific protease 1	21715-40	ENSG00000079387	Q9P0U3	combined	seq.21715.40	Somalogic	proteomics	SomaScan	7k
Plasma	Alpha-(1,3)-fucosyltransferase	21716-29	ENSG00000180549	Q11130	combined	seq.21716.29	Somalogic	proteomics	SomaScan	7k
Plasma	Ubiquitin-conjugating enzyme E2 Q2	21717-44	ENSG00000140367	Q8WVN8	combined	seq.21717.44	Somalogic	proteomics	SomaScan	7k
Plasma	Hyaluronidase-4	21718-150	ENSG00000106302	Q2M3T9	combined	seq.21718.150	Somalogic	proteomics	SomaScan	7k
Plasma	Alpha-(1,3)-fucosyltransferase 11	21720-13	ENSG00000196968	Q495W5	combined	seq.21720.13	Somalogic	proteomics	SomaScan	7k
Plasma	Carbohydrate sulfotransferase 10	21721-6	ENSG00000115526	O43529	combined	seq.21721.6	Somalogic	proteomics	SomaScan	7k
Plasma	Polypeptide N-acetylgalactosaminyltransferase 4	21722-21	ENSG00000257594	Q8N4A0	combined	seq.21722.21	Somalogic	proteomics	SomaScan	7k
Plasma	N-acetylgalactosamine-6-sulfatase	21724-22	ENSG00000141012	P34059	combined	seq.21724.22	Somalogic	proteomics	SomaScan	7k
Plasma	Alpha-N-acetyl-neuraminyl-2,3-beta-galactosyl-1,3-N-acetyl-galactosaminide alpha-2,6-sialyltransferase	21726-73	ENSG00000136840	Q9H4F1	combined	seq.21726.73	Somalogic	proteomics	SomaScan	7k
Plasma	Ubiquitin-conjugating enzyme E2 Q1	21727-15	ENSG00000160714	Q7Z7E8	combined	seq.21727.15	Somalogic	proteomics	SomaScan	7k
Plasma	Ubiquitin carboxyl-terminal hydrolase 2	21728-4	ENSG00000036672	O75604	combined	seq.21728.4	Somalogic	proteomics	SomaScan	7k
Plasma	Ubiquitin carboxyl-terminal hydrolase 19	21730-56	ENSG00000172046	O94966	combined	seq.21730.56	Somalogic	proteomics	SomaScan	7k
Plasma	Ubiquitin-conjugating enzyme E2 Q1	21732-78	ENSG00000160714	Q7Z7E8	combined	seq.21732.78	Somalogic	proteomics	SomaScan	7k
Plasma	UDP-N-acetylglucosamine--peptide N-acetylglucosaminyltransferase 110 kDa subunit	21733-11	ENSG00000147162	O15294	combined	seq.21733.11	Somalogic	proteomics	SomaScan	7k
Plasma	C1GLT/C1GLC Complex	21734-36	ENSG00000288368|ENSG00000171155|ENSG00000106392	Q96EU7|Q9NS00	combined	seq.21734.36	Somalogic	proteomics	SomaScan	7k
Plasma	Heparan sulfate 2-O-sulfotransferase 1	21736-60	ENSG00000153936	Q7LGA3	combined	seq.21736.60	Somalogic	proteomics	SomaScan	7k
Plasma	Beta-galactoside alpha-2,6-sialyltransferase 2	21737-20	ENSG00000144057	Q96JF0	combined	seq.21737.20	Somalogic	proteomics	SomaScan	7k
Plasma	Bifunctional UDP-N-acetylglucosamine 2-epimerase/N-acetylmannosamine kinase	21739-7	ENSG00000159921	Q9Y223	combined	seq.21739.7	Somalogic	proteomics	SomaScan	7k
Plasma	Ubiquitin carboxyl-terminal hydrolase 1	21740-26	ENSG00000162607	O94782	combined	seq.21740.26	Somalogic	proteomics	SomaScan	7k
Plasma	OTU domain-containing protein 7B	21742-43	ENSG00000264522	Q6GQQ9	combined	seq.21742.43	Somalogic	proteomics	SomaScan	7k
Plasma	WD repeat-containing protein 48	21743-1	ENSG00000114742	Q8TAF3	combined	seq.21743.1	Somalogic	proteomics	SomaScan	7k
Plasma	Ubiquitin carboxyl-terminal hydrolase 10	21746-13	ENSG00000103194	Q14694	combined	seq.21746.13	Somalogic	proteomics	SomaScan	7k
Plasma	UBE2N (Ubc13)/Uev1a Complex	21747-114	ENSG00000177889|ENSG00000244687	P61088|Q13404	combined	seq.21747.114	Somalogic	proteomics	SomaScan	7k
Plasma	UBE2N (Ubc13)/Uev1a Complex	21747-8	ENSG00000244687|ENSG00000177889	Q13404|P61088	combined	seq.21747.8	Somalogic	proteomics	SomaScan	7k
Plasma	UBP46/WDR48 Complex	21748-36	ENSG00000109189|ENSG00000114742	P62068|Q8TAF3	combined	seq.21748.36	Somalogic	proteomics	SomaScan	7k
Plasma	Ubiquitin carboxyl-terminal hydrolase BAP1	21750-25	ENSG00000163930	Q92560	combined	seq.21750.25	Somalogic	proteomics	SomaScan	7k
Plasma	USP12/WDR48 Complex	21751-6	ENSG00000114742|ENSG00000152484	Q8TAF3|O75317	combined	seq.21751.6	Somalogic	proteomics	SomaScan	7k
Plasma	Mitochondrial Rho GTPase 1	21752-10	ENSG00000126858	Q8IXI2	combined	seq.21752.10	Somalogic	proteomics	SomaScan	7k
Plasma	Ubiquitin thioesterase ZRANB1	21754-5	ENSG00000019995	Q9UGI0	combined	seq.21754.5	Somalogic	proteomics	SomaScan	7k
Plasma	Ubiquitin carboxyl-terminal hydrolase 12	21755-27	ENSG00000152484	O75317	combined	seq.21755.27	Somalogic	proteomics	SomaScan	7k
Plasma	UBE2N/UBE2V2 Complex	21756-5	ENSG00000169139|ENSG00000177889	Q15819|P61088	combined	seq.21756.5	Somalogic	proteomics	SomaScan	7k
Plasma	Ubiquitin carboxyl-terminal hydrolase 22	21757-49	ENSG00000124422	Q9UPT9	combined	seq.21757.49	Somalogic	proteomics	SomaScan	7k
Plasma	Sentrin-specific protease 2	21758-65	ENSG00000163904	Q9HC62	combined	seq.21758.65	Somalogic	proteomics	SomaScan	7k
Plasma	UBP1/WDR48 Complex	21759-23	ENSG00000162607|ENSG00000114742	O94782|Q8TAF3	combined	seq.21759.23	Somalogic	proteomics	SomaScan	7k
Plasma	Ubiquitin-activating enzyme E1	21760-22	ENSG00000130985	P22314	combined	seq.21760.22	Somalogic	proteomics	SomaScan	7k
Plasma	Ubiquitin carboxyl-terminal hydrolase 46	21761-213	ENSG00000109189	P62068	combined	seq.21761.213	Somalogic	proteomics	SomaScan	7k
Plasma	Ubiquitin carboxyl-terminal hydrolase 11	21762-32	ENSG00000102226	P51784	combined	seq.21762.32	Somalogic	proteomics	SomaScan	7k
Plasma	Ubiquitin carboxyl-terminal hydrolase 4	21763-46	ENSG00000114316	Q13107	combined	seq.21763.46	Somalogic	proteomics	SomaScan	7k
Plasma	Ubiquitin carboxyl-terminal hydrolase 30	21764-99	ENSG00000135093	Q70CQ3	combined	seq.21764.99	Somalogic	proteomics	SomaScan	7k
Plasma	Ubiquitin carboxyl-terminal hydrolase CYLD	21765-10	ENSG00000083799	Q9NQC7	combined	seq.21765.10	Somalogic	proteomics	SomaScan	7k
Plasma	N-sulphoglucosamine sulphohydrolase	21766-50	ENSG00000181523	P51688	combined	seq.21766.50	Somalogic	proteomics	SomaScan	7k
Plasma	Polypeptide N-acetylgalactosaminyltransferase 14	21767-129	ENSG00000158089	Q96FL9	combined	seq.21767.129	Somalogic	proteomics	SomaScan	7k
Plasma	Alpha-1,6-mannosylglycoprotein 6-beta-N-acetylglucosaminyltransferase A	21768-9	ENSG00000152127	Q09328	combined	seq.21768.9	Somalogic	proteomics	SomaScan	7k
Plasma	Xylulose kinase	21769-10	ENSG00000093217	O75191	combined	seq.21769.10	Somalogic	proteomics	SomaScan	7k
Plasma	Galactosylgalactosylxylosylprotein 3-beta-glucuronosyltransferase 1	21770-18	ENSG00000109956	Q9P2W7	combined	seq.21770.18	Somalogic	proteomics	SomaScan	7k
Plasma	Beta-1,4-mannosyl-glycoprotein 4-beta-N-acetylglucosaminyltransferase	21771-47	ENSG00000128268	Q09327	combined	seq.21771.47	Somalogic	proteomics	SomaScan	7k
Plasma	Protein ABHD4	21780-15	ENSG00000100439	Q8TB40	combined	seq.21780.15	Somalogic	proteomics	SomaScan	7k
Plasma	Aspartoacylase-2	21781-9	ENSG00000132744	Q96HD9	combined	seq.21781.9	Somalogic	proteomics	SomaScan	7k
Plasma	Cyclin-dependent kinase-like 2	21786-25	ENSG00000138769	Q92772	combined	seq.21786.25	Somalogic	proteomics	SomaScan	7k
Plasma	FGFR1 oncogene partner	21793-4	ENSG00000213066	O95684	combined	seq.21793.4	Somalogic	proteomics	SomaScan	7k
Plasma	Glutathione peroxidase 3	21796-43	ENSG00000211445	P22352	combined	seq.21796.43	Somalogic	proteomics	SomaScan	7k
Plasma	HLA-C	21797-4	ENSG00000204525	P10321	combined	seq.21797.4	Somalogic	proteomics	SomaScan	7k
Plasma	Homer protein homolog 3	21799-15	ENSG00000051128	Q9NSC5	combined	seq.21799.15	Somalogic	proteomics	SomaScan	7k
Plasma	Endonuclease 8-like 1	21802-53	ENSG00000140398	Q96FI4	combined	seq.21802.53	Somalogic	proteomics	SomaScan	7k
Plasma	Putative KHDC1-like protein	21804-15	ENSG00000256980	Q5JSQ8	combined	seq.21804.15	Somalogic	proteomics	SomaScan	7k
Plasma	MART-1	21810-50	ENSG00000120215	Q16655	combined	seq.21810.50	Somalogic	proteomics	SomaScan	7k
Plasma	Nucleolar protein of 40 kDa	21811-20	ENSG00000121766	Q9NP64	combined	seq.21811.20	Somalogic	proteomics	SomaScan	7k
Plasma	Alpha-1,6-mannosylglycoprotein 6-beta-N-acetylglucosaminyltransferase A	21813-171	ENSG00000152127	Q09328	combined	seq.21813.171	Somalogic	proteomics	SomaScan	7k
Plasma	Methylmalonic aciduria and homocystinuria type D protein, mitochondrial	21814-13	ENSG00000168288	Q9H3L0	combined	seq.21814.13	Somalogic	proteomics	SomaScan	7k
Plasma	MOB kinase activator 3B	21815-7	ENSG00000120162	Q86TA1	combined	seq.21815.7	Somalogic	proteomics	SomaScan	7k
Plasma	Myosin, light chain 9, regulatory	21817-5	ENSG00000101335	P24844	combined	seq.21817.5	Somalogic	proteomics	SomaScan	7k
Plasma	Negative elongation factor E	21819-9	ENSG00000233801|ENSG00000231044|ENSG00000204356|ENSG00000206268|ENSG00000206357|ENSG00000229363	P18615	combined	seq.21819.9	Somalogic	proteomics	SomaScan	7k
Plasma	Peptidyl-prolyl cis-trans isomerase A-like 4D	21821-9	ENSG00000256374	F5H284	combined	seq.21821.9	Somalogic	proteomics	SomaScan	7k
Plasma	Protein phosphatase 1G	21823-5	ENSG00000115241	O15355	combined	seq.21823.5	Somalogic	proteomics	SomaScan	7k
Plasma	Complement C4b	2182-54	ENSG00000228454|ENSG00000224389|ENSG00000236625|ENSG00000228267|ENSG00000233312|ENSG00000206340|ENSG00000227746|ENSG00000244731	P0C0L5|P0C0L4	combined	seq.2182.54	Somalogic	proteomics	SomaScan	7k
Plasma	Rho-related GTP-binding protein RhoQ	21827-7	ENSG00000119729	P17081	combined	seq.21827.7	Somalogic	proteomics	SomaScan	7k
Plasma	Ribophorin II	21828-6	ENSG00000118705	P04844	combined	seq.21828.6	Somalogic	proteomics	SomaScan	7k
Plasma	40S ribosomal protein S12	21829-8	ENSG00000112306	P25398	combined	seq.21829.8	Somalogic	proteomics	SomaScan	7k
Plasma	Squamous cell carcinoma antigen 1	21832-31	ENSG00000057149	P29508	combined	seq.21832.31	Somalogic	proteomics	SomaScan	7k
Plasma	silent mating type information regulation 2 homolog	21833-6	ENSG00000077463	Q8N6T7	combined	seq.21833.6	Somalogic	proteomics	SomaScan	7k
Plasma	Somatostatin receptor type 1	21836-9	ENSG00000139874	P30872	combined	seq.21836.9	Somalogic	proteomics	SomaScan	7k
Plasma	Translocon-associated protein subunit beta	21837-3	ENSG00000163479	P43308	combined	seq.21837.3	Somalogic	proteomics	SomaScan	7k
Plasma	POU domain class 2-associating factor 1	21839-3	ENSG00000110777	Q16633	combined	seq.21839.3	Somalogic	proteomics	SomaScan	7k
Plasma	Ubiquitin-conjugating enzyme E2 R2	21848-18	ENSG00000107341	Q712K3	combined	seq.21848.18	Somalogic	proteomics	SomaScan	7k
Plasma	Ubiquilin-3	21849-2	ENSG00000175520	Q9H347	combined	seq.21849.2	Somalogic	proteomics	SomaScan	7k
Plasma	CLEC-1	21853-3	ENSG00000150048	Q8NC01	combined	seq.21853.3	Somalogic	proteomics	SomaScan	7k
Plasma	Ketohexokinase	21856-59	ENSG00000138030	P50053	combined	seq.21856.59	Somalogic	proteomics	SomaScan	7k
Plasma	Guanine nucleotide-binding protein subunit beta-2-like 1	21857-26	ENSG00000204628	P63244	combined	seq.21857.26	Somalogic	proteomics	SomaScan	7k
Plasma	E3 ubiquitin-protein ligase SIAH1	21858-25	ENSG00000196470	Q8IUQ4	combined	seq.21858.25	Somalogic	proteomics	SomaScan	7k
Plasma	Proteasome subunit beta type-10	21861-8	ENSG00000205220	P40306	combined	seq.21861.8	Somalogic	proteomics	SomaScan	7k
Plasma	LIM and SH3 domain protein 1	21862-145	ENSG00000002834	Q14847	combined	seq.21862.145	Somalogic	proteomics	SomaScan	7k
Plasma	Cytosolic Fe-S cluster assembly factor NUBP2	21863-11	ENSG00000095906	Q9Y5Y2	combined	seq.21863.11	Somalogic	proteomics	SomaScan	7k
Plasma	Protein MAK16 homolog	21864-20	ENSG00000198042	Q9BXY0	combined	seq.21864.20	Somalogic	proteomics	SomaScan	7k
Plasma	AN1-type zinc finger protein 3	21875-31	ENSG00000156639	Q9H8U3	combined	seq.21875.31	Somalogic	proteomics	SomaScan	7k
Plasma	PRKCA-binding protein	21876-266	ENSG00000100151	Q9NRD5	combined	seq.21876.266	Somalogic	proteomics	SomaScan	7k
Plasma	Bone morphogenetic protein 5	21883-17	ENSG00000112175	P22003	combined	seq.21883.17	Somalogic	proteomics	SomaScan	7k
Plasma	Nucleolysin TIA-1 isoform p40	21885-196	ENSG00000116001	P31483	combined	seq.21885.196	Somalogic	proteomics	SomaScan	7k
Plasma	Cerebellin-2	21887-2	ENSG00000141668	Q8IUK8	combined	seq.21887.2	Somalogic	proteomics	SomaScan	7k
Plasma	Uncharacterized protein C7orf24	21889-2	ENSG00000006625	O75223	combined	seq.21889.2	Somalogic	proteomics	SomaScan	7k
Plasma	Fibulin-7	21891-31	ENSG00000144152	Q53RD9	combined	seq.21891.31	Somalogic	proteomics	SomaScan	7k
Plasma	Interferon lambda-4	21895-36		K9M1U5	combined	seq.21895.36	Somalogic	proteomics	SomaScan	7k
Plasma	IL-17/IL-17F	21897-4	ENSG00000112116|ENSG00000112115	Q96PD4|Q16552	combined	seq.21897.4	Somalogic	proteomics	SomaScan	7k
Plasma	inhibin A	21899-36	ENSG00000122641|ENSG00000123999	P08476|P05111	combined	seq.21899.36	Somalogic	proteomics	SomaScan	7k
Plasma	Integrin a3b1	21901-14	ENSG00000005884|ENSG00000150093	P26006|P05556	combined	seq.21901.14	Somalogic	proteomics	SomaScan	7k
Plasma	Integrin alpha L beta 2	21903-6	ENSG00000160255|ENSG00000005844	P05107|P20701	combined	seq.21903.6	Somalogic	proteomics	SomaScan	7k
Plasma	Integrin alpha-2/b1	21905-10	ENSG00000150093|ENSG00000164171	P05556|P17301	combined	seq.21905.10	Somalogic	proteomics	SomaScan	7k
Plasma	Coagulation Factor XI	2190-55	ENSG00000088926	P03951	combined	seq.2190.55	Somalogic	proteomics	SomaScan	7k
Plasma	Integrin a5b1	21909-10	ENSG00000150093|ENSG00000161638	P05556|P08648	combined	seq.21909.10	Somalogic	proteomics	SomaScan	7k
Plasma	Integrin a5b1	21909-2	ENSG00000161638|ENSG00000150093	P08648|P05556	combined	seq.21909.2	Somalogic	proteomics	SomaScan	7k
Plasma	Norrin	21911-17	ENSG00000124479	Q00604	combined	seq.21911.17	Somalogic	proteomics	SomaScan	7k
Plasma	Transcription factor YY2	21913-5	ENSG00000230797	O15391	combined	seq.21913.5	Somalogic	proteomics	SomaScan	7k
Plasma	OTU domain-containing protein 3	21915-2	ENSG00000169914	Q5T2D3	combined	seq.21915.2	Somalogic	proteomics	SomaScan	7k
Plasma	Ubiquitin thioesterase otulin	21916-82	ENSG00000154124	Q96BN8	combined	seq.21916.82	Somalogic	proteomics	SomaScan	7k
Plasma	SAE1/SAE2	21923-24	ENSG00000126261|ENSG00000142230	Q9UBT2|Q9UBE0	combined	seq.21923.24	Somalogic	proteomics	SomaScan	7k
Plasma	Transforming growth factor beta-1	21925-15		P01137	combined	seq.21925.15	Somalogic	proteomics	SomaScan	7k
Plasma	UB2D1/PolyUbiquitin K48	21926-24	ENSG00000170315|ENSG00000072401	P0CG47|P51668	combined	seq.21926.24	Somalogic	proteomics	SomaScan	7k
Plasma	C-C motif chemokine 27	2192-63	ENSG00000213927	Q9Y4X3	combined	seq.2192.63	Somalogic	proteomics	SomaScan	7k
Plasma	UB2D3/PolyUbiquitin K48	21929-53	ENSG00000109332|ENSG00000170315	P61077|P0CG47	combined	seq.21929.53	Somalogic	proteomics	SomaScan	7k
Plasma	UB2L3/PolyUbiquitin K48	21931-16	ENSG00000185651|ENSG00000170315	P68036|P0CG47	combined	seq.21931.16	Somalogic	proteomics	SomaScan	7k
Plasma	UB2L3/PolyUbiquitin K48	21931-27	ENSG00000185651|ENSG00000170315	P68036|P0CG47	combined	seq.21931.27	Somalogic	proteomics	SomaScan	7k
Plasma	Ubiquitin-like modifier-activating enzyme 7	21933-7	ENSG00000182179	P41226	combined	seq.21933.7	Somalogic	proteomics	SomaScan	7k
Plasma	Ubiquitin-conjugating enzyme E2 H	21935-16	ENSG00000186591	P62256	combined	seq.21935.16	Somalogic	proteomics	SomaScan	7k
Plasma	ULA1/UBA3	21939-6	ENSG00000144744|ENSG00000159593	Q8TBC4|Q13564	combined	seq.21939.6	Somalogic	proteomics	SomaScan	7k
Plasma	Protein Wnt-10b	21940-12	ENSG00000169884	O00744	combined	seq.21940.12	Somalogic	proteomics	SomaScan	7k
Plasma	Protein Wnt-16	21942-14	ENSG00000002745	Q9UBV4	combined	seq.21942.14	Somalogic	proteomics	SomaScan	7k
Plasma	Protein Wnt-16	21943-170	ENSG00000002745	Q9UBV4	combined	seq.21943.170	Somalogic	proteomics	SomaScan	7k
Plasma	Protein Wnt-5b	21945-4	ENSG00000111186	Q9H1J7	combined	seq.21945.4	Somalogic	proteomics	SomaScan	7k
Plasma	IL-6/IL-6 sRa Complex	21946-79	ENSG00000160712|ENSG00000136244	P08887|P05231	combined	seq.21946.79	Somalogic	proteomics	SomaScan	7k
Plasma	Amyloid beta A4 precursor protein-binding family B member 1-interacting protein	21949-4	ENSG00000077420	Q7Z5R6	combined	seq.21949.4	Somalogic	proteomics	SomaScan	7k
Plasma	Aryl hydrocarbon receptor nuclear translocator	21951-32	ENSG00000143437	P27540	combined	seq.21951.32	Somalogic	proteomics	SomaScan	7k
Plasma	Large proline-rich protein BAT3	21955-36	ENSG00000233348|ENSG00000227761|ENSG00000096155|ENSG00000204463|ENSG00000228760|ENSG00000234651|ENSG00000229524	P46379	combined	seq.21955.36	Somalogic	proteomics	SomaScan	7k
Plasma	Phosphoinositide 3-kinase adapter protein 1	21957-12	ENSG00000155629	Q6ZUJ8	combined	seq.21957.12	Somalogic	proteomics	SomaScan	7k
Plasma	Active breakpoint cluster region-related protein	21958-4	ENSG00000278741|ENSG00000159842|ENSG00000276016	Q12979	combined	seq.21958.4	Somalogic	proteomics	SomaScan	7k
Plasma	CD2-associated protein	21961-14	ENSG00000198087	Q9Y5K6	combined	seq.21961.14	Somalogic	proteomics	SomaScan	7k
Plasma	Disabled homolog 2	21963-48	ENSG00000153071	P98082	combined	seq.21963.48	Somalogic	proteomics	SomaScan	7k
Plasma	Corticosteroid 11-beta-dehydrogenase isozyme 1	21967-20	ENSG00000117594	P28845	combined	seq.21967.20	Somalogic	proteomics	SomaScan	7k
Plasma	Dipeptidyl aminopeptidase-like protein 6	21969-5	ENSG00000130226	P42658	combined	seq.21969.5	Somalogic	proteomics	SomaScan	7k
Plasma	Friend leukemia integration 1 transcription factor	21971-47	ENSG00000151702	Q01543	combined	seq.21971.47	Somalogic	proteomics	SomaScan	7k
Plasma	Islet cell autoantigen 1	21975-22	ENSG00000003147	Q05084	combined	seq.21975.22	Somalogic	proteomics	SomaScan	7k
Plasma	I-kappa-B kinase gamma	21976-4	ENSG00000269335	Q9Y6K9	combined	seq.21976.4	Somalogic	proteomics	SomaScan	7k
Plasma	Integrin alpha-6	21979-12	ENSG00000091409	P23229	combined	seq.21979.12	Somalogic	proteomics	SomaScan	7k
Plasma	Integrin alpha-6	21979-8	ENSG00000091409	P23229	combined	seq.21979.8	Somalogic	proteomics	SomaScan	7k
Plasma	Integrin alpha-M	21981-2	ENSG00000169896	P11215	combined	seq.21981.2	Somalogic	proteomics	SomaScan	7k
Plasma	Integrin beta-1-binding protein 2	21985-61	ENSG00000147166	Q9UKP3	combined	seq.21985.61	Somalogic	proteomics	SomaScan	7k
Plasma	Lipoprotein lipase	21987-76	ENSG00000175445	P06858	combined	seq.21987.76	Somalogic	proteomics	SomaScan	7k
Plasma	Mitogen-activated protein kinase kinase kinase kinase 5	21989-12		Q9Y4K4	combined	seq.21989.12	Somalogic	proteomics	SomaScan	7k
Plasma	Neurabin-2	21991-79	ENSG00000108819	Q96SB3	combined	seq.21991.79	Somalogic	proteomics	SomaScan	7k
Plasma	NOS	21995-20	ENSG00000164867	P29474	combined	seq.21995.20	Somalogic	proteomics	SomaScan	7k
Plasma	NEDD8 ultimate buster 1	21996-28	ENSG00000013374	Q9Y5A7	combined	seq.21996.28	Somalogic	proteomics	SomaScan	7k
Plasma	Nucleobindin-2	21999-61	ENSG00000070081	P80303	combined	seq.21999.61	Somalogic	proteomics	SomaScan	7k
Plasma	Protein-arginine deiminase type-2	22001-23	ENSG00000117115	Q9Y2J8	combined	seq.22001.23	Somalogic	proteomics	SomaScan	7k
Plasma	Paraoxonase 2	22003-4	ENSG00000105854	Q15165	combined	seq.22003.4	Somalogic	proteomics	SomaScan	7k
Plasma	[Pyruvate dehydrogenase [acetyl-transferring]]-phosphatase 1, mitochondrial	22005-8	ENSG00000164951	Q9P0J1	combined	seq.22005.8	Somalogic	proteomics	SomaScan	7k
Plasma	Resistin-like beta	22007-1	ENSG00000163515	Q9BQ08	combined	seq.22007.1	Somalogic	proteomics	SomaScan	7k
Plasma	Protein phosphatase 1B	22009-1	ENSG00000138032	O75688	combined	seq.22009.1	Somalogic	proteomics	SomaScan	7k
Plasma	Interferon-inducible double-stranded RNA-dependent protein kinase activator A	22010-36	ENSG00000180228	O75569	combined	seq.22010.36	Somalogic	proteomics	SomaScan	7k
Plasma	Endostatin	2201-17	ENSG00000182871	P39060	combined	seq.2201.17	Somalogic	proteomics	SomaScan	7k
Plasma	Ras association domain-containing protein 2	22013-6	ENSG00000101265	P50749	combined	seq.22013.6	Somalogic	proteomics	SomaScan	7k
Plasma	E3 ubiquitin-protein ligase TRIM21	22015-2	ENSG00000132109	P19474	combined	seq.22015.2	Somalogic	proteomics	SomaScan	7k
Plasma	SH2B adapter protein 3	22019-21	ENSG00000111252	Q9UQQ2	combined	seq.22019.21	Somalogic	proteomics	SomaScan	7k
Plasma	Kynurenine/alpha-aminoadipate aminotransferase, mitochondrial	22023-3	ENSG00000109576	Q8N5Z0	combined	seq.22023.3	Somalogic	proteomics	SomaScan	7k
Plasma	Transforming acidic coiled-coil-containing protein 3	22027-13	ENSG00000013810	Q9Y6A5	combined	seq.22027.13	Somalogic	proteomics	SomaScan	7k
Plasma	Wiskott-Aldrich syndrome protein	22033-32	ENSG00000015285	P42768	combined	seq.22033.32	Somalogic	proteomics	SomaScan	7k
Plasma	Wiskott-Aldrich syndrome protein	22033-7	ENSG00000015285	P42768	combined	seq.22033.7	Somalogic	proteomics	SomaScan	7k
Plasma	Zinc finger and BTB domain-containing protein 16	22034-61	ENSG00000109906	Q05516	combined	seq.22034.61	Somalogic	proteomics	SomaScan	7k
Plasma	EF-hand domain-containing protein D2	22037-47	ENSG00000142634	Q96C19	combined	seq.22037.47	Somalogic	proteomics	SomaScan	7k
Plasma	Dual specificity mitogen-activated protein kinase kinase 5	22041-26	ENSG00000137764	Q13163	combined	seq.22041.26	Somalogic	proteomics	SomaScan	7k
Plasma	Heat shock-related 70 kDa protein 2	22043-174	ENSG00000126803	P54652	combined	seq.22043.174	Somalogic	proteomics	SomaScan	7k
Plasma	Small ubiquitin-related modifier 4	22045-8	ENSG00000177688	Q6EEV6	combined	seq.22045.8	Somalogic	proteomics	SomaScan	7k
Plasma	Collagen alpha-1(V) chain	22047-46	ENSG00000130635	P20908	combined	seq.22047.46	Somalogic	proteomics	SomaScan	7k
Plasma	14-3-3 protein eta	22049-24	ENSG00000128245	Q04917	combined	seq.22049.24	Somalogic	proteomics	SomaScan	7k
Plasma	KxDL motif-containing protein 1	22050-19	ENSG00000105700	Q9BQD3	combined	seq.22050.19	Somalogic	proteomics	SomaScan	7k
Plasma	Forkhead box protein O1A	22055-31	ENSG00000150907	Q12778	combined	seq.22055.31	Somalogic	proteomics	SomaScan	7k
Plasma	Aldehyde dehydrogenase X, mitochondrial	22057-9	ENSG00000137124	P30837	combined	seq.22057.9	Somalogic	proteomics	SomaScan	7k
Plasma	Palmdelphin	22059-56	ENSG00000099260	Q9NP74	combined	seq.22059.56	Somalogic	proteomics	SomaScan	7k
Plasma	Calpain small subunit 2	22063-20	ENSG00000256812	Q96L46	combined	seq.22063.20	Somalogic	proteomics	SomaScan	7k
Plasma	Interferon regulatory factor 8	22065-32	ENSG00000140968	Q02556	combined	seq.22065.32	Somalogic	proteomics	SomaScan	7k
Plasma	Serine/threonine-protein phosphatase 2A 56 kDa regulatory subunit delta isoform	22068-5	ENSG00000112640	Q14738	combined	seq.22068.5	Somalogic	proteomics	SomaScan	7k
Plasma	Rho guanine nucleotide exchange factor 16	22070-5	ENSG00000130762	Q5VV41	combined	seq.22070.5	Somalogic	proteomics	SomaScan	7k
Plasma	Ankyrin repeat and SOCS box protein 8	22071-38	ENSG00000177981	Q9H765	combined	seq.22071.38	Somalogic	proteomics	SomaScan	7k
Plasma	ATP synthase B chain, mitochondrial	22073-47	ENSG00000116459	P24539	combined	seq.22073.47	Somalogic	proteomics	SomaScan	7k
Plasma	Ataxin-2-binding protein 1	22074-35	ENSG00000078328	Q9NWB1	combined	seq.22074.35	Somalogic	proteomics	SomaScan	7k
Plasma	Cyclic AMP-dependent transcription factor ATF-3	22075-16	ENSG00000162772	P18847	combined	seq.22075.16	Somalogic	proteomics	SomaScan	7k
Plasma	Protein atonal homolog 1	22076-34	ENSG00000172238	Q92858	combined	seq.22076.34	Somalogic	proteomics	SomaScan	7k
Plasma	Mitochondrial inner membrane protease ATP23 homolog	22077-46	ENSG00000262145|ENSG00000166896	Q9Y6H3	combined	seq.22077.46	Somalogic	proteomics	SomaScan	7k
Plasma	Tyrosine aminotransferase	22078-4	ENSG00000198650	P17735	combined	seq.22078.4	Somalogic	proteomics	SomaScan	7k
Plasma	BTB/POZ domain-containing adapter for CUL3-mediated RhoA degradation protein 1	22080-22	ENSG00000174943	Q8WZ19	combined	seq.22080.22	Somalogic	proteomics	SomaScan	7k
Plasma	Protein BEX2	22082-25	ENSG00000133134	Q9BXY8	combined	seq.22082.25	Somalogic	proteomics	SomaScan	7k
Plasma	Protein BEX5	22083-60	ENSG00000184515	Q5H9J7	combined	seq.22083.60	Somalogic	proteomics	SomaScan	7k
Plasma	Polycomb complex protein BMI-1	22085-86	ENSG00000168283	P35226	combined	seq.22085.86	Somalogic	proteomics	SomaScan	7k
Plasma	Breast cancer metastasis-suppressor 1-like protein	22086-2	ENSG00000100916	Q5PSV4	combined	seq.22086.2	Somalogic	proteomics	SomaScan	7k
Plasma	Protein BTG1	22088-3	ENSG00000133639	P62324	combined	seq.22088.3	Somalogic	proteomics	SomaScan	7k
Plasma	Protein BTG4	22089-13	ENSG00000137707	Q9NY30	combined	seq.22089.13	Somalogic	proteomics	SomaScan	7k
Plasma	Beta-ureidopropionase	22091-14	ENSG00000100024	Q9UBR1	combined	seq.22091.14	Somalogic	proteomics	SomaScan	7k
Plasma	Caspase-4	22092-43	ENSG00000196954	P49662	combined	seq.22092.43	Somalogic	proteomics	SomaScan	7k
Plasma	Uncharacterized protein C2orf73	22094-15	ENSG00000177994	Q8N5S3	combined	seq.22094.15	Somalogic	proteomics	SomaScan	7k
Plasma	Chromobox protein homolog 2	22095-29	ENSG00000173894	Q14781	combined	seq.22095.29	Somalogic	proteomics	SomaScan	7k
Plasma	Cyclin-Y-like protein 1	22098-10	ENSG00000163249	Q8N7R7	combined	seq.22098.10	Somalogic	proteomics	SomaScan	7k
Plasma	Uncharacterized protein C4orf36	22099-1	ENSG00000163633	Q96KX1	combined	seq.22099.1	Somalogic	proteomics	SomaScan	7k
Plasma	Cyclin-dependent kinase 20	22103-25	ENSG00000156345	Q8IZL9	combined	seq.22103.25	Somalogic	proteomics	SomaScan	7k
Plasma	Homeobox protein CDX-1	22104-39	ENSG00000113722	P47902	combined	seq.22104.39	Somalogic	proteomics	SomaScan	7k
Plasma	2-methoxy-6-polyprenyl-1,4-benzoquinol methylase, mitochondrial	22112-30	ENSG00000110871	Q5HYK3	combined	seq.22112.30	Somalogic	proteomics	SomaScan	7k
Plasma	Ubiquinone biosynthesis monooxygenase COQ6, mitochondrial	22113-2	ENSG00000119723	Q9Y2Z9	combined	seq.22113.2	Somalogic	proteomics	SomaScan	7k
Plasma	Uncharacterized protein C18orf54	22114-4	ENSG00000166845	Q8IYD9	combined	seq.22114.4	Somalogic	proteomics	SomaScan	7k
Plasma	cAMP-responsive element-binding protein-like 2	22115-2	ENSG00000111269	O60519	combined	seq.22115.2	Somalogic	proteomics	SomaScan	7k
Plasma	cAMP-responsive element modulator	22116-9	ENSG00000095794	Q03060	combined	seq.22116.9	Somalogic	proteomics	SomaScan	7k
Plasma	Chondrosarcoma-associated gene 2/3 protein	22118-7	ENSG00000268916	Q9Y5P2	combined	seq.22118.7	Somalogic	proteomics	SomaScan	7k
Plasma	COP9 signalosome complex subunit 8	22119-18	ENSG00000198612	Q99627	combined	seq.22119.18	Somalogic	proteomics	SomaScan	7k
Plasma	Metalloproteinase inhibitor 1	2211-9	ENSG00000102265	P01033	combined	seq.2211.9	Somalogic	proteomics	SomaScan	7k
Plasma	DDB1- and CUL4-associated factor 11	22120-4	ENSG00000284796|ENSG00000100897	Q8TEB1	combined	seq.22120.4	Somalogic	proteomics	SomaScan	7k
Plasma	DDB1- and CUL4-associated factor 12	22121-43	ENSG00000198876	Q5T6F0	combined	seq.22121.43	Somalogic	proteomics	SomaScan	7k
Plasma	Homeobox protein DLX-2	22123-15	ENSG00000115844	Q07687	combined	seq.22123.15	Somalogic	proteomics	SomaScan	7k
Plasma	Dystrotelin	22124-94	ENSG00000232125	A2CJ06	combined	seq.22124.94	Somalogic	proteomics	SomaScan	7k
Plasma	E2F5	22125-9	ENSG00000133740	Q15329	combined	seq.22125.9	Somalogic	proteomics	SomaScan	7k
Plasma	Tissue-type plasminogen activator	2212-69	ENSG00000104368	P00750	combined	seq.2212.69	Somalogic	proteomics	SomaScan	7k
Plasma	ETS domain-containing protein Elk-4	22128-8	ENSG00000158711	P28324	combined	seq.22128.8	Somalogic	proteomics	SomaScan	7k
Plasma	RNA polymerase II elongation factor ELL3	22129-55		Q9HB65	combined	seq.22129.55	Somalogic	proteomics	SomaScan	7k
Plasma	Nuclease EXOG, mitochondrial	22136-9	ENSG00000157036	Q9Y2C4	combined	seq.22136.9	Somalogic	proteomics	SomaScan	7k
Plasma	Protein FAM102B	22137-3	ENSG00000162636	Q5T8I3	combined	seq.22137.3	Somalogic	proteomics	SomaScan	7k
Plasma	Protein FAM204A	22140-6	ENSG00000165669	Q9H8W3	combined	seq.22140.6	Somalogic	proteomics	SomaScan	7k
Plasma	6-phosphofructo-2-kinase/fructose-2,6-bisphosphatase 1	22141-59	ENSG00000158571	P16118	combined	seq.22141.59	Somalogic	proteomics	SomaScan	7k
Plasma	Putative protein N-methyltransferase FAM86B1	22142-4	ENSG00000186523	Q8N7N1	combined	seq.22142.4	Somalogic	proteomics	SomaScan	7k
Plasma	F-box only protein 28	22143-6	ENSG00000143756	Q9NVF7	combined	seq.22143.6	Somalogic	proteomics	SomaScan	7k
Plasma	F-box only protein 48	22144-65	ENSG00000204923	Q5FWF7	combined	seq.22144.65	Somalogic	proteomics	SomaScan	7k
Plasma	Fos-related antigen 2	22146-20	ENSG00000075426	P15408	combined	seq.22146.20	Somalogic	proteomics	SomaScan	7k
Plasma	Forkhead box protein O4	22147-19	ENSG00000184481	P98177	combined	seq.22147.19	Somalogic	proteomics	SomaScan	7k
Plasma	Forkhead box protein P3	22148-135	ENSG00000049768	Q9BZS1	combined	seq.22148.135	Somalogic	proteomics	SomaScan	7k
Plasma	FUN14 domain-containing protein 1	22149-2	ENSG00000069509	Q8IVP5	combined	seq.22149.2	Somalogic	proteomics	SomaScan	7k
Plasma	GA-binding protein subunit beta-1	22150-2	ENSG00000104064	Q06547	combined	seq.22150.2	Somalogic	proteomics	SomaScan	7k
Plasma	Homeobox protein goosecoid-2	22151-48	ENSG00000063515	O15499	combined	seq.22151.48	Somalogic	proteomics	SomaScan	7k
Plasma	Polypeptide N-acetylgalactosaminyltransferase 9	22152-162	ENSG00000182870|ENSG00000288490	Q9HCQ5	combined	seq.22152.162	Somalogic	proteomics	SomaScan	7k
Plasma	GATA zinc finger domain-containing protein 1	22154-37	ENSG00000157259	Q8WUU5	combined	seq.22154.37	Somalogic	proteomics	SomaScan	7k
Plasma	Gem-associated protein 7	22155-44	ENSG00000142252	Q9H840	combined	seq.22155.44	Somalogic	proteomics	SomaScan	7k
Plasma	tRNA-specific adenosine deaminase 1	22363-31	ENSG00000065457	Q9BUB4	combined	seq.22363.31	Somalogic	proteomics	SomaScan	7k
Plasma	Cyclic AMP-dependent transcription factor ATF-5	22365-52	ENSG00000169136	Q9Y2D1	combined	seq.22365.52	Somalogic	proteomics	SomaScan	7k
Plasma	UPF0705 protein C11orf49	22367-17	ENSG00000149179	Q9H6J7	combined	seq.22367.17	Somalogic	proteomics	SomaScan	7k
Plasma	Doublesex- and mab-3-related transcription factor C2	22369-12	ENSG00000142025	Q8IXT2	combined	seq.22369.12	Somalogic	proteomics	SomaScan	7k
Plasma	Protein FAM110A	22371-46	ENSG00000125898	Q9BQ89	combined	seq.22371.46	Somalogic	proteomics	SomaScan	7k
Plasma	Hairy/enhancer-of-split related with YRPW motif protein 1	22374-56	ENSG00000164683	Q9Y5J3	combined	seq.22374.56	Somalogic	proteomics	SomaScan	7k
Plasma	Homeobox protein Hox-A11	22375-15	ENSG00000005073	P31270	combined	seq.22375.15	Somalogic	proteomics	SomaScan	7k
Plasma	Homeobox protein Hox-A5	22376-95	ENSG00000106004	P20719	combined	seq.22376.95	Somalogic	proteomics	SomaScan	7k
Plasma	Immediate early response gene 2 protein	22377-27	ENSG00000160888	Q9BTL4	combined	seq.22377.27	Somalogic	proteomics	SomaScan	7k
Plasma	Keratin 34	22378-2	ENSG00000131737	O76011	combined	seq.22378.2	Somalogic	proteomics	SomaScan	7k
Plasma	Endoribonuclease LACTB2	22381-1	ENSG00000147592	Q53H82	combined	seq.22381.1	Somalogic	proteomics	SomaScan	7k
Plasma	MITF	22383-21	ENSG00000187098	O75030	combined	seq.22383.21	Somalogic	proteomics	SomaScan	7k
Plasma	PWWP domain-containing protein MUM1	22385-2	ENSG00000160953	Q2TAK8	combined	seq.22385.2	Somalogic	proteomics	SomaScan	7k
Plasma	Homeobox protein OTX1	22386-11	ENSG00000115507	P32242	combined	seq.22386.11	Somalogic	proteomics	SomaScan	7k
Plasma	Pituitary homeobox 3	22387-26	ENSG00000107859	O75364	combined	seq.22387.26	Somalogic	proteomics	SomaScan	7k
Plasma	Histone deacetylase complex subunit SAP30L	22391-34	ENSG00000164576	Q9HAJ7	combined	seq.22391.34	Somalogic	proteomics	SomaScan	7k
Plasma	SERTA domain-containing protein 3	22392-5	ENSG00000167565	Q9UJW9	combined	seq.22392.5	Somalogic	proteomics	SomaScan	7k
Plasma	Thyroid transcription factor 1-associated protein 26	22393-130	ENSG00000133773	Q9P031	combined	seq.22393.130	Somalogic	proteomics	SomaScan	7k
Plasma	Transcription factor 21	22394-8	ENSG00000118526	O43680	combined	seq.22394.8	Somalogic	proteomics	SomaScan	7k
Plasma	Tristetraproline	22395-7	ENSG00000128016	P26651	combined	seq.22395.7	Somalogic	proteomics	SomaScan	7k
Plasma	X-box-binding protein 1	22397-2	ENSG00000100219	P17861	combined	seq.22397.2	Somalogic	proteomics	SomaScan	7k
Plasma	Acidic leucine-rich nuclear phosphoprotein 32 family member C	22398-5		O43423	combined	seq.22398.5	Somalogic	proteomics	SomaScan	7k
Plasma	Guanylyl cyclase-activating protein 2	22401-26	ENSG00000112599	Q9UMX6	combined	seq.22401.26	Somalogic	proteomics	SomaScan	7k
Plasma	Histone H2A type 1-A	22402-12	ENSG00000164508	Q96QV6	combined	seq.22402.12	Somalogic	proteomics	SomaScan	7k
Plasma	Histone H2B type 1-K	22403-13	ENSG00000197903	O60814	combined	seq.22403.13	Somalogic	proteomics	SomaScan	7k
Plasma	Inositol hexakisphosphate kinase 1	22404-4	ENSG00000176095	Q92551	combined	seq.22404.4	Somalogic	proteomics	SomaScan	7k
Plasma	Phosphoenolpyruvate carboxykinase [GTP], mitochondrial	22405-61	ENSG00000100889|ENSG00000285241	Q16822	combined	seq.22405.61	Somalogic	proteomics	SomaScan	7k
Plasma	Serine/threonine-protein kinase tousled-like 1	22414-127		Q9UKI8	combined	seq.22414.127	Somalogic	proteomics	SomaScan	7k
Plasma	E3 ubiquitin-protein ligase CBL-C	22417-10	ENSG00000142273	Q9ULV8	combined	seq.22417.10	Somalogic	proteomics	SomaScan	7k
Plasma	E3 ubiquitin-protein ligase pellino homolog 1	22421-79	ENSG00000197329	Q96FA3	combined	seq.22421.79	Somalogic	proteomics	SomaScan	7k
Plasma	Lysine-specific histone demethylase 1A	22429-13	ENSG00000004487	O60341	combined	seq.22429.13	Somalogic	proteomics	SomaScan	7k
Plasma	N-chimaerin	22430-15	ENSG00000128656	P15882	combined	seq.22430.15	Somalogic	proteomics	SomaScan	7k
Plasma	Serum response factor-binding protein 1	22431-164	ENSG00000151304	Q8NEF9	combined	seq.22431.164	Somalogic	proteomics	SomaScan	7k
Plasma	Serine/threonine-protein kinase SRPK1	22432-83	ENSG00000096063	Q96SB4	combined	seq.22432.83	Somalogic	proteomics	SomaScan	7k
Plasma	Calcium-binding protein 5	22445-2	ENSG00000105507	Q9NP86	combined	seq.22445.2	Somalogic	proteomics	SomaScan	7k
Plasma	Transcription factor HES-1	22465-43	ENSG00000114315	Q14469	combined	seq.22465.43	Somalogic	proteomics	SomaScan	7k
Plasma	Transcription factor HES-5	22466-27	ENSG00000273529|ENSG00000197921	Q5TA89	combined	seq.22466.27	Somalogic	proteomics	SomaScan	7k
Plasma	HERV-H LTR-associating protein 3	22467-94	ENSG00000197568	Q9XRX5	combined	seq.22467.94	Somalogic	proteomics	SomaScan	7k
Plasma	Histone H2A type 1	22468-54	ENSG00000196787|ENSG00000196747|ENSG00000278677|ENSG00000275221|ENSG00000276903	P0C0S8	combined	seq.22468.54	Somalogic	proteomics	SomaScan	7k
Plasma	Homeobox protein HMX2	22469-103	ENSG00000188816	A2RU54	combined	seq.22469.103	Somalogic	proteomics	SomaScan	7k
Plasma	Prokineticin-1	2247-20	ENSG00000143125	P58294	combined	seq.2247.20	Somalogic	proteomics	SomaScan	7k
Plasma	Transcription factor 12	22472-4	ENSG00000140262	Q99081	combined	seq.22472.4	Somalogic	proteomics	SomaScan	7k
Plasma	Homeobox protein Hox-C11	22474-28	ENSG00000123388	O43248	combined	seq.22474.28	Somalogic	proteomics	SomaScan	7k
Plasma	Homeobox protein Hox-D4	22476-115	ENSG00000170166	P09016	combined	seq.22476.115	Somalogic	proteomics	SomaScan	7k
Plasma	Inositol hexakisphosphate kinase 2	22479-64	ENSG00000068745	Q9UHH9	combined	seq.22479.64	Somalogic	proteomics	SomaScan	7k
Plasma	IQ domain-containing protein D	22481-15	ENSG00000166578	Q96DY2	combined	seq.22481.15	Somalogic	proteomics	SomaScan	7k
Plasma	Keratin, type I cytoskeletal 14	22482-87	ENSG00000186847	P02533	combined	seq.22482.87	Somalogic	proteomics	SomaScan	7k
Plasma	Keratin, type II cytoskeletal 71	22483-109	ENSG00000139648	Q3SY84	combined	seq.22483.109	Somalogic	proteomics	SomaScan	7k
Plasma	Casein kinase I isoform alpha-like	22484-17	ENSG00000180138	Q8N752	combined	seq.22484.17	Somalogic	proteomics	SomaScan	7k
Plasma	BTB/POZ domain-containing protein KCTD7	22485-1	ENSG00000243335	Q96MP8	combined	seq.22485.1	Somalogic	proteomics	SomaScan	7k
Plasma	Keratin, type II cytoskeletal 6A	22486-58	ENSG00000205420	P02538	combined	seq.22486.58	Somalogic	proteomics	SomaScan	7k
Plasma	Krueppel-like factor 9	22488-17	ENSG00000119138	Q13886	combined	seq.22488.17	Somalogic	proteomics	SomaScan	7k
Plasma	Lipocalin-like 1 protein	22490-16	ENSG00000214402	Q6ZST4	combined	seq.22490.16	Somalogic	proteomics	SomaScan	7k
Plasma	LIM domain-binding protein 2	22491-10	ENSG00000169744	O43679	combined	seq.22491.10	Somalogic	proteomics	SomaScan	7k
Plasma	LIM domain only protein 3	22492-108	ENSG00000048540	Q8TAP4	combined	seq.22492.108	Somalogic	proteomics	SomaScan	7k
Plasma	LYR motif-containing protein 1	22496-21	ENSG00000102897	O43325	combined	seq.22496.21	Somalogic	proteomics	SomaScan	7k
Plasma	Mediator of RNA polymerase II transcription subunit 28	22499-15	ENSG00000118579	Q9H204	combined	seq.22499.15	Somalogic	proteomics	SomaScan	7k
Plasma	Mediator of RNA polymerase II transcription subunit 11	22500-9	ENSG00000161920	Q9P086	combined	seq.22500.9	Somalogic	proteomics	SomaScan	7k
Plasma	Homeobox protein Mohawk	22503-24	ENSG00000150051	Q8IYA7	combined	seq.22503.24	Somalogic	proteomics	SomaScan	7k
Plasma	NEDD4-binding protein 2-like 2	22504-3	ENSG00000244754	Q92802	combined	seq.22504.3	Somalogic	proteomics	SomaScan	7k
Plasma	NAD kinase 2, mitochondrial	22505-24	ENSG00000152620	Q4G0N4	combined	seq.22505.24	Somalogic	proteomics	SomaScan	7k
Plasma	N-acetyltransferase 5	22506-25	ENSG00000173418	P61599	combined	seq.22506.25	Somalogic	proteomics	SomaScan	7k
Plasma	NADH dehydrogenase	22508-2	ENSG00000140990	O96000	combined	seq.22508.2	Somalogic	proteomics	SomaScan	7k
Plasma	Arginine-hydroxylase NDUFAF5, mitochondrial	22509-9	ENSG00000101247	Q5TEU4	combined	seq.22509.9	Somalogic	proteomics	SomaScan	7k
Plasma	Nuclear factor erythroid 2-related factor 2	22510-6	ENSG00000116044	Q16236	combined	seq.22510.6	Somalogic	proteomics	SomaScan	7k
Plasma	Nuclear transcription factor Y subunit alpha	22511-28	ENSG00000001167	P23511	combined	seq.22511.28	Somalogic	proteomics	SomaScan	7k
Plasma	Neuroguidin	22512-18	ENSG00000129460	Q8NEJ9	combined	seq.22512.18	Somalogic	proteomics	SomaScan	7k
Plasma	Protein naked cuticle homolog 2	22514-12	ENSG00000145506|ENSG00000276920	Q969F2	combined	seq.22514.12	Somalogic	proteomics	SomaScan	7k
Plasma	Neural retina-specific leucine zipper protein	22516-30	ENSG00000129535|ENSG00000285493	P54845	combined	seq.22516.30	Somalogic	proteomics	SomaScan	7k
Plasma	E3 SUMO-protein ligase NSE2	22517-106	ENSG00000156831	Q96MF7	combined	seq.22517.106	Somalogic	proteomics	SomaScan	7k
Plasma	Kinetochore-associated protein NSL1 homolog	22518-54	ENSG00000117697	Q96IY1	combined	seq.22518.54	Somalogic	proteomics	SomaScan	7k
Plasma	Homeobox protein OTX2	22521-13	ENSG00000165588	P32243	combined	seq.22521.13	Somalogic	proteomics	SomaScan	7k
Plasma	Polyadenylate-binding protein 5	22523-4	ENSG00000174740	Q96DU9	combined	seq.22523.4	Somalogic	proteomics	SomaScan	7k
Plasma	Paired box protein Pax-3	22525-9	ENSG00000135903	P23760	combined	seq.22525.9	Somalogic	proteomics	SomaScan	7k
Plasma	Pyruvate dehydrogenase E1 component beta subunit	22526-81	ENSG00000168291	P11177	combined	seq.22526.81	Somalogic	proteomics	SomaScan	7k
Plasma	PDZ and LIM domain protein 3	22527-4	ENSG00000154553	Q53GG5	combined	seq.22527.4	Somalogic	proteomics	SomaScan	7k
Plasma	PHD finger protein 11	22528-1	ENSG00000136147	Q9UIL8	combined	seq.22528.1	Somalogic	proteomics	SomaScan	7k
Plasma	PHD finger protein 6	22529-31	ENSG00000156531	Q8IWS0	combined	seq.22529.31	Somalogic	proteomics	SomaScan	7k
Plasma	Phytanoyl-CoA dioxygenase domain-containing protein 1	22530-111	ENSG00000175287	Q5SRE7	combined	seq.22530.111	Somalogic	proteomics	SomaScan	7k
Plasma	Pituitary homeobox 2	22531-44	ENSG00000164093	Q99697	combined	seq.22531.44	Somalogic	proteomics	SomaScan	7k
Plasma	Serine/threonine-protein phosphatase 1 regulatory subunit 10	22533-95	ENSG00000206489|ENSG00000238104|ENSG00000230995|ENSG00000227804|ENSG00000204569|ENSG00000235291|ENSG00000231737	Q96QC0	combined	seq.22533.95	Somalogic	proteomics	SomaScan	7k
Plasma	Serine/threonine-protein phosphatase 4 catalytic subunit	22534-14	ENSG00000149923	P60510	combined	seq.22534.14	Somalogic	proteomics	SomaScan	7k
Plasma	Protein phosphatase 1 regulatory subunit 42	22536-1	ENSG00000178125	Q7Z4L9	combined	seq.22536.1	Somalogic	proteomics	SomaScan	7k
Plasma	Protein phosphatase PTC7 homolog	22537-5	ENSG00000196850	Q8NI37	combined	seq.22537.5	Somalogic	proteomics	SomaScan	7k
Plasma	Proteasome subunit beta type 7	22540-129	ENSG00000136930	Q99436	combined	seq.22540.129	Somalogic	proteomics	SomaScan	7k
Plasma	DNA replication complex GINS protein PSF1	22541-46	ENSG00000101003	Q14691	combined	seq.22541.46	Somalogic	proteomics	SomaScan	7k
Plasma	DNA repair protein RAD51 homolog 3	22544-10	ENSG00000108384	O43502	combined	seq.22544.10	Somalogic	proteomics	SomaScan	7k
Plasma	RNA-binding Raly-like protein	22545-20	ENSG00000184672	Q86SE5	combined	seq.22545.20	Somalogic	proteomics	SomaScan	7k
Plasma	RNA-binding motif, single-stranded-interacting protein 1	22547-17	ENSG00000153250	P29558	combined	seq.22547.17	Somalogic	proteomics	SomaScan	7k
Plasma	Regulator of G-protein signaling 13	22548-18	ENSG00000127074	O14921	combined	seq.22548.18	Somalogic	proteomics	SomaScan	7k
Plasma	RIP	22549-73	ENSG00000137275	Q13546	combined	seq.22549.73	Somalogic	proteomics	SomaScan	7k
Plasma	60S ribosomal protein L38	22553-4	ENSG00000172809	P63173	combined	seq.22553.4	Somalogic	proteomics	SomaScan	7k
Plasma	39S ribosomal protein L10, mitochondrial	22554-101	ENSG00000159111	Q7Z7H8	combined	seq.22554.101	Somalogic	proteomics	SomaScan	7k
Plasma	39S ribosomal protein L50, mitochondrial	22557-68	ENSG00000136897	Q8N5N7	combined	seq.22557.68	Somalogic	proteomics	SomaScan	7k
Plasma	Protein EVI2A	22560-1	ENSG00000126860	P22794	combined	seq.22560.1	Somalogic	proteomics	SomaScan	7k
Plasma	Uncharacterized protein UNQ511/PRO1026	22561-3	ENSG00000259823	Q6UX82	combined	seq.22561.3	Somalogic	proteomics	SomaScan	7k
Plasma	Kin of IRRE-like protein 1	22563-4	ENSG00000183853	Q96J84	combined	seq.22563.4	Somalogic	proteomics	SomaScan	7k
Plasma	Low-density lipoprotein receptor class A domain-containing protein 3	22564-5	ENSG00000179241	Q86YD5	combined	seq.22564.5	Somalogic	proteomics	SomaScan	7k
Plasma	Pituitary adenylate cyclase-activating polypeptide type I receptor	22566-53	ENSG00000078549	P41586	combined	seq.22566.53	Somalogic	proteomics	SomaScan	7k
Plasma	Desmoglein-4	22568-7	ENSG00000175065	Q86SJ6	combined	seq.22568.7	Somalogic	proteomics	SomaScan	7k
Plasma	TGF-beta receptor type-1	22569-55	ENSG00000106799	P36897	combined	seq.22569.55	Somalogic	proteomics	SomaScan	7k
Plasma	Pepsin A-4	22572-19	ENSG00000229183	P0DJD7	combined	seq.22572.19	Somalogic	proteomics	SomaScan	7k
Plasma	CD209 antigen	22576-1	ENSG00000090659	Q9NNX6	combined	seq.22576.1	Somalogic	proteomics	SomaScan	7k
Plasma	CD209 antigen	22576-2	ENSG00000090659	Q9NNX6	combined	seq.22576.2	Somalogic	proteomics	SomaScan	7k
Plasma	Sialic acid-binding Ig-like lectin 14	22577-24	ENSG00000254415	Q08ET2	combined	seq.22577.24	Somalogic	proteomics	SomaScan	7k
Plasma	Roundabout homolog 2	22578-17	ENSG00000185008	Q9HCK4	combined	seq.22578.17	Somalogic	proteomics	SomaScan	7k
Plasma	Neurexin-1-beta	22579-93	ENSG00000179915	P58400	combined	seq.22579.93	Somalogic	proteomics	SomaScan	7k
Plasma	Ephrin-A2	22580-29	ENSG00000099617	O43921	combined	seq.22580.29	Somalogic	proteomics	SomaScan	7k
Plasma	NKG2D ligand 2	22583-47	ENSG00000131015	Q9BZM5	combined	seq.22583.47	Somalogic	proteomics	SomaScan	7k
Plasma	Low-density lipoprotein receptor-related protein 6	22584-2	ENSG00000281324|ENSG00000070018	O75581	combined	seq.22584.2	Somalogic	proteomics	SomaScan	7k
Plasma	Frizzled-4	22585-5	ENSG00000174804	Q9ULV1	combined	seq.22585.5	Somalogic	proteomics	SomaScan	7k
Plasma	Butyrophilin subfamily 2 member A2	22586-24	ENSG00000124508	Q8WVV5	combined	seq.22586.24	Somalogic	proteomics	SomaScan	7k
Plasma	Ephrin type-A receptor 6	22587-37	ENSG00000080224	Q9UF33	combined	seq.22587.37	Somalogic	proteomics	SomaScan	7k
Plasma	Adhesion G protein-coupled receptor B2	22588-35	ENSG00000121753	O60241	combined	seq.22588.35	Somalogic	proteomics	SomaScan	7k
Plasma	Frizzled-2	22589-3	ENSG00000180340	Q14332	combined	seq.22589.3	Somalogic	proteomics	SomaScan	7k
Plasma	Frizzled-1	22590-68	ENSG00000157240	Q9UP38	combined	seq.22590.68	Somalogic	proteomics	SomaScan	7k
Plasma	Frizzled-9	22591-4	ENSG00000188763	O00144	combined	seq.22591.4	Somalogic	proteomics	SomaScan	7k
Plasma	Solute carrier family 25 member 38	22770-22	ENSG00000144659	Q96DW6	combined	seq.22770.22	Somalogic	proteomics	SomaScan	7k
Plasma	Sterile alpha motif domain-containing protein 12	22771-6	ENSG00000177570	Q8N8I0	combined	seq.22771.6	Somalogic	proteomics	SomaScan	7k
Plasma	Sorting and assembly machinery component 50 homolog	22772-125	ENSG00000100347	Q9Y512	combined	seq.22772.125	Somalogic	proteomics	SomaScan	7k
Plasma	Succinate dehydrogenase [ubiquinone] iron-sulfur subunit, mitochondrial	22773-69	ENSG00000117118	P21912	combined	seq.22773.69	Somalogic	proteomics	SomaScan	7k
Plasma	tRNA-splicing endonuclease subunit Sen34	22774-20	ENSG00000274078|ENSG00000274796|ENSG00000274129|ENSG00000275165|ENSG00000273896|ENSG00000278622|ENSG00000278712|ENSG00000274672|ENSG00000278605|ENSG00000170892	Q9BSV6	combined	seq.22774.20	Somalogic	proteomics	SomaScan	7k
Plasma	Nuclear receptor 0B2	22776-40	ENSG00000131910	Q15466	combined	seq.22776.40	Somalogic	proteomics	SomaScan	7k
Plasma	S-phase kinase-associated protein 2	22777-46	ENSG00000145604	Q13309	combined	seq.22777.46	Somalogic	proteomics	SomaScan	7k
Plasma	Single-pass membrane and coiled-coil domain-containing protein 1	22779-75	ENSG00000214097	Q147U7	combined	seq.22779.75	Somalogic	proteomics	SomaScan	7k
Plasma	Kinetochore protein Spc25	22782-80	ENSG00000152253|ENSG00000277909	Q9HBM1	combined	seq.22782.80	Somalogic	proteomics	SomaScan	7k
Plasma	Transcription factor PU.1	22783-40	ENSG00000066336	P17947	combined	seq.22783.40	Somalogic	proteomics	SomaScan	7k
Plasma	Spermatogenesis-associated protein 22	22784-4	ENSG00000141255	Q8NHS9	combined	seq.22784.4	Somalogic	proteomics	SomaScan	7k
Plasma	Metalloproteinase inhibitor 2	2278-61	ENSG00000035862	P16035	combined	seq.2278.61	Somalogic	proteomics	SomaScan	7k
Plasma	Spermatogenesis-associated protein 46	22786-57	ENSG00000171722	Q5T0L3	combined	seq.22786.57	Somalogic	proteomics	SomaScan	7k
Plasma	Sperm protein associated with the nucleus on the X chromosome N3	22787-39	ENSG00000189252	Q5MJ09	combined	seq.22787.39	Somalogic	proteomics	SomaScan	7k
Plasma	Sulfotransferase 6B1	22788-10	ENSG00000138068	Q6IMI4	combined	seq.22788.10	Somalogic	proteomics	SomaScan	7k
Plasma	Tryptophan--tRNA ligase, mitochondrial	22792-21	ENSG00000116874	Q9UGM6	combined	seq.22792.21	Somalogic	proteomics	SomaScan	7k
Plasma	Transcription initiation factor IIA subunit 2	22793-110	ENSG00000140307	P52657	combined	seq.22793.110	Somalogic	proteomics	SomaScan	7k
Plasma	Transcriptional adapter 2-alpha	22795-17	ENSG00000277104	O75478	combined	seq.22795.17	Somalogic	proteomics	SomaScan	7k
Plasma	Transcriptional adapter 1	22796-17	ENSG00000152382	Q96BN2	combined	seq.22796.17	Somalogic	proteomics	SomaScan	7k
Plasma	Transcription initiation factor TFIID subunit 12	22797-20	ENSG00000120656	Q16514	combined	seq.22797.20	Somalogic	proteomics	SomaScan	7k
Plasma	Transcription initiation factor TFIID subunit 8	22798-111	ENSG00000137413	Q7Z7C8	combined	seq.22798.111	Somalogic	proteomics	SomaScan	7k
Plasma	TBC1 domain family member 28	22799-17	ENSG00000189375	Q2M2D7	combined	seq.22799.17	Somalogic	proteomics	SomaScan	7k
Plasma	Telethonin	22800-24	ENSG00000173991	O15273	combined	seq.22800.24	Somalogic	proteomics	SomaScan	7k
Plasma	Telomere repeats-binding bouquet formation protein 2	22801-83	ENSG00000167014	Q8NHR7	combined	seq.22801.83	Somalogic	proteomics	SomaScan	7k
Plasma	Testis-expressed protein 30	22802-13	ENSG00000151287	Q5JUR7	combined	seq.22802.13	Somalogic	proteomics	SomaScan	7k
Plasma	THAP domain-containing protein 11	22805-18	ENSG00000168286	Q96EK4	combined	seq.22805.18	Somalogic	proteomics	SomaScan	7k
Plasma	THAP domain-containing protein 2	22806-1	ENSG00000173451	Q9H0W7	combined	seq.22806.1	Somalogic	proteomics	SomaScan	7k
Plasma	Thyroid hormone receptor beta	22808-59	ENSG00000151090	P10828	combined	seq.22808.59	Somalogic	proteomics	SomaScan	7k
Plasma	Mitochondrial import inner membrane translocase subunit Tim23	22809-32	ENSG00000265354	O14925	combined	seq.22809.32	Somalogic	proteomics	SomaScan	7k
Plasma	TIMELESS-interacting protein	22810-41	ENSG00000075131	Q9BVW5	combined	seq.22810.41	Somalogic	proteomics	SomaScan	7k
Plasma	Translation machinery-associated protein 16	22811-5	ENSG00000198498	Q96EY4	combined	seq.22811.5	Somalogic	proteomics	SomaScan	7k
Plasma	Trafficking protein particle complex subunit 6B	22812-4	ENSG00000182400	Q86SZ2	combined	seq.22812.4	Somalogic	proteomics	SomaScan	7k
Plasma	TPT1-like protein	22813-5		Q56UQ5	combined	seq.22813.5	Somalogic	proteomics	SomaScan	7k
Plasma	Zinc finger protein RFP	22814-1	ENSG00000234495|ENSG00000204713|ENSG00000229006|ENSG00000237071|ENSG00000215641	P14373	combined	seq.22814.1	Somalogic	proteomics	SomaScan	7k
Plasma	Tripartite motif-containing protein 40	22815-4	ENSG00000228001|ENSG00000172524|ENSG00000224496|ENSG00000237046|ENSG00000204614	Q6P9F5	combined	seq.22815.4	Somalogic	proteomics	SomaScan	7k
Plasma	Tripartite motif-containing protein 54	22816-4	ENSG00000138100	Q9BYV2	combined	seq.22816.4	Somalogic	proteomics	SomaScan	7k
Plasma	E3 ubiquitin-protein ligase TRIM9	22817-126	ENSG00000100505	Q9C026	combined	seq.22817.126	Somalogic	proteomics	SomaScan	7k
Plasma	Tricarboxylate transport protein, mitochondrial	22818-4	ENSG00000100075	P53007	combined	seq.22818.4	Somalogic	proteomics	SomaScan	7k
Plasma	Uracil-DNA glycosylase	22821-50	ENSG00000076248	P13051	combined	seq.22821.50	Somalogic	proteomics	SomaScan	7k
Plasma	V-type proton ATPase subunit C 2	22824-53	ENSG00000143882	Q8NEY4	combined	seq.22824.53	Somalogic	proteomics	SomaScan	7k
Plasma	Von Hippel-Lindau-like protein	22826-2	ENSG00000189030	Q6RSH7	combined	seq.22826.2	Somalogic	proteomics	SomaScan	7k
Plasma	Z-DNA-binding protein 1	22831-11	ENSG00000124256	Q9H171	combined	seq.22831.11	Somalogic	proteomics	SomaScan	7k
Plasma	Zinc finger CCCH domain-containing protein 8	22832-9	ENSG00000144161	Q8N5P1	combined	seq.22832.9	Somalogic	proteomics	SomaScan	7k
Plasma	Zinc finger CCHC domain-containing protein 18	22833-74	ENSG00000166707	P0CG32	combined	seq.22833.74	Somalogic	proteomics	SomaScan	7k
Plasma	Probable palmitoyltransferase ZDHHC4	22834-21	ENSG00000136247	Q9NPG8	combined	seq.22834.21	Somalogic	proteomics	SomaScan	7k
Plasma	Zinc finger protein 230	22838-39	ENSG00000159882	Q9UIE0	combined	seq.22838.39	Somalogic	proteomics	SomaScan	7k
Plasma	Zinc finger protein 263	22839-23	ENSG00000006194	O14978	combined	seq.22839.23	Somalogic	proteomics	SomaScan	7k
Plasma	Zinc finger protein 696	22841-16	ENSG00000185730	Q9H7X3	combined	seq.22841.16	Somalogic	proteomics	SomaScan	7k
Plasma	Zinc finger protein 69	22842-85	ENSG00000198429	Q9UC07	combined	seq.22842.85	Somalogic	proteomics	SomaScan	7k
Plasma	Zinc finger SWIM domain-containing protein 7	22844-4	ENSG00000214941	Q19AV6	combined	seq.22844.4	Somalogic	proteomics	SomaScan	7k
Plasma	28S ribosomal protein S14, mitochondrial	22845-3	ENSG00000120333	O60783	combined	seq.22845.3	Somalogic	proteomics	SomaScan	7k
Plasma	Serine/threonine-protein kinase 4	22847-18	ENSG00000101109	Q13043	combined	seq.22847.18	Somalogic	proteomics	SomaScan	7k
Plasma	BTB/POZ domain-containing protein KCTD7	22857-5	ENSG00000243335	Q96MP8	combined	seq.22857.5	Somalogic	proteomics	SomaScan	7k
Plasma	Mitogen-activated protein kinase 6	22858-3	ENSG00000069956	Q16659	combined	seq.22858.3	Somalogic	proteomics	SomaScan	7k
Plasma	Protein phosphatase 1M	22862-44		Q96MI6	combined	seq.22862.44	Somalogic	proteomics	SomaScan	7k
Plasma	Alpha-1-syntrophin	22946-55	ENSG00000101400	Q13424	combined	seq.22946.55	Somalogic	proteomics	SomaScan	7k
Plasma	Bone morphogenetic protein 3	22948-13	ENSG00000152785	P12645	combined	seq.22948.13	Somalogic	proteomics	SomaScan	7k
Plasma	Butyrophilin subfamily 3 member A3	22950-6	ENSG00000111801	O00478	combined	seq.22950.6	Somalogic	proteomics	SomaScan	7k
Plasma	Cyclin-dependent kinase 2-associated protein 2	22952-28	ENSG00000167797	O75956	combined	seq.22952.28	Somalogic	proteomics	SomaScan	7k
Plasma	CCAAT/enhancer-binding protein beta	22953-85	ENSG00000172216	P17676	combined	seq.22953.85	Somalogic	proteomics	SomaScan	7k
Plasma	Chloride intracellular channel protein 2	22954-10	ENSG00000155962	O15247	combined	seq.22954.10	Somalogic	proteomics	SomaScan	7k
Plasma	Retinol-binding protein 1	22955-28	ENSG00000114115	P09455	combined	seq.22955.28	Somalogic	proteomics	SomaScan	7k
Plasma	Destrin	22958-6	ENSG00000125868	P60981	combined	seq.22958.6	Somalogic	proteomics	SomaScan	7k
Plasma	Dickkopf-related protein 4	22959-32	ENSG00000104371	Q9UBT3	combined	seq.22959.32	Somalogic	proteomics	SomaScan	7k
Plasma	Low affinity immunoglobulin gamma Fc region receptor II-b	22960-8	ENSG00000072694	P31994	combined	seq.22960.8	Somalogic	proteomics	SomaScan	7k
Plasma	Ficolin-1	22961-7	ENSG00000085265	O00602	combined	seq.22961.7	Somalogic	proteomics	SomaScan	7k
Plasma	Vesicle-associated membrane protein 2	22963-3	ENSG00000220205	P63027	combined	seq.22963.3	Somalogic	proteomics	SomaScan	7k
Plasma	Gamma-aminobutyric acid receptor-associated protein	22966-20	ENSG00000170296	O95166	combined	seq.22966.20	Somalogic	proteomics	SomaScan	7k
Plasma	Growth/differentiation factor 7	22967-15	ENSG00000143869	Q7Z4P5	combined	seq.22967.15	Somalogic	proteomics	SomaScan	7k
Plasma	G antigen 2D	22968-9		Q9UEU5	combined	seq.22968.9	Somalogic	proteomics	SomaScan	7k
Plasma	C-C motif chemokine 7	22969-12	ENSG00000108688	P80098	combined	seq.22969.12	Somalogic	proteomics	SomaScan	7k
Plasma	PDZ domain-containing protein GIPC1	22970-8	ENSG00000123159	O14908	combined	seq.22970.8	Somalogic	proteomics	SomaScan	7k
Plasma	Gro-beta	22972-26	ENSG00000081041	P19875	combined	seq.22972.26	Somalogic	proteomics	SomaScan	7k
Plasma	Gro-gamma	22973-8	ENSG00000163734	P19876	combined	seq.22973.8	Somalogic	proteomics	SomaScan	7k
Plasma	Histone H2B type 2-E	22974-25	ENSG00000184678	Q16778	combined	seq.22974.25	Somalogic	proteomics	SomaScan	7k
Plasma	Protein HEXIM1	22977-18	ENSG00000186834	O94992	combined	seq.22977.18	Somalogic	proteomics	SomaScan	7k
Plasma	High mobility group protein B2	22978-13	ENSG00000164104	P26583	combined	seq.22978.13	Somalogic	proteomics	SomaScan	7k
Plasma	Homer protein homolog 1	22980-37	ENSG00000152413	Q86YM7	combined	seq.22980.37	Somalogic	proteomics	SomaScan	7k
Plasma	Hippocalcin-like protein 1	22981-3	ENSG00000115756	P37235	combined	seq.22981.3	Somalogic	proteomics	SomaScan	7k
Plasma	Eukaryotic initiation factor 4A-II	22984-10	ENSG00000156976	Q14240	combined	seq.22984.10	Somalogic	proteomics	SomaScan	7k
Plasma	Insulin-like growth factor-binding protein 2	22985-160	ENSG00000115457	P18065	combined	seq.22985.160	Somalogic	proteomics	SomaScan	7k
Plasma	Mitogen-activated protein kinase 9	22987-69	ENSG00000050748	P45984	combined	seq.22987.69	Somalogic	proteomics	SomaScan	7k
Plasma	Protein lin-7 homolog A	22989-24	ENSG00000111052	O14910	combined	seq.22989.24	Somalogic	proteomics	SomaScan	7k
Plasma	Protein lin-7 homolog B	22990-20	ENSG00000104863	Q9HAP6	combined	seq.22990.20	Somalogic	proteomics	SomaScan	7k
Plasma	Melanoma-associated antigen 6	22991-9	ENSG00000197172	P43360	combined	seq.22991.9	Somalogic	proteomics	SomaScan	7k
Plasma	Microtubule-associated protein RP/EB family member 3	22992-6	ENSG00000084764	Q9UPY8	combined	seq.22992.6	Somalogic	proteomics	SomaScan	7k
Plasma	C-C motif chemokine 22	22993-9	ENSG00000102962	O00626	combined	seq.22993.9	Somalogic	proteomics	SomaScan	7k
Plasma	Neuroligin-1	23000-22	ENSG00000169760	Q8N2Q7	combined	seq.23000.22	Somalogic	proteomics	SomaScan	7k
Plasma	Neurexophilin-1	23002-27	ENSG00000122584	P58417	combined	seq.23002.27	Somalogic	proteomics	SomaScan	7k
Plasma	Phosphatidylinositol 5-phosphate 4-kinase type-2 beta	23006-19	ENSG00000276293|ENSG00000277292	P78356	combined	seq.23006.19	Somalogic	proteomics	SomaScan	7k
Plasma	Junction plakoglobin	23007-8	ENSG00000173801	P14923	combined	seq.23007.8	Somalogic	proteomics	SomaScan	7k
Plasma	Ras-related protein Rab-2A	23008-4	ENSG00000104388	P61019	combined	seq.23008.4	Somalogic	proteomics	SomaScan	7k
Plasma	TATA-binding protein-associated factor 2N	23016-24	ENSG00000270647|ENSG00000276833	Q92804	combined	seq.23016.24	Somalogic	proteomics	SomaScan	7k
Plasma	Reticulocalbin-3	23017-17	ENSG00000142552	Q96D15	combined	seq.23017.17	Somalogic	proteomics	SomaScan	7k
Plasma	Lithostathine-1-beta	23018-4	ENSG00000172023	P48304	combined	seq.23018.4	Somalogic	proteomics	SomaScan	7k
Plasma	Regulator of G-protein signaling 4	23020-18	ENSG00000117152	P49798	combined	seq.23020.18	Somalogic	proteomics	SomaScan	7k
Plasma	Rab GDP dissociation inhibitor alpha	23022-5	ENSG00000203879	P31150	combined	seq.23022.5	Somalogic	proteomics	SomaScan	7k
Plasma	Protein S100-A14	23023-21	ENSG00000189334	Q9HCY8	combined	seq.23023.21	Somalogic	proteomics	SomaScan	7k
Plasma	GTP-binding protein SAR1a	23024-25	ENSG00000079332	Q9NR31	combined	seq.23024.25	Somalogic	proteomics	SomaScan	7k
Plasma	Syntenin-2	23028-49	ENSG00000125775	Q9H190	combined	seq.23028.49	Somalogic	proteomics	SomaScan	7k
Plasma	Endophilin-A3	23029-3	ENSG00000140600	Q99963	combined	seq.23029.3	Somalogic	proteomics	SomaScan	7k
Plasma	Sialic acid-binding Ig-like lectin 5	23030-4	ENSG00000105501	O15389	combined	seq.23030.4	Somalogic	proteomics	SomaScan	7k
Plasma	NAD-dependent protein deacetylase sirtuin-2	23031-6	ENSG00000068903|ENSG00000283100	Q8IXJ6	combined	seq.23031.6	Somalogic	proteomics	SomaScan	7k
Plasma	VPS10 domain-containing receptor SorCS3	23034-13	ENSG00000156395	Q9UPU3	combined	seq.23034.13	Somalogic	proteomics	SomaScan	7k
Plasma	Ubiquitin-conjugating enzyme E2 D3	23037-37	ENSG00000109332	P61077	combined	seq.23037.37	Somalogic	proteomics	SomaScan	7k
Plasma	Netrin receptor UNC5B	23038-63	ENSG00000107731	Q8IZJ1	combined	seq.23038.63	Somalogic	proteomics	SomaScan	7k
Plasma	Homeobox protein MOX-2	23039-56	ENSG00000106511	P50222	combined	seq.23039.56	Somalogic	proteomics	SomaScan	7k
Plasma	Endothelial cell-derived lipase	23148-100	ENSG00000101670	Q9Y5X9	combined	seq.23148.100	Somalogic	proteomics	SomaScan	7k
Plasma	BTB/POZ domain-containing adapter for CUL3-mediated RhoA degradation protein 2	23152-49	ENSG00000109079	Q13829	combined	seq.23152.49	Somalogic	proteomics	SomaScan	7k
Plasma	BIK	23153-14	ENSG00000100290	Q13323	combined	seq.23153.14	Somalogic	proteomics	SomaScan	7k
Plasma	Caspase-10:region 2	23156-146	ENSG00000003400	Q92851	combined	seq.23156.146	Somalogic	proteomics	SomaScan	7k
Plasma	BTB/POZ domain-containing protein KCTD6	23161-3	ENSG00000168301	Q8NC69	combined	seq.23161.3	Somalogic	proteomics	SomaScan	7k
Plasma	Mitogen-activated protein kinase kinase kinase 10	23162-36	ENSG00000130758	Q02779	combined	seq.23162.36	Somalogic	proteomics	SomaScan	7k
Plasma	Mitochondrial pyruvate carrier 1	23164-8	ENSG00000060762	Q9Y5U8	combined	seq.23164.8	Somalogic	proteomics	SomaScan	7k
Plasma	Metalloproteinase inhibitor 1	23173-3	ENSG00000102265	P01033	combined	seq.23173.3	Somalogic	proteomics	SomaScan	7k
Plasma	Beta-dystroglycan	23176-17	ENSG00000173402	Q14118	combined	seq.23176.17	Somalogic	proteomics	SomaScan	7k
Plasma	Histamine N-methyltransferase	23178-95	ENSG00000150540	P50135	combined	seq.23178.95	Somalogic	proteomics	SomaScan	7k
Plasma	Leukocyte tyrosine kinase receptor	23181-2	ENSG00000062524	P29376	combined	seq.23181.2	Somalogic	proteomics	SomaScan	7k
Plasma	E3 ubiquitin-protein ligase RNF31	23183-6	ENSG00000285152|ENSG00000092098	Q96EP0	combined	seq.23183.6	Somalogic	proteomics	SomaScan	7k
Plasma	Deubiquitinating protein VCIP135	23187-9	ENSG00000175073	Q96JH7	combined	seq.23187.9	Somalogic	proteomics	SomaScan	7k
Plasma	Complement C1q tumor necrosis factor-related protein 4	23200-25	ENSG00000172247|ENSG00000284838	Q9BXJ3	combined	seq.23200.25	Somalogic	proteomics	SomaScan	7k
Plasma	Ecto-ADP-ribosyltransferase 5	23202-78	ENSG00000167311	Q96L15	combined	seq.23202.78	Somalogic	proteomics	SomaScan	7k
Plasma	Retinoid-inducible serine carboxypeptidase	23203-3	ENSG00000121064	Q9HB40	combined	seq.23203.3	Somalogic	proteomics	SomaScan	7k
Plasma	ETS translocation variant 2	23210-4	ENSG00000105672	O00321	combined	seq.23210.4	Somalogic	proteomics	SomaScan	7k
Plasma	Protein EURL homolog	23212-8	ENSG00000154642	Q9NYK6	combined	seq.23212.8	Somalogic	proteomics	SomaScan	7k
Plasma	Uncharacterized protein C11orf70	23213-21	ENSG00000137691	Q9BRQ4	combined	seq.23213.21	Somalogic	proteomics	SomaScan	7k
Plasma	Regucalcin	23224-11	ENSG00000130988	Q15493	combined	seq.23224.11	Somalogic	proteomics	SomaScan	7k
Plasma	E3 ubiquitin-protein ligase TRIM62	23225-26	ENSG00000116525	Q9BVG3	combined	seq.23225.26	Somalogic	proteomics	SomaScan	7k
Plasma	ATP synthase B chain, mitochondrial	23226-42	ENSG00000116459	P24539	combined	seq.23226.42	Somalogic	proteomics	SomaScan	7k
Plasma	Uncharacterized protein C12orf76	23228-2	ENSG00000174456	Q8N812	combined	seq.23228.2	Somalogic	proteomics	SomaScan	7k
Plasma	Mitochondrial import inner membrane translocase subunit Tim10 B	23241-27	ENSG00000132286	Q9Y5J6	combined	seq.23241.27	Somalogic	proteomics	SomaScan	7k
Plasma	Sjoegren syndrome nuclear autoantigen 1	23242-2	ENSG00000176101	O43805	combined	seq.23242.2	Somalogic	proteomics	SomaScan	7k
Plasma	40S ribosomal protein S25	23243-120	ENSG00000280831|ENSG00000118181	P62851	combined	seq.23243.120	Somalogic	proteomics	SomaScan	7k
Plasma	Speriolin-like protein	23245-5	ENSG00000274679|ENSG00000160284	Q9H0A9	combined	seq.23245.5	Somalogic	proteomics	SomaScan	7k
Plasma	Biogenesis of lysosome-related organelles complex 1 subunit 1	23246-67	ENSG00000135441	P78537	combined	seq.23246.67	Somalogic	proteomics	SomaScan	7k
Plasma	X antigen family member 2	23248-1	ENSG00000155622	Q96GT9	combined	seq.23248.1	Somalogic	proteomics	SomaScan	7k
Plasma	Transcription elongation factor A protein-like 4	23250-3	ENSG00000133142	Q96EI5	combined	seq.23250.3	Somalogic	proteomics	SomaScan	7k
Plasma	DnaJ homolog subfamily B member 3	23252-4		Q8WWF6	combined	seq.23252.4	Somalogic	proteomics	SomaScan	7k
Plasma	Catechol O-methyltransferase domain-containing protein 1	23253-5	ENSG00000165644	Q86VU5	combined	seq.23253.5	Somalogic	proteomics	SomaScan	7k
Plasma	NADH dehydrogenase [ubiquinone] 1 alpha subcomplex assembly factor 3	23254-31	ENSG00000178057	Q9BU61	combined	seq.23254.31	Somalogic	proteomics	SomaScan	7k
Plasma	Ras-related protein Rab-33A	23255-7	ENSG00000134594	Q14088	combined	seq.23255.7	Somalogic	proteomics	SomaScan	7k
Plasma	TLD domain-containing protein 2	23256-21	ENSG00000101342	A0PJX2	combined	seq.23256.21	Somalogic	proteomics	SomaScan	7k
Plasma	COMM domain-containing protein 10	23257-14	ENSG00000145781	Q9Y6G5	combined	seq.23257.14	Somalogic	proteomics	SomaScan	7k
Plasma	Cytochrome c oxidase assembly factor 7	23258-56	ENSG00000162377	Q96BR5	combined	seq.23258.56	Somalogic	proteomics	SomaScan	7k
Plasma	EEF1A lysine methyltransferase 1	23259-23	ENSG00000150456	Q8WVE0	combined	seq.23259.23	Somalogic	proteomics	SomaScan	7k
Plasma	Uncharacterized protein C1orf50	23261-27	ENSG00000164008	Q9BV19	combined	seq.23261.27	Somalogic	proteomics	SomaScan	7k
Plasma	Beta-crystallin B3	23262-11	ENSG00000100053	P26998	combined	seq.23262.11	Somalogic	proteomics	SomaScan	7k
Plasma	BTB/POZ domain-containing protein KCTD15	23263-9	ENSG00000153885	Q96SI1	combined	seq.23263.9	Somalogic	proteomics	SomaScan	7k
Plasma	Mediator of RNA polymerase II transcription subunit 10	23264-42	ENSG00000133398	Q9BTT4	combined	seq.23264.42	Somalogic	proteomics	SomaScan	7k
Plasma	Tumor protein D54	23265-15	ENSG00000101150	O43399	combined	seq.23265.15	Somalogic	proteomics	SomaScan	7k
Plasma	MIT domain-containing protein 1	23266-62	ENSG00000158411	Q8WV92	combined	seq.23266.62	Somalogic	proteomics	SomaScan	7k
Plasma	BTB/POZ domain-containing protein KCTD6	23267-5	ENSG00000168301	Q8NC69	combined	seq.23267.5	Somalogic	proteomics	SomaScan	7k
Plasma	Protein FRG1	23268-15	ENSG00000275145|ENSG00000283630|ENSG00000283153|ENSG00000109536	Q14331	combined	seq.23268.15	Somalogic	proteomics	SomaScan	7k
Plasma	CKLF-like MARVEL transmembrane domain-containing protein 4	23269-40	ENSG00000183723	Q8IZR5	combined	seq.23269.40	Somalogic	proteomics	SomaScan	7k
Plasma	Spermatogenesis-associated protein 33	23270-14	ENSG00000167523	Q96N06	combined	seq.23270.14	Somalogic	proteomics	SomaScan	7k
Plasma	3-beta-hydroxysteroid-Delta(8),Delta(7)-isomerase	23271-20	ENSG00000147155	Q15125	combined	seq.23271.20	Somalogic	proteomics	SomaScan	7k
Plasma	Protein DPCD	23272-8	ENSG00000166171	Q9BVM2	combined	seq.23272.8	Somalogic	proteomics	SomaScan	7k
Plasma	UPF0193 protein EVG1	23273-42	ENSG00000128346	Q9BZE7	combined	seq.23273.42	Somalogic	proteomics	SomaScan	7k
Plasma	EF-hand calcium-binding domain-containing protein 1	23274-27	ENSG00000034239	Q9HAE3	combined	seq.23274.27	Somalogic	proteomics	SomaScan	7k
Plasma	Sarcospan	23275-9	ENSG00000123096	Q14714	combined	seq.23275.9	Somalogic	proteomics	SomaScan	7k
Plasma	UPF0561 protein C2orf68	23276-14	ENSG00000168887	Q2NKX9	combined	seq.23276.14	Somalogic	proteomics	SomaScan	7k
Plasma	39S ribosomal protein L12, mitochondrial	23278-13	ENSG00000262814	P52815	combined	seq.23278.13	Somalogic	proteomics	SomaScan	7k
Plasma	Akirin-2	23280-9	ENSG00000135334	Q53H80	combined	seq.23280.9	Somalogic	proteomics	SomaScan	7k
Plasma	ADP-ribosylation factor-like protein 8A	23281-29	ENSG00000143862	Q96BM9	combined	seq.23281.29	Somalogic	proteomics	SomaScan	7k
Plasma	Ras-related protein Rab-37	23282-19	ENSG00000172794	Q96AX2	combined	seq.23282.19	Somalogic	proteomics	SomaScan	7k
Plasma	Ras-related protein Rab-43	23283-9	ENSG00000172780	Q86YS6	combined	seq.23283.9	Somalogic	proteomics	SomaScan	7k
Plasma	LIM domain only transcription factor protein 4	23284-5	ENSG00000143013	P61968	combined	seq.23284.5	Somalogic	proteomics	SomaScan	7k
Plasma	BTB/POZ domain-containing protein KCTD2	23285-51	ENSG00000180901	Q14681	combined	seq.23285.51	Somalogic	proteomics	SomaScan	7k
Plasma	RING finger protein 141	23286-2	ENSG00000110315	Q8WVD5	combined	seq.23286.2	Somalogic	proteomics	SomaScan	7k
Plasma	NADH dehydrogenase	23287-109	ENSG00000165264	O95139	combined	seq.23287.109	Somalogic	proteomics	SomaScan	7k
Plasma	Leucine-rich repeat-containing protein 20	23288-28	ENSG00000172731	Q8TCA0	combined	seq.23288.28	Somalogic	proteomics	SomaScan	7k
Plasma	Neurogenin-1	23289-25	ENSG00000181965	Q92886	combined	seq.23289.25	Somalogic	proteomics	SomaScan	7k
Plasma	Survival motor neuron protein	23290-3	ENSG00000275349|ENSG00000277773|ENSG00000205571|ENSG00000172062|ENSG00000273772	Q16637	combined	seq.23290.3	Somalogic	proteomics	SomaScan	7k
Plasma	PTB-containing, cubilin and LRP1-interacting protein	23291-18	ENSG00000153823	Q7Z2X4	combined	seq.23291.18	Somalogic	proteomics	SomaScan	7k
Plasma	Centrosomal protein of 112 kDa	23292-1	ENSG00000154240	Q8N8E3	combined	seq.23292.1	Somalogic	proteomics	SomaScan	7k
Plasma	Glutathione-specific gamma-glutamylcyclotransferase 1	23293-15	ENSG00000128965	Q9BUX1	combined	seq.23293.15	Somalogic	proteomics	SomaScan	7k
Plasma	Max-like protein X	23294-19	ENSG00000108788	Q9UH92	combined	seq.23294.19	Somalogic	proteomics	SomaScan	7k
Plasma	SARP-3	23296-29	ENSG00000120057	Q5T4F7	combined	seq.23296.29	Somalogic	proteomics	SomaScan	7k
Plasma	Acyl-coenzyme A thioesterase THEM4	23298-148	ENSG00000159445	Q5T1C6	combined	seq.23298.148	Somalogic	proteomics	SomaScan	7k
Plasma	Tubulin polymerization-promoting protein	23299-52	ENSG00000171368	O94811	combined	seq.23299.52	Somalogic	proteomics	SomaScan	7k
Plasma	RNA-binding protein with multiple splicing 2	23300-3	ENSG00000166831	Q6ZRY4	combined	seq.23300.3	Somalogic	proteomics	SomaScan	7k
Plasma	MSX-2	23301-2	ENSG00000120149	P35548	combined	seq.23301.2	Somalogic	proteomics	SomaScan	7k
Plasma	Proline-rich AKT1 substrate 1	23302-19	ENSG00000204673	Q96B36	combined	seq.23302.19	Somalogic	proteomics	SomaScan	7k
Plasma	Stromal cell-derived factor 1	2330-2	ENSG00000107562	P48061	combined	seq.2330.2	Somalogic	proteomics	SomaScan	7k
Plasma	Thioredoxin domain-containing protein 9	23303-131	ENSG00000115514	O14530	combined	seq.23303.131	Somalogic	proteomics	SomaScan	7k
Plasma	Protein NipSnap homolog 3B	23304-1	ENSG00000165028	Q9BS92	combined	seq.23304.1	Somalogic	proteomics	SomaScan	7k
Plasma	Receptor expression-enhancing protein 2	23305-38	ENSG00000132563	Q9BRK0	combined	seq.23305.38	Somalogic	proteomics	SomaScan	7k
Plasma	Polyamine-modulated factor 1	23306-37	ENSG00000160783	Q6P1K2	combined	seq.23306.37	Somalogic	proteomics	SomaScan	7k
Plasma	Clusterin-associated protein 1	23307-7	ENSG00000103351	Q96AJ1	combined	seq.23307.7	Somalogic	proteomics	SomaScan	7k
Plasma	BTB/POZ domain-containing protein KCTD1	23308-31	ENSG00000134504	Q719H9	combined	seq.23308.31	Somalogic	proteomics	SomaScan	7k
Plasma	Homologous-pairing protein 2 homolog	23309-11	ENSG00000131470	Q9P2W1	combined	seq.23309.11	Somalogic	proteomics	SomaScan	7k
Plasma	Ras-related protein Rab-38	23310-51	ENSG00000123892	P57729	combined	seq.23310.51	Somalogic	proteomics	SomaScan	7k
Plasma	Ribonuclease P protein subunit p25	23311-19	ENSG00000178718	Q9BUL9	combined	seq.23311.19	Somalogic	proteomics	SomaScan	7k
Plasma	Rab-like protein 3	23312-16	ENSG00000144840	Q5HYI8	combined	seq.23312.16	Somalogic	proteomics	SomaScan	7k
Plasma	Coiled-coil domain-containing protein 103	23314-46	ENSG00000167131	Q8IW40	combined	seq.23314.46	Somalogic	proteomics	SomaScan	7k
Plasma	Protein FAM9B	23315-30	ENSG00000177138	Q8IZU0	combined	seq.23315.30	Somalogic	proteomics	SomaScan	7k
Plasma	Dehydrogenase/reductase SDR family member 11	23317-10	ENSG00000278535|ENSG00000275397	Q6UWP2	combined	seq.23317.10	Somalogic	proteomics	SomaScan	7k
Plasma	Phosphatidylcholine transfer protein	23318-60	ENSG00000141179	Q9UKL6	combined	seq.23318.60	Somalogic	proteomics	SomaScan	7k
Plasma	AN1-type zinc finger protein 2B	23319-6	ENSG00000158552	Q8WV99	combined	seq.23319.6	Somalogic	proteomics	SomaScan	7k
Plasma	Multivesicular body subunit 12B	23320-11	ENSG00000196814	Q9H7P6	combined	seq.23320.11	Somalogic	proteomics	SomaScan	7k
Plasma	Coiled-coil domain-containing protein 95	23321-42	ENSG00000169592	Q8NBZ0	combined	seq.23321.42	Somalogic	proteomics	SomaScan	7k
Plasma	Musculin	23322-2	ENSG00000178860	O60682	combined	seq.23322.2	Somalogic	proteomics	SomaScan	7k
Plasma	Dual specificity phosphatase DUPD1	23323-25	ENSG00000188716|ENSG00000281660	Q68J44	combined	seq.23323.25	Somalogic	proteomics	SomaScan	7k
Plasma	Heat shock protein beta-3	23324-6	ENSG00000169271	Q12988	combined	seq.23324.6	Somalogic	proteomics	SomaScan	7k
Plasma	Uncharacterized protein C16orf45	23325-18	ENSG00000166780|ENSG00000278823	Q96MC5	combined	seq.23325.18	Somalogic	proteomics	SomaScan	7k
Plasma	Glutathione S-transferase A2	23326-10	ENSG00000244067	P09210	combined	seq.23326.10	Somalogic	proteomics	SomaScan	7k
Plasma	BLOC-1-related complex subunit 5	23327-1	ENSG00000280689|ENSG00000165714	Q969J3	combined	seq.23327.1	Somalogic	proteomics	SomaScan	7k
Plasma	Ras-related protein Rab-4B	23329-52	ENSG00000167578	P61018	combined	seq.23329.52	Somalogic	proteomics	SomaScan	7k
Plasma	Uncharacterized protein C22orf13	23330-12	ENSG00000138867	Q96NT3	combined	seq.23330.12	Somalogic	proteomics	SomaScan	7k
Plasma	Late cornified envelope protein 3C	23334-21	ENSG00000244057	Q5T5A8	combined	seq.23334.21	Somalogic	proteomics	SomaScan	7k
Plasma	Protein FAM229A	23335-31	ENSG00000225828	H3BQW9	combined	seq.23335.31	Somalogic	proteomics	SomaScan	7k
Plasma	Putative potassium channel regulatory protein	23336-2	ENSG00000198553	Q8N5I3	combined	seq.23336.2	Somalogic	proteomics	SomaScan	7k
Plasma	Transforming growth factor beta-1	2333-72		P01137	combined	seq.2333.72	Somalogic	proteomics	SomaScan	7k
Plasma	BTB/POZ domain-containing adapter for CUL3-mediated RhoA degradation protein 3	23337-54	ENSG00000110906	Q9H3F6	combined	seq.23337.54	Somalogic	proteomics	SomaScan	7k
Plasma	Transcription factor 24	23339-46	ENSG00000261787	Q7RTU0	combined	seq.23339.46	Somalogic	proteomics	SomaScan	7k
Plasma	Methylthioribose-1-phosphate isomerase	23340-37	ENSG00000037757	Q9BV20	combined	seq.23340.37	Somalogic	proteomics	SomaScan	7k
Plasma	Meiotic recombination protein DMC1/LIM15 homolog	23341-16	ENSG00000100206	Q14565	combined	seq.23341.16	Somalogic	proteomics	SomaScan	7k
Plasma	Arrestin domain-containing protein 5	23342-4	ENSG00000205784	A6NEK1	combined	seq.23342.4	Somalogic	proteomics	SomaScan	7k
Plasma	Protein rogdi homolog	23343-6	ENSG00000067836	Q9GZN7	combined	seq.23343.6	Somalogic	proteomics	SomaScan	7k
Plasma	N-terminal EF-hand calcium-binding protein 1	23345-2	ENSG00000123119	Q8N987	combined	seq.23345.2	Somalogic	proteomics	SomaScan	7k
Plasma	Choline-phosphate cytidylyltransferase A	23349-5	ENSG00000161217	P49585	combined	seq.23349.5	Somalogic	proteomics	SomaScan	7k
Plasma	Protein FAM118B	23350-66	ENSG00000197798	Q9BPY3	combined	seq.23350.66	Somalogic	proteomics	SomaScan	7k
Plasma	Protein arginine N-methyltransferase 1	23351-59	ENSG00000126457	Q99873	combined	seq.23351.59	Somalogic	proteomics	SomaScan	7k
Plasma	Dysbindin	23352-9	ENSG00000047579	Q96EV8	combined	seq.23352.9	Somalogic	proteomics	SomaScan	7k
Plasma	Beta-crystallin A2	23354-12	ENSG00000163499	P53672	combined	seq.23354.12	Somalogic	proteomics	SomaScan	7k
Plasma	Coiled-coil domain-containing protein 24	23356-32	ENSG00000159214	Q8N4L8	combined	seq.23356.32	Somalogic	proteomics	SomaScan	7k
Plasma	Protein FAM118A	23358-42	ENSG00000100376	Q9NWS6	combined	seq.23358.42	Somalogic	proteomics	SomaScan	7k
Plasma	Pre-mRNA-splicing regulator WTAP	23359-25	ENSG00000146457	Q15007	combined	seq.23359.25	Somalogic	proteomics	SomaScan	7k
Plasma	RNA-binding protein 4	23361-20	ENSG00000173933	Q9BWF3	combined	seq.23361.20	Somalogic	proteomics	SomaScan	7k
Plasma	Cytosolic 5'-nucleotidase 1A	23362-26	ENSG00000116981	Q9BXI3	combined	seq.23362.26	Somalogic	proteomics	SomaScan	7k
Plasma	Poly(rC)-binding protein 2	23363-41	ENSG00000197111	Q15366	combined	seq.23363.41	Somalogic	proteomics	SomaScan	7k
Plasma	Uridine-cytidine kinase 1	23364-3	ENSG00000130717	Q9HA47	combined	seq.23364.3	Somalogic	proteomics	SomaScan	7k
Plasma	Fibronectin type III domain-containing protein 8	23365-7	ENSG00000073598	Q8TC99	combined	seq.23365.7	Somalogic	proteomics	SomaScan	7k
Plasma	Ubiquitin-like protein 7	23366-15	ENSG00000288408|ENSG00000138629	Q96S82	combined	seq.23366.15	Somalogic	proteomics	SomaScan	7k
Plasma	Ankyrin repeat domain-containing protein 40	23367-8	ENSG00000154945	Q6AI12	combined	seq.23367.8	Somalogic	proteomics	SomaScan	7k
Plasma	Phytanoyl-CoA dioxygenase, peroxisomal	23369-17	ENSG00000107537	O14832	combined	seq.23369.17	Somalogic	proteomics	SomaScan	7k
Plasma	Voltage-gated potassium channel subunit beta-3	23370-39	ENSG00000170049	O43448	combined	seq.23370.39	Somalogic	proteomics	SomaScan	7k
Plasma	NIF3-like protein 1	23371-5	ENSG00000196290	Q9GZT8	combined	seq.23371.5	Somalogic	proteomics	SomaScan	7k
Plasma	Diphthine methyl ester synthase	23373-77	ENSG00000117543	Q9H2P9	combined	seq.23373.77	Somalogic	proteomics	SomaScan	7k
Plasma	N-terminal EF-hand calcium-binding protein 3	23374-42	ENSG00000125967	Q96P71	combined	seq.23374.42	Somalogic	proteomics	SomaScan	7k
Plasma	Ret finger protein-like 3	23375-4	ENSG00000128276	O75679	combined	seq.23375.4	Somalogic	proteomics	SomaScan	7k
Plasma	Actin-related protein 2/3 complex subunit 2	23376-56	ENSG00000163466	O15144	combined	seq.23376.56	Somalogic	proteomics	SomaScan	7k
Plasma	CGG triplet repeat-binding protein 1	23378-29	ENSG00000163320	Q9UFW8	combined	seq.23378.29	Somalogic	proteomics	SomaScan	7k
Plasma	UPF0472 protein C16orf72	23379-60	ENSG00000182831	Q14CZ0	combined	seq.23379.60	Somalogic	proteomics	SomaScan	7k
Plasma	Trans-3-hydroxy-L-proline dehydratase	23380-16	ENSG00000126790	Q96EM0	combined	seq.23380.16	Somalogic	proteomics	SomaScan	7k
Plasma	Septin-1	23381-8	ENSG00000180096	Q8WYJ6	combined	seq.23381.8	Somalogic	proteomics	SomaScan	7k
Plasma	Variable charge X-linked protein 3	23382-30	ENSG00000169059	Q9NNX9	combined	seq.23382.30	Somalogic	proteomics	SomaScan	7k
Plasma	BTB/POZ domain-containing protein KCTD17	23384-19	ENSG00000100379	Q8N5Z5	combined	seq.23384.19	Somalogic	proteomics	SomaScan	7k
Plasma	Cytosolic arginine sensor for mTORC1 subunit 1	23385-18	ENSG00000239282	Q8WTX7	combined	seq.23385.18	Somalogic	proteomics	SomaScan	7k
Plasma	T-complex protein 10A homolog 2	23386-38	ENSG00000166984	B9ZVM9	combined	seq.23386.38	Somalogic	proteomics	SomaScan	7k
Plasma	TIP41-like protein	23387-18	ENSG00000143155	O75663	combined	seq.23387.18	Somalogic	proteomics	SomaScan	7k
Plasma	Fumarylacetoacetate hydrolase domain-containing protein 2A	23389-28	ENSG00000115042	Q96GK7	combined	seq.23389.28	Somalogic	proteomics	SomaScan	7k
Plasma	Coiled-coil domain-containing protein 107	23390-6	ENSG00000159884	Q8WV48	combined	seq.23390.6	Somalogic	proteomics	SomaScan	7k
Plasma	Protein XRP2	23391-20	ENSG00000102218	O75695	combined	seq.23391.20	Somalogic	proteomics	SomaScan	7k
Plasma	Pleckstrin homology domain-containing family A member 3	23392-41	ENSG00000116095	Q9HB20	combined	seq.23392.41	Somalogic	proteomics	SomaScan	7k
Plasma	1-acylglycerol-3-phosphate O-acyltransferase ABHD5	23393-56	ENSG00000011198	Q8WTS1	combined	seq.23393.56	Somalogic	proteomics	SomaScan	7k
Plasma	Growth arrest-specific protein 2	23394-125	ENSG00000148935	O43903	combined	seq.23394.125	Somalogic	proteomics	SomaScan	7k
Plasma	KH domain-containing, RNA-binding, signal transduction-associated protein 2	23395-5	ENSG00000112232	Q5VWX1	combined	seq.23395.5	Somalogic	proteomics	SomaScan	7k
Plasma	Twinfilin-2	23396-21	ENSG00000247596	Q6IBS0	combined	seq.23396.21	Somalogic	proteomics	SomaScan	7k
Plasma	DNA-directed RNA polymerase II subunit GRINL1A	23398-1	ENSG00000255529	P0CAP2	combined	seq.23398.1	Somalogic	proteomics	SomaScan	7k
Plasma	Nucleoporin NUP53	23399-35	ENSG00000163002	Q8NFH5	combined	seq.23399.35	Somalogic	proteomics	SomaScan	7k
Plasma	DAZ-associated protein 1	23401-3	ENSG00000071626	Q96EP5	combined	seq.23401.3	Somalogic	proteomics	SomaScan	7k
Plasma	Ganglioside-induced differentiation-associated protein 1-like 1	23402-147	ENSG00000124194	Q96MZ0	combined	seq.23402.147	Somalogic	proteomics	SomaScan	7k
Plasma	Cdc42 effector protein 4	23403-64	ENSG00000179604	Q9H3Q1	combined	seq.23403.64	Somalogic	proteomics	SomaScan	7k
Plasma	Mitotic spindle assembly checkpoint protein MAD2B	23404-16	ENSG00000116670	Q9UI95	combined	seq.23404.16	Somalogic	proteomics	SomaScan	7k
Plasma	HORMA domain-containing protein 2	23405-33	ENSG00000176635	Q8N7B1	combined	seq.23405.33	Somalogic	proteomics	SomaScan	7k
Plasma	Ras association domain-containing protein 5	23406-3	ENSG00000266094	Q8WWW0	combined	seq.23406.3	Somalogic	proteomics	SomaScan	7k
Plasma	S-acyl fatty acid synthase thioesterase, medium chain	23407-9	ENSG00000152463	Q9NV23	combined	seq.23407.9	Somalogic	proteomics	SomaScan	7k
Plasma	Sorting nexin 16	23408-1	ENSG00000104497	P57768	combined	seq.23408.1	Somalogic	proteomics	SomaScan	7k
Plasma	Synapse-associated protein 1	23409-83	ENSG00000169895	Q96A49	combined	seq.23409.83	Somalogic	proteomics	SomaScan	7k
Plasma	Eukaryotic translation initiation factor 3 subunit M	23410-46	ENSG00000149100	Q7L2H7	combined	seq.23410.46	Somalogic	proteomics	SomaScan	7k
Plasma	Paraneoplastic antigen Ma2	23411-108	ENSG00000240694	Q9UL42	combined	seq.23411.108	Somalogic	proteomics	SomaScan	7k
Plasma	Ankyrin repeat domain-containing protein 45	23413-38	ENSG00000183831	Q5TZF3	combined	seq.23413.38	Somalogic	proteomics	SomaScan	7k
Plasma	Zinc finger protein 483	23414-12	ENSG00000173258	Q8TF39	combined	seq.23414.12	Somalogic	proteomics	SomaScan	7k
Plasma	Sorting nexin-15	23416-47	ENSG00000110025	Q9NRS6	combined	seq.23416.47	Somalogic	proteomics	SomaScan	7k
Plasma	Coiled-coil domain-containing protein 92	23418-66	ENSG00000119242|ENSG00000275035	Q53HC0	combined	seq.23418.66	Somalogic	proteomics	SomaScan	7k
Plasma	Replication factor C 37 kDa subunit	23422-47	ENSG00000163918	P35249	combined	seq.23422.47	Somalogic	proteomics	SomaScan	7k
Plasma	Ankyrin repeat domain-containing protein 63	23424-4	ENSG00000230778	C9JTQ0	combined	seq.23424.4	Somalogic	proteomics	SomaScan	7k
Plasma	Ermin	23425-19	ENSG00000136541	Q8TAM6	combined	seq.23425.19	Somalogic	proteomics	SomaScan	7k
Plasma	Variable charge X-linked protein 1	23426-1	ENSG00000182583	Q9H320	combined	seq.23426.1	Somalogic	proteomics	SomaScan	7k
Plasma	Protein FAM151B	23518-7	ENSG00000152380	Q6UXP7	combined	seq.23518.7	Somalogic	proteomics	SomaScan	7k
Plasma	Transmembrane protein 221	23519-91	ENSG00000188051	A6NGB7	combined	seq.23519.91	Somalogic	proteomics	SomaScan	7k
Plasma	Beta-lactamase-like protein FLJ75971	23520-60	ENSG00000176055	Q68D91	combined	seq.23520.60	Somalogic	proteomics	SomaScan	7k
Plasma	Nucleoside diphosphate kinase 7	23521-29	ENSG00000143156	Q9Y5B8	combined	seq.23521.29	Somalogic	proteomics	SomaScan	7k
Plasma	GTPase IMAP family member GIMD1	23522-1	ENSG00000250298	P0DJR0	combined	seq.23522.1	Somalogic	proteomics	SomaScan	7k
Plasma	Protein FAM49A	23523-14	ENSG00000197872	Q9H0Q0	combined	seq.23523.14	Somalogic	proteomics	SomaScan	7k
Plasma	Protein N-terminal asparagine amidohydrolase	23524-2	ENSG00000157045|ENSG00000275779	Q96AB6	combined	seq.23524.2	Somalogic	proteomics	SomaScan	7k
Plasma	Nitric oxide synthase-interacting protein	23525-27	ENSG00000142546	Q9Y314	combined	seq.23525.27	Somalogic	proteomics	SomaScan	7k
Plasma	Protein KTI12 homolog	23526-25	ENSG00000198841	Q96EK9	combined	seq.23526.25	Somalogic	proteomics	SomaScan	7k
Plasma	Phytanoyl-CoA hydroxylase-interacting protein-like	23528-199	ENSG00000165443	Q96FC7	combined	seq.23528.199	Somalogic	proteomics	SomaScan	7k
Plasma	StAR-related lipid transfer protein 7, mitochondrial	23529-11	ENSG00000084090	Q9NQZ5	combined	seq.23529.11	Somalogic	proteomics	SomaScan	7k
Plasma	Tropomodulin-4	23530-3	ENSG00000163157	Q9NZQ9	combined	seq.23530.3	Somalogic	proteomics	SomaScan	7k
Plasma	Hematopoietic SH2 domain-containing protein	23531-79	ENSG00000196684	Q96JZ2	combined	seq.23531.79	Somalogic	proteomics	SomaScan	7k
Plasma	Protein RTF2 homolog	23534-27	ENSG00000022277	Q9BY42	combined	seq.23534.27	Somalogic	proteomics	SomaScan	7k
Plasma	Protein FAM45A	23535-3	ENSG00000119979	Q8TCE6	combined	seq.23535.3	Somalogic	proteomics	SomaScan	7k
Plasma	Uncharacterized protein C19orf84	23536-14	ENSG00000262874	I3L1E1	combined	seq.23536.14	Somalogic	proteomics	SomaScan	7k
Plasma	Transcription factor Sp6	23537-4	ENSG00000189120	Q3SY56	combined	seq.23537.4	Somalogic	proteomics	SomaScan	7k
Plasma	CDK-activating kinase assembly factor MAT1	23540-3	ENSG00000020426	P51948	combined	seq.23540.3	Somalogic	proteomics	SomaScan	7k
Plasma	Citrate lyase subunit beta-like protein, mitochondrial	23541-61	ENSG00000125246	Q8N0X4	combined	seq.23541.61	Somalogic	proteomics	SomaScan	7k
Plasma	Golgi phosphoprotein 3-like	23542-8	ENSG00000143457	Q9H4A5	combined	seq.23542.8	Somalogic	proteomics	SomaScan	7k
Plasma	Probable tRNA pseudouridine synthase 1	23543-92	ENSG00000165832	Q8WWH5	combined	seq.23543.92	Somalogic	proteomics	SomaScan	7k
Plasma	T-complex protein 10A homolog	23544-10	ENSG00000203690	Q12799	combined	seq.23544.10	Somalogic	proteomics	SomaScan	7k
Plasma	Nuclear distribution protein nudE-like 1	23545-6	ENSG00000166579	Q9GZM8	combined	seq.23545.6	Somalogic	proteomics	SomaScan	7k
Plasma	Hydroxyacylglutathione hydrolase-like protein	23546-9	ENSG00000103253	Q6PII5	combined	seq.23546.9	Somalogic	proteomics	SomaScan	7k
Plasma	Transcription elongation factor A protein 3	23547-21	ENSG00000204219|ENSG00000282941	O75764	combined	seq.23547.21	Somalogic	proteomics	SomaScan	7k
Plasma	Keratinocyte differentiation factor 1	23550-10	ENSG00000175707	Q8NAX2	combined	seq.23550.10	Somalogic	proteomics	SomaScan	7k
Plasma	Transcriptional adapter 3	23551-15	ENSG00000171148	O75528	combined	seq.23551.15	Somalogic	proteomics	SomaScan	7k
Plasma	ABI gene family member 3	23553-1	ENSG00000108798	Q9P2A4	combined	seq.23553.1	Somalogic	proteomics	SomaScan	7k
Plasma	SH2 domain-containing adapter protein D	23554-2	ENSG00000105251	Q96IW2	combined	seq.23554.2	Somalogic	proteomics	SomaScan	7k
Plasma	GTP-binding protein RAD	23555-11	ENSG00000166592	P55042	combined	seq.23555.11	Somalogic	proteomics	SomaScan	7k
Plasma	Transcription cofactor vestigial-like protein 4	23556-4	ENSG00000144560	Q14135	combined	seq.23556.4	Somalogic	proteomics	SomaScan	7k
Plasma	F-actin-capping protein subunit beta	23557-110	ENSG00000077549	P47756	combined	seq.23557.110	Somalogic	proteomics	SomaScan	7k
Plasma	Methyltransferase-like protein 2B	23558-33	ENSG00000165055	Q6P1Q9	combined	seq.23558.33	Somalogic	proteomics	SomaScan	7k
Plasma	DDRGK domain-containing protein 1	23559-10	ENSG00000198171	Q96HY6	combined	seq.23559.10	Somalogic	proteomics	SomaScan	7k
Plasma	Centrosomal protein of 41 kDa	23560-154	ENSG00000106477	Q9BYV8	combined	seq.23560.154	Somalogic	proteomics	SomaScan	7k
Plasma	Coiled-coil domain-containing protein 97	23561-4	ENSG00000142039	Q96F63	combined	seq.23561.4	Somalogic	proteomics	SomaScan	7k
Plasma	Protein-lysine methyltransferase METTL21C	23564-83	ENSG00000139780	Q5VZV1	combined	seq.23564.83	Somalogic	proteomics	SomaScan	7k
Plasma	Apolipoprotein-L2	23566-6	ENSG00000128335	Q9BQE5	combined	seq.23566.6	Somalogic	proteomics	SomaScan	7k
Plasma	Guanine nucleotide-binding protein G(q) subunit alpha	23567-37	ENSG00000156052	P50148	combined	seq.23567.37	Somalogic	proteomics	SomaScan	7k
Plasma	Homeobox protein Meis2	23568-41	ENSG00000134138	O14770	combined	seq.23568.41	Somalogic	proteomics	SomaScan	7k
Plasma	START domain-containing protein 10	23569-53	ENSG00000214530	Q9Y365	combined	seq.23569.53	Somalogic	proteomics	SomaScan	7k
Plasma	Zinc finger protein with KRAB and SCAN domains 7	23570-87	ENSG00000281894|ENSG00000196345	Q9P0L1	combined	seq.23570.87	Somalogic	proteomics	SomaScan	7k
Plasma	Coiled-coil domain-containing protein 94	23571-93	ENSG00000105248	Q9BW85	combined	seq.23571.93	Somalogic	proteomics	SomaScan	7k
Plasma	tRNA wybutosine-synthesizing protein 3 homolog	23572-186	ENSG00000162623	Q6IPR3	combined	seq.23572.186	Somalogic	proteomics	SomaScan	7k
Plasma	Cytochrome c oxidase assembly protein COX19	23575-58	ENSG00000240230	Q49B96	combined	seq.23575.58	Somalogic	proteomics	SomaScan	7k
Plasma	Protein BEX4	23576-46	ENSG00000102409	Q9NWD9	combined	seq.23576.46	Somalogic	proteomics	SomaScan	7k
Plasma	Small integral membrane protein 3	23578-6	ENSG00000256235	Q9BZL3	combined	seq.23578.6	Somalogic	proteomics	SomaScan	7k
Plasma	Kita-kyushu lung cancer antigen 1	23579-3	ENSG00000204019	Q5H943	combined	seq.23579.3	Somalogic	proteomics	SomaScan	7k
Plasma	Proline-rich protein 15	23580-2	ENSG00000176532	Q8IV56	combined	seq.23580.2	Somalogic	proteomics	SomaScan	7k
Plasma	Obestatin	23581-131	ENSG00000157017	Q9UBU3	combined	seq.23581.131	Somalogic	proteomics	SomaScan	7k
Plasma	Vascular endothelial growth factor receptor 3	2358-19	ENSG00000037280	P35916	combined	seq.2358.19	Somalogic	proteomics	SomaScan	7k
Plasma	Nucleotide triphosphate diphosphatase NUDT15	23584-2	ENSG00000136159	Q9NV35	combined	seq.23584.2	Somalogic	proteomics	SomaScan	7k
Plasma	Cancer/testis antigen 1B	23586-32	ENSG00000268651|ENSG00000184033	P78358	combined	seq.23586.32	Somalogic	proteomics	SomaScan	7k
Plasma	Hydroxysteroid dehydrogenase-like protein 2	23588-9	ENSG00000119471	Q6YN16	combined	seq.23588.9	Somalogic	proteomics	SomaScan	7k
Plasma	Protein phosphatase 1 regulatory subunit 27	23589-21	ENSG00000182676|ENSG00000288186	Q86WC6	combined	seq.23589.21	Somalogic	proteomics	SomaScan	7k
Plasma	piRNA biogenesis protein EXD1	23591-9	ENSG00000178997	Q8NHP7	combined	seq.23591.9	Somalogic	proteomics	SomaScan	7k
Plasma	Protein MB21D2	23593-14	ENSG00000180611	Q8IYB1	combined	seq.23593.14	Somalogic	proteomics	SomaScan	7k
Plasma	Nuclear receptor 2C2-associated protein	23594-2	ENSG00000184162	Q86WQ0	combined	seq.23594.2	Somalogic	proteomics	SomaScan	7k
Plasma	Laccase domain-containing protein 1	23595-6	ENSG00000179630	Q8IV20	combined	seq.23595.6	Somalogic	proteomics	SomaScan	7k
Plasma	Coiled-coil domain-containing protein 89	23596-17	ENSG00000179071	Q8N998	combined	seq.23596.17	Somalogic	proteomics	SomaScan	7k
Plasma	Arf-GAP domain and FG repeat-containing protein 2	23597-11	ENSG00000106351	O95081	combined	seq.23597.11	Somalogic	proteomics	SomaScan	7k
Plasma	Acyl-coenzyme A thioesterase 12	23601-43	ENSG00000172497	Q8WYK0	combined	seq.23601.43	Somalogic	proteomics	SomaScan	7k
Plasma	N-acyl-phosphatidylethanolamine-hydrolyzing phospholipase D	23602-35	ENSG00000161048|ENSG00000275723	Q6IQ20	combined	seq.23602.35	Somalogic	proteomics	SomaScan	7k
Plasma	T-complex protein 11-like protein 1	23605-3	ENSG00000176148	Q9NUJ3	combined	seq.23605.3	Somalogic	proteomics	SomaScan	7k
Plasma	Sterile alpha motif domain-containing protein 4B	23606-18	ENSG00000179134	Q5PRF9	combined	seq.23606.18	Somalogic	proteomics	SomaScan	7k
Plasma	Uncharacterized protein C16orf71	23607-1	ENSG00000166246	Q8IYS4	combined	seq.23607.1	Somalogic	proteomics	SomaScan	7k
Plasma	MARVEL domain-containing protein 2	23611-16	ENSG00000152939|ENSG00000274671	Q8N4S9	combined	seq.23611.16	Somalogic	proteomics	SomaScan	7k
Plasma	TRM112-like protein	23615-4	ENSG00000173113	Q9UI30	combined	seq.23615.4	Somalogic	proteomics	SomaScan	7k
Plasma	Protein-arginine deiminase type-1	23616-4	ENSG00000281459|ENSG00000142623	Q9ULC6	combined	seq.23616.4	Somalogic	proteomics	SomaScan	7k
Plasma	Huntingtin-interacting protein K	23617-15	ENSG00000242028	Q9NX55	combined	seq.23617.15	Somalogic	proteomics	SomaScan	7k
Plasma	Zinc finger protein 593	23618-23	ENSG00000142684	O00488	combined	seq.23618.23	Somalogic	proteomics	SomaScan	7k
Plasma	Leydig cell tumor 10 kDa protein homolog	23619-235	ENSG00000104979	Q9UNZ5	combined	seq.23619.235	Somalogic	proteomics	SomaScan	7k
Plasma	CapZ-interacting protein	23620-16	ENSG00000198771	Q6JBY9	combined	seq.23620.16	Somalogic	proteomics	SomaScan	7k
Plasma	Mitochondrial import inner membrane translocase subunit Tim13	23621-326	ENSG00000099800	Q9Y5L4	combined	seq.23621.326	Somalogic	proteomics	SomaScan	7k
Plasma	SOSS complex subunit C	23622-128	ENSG00000148153	Q9NRY2	combined	seq.23622.128	Somalogic	proteomics	SomaScan	7k
Plasma	Diphosphoinositol polyphosphate phosphohydrolase 3-beta	23623-48	ENSG00000196368	Q96G61	combined	seq.23623.48	Somalogic	proteomics	SomaScan	7k
Plasma	Gamma-secretase subunit PEN-2	23624-34	ENSG00000205155	Q9NZ42	combined	seq.23624.34	Somalogic	proteomics	SomaScan	7k
Plasma	Uncharacterized protein KIAA1143	23625-44	ENSG00000281665|ENSG00000163807	Q96AT1	combined	seq.23625.44	Somalogic	proteomics	SomaScan	7k
Plasma	UPF0369 protein C6orf57	23627-3	ENSG00000154079	Q5VUM1	combined	seq.23627.3	Somalogic	proteomics	SomaScan	7k
Plasma	Vimentin-type intermediate filament-associated coiled-coil protein	23629-4	ENSG00000187650	Q2NL98	combined	seq.23629.4	Somalogic	proteomics	SomaScan	7k
Plasma	N-acetylgalactosamine kinase	23631-1	ENSG00000156958	Q01415	combined	seq.23631.1	Somalogic	proteomics	SomaScan	7k
Plasma	Schlafen-like protein 1	23632-22	ENSG00000171790	Q499Z3	combined	seq.23632.22	Somalogic	proteomics	SomaScan	7k
Plasma	E3 ubiquitin-protein ligase RNF25	23637-55	ENSG00000163481	Q96BH1	combined	seq.23637.55	Somalogic	proteomics	SomaScan	7k
Plasma	Carnosine N-methyltransferase	23638-3	ENSG00000156017	Q8N4J0	combined	seq.23638.3	Somalogic	proteomics	SomaScan	7k
Plasma	Probable aminopeptidase NPEPL1	23639-93	ENSG00000215440	Q8NDH3	combined	seq.23639.93	Somalogic	proteomics	SomaScan	7k
Plasma	EH domain-containing protein 2	23640-10	ENSG00000024422	Q9NZN4	combined	seq.23640.10	Somalogic	proteomics	SomaScan	7k
Plasma	Dihydroxyacetone kinase	23644-19	ENSG00000149476	Q3LXA3	combined	seq.23644.19	Somalogic	proteomics	SomaScan	7k
Plasma	2-hydroxyacyl-CoA lyase 1	23645-49	ENSG00000131373	Q9UJ83	combined	seq.23645.49	Somalogic	proteomics	SomaScan	7k
Plasma	Aryl-hydrocarbon-interacting protein-like 1	23646-5	ENSG00000129221	Q9NZN9	combined	seq.23646.5	Somalogic	proteomics	SomaScan	7k
Plasma	Protein DDI1 homolog 1	23648-36	ENSG00000170967	Q8WTU0	combined	seq.23648.36	Somalogic	proteomics	SomaScan	7k
Plasma	Kelch-like protein 2	23649-6	ENSG00000109466	O95198	combined	seq.23649.6	Somalogic	proteomics	SomaScan	7k
Plasma	Dematin	23650-2	ENSG00000158856	Q08495	combined	seq.23650.2	Somalogic	proteomics	SomaScan	7k
Plasma	Peroxisomal sarcosine oxidase	23652-15	ENSG00000179761	Q9P0Z9	combined	seq.23652.15	Somalogic	proteomics	SomaScan	7k
Plasma	Alpha-1,3-mannosyltransferase ALG2	23654-6	ENSG00000119523	Q9H553	combined	seq.23654.6	Somalogic	proteomics	SomaScan	7k
Plasma	Pseudouridylate synthase 7 homolog	23656-9	ENSG00000091127	Q96PZ0	combined	seq.23656.9	Somalogic	proteomics	SomaScan	7k
Plasma	Heterogeneous nuclear ribonucleoprotein L-like	23657-102	ENSG00000143889	Q8WVV9	combined	seq.23657.102	Somalogic	proteomics	SomaScan	7k
Plasma	Probable asparagine--tRNA ligase, mitochondrial	23658-1	ENSG00000137513	Q96I59	combined	seq.23658.1	Somalogic	proteomics	SomaScan	7k
Plasma	Basic leucine zipper and W2 domain-containing protein 2	23659-2	ENSG00000136261	Q9Y6E2	combined	seq.23659.2	Somalogic	proteomics	SomaScan	7k
Plasma	Kelch-like protein 41	23660-112	ENSG00000239474	O60662	combined	seq.23660.112	Somalogic	proteomics	SomaScan	7k
Plasma	Probable Xaa-Pro aminopeptidase 3	23661-61	ENSG00000196236	Q9NQH7	combined	seq.23661.61	Somalogic	proteomics	SomaScan	7k
Plasma	SH3 domain-binding protein 5	23662-10	ENSG00000131370	O60239	combined	seq.23662.10	Somalogic	proteomics	SomaScan	7k
Plasma	Vacuolar ATP synthase subunit C 1	23663-28	ENSG00000155097	P21283	combined	seq.23663.28	Somalogic	proteomics	SomaScan	7k
Plasma	Rhotekin	23664-17	ENSG00000114993	Q9BST9	combined	seq.23664.17	Somalogic	proteomics	SomaScan	7k
Plasma	26S protease regulatory subunit 6A	23665-35	ENSG00000165916	P17980	combined	seq.23665.35	Somalogic	proteomics	SomaScan	7k
Plasma	Bifunctional purine biosynthesis protein PURH	23666-35	ENSG00000138363	P31939	combined	seq.23666.35	Somalogic	proteomics	SomaScan	7k
Plasma	Mitochondrial dynamics protein MID51	23668-281	ENSG00000100335	Q9NQG6	combined	seq.23668.281	Somalogic	proteomics	SomaScan	7k
Plasma	Glutamine--fructose-6-phosphate aminotransferase [isomerizing] 2	23669-20	ENSG00000131459	O94808	combined	seq.23669.20	Somalogic	proteomics	SomaScan	7k
Plasma	2-(3-amino-3-carboxypropyl)histidine synthase subunit 2	23670-11	ENSG00000132768	Q9BQC3	combined	seq.23670.11	Somalogic	proteomics	SomaScan	7k
Plasma	Protein Spindly	23671-11	ENSG00000040275	Q96EA4	combined	seq.23671.11	Somalogic	proteomics	SomaScan	7k
Plasma	26S proteasome non-ATPase regulatory subunit 6	23672-10	ENSG00000163636	Q15008	combined	seq.23672.10	Somalogic	proteomics	SomaScan	7k
Plasma	Lipoamide acyltransferase component of branched-chain alpha-keto acid dehydrogenase complex, mitochondrial	23673-9	ENSG00000137992	P11182	combined	seq.23673.9	Somalogic	proteomics	SomaScan	7k
Plasma	Centrosomal protein of 76 kDa	23675-16	ENSG00000101624	Q8TAP6	combined	seq.23675.16	Somalogic	proteomics	SomaScan	7k
Plasma	NCK-interacting protein with SH3 domain	23677-30	ENSG00000213672	Q9NZQ3	combined	seq.23677.30	Somalogic	proteomics	SomaScan	7k
Plasma	Transcription factor SOX-10	23678-132	ENSG00000100146	P56693	combined	seq.23678.132	Somalogic	proteomics	SomaScan	7k
Plasma	Sister chromatid cohesion protein DCC1	23679-43	ENSG00000136982	Q9BVC3	combined	seq.23679.43	Somalogic	proteomics	SomaScan	7k
Plasma	MCP-1 Induced Protein	23680-1	ENSG00000163874	Q5D1E8	combined	seq.23680.1	Somalogic	proteomics	SomaScan	7k
Plasma	Small RNA 2'-O-methyltransferase	23682-79	ENSG00000162639	Q5T8I9	combined	seq.23682.79	Somalogic	proteomics	SomaScan	7k
Plasma	Tripartite motif-containing protein 55	23683-79	ENSG00000147573	Q9BYV6	combined	seq.23683.79	Somalogic	proteomics	SomaScan	7k
Plasma	Meiosis 1 arrest protein	23685-132	ENSG00000159374	Q8TC57	combined	seq.23685.132	Somalogic	proteomics	SomaScan	7k
Plasma	CWF19-like protein 1	23686-44	ENSG00000095485	Q69YN2	combined	seq.23686.44	Somalogic	proteomics	SomaScan	7k
Plasma	TBC1 domain family member 20	23687-27	ENSG00000125875	Q96BZ9	combined	seq.23687.27	Somalogic	proteomics	SomaScan	7k
Plasma	Copine-6	23689-52	ENSG00000285221|ENSG00000100884	O95741	combined	seq.23689.52	Somalogic	proteomics	SomaScan	7k
Plasma	RNA-binding protein 41	23690-228	ENSG00000089682	Q96IZ5	combined	seq.23690.228	Somalogic	proteomics	SomaScan	7k
Plasma	Tubulin--tyrosine ligase-like protein 12	23691-2	ENSG00000100304	Q14166	combined	seq.23691.2	Somalogic	proteomics	SomaScan	7k
Plasma	MAP kinase-interacting serine/threonine-protein kinase 1	23693-4		Q9BUB5	combined	seq.23693.4	Somalogic	proteomics	SomaScan	7k
Plasma	Asparagine synthetase	23694-3	ENSG00000070669	P08243	combined	seq.23694.3	Somalogic	proteomics	SomaScan	7k
Plasma	Fibronectin type III and SPRY domain-containing protein 1	23695-1	ENSG00000105255	Q9BTV5	combined	seq.23695.1	Somalogic	proteomics	SomaScan	7k
Plasma	tRNA (adenine(58)-N(1))-methyltransferase non-catalytic subunit TRM6	23696-256	ENSG00000089195	Q9UJA5	combined	seq.23696.256	Somalogic	proteomics	SomaScan	7k
Plasma	Dihydrolipoyllysine-residue succinyltransferase component of 2-oxoglutarate dehydrogenase complex, mitochondrial	23699-61	ENSG00000119689	P36957	combined	seq.23699.61	Somalogic	proteomics	SomaScan	7k
Plasma	ATP-binding cassette sub-family F member 3	23700-42	ENSG00000161204	Q9NUQ8	combined	seq.23700.42	Somalogic	proteomics	SomaScan	7k
Plasma	SH3KBP1-binding protein 1	23702-98	ENSG00000160410	Q8TBC3	combined	seq.23702.98	Somalogic	proteomics	SomaScan	7k
Plasma	PDZ and LIM domain protein 5	23703-8	ENSG00000163110	Q96HC4	combined	seq.23703.8	Somalogic	proteomics	SomaScan	7k
Plasma	Transmembrane protein 24	23704-11	ENSG00000172375	O14523	combined	seq.23704.11	Somalogic	proteomics	SomaScan	7k
Plasma	CTP synthase 1	23705-42	ENSG00000171793	P17812	combined	seq.23705.42	Somalogic	proteomics	SomaScan	7k
Plasma	tRNA (adenine(58)-N(1))-methyltransferase, mitochondrial	23706-13	ENSG00000171103	Q9BVS5	combined	seq.23706.13	Somalogic	proteomics	SomaScan	7k
Plasma	UPF0705 protein C11orf49	23767-1	ENSG00000149179	Q9H6J7	combined	seq.23767.1	Somalogic	proteomics	SomaScan	7k
Plasma	Cyclic AMP-dependent transcription factor ATF-5	23771-17	ENSG00000169136	Q9Y2D1	combined	seq.23771.17	Somalogic	proteomics	SomaScan	7k
Plasma	Protein FAM110A	23783-22	ENSG00000125898	Q9BQ89	combined	seq.23783.22	Somalogic	proteomics	SomaScan	7k
Plasma	Complement C5	2381-52	ENSG00000106804	P01031	combined	seq.2381.52	Somalogic	proteomics	SomaScan	7k
Plasma	Aspartate aminotransferase, mitochondrial	23903-3	ENSG00000125166	P00505	combined	seq.23903.3	Somalogic	proteomics	SomaScan	7k
Plasma	Ras-related protein Rab-7	23915-18	ENSG00000075785	P51149	combined	seq.23915.18	Somalogic	proteomics	SomaScan	7k
Plasma	Protein phosphatase 1F	23923-26	ENSG00000100034	P49593	combined	seq.23923.26	Somalogic	proteomics	SomaScan	7k
Plasma	Proline-rich transmembrane protein 2	23929-159	ENSG00000167371	Q7Z6L0	combined	seq.23929.159	Somalogic	proteomics	SomaScan	7k
Plasma	PAXIP1-associated protein 1	23967-8	ENSG00000280789	Q9BTK6	combined	seq.23967.8	Somalogic	proteomics	SomaScan	7k
Plasma	Carboxypeptidase A1	23981-172	ENSG00000091704	P15085	combined	seq.23981.172	Somalogic	proteomics	SomaScan	7k
Plasma	V-set and immunoglobulin domain-containing protein 10-like	24011-27	ENSG00000186806	Q86VR7	combined	seq.24011.27	Somalogic	proteomics	SomaScan	7k
Plasma	Metabotropic glutamate receptor 4	24013-6	ENSG00000124493	Q14833	combined	seq.24013.6	Somalogic	proteomics	SomaScan	7k
Plasma	soluble Endothelial protein C receptor	24023-35	ENSG00000101000	Q9UNN8	combined	seq.24023.35	Somalogic	proteomics	SomaScan	7k
Plasma	Interferon epsilon-1	24027-32	ENSG00000184995	Q86WN2	combined	seq.24027.32	Somalogic	proteomics	SomaScan	7k
Plasma	Glycogen synthase kinase-3 beta	24050-26	ENSG00000082701	P49841	combined	seq.24050.26	Somalogic	proteomics	SomaScan	7k
Plasma	Cleavage stimulation factor 50 kDa subunit	24055-44	ENSG00000101138	Q05048	combined	seq.24055.44	Somalogic	proteomics	SomaScan	7k
Plasma	Elongation factor 1-gamma	24111-10	ENSG00000254772	P26641	combined	seq.24111.10	Somalogic	proteomics	SomaScan	7k
Plasma	Phosphotriesterase-related protein	24179-48	ENSG00000165983	Q96BW5	combined	seq.24179.48	Somalogic	proteomics	SomaScan	7k
Plasma	Apolipoprotein E	2418-55	ENSG00000130203	P02649	combined	seq.2418.55	Somalogic	proteomics	SomaScan	7k
Plasma	G antigen family C member 1	24201-86	ENSG00000101951	O60829	combined	seq.24201.86	Somalogic	proteomics	SomaScan	7k
Plasma	Hydroxymethylglutaryl-CoA lyase, mitochondrial	24211-25	ENSG00000117305	P35914	combined	seq.24211.25	Somalogic	proteomics	SomaScan	7k
Plasma	Paired mesoderm homeobox protein 1	24215-8	ENSG00000116132	P54821	combined	seq.24215.8	Somalogic	proteomics	SomaScan	7k
Plasma	Mth938 domain-containing protein	24216-30	ENSG00000087884	Q9H7C9	combined	seq.24216.30	Somalogic	proteomics	SomaScan	7k
Plasma	Calgranulin A	24217-2	ENSG00000143546	P05109	combined	seq.24217.2	Somalogic	proteomics	SomaScan	7k
Plasma	Brain-derived neurotrophic factor	2421-7	ENSG00000176697	P23560	combined	seq.2421.7	Somalogic	proteomics	SomaScan	7k
Plasma	Peroxisome proliferator activated receptor gamma	24221-3	ENSG00000132170	P37231	combined	seq.24221.3	Somalogic	proteomics	SomaScan	7k
Plasma	Negative elongation factor A	24222-10	ENSG00000185049	Q9H3P2	combined	seq.24222.10	Somalogic	proteomics	SomaScan	7k
Plasma	Glutathione S-transferase theta-2	24223-5	ENSG00000277897|ENSG00000099984	P0CG29	combined	seq.24223.5	Somalogic	proteomics	SomaScan	7k
Plasma	Fascin	24226-30	ENSG00000075618	Q16658	combined	seq.24226.30	Somalogic	proteomics	SomaScan	7k
Plasma	EH domain-containing protein 1	24235-2	ENSG00000110047	Q9H4M9	combined	seq.24235.2	Somalogic	proteomics	SomaScan	7k
Plasma	Synaptic vesicle membrane protein VAT-1 homolog-like	24236-46	ENSG00000171724	Q9HCJ6	combined	seq.24236.46	Somalogic	proteomics	SomaScan	7k
Plasma	Voltage-dependent L-type calcium channel subunit beta-3	24237-115	ENSG00000167535	P54284	combined	seq.24237.115	Somalogic	proteomics	SomaScan	7k
Plasma	Rab-interacting lysosomal protein	24244-81	ENSG00000167705|ENSG00000274145	Q96NA2	combined	seq.24244.81	Somalogic	proteomics	SomaScan	7k
Plasma	UPF0235 protein C15orf40	24247-13	ENSG00000169609	Q8WUR7	combined	seq.24247.13	Somalogic	proteomics	SomaScan	7k
Plasma	Ribonuclease P protein subunit p25-like protein	24251-44	ENSG00000164967	Q8N5L8	combined	seq.24251.44	Somalogic	proteomics	SomaScan	7k
Plasma	Probable peptide chain release factor C12orf65, mitochondrial	24252-85	ENSG00000130921	Q9H3J6	combined	seq.24252.85	Somalogic	proteomics	SomaScan	7k
Plasma	Eukaryotic peptide chain release factor GTP-binding subunit ERF3B	24253-5	ENSG00000189369	Q8IYD1	combined	seq.24253.5	Somalogic	proteomics	SomaScan	7k
Plasma	Epsin-1	24255-38	ENSG00000063245	Q9Y6I3	combined	seq.24255.38	Somalogic	proteomics	SomaScan	7k
Plasma	Kelch-like protein 40	24256-7	ENSG00000157119	Q2TBA0	combined	seq.24256.7	Somalogic	proteomics	SomaScan	7k
Plasma	Forkhead box protein P4	24259-24	ENSG00000137166	Q8IVH2	combined	seq.24259.24	Somalogic	proteomics	SomaScan	7k
Plasma	Histone-lysine N-methyltransferase setd3	24260-4	ENSG00000183576	Q86TU7	combined	seq.24260.4	Somalogic	proteomics	SomaScan	7k
Plasma	Death-associated protein kinase 3	24261-202	ENSG00000167657	O43293	combined	seq.24261.202	Somalogic	proteomics	SomaScan	7k
Plasma	Occludin	24263-6	ENSG00000197822	Q16625	combined	seq.24263.6	Somalogic	proteomics	SomaScan	7k
Plasma	MAGUK p55 subfamily member 2	24265-6	ENSG00000108852	Q14168	combined	seq.24265.6	Somalogic	proteomics	SomaScan	7k
Plasma	Myocyte-specific enhancer factor 2D	24266-2	ENSG00000116604	Q14814	combined	seq.24266.2	Somalogic	proteomics	SomaScan	7k
Plasma	PWWP domain-containing protein 2B	24267-24	ENSG00000171813	Q6NUJ5	combined	seq.24267.24	Somalogic	proteomics	SomaScan	7k
Plasma	GRB2-associated-binding protein 1	24268-21	ENSG00000109458	Q13480	combined	seq.24268.21	Somalogic	proteomics	SomaScan	7k
Plasma	Mannose-1-phosphate guanyltransferase alpha	24271-9	ENSG00000144591	Q96IJ6	combined	seq.24271.9	Somalogic	proteomics	SomaScan	7k
Plasma	Thioredoxin domain-containing protein 3	24273-43	ENSG00000086288	Q8N427	combined	seq.24273.43	Somalogic	proteomics	SomaScan	7k
Plasma	Tetratricopeptide repeat protein 25	24276-171	ENSG00000204815	Q96NG3	combined	seq.24276.171	Somalogic	proteomics	SomaScan	7k
Plasma	Copine-7	24277-22	ENSG00000178773	Q9UBL6	combined	seq.24277.22	Somalogic	proteomics	SomaScan	7k
Plasma	Ubiquitin carboxyl-terminal hydrolase 3	24278-4	ENSG00000140455	Q9Y6I4	combined	seq.24278.4	Somalogic	proteomics	SomaScan	7k
Plasma	U3 small nucleolar RNA-associated protein 6 homolog	24279-30	ENSG00000108651	Q9NYH9	combined	seq.24279.30	Somalogic	proteomics	SomaScan	7k
Plasma	Meiosis expressed gene 1 protein homolog	24286-48	ENSG00000197889	Q5JSS6	combined	seq.24286.48	Somalogic	proteomics	SomaScan	7k
Plasma	Coiled-coil domain-containing transmembrane protein C7orf53	24289-1	ENSG00000181016	Q8N8F7	combined	seq.24289.1	Somalogic	proteomics	SomaScan	7k
Plasma	Uncharacterized protein C20orf202	24290-5	ENSG00000215595	A1L168	combined	seq.24290.5	Somalogic	proteomics	SomaScan	7k
Plasma	Complement component C8	2429-27	ENSG00000176919|ENSG00000021852|ENSG00000157131	P07360|P07358|P07357	combined	seq.2429.27	Somalogic	proteomics	SomaScan	7k
Plasma	Nonspecific lipid-transfer protein:isoform 6	24293-39	ENSG00000116171	P22307	combined	seq.24293.39	Somalogic	proteomics	SomaScan	7k
Plasma	Chromosome transmission fidelity protein 8 homolog	24294-13	ENSG00000168802	P0CG13	combined	seq.24294.13	Somalogic	proteomics	SomaScan	7k
Plasma	Carcinoembryonic antigen-related cell adhesion molecule 16	24299-1	ENSG00000213892	Q2WEN9	combined	seq.24299.1	Somalogic	proteomics	SomaScan	7k
Plasma	EF-hand calcium-binding domain-containing protein 4B	24304-3	ENSG00000130038	Q9BSW2	combined	seq.24304.3	Somalogic	proteomics	SomaScan	7k
Plasma	Lysine-specific demethylase 8	24307-22	ENSG00000155666	Q8N371	combined	seq.24307.22	Somalogic	proteomics	SomaScan	7k
Plasma	Synaptotagmin-like protein 2	24309-14	ENSG00000137501	Q9HCH5	combined	seq.24309.14	Somalogic	proteomics	SomaScan	7k
Plasma	Cathepsin G	2431-17	ENSG00000100448	P08311	combined	seq.2431.17	Somalogic	proteomics	SomaScan	7k
Plasma	Trafficking protein particle complex subunit 13	24314-9	ENSG00000113597	A5PLN9	combined	seq.24314.9	Somalogic	proteomics	SomaScan	7k
Plasma	Probable methyltransferase BMT2 homolog	24316-10	ENSG00000164603	Q1RMZ1	combined	seq.24316.10	Somalogic	proteomics	SomaScan	7k
Plasma	FYVE, RhoGEF and PH domain-containing protein 2	24318-13	ENSG00000146192	Q7Z6J4	combined	seq.24318.13	Somalogic	proteomics	SomaScan	7k
Plasma	D-ribitol-5-phosphate cytidylyltransferase	24319-19	ENSG00000214960	A4D126	combined	seq.24319.19	Somalogic	proteomics	SomaScan	7k
Plasma	Tripartite motif-containing protein 72	24320-3	ENSG00000177238	Q6ZMU5	combined	seq.24320.3	Somalogic	proteomics	SomaScan	7k
Plasma	Nuclear prelamin A recognition factor	24321-67	ENSG00000141562	Q9UHQ1	combined	seq.24321.67	Somalogic	proteomics	SomaScan	7k
Plasma	General transcription factor IIE subunit 1	24322-1	ENSG00000153767	P29083	combined	seq.24322.1	Somalogic	proteomics	SomaScan	7k
Plasma	BRO1 domain-containing protein BROX	24323-43	ENSG00000162819	Q5VW32	combined	seq.24323.43	Somalogic	proteomics	SomaScan	7k
Plasma	C-X-C motif chemokine 16	2436-49	ENSG00000161921	Q9H2A7	combined	seq.2436.49	Somalogic	proteomics	SomaScan	7k
Plasma	Kinesin-like protein KIF3C	24407-31	ENSG00000084731	O14782	combined	seq.24407.31	Somalogic	proteomics	SomaScan	7k
Plasma	Muscleblind-like protein 1	24408-30	ENSG00000152601	Q9NR56	combined	seq.24408.30	Somalogic	proteomics	SomaScan	7k
Plasma	Retinol dehydrogenase 13	24409-2	ENSG00000276826|ENSG00000160439|ENSG00000276341|ENSG00000273944|ENSG00000278284|ENSG00000274418|ENSG00000276684|ENSG00000278149|ENSG00000275474|ENSG00000274504	Q8NBN7	combined	seq.24409.2	Somalogic	proteomics	SomaScan	7k
Plasma	E3 ubiquitin-protein ligase LRSAM1	24411-144	ENSG00000148356	Q6UWE0	combined	seq.24411.144	Somalogic	proteomics	SomaScan	7k
Plasma	Synaptonemal complex central element protein 1-like	24412-1	ENSG00000205078	A8MT33	combined	seq.24412.1	Somalogic	proteomics	SomaScan	7k
Plasma	Fibroblast growth factor 10	2441-2	ENSG00000070193	O15520	combined	seq.2441.2	Somalogic	proteomics	SomaScan	7k
Plasma	Peroxisomal coenzyme A diphosphatase NUDT7	24413-96	ENSG00000140876	P0C024	combined	seq.24413.96	Somalogic	proteomics	SomaScan	7k
Plasma	Glycogen phosphorylase, brain form	24414-3	ENSG00000100994	P11216	combined	seq.24414.3	Somalogic	proteomics	SomaScan	7k
Plasma	Staphylococcal nuclease domain-containing protein 1	24416-20	ENSG00000197157	Q7KZF4	combined	seq.24416.20	Somalogic	proteomics	SomaScan	7k
Plasma	Rab GTPase-binding effector protein 1	24417-22	ENSG00000029725	Q15276	combined	seq.24417.22	Somalogic	proteomics	SomaScan	7k
Plasma	Homeobox protein HMX3	24418-14	ENSG00000188620	A6NHT5	combined	seq.24418.14	Somalogic	proteomics	SomaScan	7k
Plasma	Molybdenum cofactor sulfurase	24419-3	ENSG00000075643	Q96EN8	combined	seq.24419.3	Somalogic	proteomics	SomaScan	7k
Plasma	Deoxyhypusine hydroxylase	24420-57	ENSG00000129932	Q9BU89	combined	seq.24420.57	Somalogic	proteomics	SomaScan	7k
Plasma	Spermatogenesis-associated protein 24	24422-36	ENSG00000170469	Q86W54	combined	seq.24422.36	Somalogic	proteomics	SomaScan	7k
Plasma	Protein phosphatase 1 regulatory subunit 3G	24423-9	ENSG00000219607	B7ZBB8	combined	seq.24423.9	Somalogic	proteomics	SomaScan	7k
Plasma	TBC1 domain family member 25	24424-25	ENSG00000068354	Q3MII6	combined	seq.24424.25	Somalogic	proteomics	SomaScan	7k
Plasma	Methionyl-tRNA synthetase, cytoplasmic	24425-8	ENSG00000166986	P56192	combined	seq.24425.8	Somalogic	proteomics	SomaScan	7k
Plasma	Catenin alpha-1	24426-15	ENSG00000044115	P35221	combined	seq.24426.15	Somalogic	proteomics	SomaScan	7k
Plasma	Catenin alpha-1	24426-191	ENSG00000044115	P35221	combined	seq.24426.191	Somalogic	proteomics	SomaScan	7k
Plasma	Type II inositol-3,4-bisphosphate 4-phosphatase	24427-33	ENSG00000109452	O15327	combined	seq.24427.33	Somalogic	proteomics	SomaScan	7k
Plasma	Lysophospholipase D GDPD1	24428-76	ENSG00000153982	Q8N9F7	combined	seq.24428.76	Somalogic	proteomics	SomaScan	7k
Plasma	Zinc finger protein 580	24430-11	ENSG00000213015	Q9UK33	combined	seq.24430.11	Somalogic	proteomics	SomaScan	7k
Plasma	Fibroblast growth factor 8 isoform B	2443-10	ENSG00000107831	P55075	combined	seq.2443.10	Somalogic	proteomics	SomaScan	7k
Plasma	Cap-specific mRNA (nucleoside-2'-O-)-methyltransferase 1	24431-32	ENSG00000137200	Q8N1G2	combined	seq.24431.32	Somalogic	proteomics	SomaScan	7k
Plasma	GRIP1-associated protein 1	24432-3	ENSG00000068400	Q4V328	combined	seq.24432.3	Somalogic	proteomics	SomaScan	7k
Plasma	Phytanoyl-CoA hydroxylase-interacting protein	24434-16	ENSG00000168490	Q92561	combined	seq.24434.16	Somalogic	proteomics	SomaScan	7k
Plasma	Dynamin-1	24435-1	ENSG00000106976	Q05193	combined	seq.24435.1	Somalogic	proteomics	SomaScan	7k
Plasma	Disks large-associated protein 4	24436-23	ENSG00000080845	Q9Y2H0	combined	seq.24436.23	Somalogic	proteomics	SomaScan	7k
Plasma	YjeF N-terminal domain-containing protein 3	24437-6	ENSG00000250067	A6XGL0	combined	seq.24437.6	Somalogic	proteomics	SomaScan	7k
Plasma	BTB/POZ domain-containing protein KCTD3	24440-11	ENSG00000136636	Q9Y597	combined	seq.24440.11	Somalogic	proteomics	SomaScan	7k
Plasma	Nuclear cap-binding protein subunit 1	24441-7	ENSG00000136937	Q09161	combined	seq.24441.7	Somalogic	proteomics	SomaScan	7k
Plasma	Mortality factor 4-like protein 2	24443-8	ENSG00000123562	Q15014	combined	seq.24443.8	Somalogic	proteomics	SomaScan	7k
Plasma	Tetratricopeptide repeat protein 27	24444-10	ENSG00000018699	Q6P3X3	combined	seq.24444.10	Somalogic	proteomics	SomaScan	7k
Plasma	Actin filament-associated protein 1-like 2	24445-38	ENSG00000169129	Q8N4X5	combined	seq.24445.38	Somalogic	proteomics	SomaScan	7k
Plasma	Muscleblind-like protein 2	24446-65	ENSG00000139793	Q5VZF2	combined	seq.24446.65	Somalogic	proteomics	SomaScan	7k
Plasma	Protein FAM221A	24447-26	ENSG00000188732	A4D161	combined	seq.24447.26	Somalogic	proteomics	SomaScan	7k
Plasma	Gamma-crystallin A	24449-11	ENSG00000168582	P11844	combined	seq.24449.11	Somalogic	proteomics	SomaScan	7k
Plasma	UPF0692 protein C19orf54	24450-96	ENSG00000188493	Q5BKX5	combined	seq.24450.96	Somalogic	proteomics	SomaScan	7k
Plasma	Cytochrome c-type heme lyase	24453-75	ENSG00000004961	P53701	combined	seq.24453.75	Somalogic	proteomics	SomaScan	7k
Plasma	Probable bifunctional methylenetetrahydrofolate dehydrogenase/cyclohydrolase 2	24454-27	ENSG00000163738	Q9H903	combined	seq.24454.27	Somalogic	proteomics	SomaScan	7k
Plasma	Arf-GAP with SH3 domain, ANK repeat and PH domain-containing protein 3	24455-2	ENSG00000282854|ENSG00000088280	Q8TDY4	combined	seq.24455.2	Somalogic	proteomics	SomaScan	7k
Plasma	Visual system homeobox 1	24456-3	ENSG00000100987	Q9NZR4	combined	seq.24456.3	Somalogic	proteomics	SomaScan	7k
Plasma	USF2	24457-12	ENSG00000105698	Q15853	combined	seq.24457.12	Somalogic	proteomics	SomaScan	7k
Plasma	Coatomer subunit beta'	24459-15	ENSG00000184432	P35606	combined	seq.24459.15	Somalogic	proteomics	SomaScan	7k
Plasma	Cyclic nucleotide-gated cation channel beta-1	24462-4	ENSG00000070729	Q14028	combined	seq.24462.4	Somalogic	proteomics	SomaScan	7k
Plasma	Protein NDRG2	24463-1	ENSG00000165795	Q9UN36	combined	seq.24463.1	Somalogic	proteomics	SomaScan	7k
Plasma	synovial sarcoma, X breakpoint 4	24465-28	ENSG00000269791|ENSG00000268009	O60224	combined	seq.24465.28	Somalogic	proteomics	SomaScan	7k
Plasma	Beta-adducin	24468-36	ENSG00000075340	P35612	combined	seq.24468.36	Somalogic	proteomics	SomaScan	7k
Plasma	Phosphatidate phosphatase LPIN1	24469-10	ENSG00000134324	Q14693	combined	seq.24469.10	Somalogic	proteomics	SomaScan	7k
Plasma	Poly(rC)-binding protein 3	24470-20	ENSG00000183570	P57721	combined	seq.24470.20	Somalogic	proteomics	SomaScan	7k
Plasma	SET-binding protein	24471-2	ENSG00000152217	Q9Y6X0	combined	seq.24471.2	Somalogic	proteomics	SomaScan	7k
Plasma	Sharpin	24472-28	ENSG00000179526	Q9H0F6	combined	seq.24472.28	Somalogic	proteomics	SomaScan	7k
Plasma	Cancer/testis antigen family 45 member A3	24473-11	ENSG00000269096	Q8NHU0	combined	seq.24473.11	Somalogic	proteomics	SomaScan	7k
Plasma	Tetratricopeptide repeat protein 9A	24474-12	ENSG00000133985	Q92623	combined	seq.24474.12	Somalogic	proteomics	SomaScan	7k
Plasma	Sorting nexin-12	24475-45	ENSG00000147164	Q9UMY4	combined	seq.24475.45	Somalogic	proteomics	SomaScan	7k
Plasma	Activating signal cointegrator 1 complex subunit 2	24476-18	ENSG00000100325	Q9H1I8	combined	seq.24476.18	Somalogic	proteomics	SomaScan	7k
Plasma	Group IIE secretory phospholipase A2	2447-7	ENSG00000188784	Q9NZK7	combined	seq.2447.7	Somalogic	proteomics	SomaScan	7k
Plasma	Transmembrane protein 225B	24479-25	ENSG00000244219	P0DP42	combined	seq.24479.25	Somalogic	proteomics	SomaScan	7k
Plasma	B-cell receptor-associated protein 31	24485-32	ENSG00000185825	P51572	combined	seq.24485.32	Somalogic	proteomics	SomaScan	7k
Plasma	B-cell lymphoma/leukemia 11A	24486-1	ENSG00000119866	Q9H165	combined	seq.24486.1	Somalogic	proteomics	SomaScan	7k
Plasma	Biogenesis of lysosome-related organelles complex 1 subunit 3	24487-95	ENSG00000189114	Q6QNY0	combined	seq.24487.95	Somalogic	proteomics	SomaScan	7k
Plasma	Protein HID1	24488-8	ENSG00000167861	Q8IV36	combined	seq.24488.8	Somalogic	proteomics	SomaScan	7k
Plasma	Transcription factor HES-3	24489-34	ENSG00000173673	Q5TGS1	combined	seq.24489.34	Somalogic	proteomics	SomaScan	7k
Plasma	THAP domain-containing protein 4	24490-16	ENSG00000176946	Q8WY91	combined	seq.24490.16	Somalogic	proteomics	SomaScan	7k
Plasma	Calcium-dependent phospholipase A2	2449-1	ENSG00000127472	P39877	combined	seq.2449.1	Somalogic	proteomics	SomaScan	7k
Plasma	Myotubularin-related protein 7	24493-10	ENSG00000003987	Q9Y216	combined	seq.24493.10	Somalogic	proteomics	SomaScan	7k
Plasma	Katanin p60 ATPase-containing subunit A-like 1	24494-67	ENSG00000102781	Q9BW62	combined	seq.24494.67	Somalogic	proteomics	SomaScan	7k
Plasma	RILP-like protein 1	24496-26	ENSG00000188026	Q5EBL4	combined	seq.24496.26	Somalogic	proteomics	SomaScan	7k
Plasma	Probable E3 ubiquitin-protein ligase TRIML1	24497-8	ENSG00000184108	Q8N9V2	combined	seq.24497.8	Somalogic	proteomics	SomaScan	7k
Plasma	Lengsin	24499-36	ENSG00000146166	Q5TDP6	combined	seq.24499.36	Somalogic	proteomics	SomaScan	7k
Plasma	Protein ripply3	24634-1	ENSG00000183145	P57055	combined	seq.24634.1	Somalogic	proteomics	SomaScan	7k
Plasma	Trafficking protein particle complex subunit 6A	24635-25	ENSG00000007255	O75865	combined	seq.24635.25	Somalogic	proteomics	SomaScan	7k
Plasma	Dr1-associated corepressor	24636-9	ENSG00000175550	Q14919	combined	seq.24636.9	Somalogic	proteomics	SomaScan	7k
Plasma	Transcription elongation factor A protein-like 5	24637-3	ENSG00000204065	Q5H9L2	combined	seq.24637.3	Somalogic	proteomics	SomaScan	7k
Plasma	Leucine repeat adapter protein 25	24638-3	ENSG00000176973	Q8N5H3	combined	seq.24638.3	Somalogic	proteomics	SomaScan	7k
Plasma	Hairy/enhancer-of-split related with YRPW motif protein 1	24640-63	ENSG00000164683	Q9Y5J3	combined	seq.24640.63	Somalogic	proteomics	SomaScan	7k
Plasma	Claudin-1	24641-10	ENSG00000163347	O95832	combined	seq.24641.10	Somalogic	proteomics	SomaScan	7k
Plasma	Protein FAM92A	24642-21	ENSG00000188343	A1XBS5	combined	seq.24642.21	Somalogic	proteomics	SomaScan	7k
Plasma	Lambda-crystallin homolog	24643-21	ENSG00000165475	Q9Y2S2	combined	seq.24643.21	Somalogic	proteomics	SomaScan	7k
Plasma	Bridging integrator 3	24645-2	ENSG00000147439	Q9NQY0	combined	seq.24645.2	Somalogic	proteomics	SomaScan	7k
Plasma	Serine--pyruvate aminotransferase	24646-47	ENSG00000172482	P21549	combined	seq.24646.47	Somalogic	proteomics	SomaScan	7k
Plasma	C->U-editing enzyme APOBEC-2	24647-3	ENSG00000124701	Q9Y235	combined	seq.24647.3	Somalogic	proteomics	SomaScan	7k
Plasma	Histone RNA hairpin-binding protein	24648-8	ENSG00000163950	Q14493	combined	seq.24648.8	Somalogic	proteomics	SomaScan	7k
Plasma	Protein N-terminal glutamine amidohydrolase	24649-11	ENSG00000156795	Q96HA8	combined	seq.24649.11	Somalogic	proteomics	SomaScan	7k
Plasma	Reticulon-1	24651-1	ENSG00000139970	Q16799	combined	seq.24651.1	Somalogic	proteomics	SomaScan	7k
Plasma	Transcription cofactor HES-6	24654-13	ENSG00000144485	Q96HZ4	combined	seq.24654.13	Somalogic	proteomics	SomaScan	7k
Plasma	RILP-like protein 2	24655-23	ENSG00000150977	Q969X0	combined	seq.24655.23	Somalogic	proteomics	SomaScan	7k
Plasma	Sesquipedalian-2	24656-6	ENSG00000177096	Q6ICB4	combined	seq.24656.6	Somalogic	proteomics	SomaScan	7k
Plasma	Coiled-coil domain-containing protein 115	24658-98	ENSG00000136710	Q96NT0	combined	seq.24658.98	Somalogic	proteomics	SomaScan	7k
Plasma	DnaJ homolog subfamily B member 13	24659-6	ENSG00000187726	P59910	combined	seq.24659.6	Somalogic	proteomics	SomaScan	7k
Plasma	MAP6 domain-containing protein 1	24661-4	ENSG00000180834	Q9H9H5	combined	seq.24661.4	Somalogic	proteomics	SomaScan	7k
Plasma	Tetratricopeptide repeat protein 36	24662-78	ENSG00000172425	A6NLP5	combined	seq.24662.78	Somalogic	proteomics	SomaScan	7k
Plasma	UPF0510 protein INM02	24664-3	ENSG00000161671	Q5UCC4	combined	seq.24664.3	Somalogic	proteomics	SomaScan	7k
Plasma	GTP-binding protein REM 1	24665-48	ENSG00000088320	O75628	combined	seq.24665.48	Somalogic	proteomics	SomaScan	7k
Plasma	Cancer/testis antigen family 45 member A1	24667-27	ENSG00000268940	Q5HYN5	combined	seq.24667.27	Somalogic	proteomics	SomaScan	7k
Plasma	DnaJ homolog subfamily C member 5B	24669-12	ENSG00000147570	Q9UF47	combined	seq.24669.12	Somalogic	proteomics	SomaScan	7k
Plasma	PIH1 domain-containing protein 1	24670-1	ENSG00000104872	Q9NWS0	combined	seq.24670.1	Somalogic	proteomics	SomaScan	7k
Plasma	Apoptosis-associated speck-like protein containing a CARD	24671-15	ENSG00000103490	Q9ULZ3	combined	seq.24671.15	Somalogic	proteomics	SomaScan	7k
Plasma	Egl nine homolog 2	24674-22	ENSG00000269858	Q96KS0	combined	seq.24674.22	Somalogic	proteomics	SomaScan	7k
Plasma	Microtubule-associated serine/threonine-protein kinase 4	24675-2	ENSG00000069020	O15021	combined	seq.24675.2	Somalogic	proteomics	SomaScan	7k
Plasma	Uncharacterized protein C21orf59	24676-105	ENSG00000159079	P57076	combined	seq.24676.105	Somalogic	proteomics	SomaScan	7k
Plasma	Protein RER1	24677-106	ENSG00000157916	O15258	combined	seq.24677.106	Somalogic	proteomics	SomaScan	7k
Plasma	Cell death regulator Aven	24678-10	ENSG00000169857	Q9NQS1	combined	seq.24678.10	Somalogic	proteomics	SomaScan	7k
Plasma	Transcription factor ETV7	24679-35	ENSG00000010030	Q9Y603	combined	seq.24679.35	Somalogic	proteomics	SomaScan	7k
Plasma	Thioredoxin domain-containing protein 1	24680-51	ENSG00000139921	Q9H3N1	combined	seq.24680.51	Somalogic	proteomics	SomaScan	7k
Plasma	Phosphoserine phosphatase	24681-2	ENSG00000146733	P78330	combined	seq.24681.2	Somalogic	proteomics	SomaScan	7k
Plasma	GTPase IMAP family member 7	24683-11	ENSG00000179144	Q8NHV1	combined	seq.24683.11	Somalogic	proteomics	SomaScan	7k
Plasma	GTPase IMAP family member 4	24684-7	ENSG00000133574	Q9NUV9	combined	seq.24684.7	Somalogic	proteomics	SomaScan	7k
Plasma	Sorting nexin-11	24685-12	ENSG00000002919	Q9Y5W9	combined	seq.24685.12	Somalogic	proteomics	SomaScan	7k
Plasma	Acyl-CoA-binding domain-containing protein 4	24686-19	ENSG00000181513	Q8NC06	combined	seq.24686.19	Somalogic	proteomics	SomaScan	7k
Plasma	C-C motif chemokine 20	2468-62	ENSG00000115009	P78556	combined	seq.2468.62	Somalogic	proteomics	SomaScan	7k
Plasma	Alpha-tocopherol transfer protein-like	24687-18	ENSG00000124120	Q9BTX7	combined	seq.24687.18	Somalogic	proteomics	SomaScan	7k
Plasma	Doublesex- and mab-3-related transcription factor B1	24688-9	ENSG00000143006	Q96MA1	combined	seq.24688.9	Somalogic	proteomics	SomaScan	7k
Plasma	Polymerase I and transcript release factor	24689-9	ENSG00000177469	Q6NZI2	combined	seq.24689.9	Somalogic	proteomics	SomaScan	7k
Plasma	Calcium-binding protein 2	24690-1	ENSG00000167791	Q9NPB3	combined	seq.24690.1	Somalogic	proteomics	SomaScan	7k
Plasma	Chloride intracellular channel protein 3	24693-5	ENSG00000169583	O95833	combined	seq.24693.5	Somalogic	proteomics	SomaScan	7k
Plasma	Ezrin-radixin-moesin-binding phosphoprotein 50	24694-158	ENSG00000109062	O14745	combined	seq.24694.158	Somalogic	proteomics	SomaScan	7k
Plasma	Pleckstrin homology domain-containing family B member 1	24695-8	ENSG00000021300	Q9UF11	combined	seq.24695.8	Somalogic	proteomics	SomaScan	7k
Plasma	PDZ domain-containing protein MAGIX	24696-14	ENSG00000269313	Q9H6Y5	combined	seq.24696.14	Somalogic	proteomics	SomaScan	7k
Plasma	Heterogeneous nuclear ribonucleoprotein A0	24697-48	ENSG00000177733	Q13151	combined	seq.24697.48	Somalogic	proteomics	SomaScan	7k
Plasma	Pre-mRNA-splicing factor 18	24698-12	ENSG00000165630	Q99633	combined	seq.24698.12	Somalogic	proteomics	SomaScan	7k
Plasma	ADP-ribosylation factor-like protein 6-interacting protein 1	24699-20	ENSG00000170540	Q15041	combined	seq.24699.20	Somalogic	proteomics	SomaScan	7k
Plasma	Dystrobrevin alpha	24701-21	ENSG00000134769	Q9Y4J8	combined	seq.24701.21	Somalogic	proteomics	SomaScan	7k
Plasma	Coiled-coil domain-containing protein 149	24702-31	ENSG00000181982	Q6ZUS6	combined	seq.24702.31	Somalogic	proteomics	SomaScan	7k
Plasma	COMM domain-containing protein 5	24704-38	ENSG00000170619	Q9GZQ3	combined	seq.24704.38	Somalogic	proteomics	SomaScan	7k
Plasma	Craniofacial development protein 1	24706-73	ENSG00000153774	Q9UEE9	combined	seq.24706.73	Somalogic	proteomics	SomaScan	7k
Plasma	Uncharacterized protein CXorf38	24707-6	ENSG00000185753	Q8TB03	combined	seq.24707.6	Somalogic	proteomics	SomaScan	7k
Plasma	Short-chain dehydrogenase/reductase 3	24708-7	ENSG00000162496	O75911	combined	seq.24708.7	Somalogic	proteomics	SomaScan	7k
Plasma	Microtubule-associated tumor suppressor candidate 2	24710-1	ENSG00000132938	Q5JR59	combined	seq.24710.1	Somalogic	proteomics	SomaScan	7k
Plasma	Short stature homeobox protein	24711-21	ENSG00000185960	O15266	combined	seq.24711.21	Somalogic	proteomics	SomaScan	7k
Plasma	GTP-binding protein 10	24712-6	ENSG00000105793	A4D1E9	combined	seq.24712.6	Somalogic	proteomics	SomaScan	7k
Plasma	PDZ domain-containing protein MAGIX	24713-4	ENSG00000269313	Q9H6Y5	combined	seq.24713.4	Somalogic	proteomics	SomaScan	7k
Plasma	Serine/threonine-protein phosphatase 2A regulatory subunit B'	24717-26	ENSG00000119383	Q15257	combined	seq.24717.26	Somalogic	proteomics	SomaScan	7k
Plasma	Leucine-rich repeat-containing protein 75A	24718-8	ENSG00000181350	Q8NAA5	combined	seq.24718.8	Somalogic	proteomics	SomaScan	7k
Plasma	Ankyrin repeat domain-containing protein 16	24720-10	ENSG00000134461	Q6P6B7	combined	seq.24720.10	Somalogic	proteomics	SomaScan	7k
Plasma	Golgi phosphoprotein 3	24721-17	ENSG00000113384	Q9H4A6	combined	seq.24721.17	Somalogic	proteomics	SomaScan	7k
Plasma	Spindlin-3	24722-13	ENSG00000204271	Q5JUX0	combined	seq.24722.13	Somalogic	proteomics	SomaScan	7k
Plasma	Eukaryotic translation initiation factor 2 subunit 2	24723-58	ENSG00000125977	P20042	combined	seq.24723.58	Somalogic	proteomics	SomaScan	7k
Plasma	Vacuolar protein sorting-associated protein 26B	24724-4	ENSG00000151502	Q4G0F5	combined	seq.24724.4	Somalogic	proteomics	SomaScan	7k
Plasma	COP9 signalosome complex subunit 5	24725-4	ENSG00000121022	Q92905	combined	seq.24725.4	Somalogic	proteomics	SomaScan	7k
Plasma	Serum amyloid P-component	2474-54	ENSG00000132703	P02743	combined	seq.2474.54	Somalogic	proteomics	SomaScan	7k
Plasma	Mast/stem cell growth factor receptor Kit	2475-1	ENSG00000157404	P10721	combined	seq.2475.1	Somalogic	proteomics	SomaScan	7k
Plasma	Metalloproteinase inhibitor 3	2480-58	ENSG00000100234	P35625	combined	seq.2480.58	Somalogic	proteomics	SomaScan	7k
Plasma	Epidermal growth factor receptor kinase substrate 8-like protein 2	24891-54	ENSG00000177106	Q9H6S3	combined	seq.24891.54	Somalogic	proteomics	SomaScan	7k
Plasma	Testicular spindle-associated protein SHCBP1L	24892-8	ENSG00000157060	Q9BZQ2	combined	seq.24892.8	Somalogic	proteomics	SomaScan	7k
Plasma	F-BAR and double SH3 domains protein 1	24895-25	ENSG00000197948	Q86WN1	combined	seq.24895.25	Somalogic	proteomics	SomaScan	7k
Plasma	Menin	24896-5	ENSG00000133895	O00255	combined	seq.24896.5	Somalogic	proteomics	SomaScan	7k
Plasma	Sec1 family domain-containing protein 1	24898-39	ENSG00000092108	Q8WVM8	combined	seq.24898.39	Somalogic	proteomics	SomaScan	7k
Plasma	Epidermal growth factor receptor kinase substrate 8-like protein 1	24899-13	ENSG00000131037	Q8TE68	combined	seq.24899.13	Somalogic	proteomics	SomaScan	7k
Plasma	VPS9 domain-containing protein 1	24900-46	ENSG00000075399	Q9Y2B5	combined	seq.24900.46	Somalogic	proteomics	SomaScan	7k
Plasma	Villin-1	24901-4	ENSG00000127831	P09327	combined	seq.24901.4	Somalogic	proteomics	SomaScan	7k
Plasma	Gephyrin	24902-84	ENSG00000171723	Q9NQX3	combined	seq.24902.84	Somalogic	proteomics	SomaScan	7k
Plasma	Kelch-like protein 14	24903-7	ENSG00000197705	Q9P2G3	combined	seq.24903.7	Somalogic	proteomics	SomaScan	7k
Plasma	Syntaxin-binding protein 4	24904-121	ENSG00000166263	Q6ZWJ1	combined	seq.24904.121	Somalogic	proteomics	SomaScan	7k
Plasma	Protein CXorf40A	24905-22	ENSG00000197620	Q8TE69	combined	seq.24905.22	Somalogic	proteomics	SomaScan	7k
Plasma	Mitochondrial-processing peptidase subunit alpha	24907-3	ENSG00000165688	Q10713	combined	seq.24907.3	Somalogic	proteomics	SomaScan	7k
Plasma	Amphiphysin	24908-19	ENSG00000078053	P49418	combined	seq.24908.19	Somalogic	proteomics	SomaScan	7k
Plasma	1-phosphatidylinositol-4,5-bisphosphate phosphodiesterase delta-1	24909-40	ENSG00000187091	P51178	combined	seq.24909.40	Somalogic	proteomics	SomaScan	7k
Plasma	Non-POU domain-containing octamer-binding protein	24910-18	ENSG00000147140	Q15233	combined	seq.24910.18	Somalogic	proteomics	SomaScan	7k
Plasma	LRP	24911-57	ENSG00000013364	Q14764	combined	seq.24911.57	Somalogic	proteomics	SomaScan	7k
Plasma	WD repeat-containing protein 26	24912-40	ENSG00000162923	Q9H7D7	combined	seq.24912.40	Somalogic	proteomics	SomaScan	7k
Plasma	Enhancer of zeste homolog 2	24914-10	ENSG00000106462	Q15910	combined	seq.24914.10	Somalogic	proteomics	SomaScan	7k
Plasma	Calpain-13	24915-123	ENSG00000162949	Q6MZZ7	combined	seq.24915.123	Somalogic	proteomics	SomaScan	7k
Plasma	DnaJ homolog subfamily C member 1	24917-95	ENSG00000136770	Q96KC8	combined	seq.24917.95	Somalogic	proteomics	SomaScan	7k
Plasma	Glutaminase kidney isoform, mitochondrial	24920-6	ENSG00000115419	O94925	combined	seq.24920.6	Somalogic	proteomics	SomaScan	7k
Plasma	HIRA-interacting protein 3	24921-73	ENSG00000149929	Q9BW71	combined	seq.24921.73	Somalogic	proteomics	SomaScan	7k
Plasma	NHL repeat-containing protein 2	24922-19	ENSG00000196865	Q8NBF2	combined	seq.24922.19	Somalogic	proteomics	SomaScan	7k
Plasma	Secernin-3	24923-27	ENSG00000144306	Q0VDG4	combined	seq.24923.27	Somalogic	proteomics	SomaScan	7k
Plasma	Far upstream element-binding protein 2	24926-9	ENSG00000088247	Q92945	combined	seq.24926.9	Somalogic	proteomics	SomaScan	7k
Plasma	Mitotic-spindle organizing protein 2A	24928-20	ENSG00000173272	Q6P582	combined	seq.24928.20	Somalogic	proteomics	SomaScan	7k
Plasma	Transcription factor SOX-6	24929-26	ENSG00000110693	P35712	combined	seq.24929.26	Somalogic	proteomics	SomaScan	7k
Plasma	Epidermal growth factor receptor kinase substrate 8-like protein 3	24931-9	ENSG00000198758	Q8TE67	combined	seq.24931.9	Somalogic	proteomics	SomaScan	7k
Plasma	Opioid growth factor receptor	24934-96	ENSG00000060491	Q9NZT2	combined	seq.24934.96	Somalogic	proteomics	SomaScan	7k
Plasma	Forkhead box protein P1	24935-62	ENSG00000114861	Q9H334	combined	seq.24935.62	Somalogic	proteomics	SomaScan	7k
Plasma	Rho GTPase-activating protein 26	24937-7	ENSG00000145819	Q9UNA1	combined	seq.24937.7	Somalogic	proteomics	SomaScan	7k
Plasma	AP-2 complex subunit beta-1	24938-7	ENSG00000006125	P63010	combined	seq.24938.7	Somalogic	proteomics	SomaScan	7k
Plasma	Inhibitor of nuclear factor kappa B kinase beta subunit	24940-3	ENSG00000104365	O14920	combined	seq.24940.3	Somalogic	proteomics	SomaScan	7k
Plasma	Clustered mitochondria protein homolog	24941-14	ENSG00000132361	O75153	combined	seq.24941.14	Somalogic	proteomics	SomaScan	7k
Plasma	Protein unc-13 homolog D	24942-22	ENSG00000092929	Q70J99	combined	seq.24942.22	Somalogic	proteomics	SomaScan	7k
Plasma	RalBP1-associated Eps domain-containing protein 2	24944-12	ENSG00000169891	Q8NFH8	combined	seq.24944.12	Somalogic	proteomics	SomaScan	7k
Plasma	Sorting nexin-27	24945-16	ENSG00000143376	Q96L92	combined	seq.24945.16	Somalogic	proteomics	SomaScan	7k
Plasma	Rho GTPase-activating protein 22	24946-9	ENSG00000128805	Q7Z5H3	combined	seq.24946.9	Somalogic	proteomics	SomaScan	7k
Plasma	Numb-like protein	24947-40	ENSG00000105245	Q9Y6R0	combined	seq.24947.40	Somalogic	proteomics	SomaScan	7k
Plasma	Paraspeckle component 1	24948-79	ENSG00000121390	Q8WXF1	combined	seq.24948.79	Somalogic	proteomics	SomaScan	7k
Plasma	Specifically androgen-regulated gene protein	24950-21	ENSG00000182795	Q9BW04	combined	seq.24950.21	Somalogic	proteomics	SomaScan	7k
Plasma	Protein VAC14 homolog	24951-3	ENSG00000103043	Q08AM6	combined	seq.24951.3	Somalogic	proteomics	SomaScan	7k
Plasma	Far upstream element-binding protein 3	24952-28	ENSG00000107164	Q96I24	combined	seq.24952.28	Somalogic	proteomics	SomaScan	7k
Plasma	Kinesin-like protein KIF3B	24953-27	ENSG00000101350	O15066	combined	seq.24953.27	Somalogic	proteomics	SomaScan	7k
Plasma	AP-1 complex subunit beta-1	24954-83	ENSG00000100280	Q10567	combined	seq.24954.83	Somalogic	proteomics	SomaScan	7k
Plasma	Zinc fingers and homeoboxes protein 2	24955-116	ENSG00000178764	Q9Y6X8	combined	seq.24955.116	Somalogic	proteomics	SomaScan	7k
Plasma	N6-adenosine-methyltransferase 70 kDa subunit	24956-1	ENSG00000165819	Q86U44	combined	seq.24956.1	Somalogic	proteomics	SomaScan	7k
Plasma	Espin	24957-6	ENSG00000187017	B1AK53	combined	seq.24957.6	Somalogic	proteomics	SomaScan	7k
Plasma	DNA-binding protein RFX5	24958-3	ENSG00000143390	P48382	combined	seq.24958.3	Somalogic	proteomics	SomaScan	7k
Plasma	Cytochrome b5 reductase 4	24959-20	ENSG00000065615	Q7L1T6	combined	seq.24959.20	Somalogic	proteomics	SomaScan	7k
Plasma	Huntingtin-interacting protein 1-related protein	24960-48	ENSG00000130787	O75146	combined	seq.24960.48	Somalogic	proteomics	SomaScan	7k
Plasma	SH3 domain-containing kinase-binding protein 1	24962-7	ENSG00000147010	Q96B97	combined	seq.24962.7	Somalogic	proteomics	SomaScan	7k
Plasma	Armadillo repeat-containing protein 3	24963-1	ENSG00000165309	Q5W041	combined	seq.24963.1	Somalogic	proteomics	SomaScan	7k
Plasma	Protocadherin-1	24967-4	ENSG00000156453	Q08174	combined	seq.24967.4	Somalogic	proteomics	SomaScan	7k
Plasma	T-lymphoma invasion and metastasis-inducing protein 2	24968-10	ENSG00000146426	Q8IVF5	combined	seq.24968.10	Somalogic	proteomics	SomaScan	7k
Plasma	Serrate RNA effector molecule homolog	24970-117	ENSG00000087087	Q9BXP5	combined	seq.24970.117	Somalogic	proteomics	SomaScan	7k
Plasma	Phosphatidylinositide phosphatase SAC2	24971-2	ENSG00000198825	Q9Y2H2	combined	seq.24971.2	Somalogic	proteomics	SomaScan	7k
Plasma	MICAL-like protein 1	24973-11	ENSG00000100139	Q8N3F8	combined	seq.24973.11	Somalogic	proteomics	SomaScan	7k
Plasma	Fc receptor-like A	24975-3	ENSG00000132185	Q7L513	combined	seq.24975.3	Somalogic	proteomics	SomaScan	7k
Plasma	Villin-like protein	24977-18	ENSG00000136059	O15195	combined	seq.24977.18	Somalogic	proteomics	SomaScan	7k
Plasma	Eukaryotic translation initiation factor 3 subunit B	24979-17	ENSG00000106263	P55884	combined	seq.24979.17	Somalogic	proteomics	SomaScan	7k
Plasma	Cytoplasmic dynein 1 light intermediate chain 1	24981-8	ENSG00000144635	Q9Y6G9	combined	seq.24981.8	Somalogic	proteomics	SomaScan	7k
Plasma	MAGUK p55 subfamily member 5	24982-33	ENSG00000072415	Q8N3R9	combined	seq.24982.33	Somalogic	proteomics	SomaScan	7k
Plasma	ELKS/RAB6-interacting/CAST family member 1	24983-119	ENSG00000082805	Q8IUD2	combined	seq.24983.119	Somalogic	proteomics	SomaScan	7k
Plasma	Angiopoietin-4	2500-2	ENSG00000101280	Q9Y264	combined	seq.2500.2	Somalogic	proteomics	SomaScan	7k
Plasma	Cadherin-1	2501-51	ENSG00000039068	P12830	combined	seq.2501.51	Somalogic	proteomics	SomaScan	7k
Plasma	Transitional endoplasmic reticulum ATPase	25033-194	ENSG00000165280	P55072	combined	seq.25033.194	Somalogic	proteomics	SomaScan	7k
Plasma	Ran GTPase-activating protein 1	25036-10	ENSG00000100401	P46060	combined	seq.25036.10	Somalogic	proteomics	SomaScan	7k
Plasma	Aspartyl aminopeptidase	25037-4	ENSG00000123992	Q9ULA0	combined	seq.25037.4	Somalogic	proteomics	SomaScan	7k
Plasma	Wee1-like protein kinase 2	25038-5	ENSG00000214102|ENSG00000263042	P0C1S8	combined	seq.25038.5	Somalogic	proteomics	SomaScan	7k
Plasma	Kelch-like protein 3	25039-10	ENSG00000146021	Q9UH77	combined	seq.25039.10	Somalogic	proteomics	SomaScan	7k
Plasma	6-phosphofructo-2-kinase/fructose-2,6-bisphosphatase 4	25041-11	ENSG00000114268	Q16877	combined	seq.25041.11	Somalogic	proteomics	SomaScan	7k
Plasma	NAD-dependent malic enzyme, mitochondrial	25042-3	ENSG00000082212	P23368	combined	seq.25042.3	Somalogic	proteomics	SomaScan	7k
Plasma	Succinyl-CoA:3-ketoacid-coenzyme A transferase 1, mitochondrial	25043-74	ENSG00000083720	P55809	combined	seq.25043.74	Somalogic	proteomics	SomaScan	7k
Plasma	Protein kinase C and casein kinase substrate in neurons protein 2	25048-30	ENSG00000100266	Q9UNF0	combined	seq.25048.30	Somalogic	proteomics	SomaScan	7k
Plasma	Nonspecific lipid-transfer protein:isoform SCPx	25049-8	ENSG00000116171	P22307	combined	seq.25049.8	Somalogic	proteomics	SomaScan	7k
Plasma	Tripeptidyl-peptidase 2	25050-82	ENSG00000134900	P29144	combined	seq.25050.82	Somalogic	proteomics	SomaScan	7k
Plasma	Fat mass and obesity-associated protein	25051-104	ENSG00000140718	Q9C0B1	combined	seq.25051.104	Somalogic	proteomics	SomaScan	7k
Plasma	Cytokine receptor-like factor 3	25052-3	ENSG00000176390	Q8IUI8	combined	seq.25052.3	Somalogic	proteomics	SomaScan	7k
Plasma	Cytoplasmic dynein 1 light intermediate chain 2	25053-1	ENSG00000135720	O43237	combined	seq.25053.1	Somalogic	proteomics	SomaScan	7k
Plasma	Pre-mRNA-processing factor 19	25054-15	ENSG00000110107	Q9UMS4	combined	seq.25054.15	Somalogic	proteomics	SomaScan	7k
Plasma	GDNF family receptor alpha-3	2505-49	ENSG00000146013	O60609	combined	seq.2505.49	Somalogic	proteomics	SomaScan	7k
Plasma	Oxysterol-binding protein 1	25055-56	ENSG00000110048	P22059	combined	seq.25055.56	Somalogic	proteomics	SomaScan	7k
Plasma	Alpha-actinin-4	25057-2	ENSG00000282844|ENSG00000130402	O43707	combined	seq.25057.2	Somalogic	proteomics	SomaScan	7k
Plasma	Membrane-associated phosphatidylinositol transfer protein 3	25058-23	ENSG00000091622	Q9BZ71	combined	seq.25058.23	Somalogic	proteomics	SomaScan	7k
Plasma	Histone deacetylase 6	25059-18	ENSG00000094631	Q9UBN7	combined	seq.25059.18	Somalogic	proteomics	SomaScan	7k
Plasma	NADP-dependent malic enzyme	25060-18	ENSG00000065833	P48163	combined	seq.25060.18	Somalogic	proteomics	SomaScan	7k
Plasma	Engulfment and cell motility protein 2	25061-8	ENSG00000062598	Q96JJ3	combined	seq.25061.8	Somalogic	proteomics	SomaScan	7k
Plasma	Type I inositol-3,4-bisphosphate 4-phosphatase	25064-34	ENSG00000040933	Q96PE3	combined	seq.25064.34	Somalogic	proteomics	SomaScan	7k
Plasma	Myosin-binding protein H	25065-22	ENSG00000133055	Q13203	combined	seq.25065.22	Somalogic	proteomics	SomaScan	7k
Plasma	Glycogenin-2	25066-32	ENSG00000056998	O15488	combined	seq.25066.32	Somalogic	proteomics	SomaScan	7k
Plasma	Glutamate dehydrogenase 2, mitochondrial	25068-131	ENSG00000288118|ENSG00000182890	P49448	combined	seq.25068.131	Somalogic	proteomics	SomaScan	7k
Plasma	Protein-methionine sulfoxide oxidase MICAL1	25070-18	ENSG00000135596	Q8TDZ2	combined	seq.25070.18	Somalogic	proteomics	SomaScan	7k
Plasma	Chromodomain-helicase-DNA-binding protein 1-like	25072-11	ENSG00000131778	Q86WJ1	combined	seq.25072.11	Somalogic	proteomics	SomaScan	7k
Plasma	Ubiquitin conjugation factor E4 A	25073-13	ENSG00000110344	Q14139	combined	seq.25073.13	Somalogic	proteomics	SomaScan	7k
Plasma	Putative glycerol kinase 5	25074-119	ENSG00000175066	Q6ZS86	combined	seq.25074.119	Somalogic	proteomics	SomaScan	7k
Plasma	Zinc finger and BTB domain-containing protein 10	25075-2	ENSG00000205189	Q96DT7	combined	seq.25075.2	Somalogic	proteomics	SomaScan	7k
Plasma	Selenium-binding protein 1	25076-2	ENSG00000143416	Q13228	combined	seq.25076.2	Somalogic	proteomics	SomaScan	7k
Plasma	Cysteine protease ATG4C	25078-13	ENSG00000125703	Q96DT6	combined	seq.25078.13	Somalogic	proteomics	SomaScan	7k
Plasma	UDP-glucuronosyltransferase 2B15	25080-16	ENSG00000196620	P54855	combined	seq.25080.16	Somalogic	proteomics	SomaScan	7k
Plasma	Protein FAM160B1	25081-6	ENSG00000151553	Q5W0V3	combined	seq.25081.6	Somalogic	proteomics	SomaScan	7k
Plasma	Neural Wiskott-Aldrich syndrome protein	25082-3	ENSG00000106299	O00401	combined	seq.25082.3	Somalogic	proteomics	SomaScan	7k
Plasma	Protein diaphanous homolog 1	25083-26	ENSG00000131504	O60610	combined	seq.25083.26	Somalogic	proteomics	SomaScan	7k
Plasma	Tether containing UBX domain for GLUT4	25085-37	ENSG00000169696	Q9BZE9	combined	seq.25085.37	Somalogic	proteomics	SomaScan	7k
Plasma	GRAM domain-containing protein 2B	25086-83	ENSG00000155324	Q96HH9	combined	seq.25086.83	Somalogic	proteomics	SomaScan	7k
Plasma	Dystrobrevin alpha	25087-11	ENSG00000134769	Q9Y4J8	combined	seq.25087.11	Somalogic	proteomics	SomaScan	7k
Plasma	Phosphorylase b kinase regulatory subunit alpha, skeletal muscle isoform	25088-42	ENSG00000067177	P46020	combined	seq.25088.42	Somalogic	proteomics	SomaScan	7k
Plasma	Transcription intermediary factor 1-beta	25089-21	ENSG00000130726	Q13263	combined	seq.25089.21	Somalogic	proteomics	SomaScan	7k
Plasma	SLIT-ROBO Rho GTPase-activating protein 2	25091-83	ENSG00000266028	O75044	combined	seq.25091.83	Somalogic	proteomics	SomaScan	7k
Plasma	ATP-dependent RNA helicase DDX1	25092-32	ENSG00000079785	Q92499	combined	seq.25092.32	Somalogic	proteomics	SomaScan	7k
Plasma	Vang-like protein 1	25093-96	ENSG00000173218	Q8TAA9	combined	seq.25093.96	Somalogic	proteomics	SomaScan	7k
Plasma	Acetyl-coenzyme A synthetase, cytoplasmic	25094-9	ENSG00000131069	Q9NR19	combined	seq.25094.9	Somalogic	proteomics	SomaScan	7k
Plasma	Synphilin-1	25095-1	ENSG00000064692	Q9Y6H5	combined	seq.25095.1	Somalogic	proteomics	SomaScan	7k
Plasma	Myosin-binding protein C, fast-type	25096-58	ENSG00000086967	Q14324	combined	seq.25096.58	Somalogic	proteomics	SomaScan	7k
Plasma	Calcium-dependent secretion activator 2	25099-4	ENSG00000081803	Q86UW7	combined	seq.25099.4	Somalogic	proteomics	SomaScan	7k
Plasma	C-Maf-inducing protein	25100-11	ENSG00000153815	Q8IY22	combined	seq.25100.11	Somalogic	proteomics	SomaScan	7k
Plasma	Elongator complex protein 1	25102-23	ENSG00000070061	O95163	combined	seq.25102.23	Somalogic	proteomics	SomaScan	7k
Plasma	Vacuolar protein sorting-associated protein 53 homolog	25103-45	ENSG00000283883|ENSG00000141252	Q5VIR6	combined	seq.25103.45	Somalogic	proteomics	SomaScan	7k
Plasma	Transcription factor CP2-like protein 1	25104-10	ENSG00000115112	Q9NZI6	combined	seq.25104.10	Somalogic	proteomics	SomaScan	7k
Plasma	Eukaryotic translation initiation factor 2A	25105-70	ENSG00000144895	Q9BY44	combined	seq.25105.70	Somalogic	proteomics	SomaScan	7k
Plasma	Eukaryotic translation initiation factor 2A	25105-87	ENSG00000144895	Q9BY44	combined	seq.25105.87	Somalogic	proteomics	SomaScan	7k
Plasma	Arginyl-tRNA--protein transferase 1	25108-6	ENSG00000107669	O95260	combined	seq.25108.6	Somalogic	proteomics	SomaScan	7k
Plasma	Exocyst complex component 7	25110-19	ENSG00000182473	Q9UPT5	combined	seq.25110.19	Somalogic	proteomics	SomaScan	7k
Plasma	E3 ubiquitin-protein ligase RAD18	25111-24	ENSG00000070950	Q9NS91	combined	seq.25111.24	Somalogic	proteomics	SomaScan	7k
Plasma	Ribosomal protein S6 kinase beta-2	25112-6	ENSG00000175634	Q9UBS0	combined	seq.25112.6	Somalogic	proteomics	SomaScan	7k
Plasma	TBC1 domain family member 24	25114-256	ENSG00000162065	Q9ULP9	combined	seq.25114.256	Somalogic	proteomics	SomaScan	7k
Plasma	FH1/FH2 domain-containing protein 1	25115-21	ENSG00000135723	Q9Y613	combined	seq.25115.21	Somalogic	proteomics	SomaScan	7k
Plasma	Coiled-coil domain-containing protein 9	25116-11	ENSG00000105321	Q9Y3X0	combined	seq.25116.11	Somalogic	proteomics	SomaScan	7k
Plasma	PGM5	25117-17	ENSG00000154330	Q15124	combined	seq.25117.17	Somalogic	proteomics	SomaScan	7k
Plasma	Protein bicaudal D homolog 1	25118-45	ENSG00000151746	Q96G01	combined	seq.25118.45	Somalogic	proteomics	SomaScan	7k
Plasma	Nodal modulator 2	25121-7	ENSG00000185164	Q5JPE7	combined	seq.25121.7	Somalogic	proteomics	SomaScan	7k
Plasma	DNA-(apurinic or apyrimidinic site) lyase 2	25123-198	ENSG00000169188	Q9UBZ4	combined	seq.25123.198	Somalogic	proteomics	SomaScan	7k
Plasma	Zinc finger and BTB domain-containing protein 7A	25124-21	ENSG00000178951	O95365	combined	seq.25124.21	Somalogic	proteomics	SomaScan	7k
Plasma	SH3 and cysteine-rich domain-containing protein	25125-7	ENSG00000144681	Q99469	combined	seq.25125.7	Somalogic	proteomics	SomaScan	7k
Plasma	E3 ubiquitin-protein ligase HECW2	25126-19	ENSG00000138411	Q9P2P5	combined	seq.25126.19	Somalogic	proteomics	SomaScan	7k
Plasma	Ephrin-B3:Extracellular domain	2514-65	ENSG00000108947	Q15768	combined	seq.2514.65	Somalogic	proteomics	SomaScan	7k
Plasma	GDNF family receptor alpha-2	2515-14	ENSG00000168546	O00451	combined	seq.2515.14	Somalogic	proteomics	SomaScan	7k
Plasma	C-C motif chemokine 21	2516-57	ENSG00000137077	O00585	combined	seq.2516.57	Somalogic	proteomics	SomaScan	7k
Plasma	Sodium/potassium-transporting ATPase gamma chain	25209-15	ENSG00000137731	P54710	combined	seq.25209.15	Somalogic	proteomics	SomaScan	7k
Plasma	Guanine nucleotide-binding protein G(I)/G(S)/G(O) gamma-12 subunit	25211-14	ENSG00000172380	Q9UBI6	combined	seq.25211.14	Somalogic	proteomics	SomaScan	7k
Plasma	Mitochondrial import inner membrane translocase subunit Tim10	25215-1	ENSG00000134809	P62072	combined	seq.25215.1	Somalogic	proteomics	SomaScan	7k
Plasma	Calgranulin A	25216-8	ENSG00000143546	P05109	combined	seq.25216.8	Somalogic	proteomics	SomaScan	7k
Plasma	Sperm protein associated with the nucleus on the X chromosome A	25217-35	ENSG00000198021|ENSG00000203926	Q9NS26	combined	seq.25217.35	Somalogic	proteomics	SomaScan	7k
Plasma	Signal peptidase complex subunit 1	25218-10	ENSG00000114902	Q9Y6A9	combined	seq.25218.10	Somalogic	proteomics	SomaScan	7k
Plasma	V-type proton ATPase subunit F	25219-17	ENSG00000128524	Q16864	combined	seq.25219.17	Somalogic	proteomics	SomaScan	7k
Plasma	Cysteine-rich tail protein 1	25220-8	ENSG00000197191	A8MQ03	combined	seq.25220.8	Somalogic	proteomics	SomaScan	7k
Plasma	Ferritin heavy polypeptide-like 17	25225-14	ENSG00000132446	Q9BXU8	combined	seq.25225.14	Somalogic	proteomics	SomaScan	7k
Plasma	Transcription elongation factor A protein-like 2	25227-20	ENSG00000184905	Q9H3H9	combined	seq.25227.20	Somalogic	proteomics	SomaScan	7k
Plasma	EH domain-containing protein 3	25232-4	ENSG00000013016	Q9NZN3	combined	seq.25232.4	Somalogic	proteomics	SomaScan	7k
Plasma	C-C motif chemokine 5	2523-31	ENSG00000271503|ENSG00000274233	P13501	combined	seq.2523.31	Somalogic	proteomics	SomaScan	7k
Plasma	Mannose-6-phosphate isomerase	25233-2	ENSG00000178802	P34949	combined	seq.25233.2	Somalogic	proteomics	SomaScan	7k
Plasma	Diphthine methyltransferase	25235-2	ENSG00000148399	Q9BTV6	combined	seq.25235.2	Somalogic	proteomics	SomaScan	7k
Plasma	Methyltransferase-like 26	25236-11	ENSG00000130731	Q96S19	combined	seq.25236.11	Somalogic	proteomics	SomaScan	7k
Plasma	Apoptosis facilitator Bcl-2-like protein 14	25238-6	ENSG00000121380|ENSG00000281449	Q9BZR8	combined	seq.25238.6	Somalogic	proteomics	SomaScan	7k
Plasma	Protein-lysine N-methyltransferase EEF2KMT	25240-1	ENSG00000118894	Q96G04	combined	seq.25240.1	Somalogic	proteomics	SomaScan	7k
Plasma	Ciliogenesis-associated TTC17-interacting protein	25242-12	ENSG00000158428	Q7Z7H3	combined	seq.25242.12	Somalogic	proteomics	SomaScan	7k
Plasma	Probable E3 ubiquitin-protein ligase HECTD3	25244-9	ENSG00000126107	Q5T447	combined	seq.25244.9	Somalogic	proteomics	SomaScan	7k
Plasma	Synembryn-A	25245-22	ENSG00000177963	Q9NPQ8	combined	seq.25245.22	Somalogic	proteomics	SomaScan	7k
Plasma	High mobility group protein B1	2524-56	ENSG00000189403	P09429	combined	seq.2524.56	Somalogic	proteomics	SomaScan	7k
Plasma	Armadillo repeat-containing protein 8	25247-12	ENSG00000114098	Q8IUR7	combined	seq.25247.12	Somalogic	proteomics	SomaScan	7k
Plasma	Protein numb homolog	25248-28	ENSG00000133961	P49757	combined	seq.25248.28	Somalogic	proteomics	SomaScan	7k
Plasma	Pyruvate dehydrogenase E1 component subunit alpha, testis-specific form, mitochondrial	25249-33	ENSG00000163114	P29803	combined	seq.25249.33	Somalogic	proteomics	SomaScan	7k
Plasma	Ectonucleotide pyrophosphatase/phosphodiesterase family member 3	25251-6	ENSG00000154269	O14638	combined	seq.25251.6	Somalogic	proteomics	SomaScan	7k
Plasma	MTSS1-like protein	25252-29	ENSG00000132613	Q765P7	combined	seq.25252.29	Somalogic	proteomics	SomaScan	7k
Plasma	Guanine nucleotide-binding protein G(s) subunit alpha isoforms	25253-17	ENSG00000087460	Q5JWF2|P63092	combined	seq.25253.17	Somalogic	proteomics	SomaScan	7k
Plasma	Transmembrane and ubiquitin-like domain-containing protein 1	25255-4	ENSG00000164897	Q9BVT8	combined	seq.25255.4	Somalogic	proteomics	SomaScan	7k
Plasma	Elongation factor 1-alpha 1	25256-153		P68104	combined	seq.25256.153	Somalogic	proteomics	SomaScan	7k
Plasma	Elongation factor 1-alpha 1	25256-23		P68104	combined	seq.25256.23	Somalogic	proteomics	SomaScan	7k
Plasma	Oligodendrocyte transcription factor 1	25257-162	ENSG00000184221	Q8TAK6	combined	seq.25257.162	Somalogic	proteomics	SomaScan	7k
Plasma	Spermatogenesis-associated protein 5	25258-41	ENSG00000145375	Q8NB90	combined	seq.25258.41	Somalogic	proteomics	SomaScan	7k
Plasma	Uncharacterized protein C17orf62	25259-7	ENSG00000178927	Q9BQA9	combined	seq.25259.7	Somalogic	proteomics	SomaScan	7k
Plasma	Uncharacterized protein C15orf17	25260-62	ENSG00000178761	Q5XKK7	combined	seq.25260.62	Somalogic	proteomics	SomaScan	7k
Plasma	Ankyrin repeat and SAM domain-containing protein 3	25261-42	ENSG00000168096	Q6ZW76	combined	seq.25261.42	Somalogic	proteomics	SomaScan	7k
Plasma	Centromere/kinetochore protein zw10 homolog	25262-6	ENSG00000086827	O43264	combined	seq.25262.6	Somalogic	proteomics	SomaScan	7k
Plasma	Rho GTPase-activating protein 24	25263-4	ENSG00000138639	Q8N264	combined	seq.25263.4	Somalogic	proteomics	SomaScan	7k
Plasma	SHIP	25264-102	ENSG00000281614|ENSG00000168918	Q92835	combined	seq.25264.102	Somalogic	proteomics	SomaScan	7k
Plasma	Formin-binding protein 1	25265-8	ENSG00000187239	Q96RU3	combined	seq.25265.8	Somalogic	proteomics	SomaScan	7k
Plasma	Oxysterol-binding protein-related protein 1	25266-14	ENSG00000141447	Q9BXW6	combined	seq.25266.14	Somalogic	proteomics	SomaScan	7k
Plasma	Probable transcription factor PML	25270-3	ENSG00000140464	P29590	combined	seq.25270.3	Somalogic	proteomics	SomaScan	7k
Plasma	Cadherin-23	25272-17	ENSG00000107736	Q9H251	combined	seq.25272.17	Somalogic	proteomics	SomaScan	7k
Plasma	Caldesmon	25273-80	ENSG00000122786	Q05682	combined	seq.25273.80	Somalogic	proteomics	SomaScan	7k
Plasma	Ankyrin repeat domain-containing protein 2	25274-2	ENSG00000165887	Q9GZV1	combined	seq.25274.2	Somalogic	proteomics	SomaScan	7k
Plasma	Histone deacetylase 4	25275-30	ENSG00000068024	P56524	combined	seq.25275.30	Somalogic	proteomics	SomaScan	7k
Plasma	Rab-like protein 6	25276-32	ENSG00000196642	Q3YEC7	combined	seq.25276.32	Somalogic	proteomics	SomaScan	7k
Plasma	Pantothenate kinase 1	25277-51	ENSG00000152782	Q8TE04	combined	seq.25277.51	Somalogic	proteomics	SomaScan	7k
Plasma	Rho GTPase-activating protein 6	25278-41	ENSG00000047648	O43182	combined	seq.25278.41	Somalogic	proteomics	SomaScan	7k
Plasma	Nuclear valosin-containing protein-like	25279-44	ENSG00000143748	O15381	combined	seq.25279.44	Somalogic	proteomics	SomaScan	7k
Plasma	LIM domain-containing protein 1	25280-2	ENSG00000144791	Q9UGP4	combined	seq.25280.2	Somalogic	proteomics	SomaScan	7k
Plasma	Dipeptidyl peptidase 8	25281-50	ENSG00000074603	Q6V1X1	combined	seq.25281.50	Somalogic	proteomics	SomaScan	7k
Plasma	Antizyme inhibitor 1	25282-6	ENSG00000155096	O14977	combined	seq.25282.6	Somalogic	proteomics	SomaScan	7k
Plasma	Catenin alpha-3	25283-2	ENSG00000183230	Q9UI47	combined	seq.25283.2	Somalogic	proteomics	SomaScan	7k
Plasma	Ubiquitin-like modifier-activating enzyme 6	25284-47	ENSG00000033178	A0AVT1	combined	seq.25284.47	Somalogic	proteomics	SomaScan	7k
Plasma	Kelch repeat and BTB domain-containing protein 11	25285-14	ENSG00000176595|ENSG00000273645	O94819	combined	seq.25285.14	Somalogic	proteomics	SomaScan	7k
Plasma	Rab GTPase-activating protein 1-like	25286-33	ENSG00000152061	Q5R372	combined	seq.25286.33	Somalogic	proteomics	SomaScan	7k
Plasma	Eukaryotic translation initiation factor 4 gamma 1	25287-7	ENSG00000114867	Q04637	combined	seq.25287.7	Somalogic	proteomics	SomaScan	7k
Plasma	Dimethylaniline monooxygenase [N-oxide-forming] 3	25288-16	ENSG00000007933	P31513	combined	seq.25288.16	Somalogic	proteomics	SomaScan	7k
Plasma	Pleckstrin homology domain-containing family M member 2	25291-27	ENSG00000116786	Q8IWE5	combined	seq.25291.27	Somalogic	proteomics	SomaScan	7k
Plasma	Carboxylesterase 3	25292-4	ENSG00000172828	Q6UWW8	combined	seq.25292.4	Somalogic	proteomics	SomaScan	7k
Plasma	Carboxylesterase 3	25292-6	ENSG00000172828	Q6UWW8	combined	seq.25292.6	Somalogic	proteomics	SomaScan	7k
Plasma	Angiomotin	25296-3	ENSG00000126016	Q4VCS5	combined	seq.25296.3	Somalogic	proteomics	SomaScan	7k
Plasma	SH3 and PX domain-containing protein 2B	25297-11	ENSG00000174705	A1X283	combined	seq.25297.11	Somalogic	proteomics	SomaScan	7k
Plasma	Lysine-specific demethylase 4C	25298-53	ENSG00000107077	Q9H3R0	combined	seq.25298.53	Somalogic	proteomics	SomaScan	7k
Plasma	Nuclear receptor coactivator 7	25299-11	ENSG00000111912	Q8NI08	combined	seq.25299.11	Somalogic	proteomics	SomaScan	7k
Plasma	Mucosa-associated lymphoid tissue lymphoma translocation protein 1	25300-39	ENSG00000172175	Q9UDY8	combined	seq.25300.39	Somalogic	proteomics	SomaScan	7k
Plasma	Dual specificity tyrosine-phosphorylation-regulated kinase 1A	25301-48	ENSG00000157540	Q13627	combined	seq.25301.48	Somalogic	proteomics	SomaScan	7k
Plasma	DAXX	25306-51	ENSG00000231617|ENSG00000227046|ENSG00000206279|ENSG00000206206|ENSG00000204209	Q9UER7	combined	seq.25306.51	Somalogic	proteomics	SomaScan	7k
Plasma	WD repeat-containing protein 18	25307-8	ENSG00000065268	Q9BV38	combined	seq.25307.8	Somalogic	proteomics	SomaScan	7k
Plasma	LIM domain kinase 1	25308-8	ENSG00000106683	P53667	combined	seq.25308.8	Somalogic	proteomics	SomaScan	7k
Plasma	Coiled-coil domain-containing protein 140	25409-5	ENSG00000163081	Q96MF4	combined	seq.25409.5	Somalogic	proteomics	SomaScan	7k
Plasma	FXYD domain-containing ion transport regulator 6	25412-53	ENSG00000137726	Q9H0Q3	combined	seq.25412.53	Somalogic	proteomics	SomaScan	7k
Plasma	G antigen 2	25413-80		Q13066	combined	seq.25413.80	Somalogic	proteomics	SomaScan	7k
Plasma	Late cornified envelope protein 3B	25414-11	ENSG00000187238	Q5TA77	combined	seq.25414.11	Somalogic	proteomics	SomaScan	7k
Plasma	Periaxin	25416-5	ENSG00000105227	Q9BXM0	combined	seq.25416.5	Somalogic	proteomics	SomaScan	7k
Plasma	Sperm protein associated with the nucleus on the X chromosome N4	25419-59	ENSG00000189326	Q5MJ08	combined	seq.25419.59	Somalogic	proteomics	SomaScan	7k
Plasma	Ribonuclease P protein subunit p40	25422-58	ENSG00000124787	O75818	combined	seq.25422.58	Somalogic	proteomics	SomaScan	7k
Plasma	Synaptotagmin-12	25424-234	ENSG00000173227	Q8IV01	combined	seq.25424.234	Somalogic	proteomics	SomaScan	7k
Plasma	Interferon-related developmental regulator 1	25428-103	ENSG00000006652	O00458	combined	seq.25428.103	Somalogic	proteomics	SomaScan	7k
Plasma	Putative methyltransferase NSUN6	25433-25	ENSG00000241058	Q8TEA1	combined	seq.25433.25	Somalogic	proteomics	SomaScan	7k
Plasma	Saccharopine dehydrogenase-like oxidoreductase	25436-44	ENSG00000143653	Q8NBX0	combined	seq.25436.44	Somalogic	proteomics	SomaScan	7k
Plasma	Ankyrin repeat and MYND domain-containing protein 2	25437-18	ENSG00000106524	Q8IV38	combined	seq.25437.18	Somalogic	proteomics	SomaScan	7k
Plasma	5'-nucleotidase domain-containing protein 1	25438-288	ENSG00000178425	Q5TFE4	combined	seq.25438.288	Somalogic	proteomics	SomaScan	7k
Plasma	Type I inositol 1,4,5-trisphosphate 5-phosphatase	25444-29	ENSG00000068383	Q14642	combined	seq.25444.29	Somalogic	proteomics	SomaScan	7k
Plasma	Protein DDI1 homolog 2	25446-34	ENSG00000197312	Q5TDH0	combined	seq.25446.34	Somalogic	proteomics	SomaScan	7k
Plasma	Transcriptional coactivator YAP1	25451-39	ENSG00000137693	P46937	combined	seq.25451.39	Somalogic	proteomics	SomaScan	7k
Plasma	Myb/SANT-like DNA-binding domain-containing protein 2	25452-16	ENSG00000120458	Q6P1R3	combined	seq.25452.16	Somalogic	proteomics	SomaScan	7k
Plasma	Ropporin-1B	25453-57	ENSG00000114547	Q9BZX4	combined	seq.25453.57	Somalogic	proteomics	SomaScan	7k
Plasma	Protein arginine N-methyltransferase 2	25454-38	ENSG00000160310	P55345	combined	seq.25454.38	Somalogic	proteomics	SomaScan	7k
Plasma	26S protease regulatory subunit 8	25456-73	ENSG00000087191	P62195	combined	seq.25456.73	Somalogic	proteomics	SomaScan	7k
Plasma	O-acetyl-ADP-ribose deacetylase MACROD2	25459-3	ENSG00000172264	A1Z1Q3	combined	seq.25459.3	Somalogic	proteomics	SomaScan	7k
Plasma	Interferon regulatory factor 5	25460-36	ENSG00000128604	Q13568	combined	seq.25460.36	Somalogic	proteomics	SomaScan	7k
Plasma	S-arrestin	25461-3	ENSG00000281857|ENSG00000130561	P10523	combined	seq.25461.3	Somalogic	proteomics	SomaScan	7k
Plasma	cAMP-dependent protein kinase type II-beta regulatory subunit	25463-3	ENSG00000005249|ENSG00000284096	P31323	combined	seq.25463.3	Somalogic	proteomics	SomaScan	7k
Plasma	Cytochrome P450 2C19	25464-1	ENSG00000165841	P33261	combined	seq.25464.1	Somalogic	proteomics	SomaScan	7k
Plasma	Muscular LMNA-interacting protein	25465-42	ENSG00000146147	Q5VWP3	combined	seq.25465.42	Somalogic	proteomics	SomaScan	7k
Plasma	Kynurenine 3-monooxygenase	25466-84	ENSG00000117009	O15229	combined	seq.25466.84	Somalogic	proteomics	SomaScan	7k
Plasma	SOX-9	25468-5	ENSG00000125398	P48436	combined	seq.25468.5	Somalogic	proteomics	SomaScan	7k
Plasma	Brain-enriched guanylate kinase-associated protein	25472-12	ENSG00000183092	Q9BUH8	combined	seq.25472.12	Somalogic	proteomics	SomaScan	7k
Plasma	Protein farnesyltransferase/geranylgeranyltransferase type-1 subunit alpha	25473-62	ENSG00000168522	P49354	combined	seq.25473.62	Somalogic	proteomics	SomaScan	7k
Plasma	Leucine-rich repeat flightless-interacting protein 2	25479-8	ENSG00000093167	Q9Y608	combined	seq.25479.8	Somalogic	proteomics	SomaScan	7k
Plasma	Ubiquitin-associated domain-containing protein 1	25480-21	ENSG00000130560	Q9BSL1	combined	seq.25480.21	Somalogic	proteomics	SomaScan	7k
Plasma	Ataxin-10	25481-66	ENSG00000130638	Q9UBB4	combined	seq.25481.66	Somalogic	proteomics	SomaScan	7k
Plasma	Nuclear factor 1 A-type	25482-5	ENSG00000162599	Q12857	combined	seq.25482.5	Somalogic	proteomics	SomaScan	7k
Plasma	AT-rich interactive domain-containing protein 3C	25484-120	ENSG00000205143	A6NKF2	combined	seq.25484.120	Somalogic	proteomics	SomaScan	7k
Plasma	39S ribosomal protein L38, mitochondrial	25486-38	ENSG00000204316	Q96DV4	combined	seq.25486.38	Somalogic	proteomics	SomaScan	7k
Plasma	Pleckstrin homology domain-containing family O member 2	25488-6	ENSG00000241839	Q8TD55	combined	seq.25488.6	Somalogic	proteomics	SomaScan	7k
Plasma	Endoplasmic reticulum junction formation protein lunapark	25491-54	ENSG00000144320	Q9C0E8	combined	seq.25491.54	Somalogic	proteomics	SomaScan	7k
Plasma	Target of Myb protein 1	25492-7	ENSG00000100284	O60784	combined	seq.25492.7	Somalogic	proteomics	SomaScan	7k
Plasma	Protein FAM221B	25493-11	ENSG00000204930	A6H8Z2	combined	seq.25493.11	Somalogic	proteomics	SomaScan	7k
Plasma	SEC14-like protein 4	25497-35	ENSG00000133488	Q9UDX3	combined	seq.25497.35	Somalogic	proteomics	SomaScan	7k
Plasma	Phospholipase DDHD2	25499-37	ENSG00000085788	O94830	combined	seq.25499.37	Somalogic	proteomics	SomaScan	7k
Plasma	Rab11 family-interacting protein 3	25500-6	ENSG00000090565|ENSG00000275338	O75154	combined	seq.25500.6	Somalogic	proteomics	SomaScan	7k
Plasma	Cytokine-dependent hematopoietic cell linker	25501-128	ENSG00000109684	Q7Z7G1	combined	seq.25501.128	Somalogic	proteomics	SomaScan	7k
Plasma	Beta-endorphin	2558-51	ENSG00000115138	P01189	combined	seq.2558.51	Somalogic	proteomics	SomaScan	7k
Plasma	Complement factor I	2567-5	ENSG00000205403	P05156	combined	seq.2567.5	Somalogic	proteomics	SomaScan	7k
Plasma	Insulin-like growth factor-binding protein 2	2570-72	ENSG00000115457	P18065	combined	seq.2570.72	Somalogic	proteomics	SomaScan	7k
Plasma	Insulin-like growth factor-binding protein 3	2571-12	ENSG00000146674	P17936	combined	seq.2571.12	Somalogic	proteomics	SomaScan	7k
Plasma	Interleukin-6	2573-20	ENSG00000136244	P05231	combined	seq.2573.20	Somalogic	proteomics	SomaScan	7k
Plasma	Leptin	2575-5	ENSG00000174697	P41159	combined	seq.2575.5	Somalogic	proteomics	SomaScan	7k
Plasma	C-C motif chemokine 2	2578-67	ENSG00000108691	P13500	combined	seq.2578.67	Somalogic	proteomics	SomaScan	7k
Plasma	Matrix metalloproteinase-9	2579-17	ENSG00000100985	P14780	combined	seq.2579.17	Somalogic	proteomics	SomaScan	7k
Plasma	Myeloperoxidase	2580-83	ENSG00000005381	P05164	combined	seq.2580.83	Somalogic	proteomics	SomaScan	7k
Plasma	Prolactin	2585-2	ENSG00000172179	P01236	combined	seq.2585.2	Somalogic	proteomics	SomaScan	7k
Plasma	Histone acetyltransferase KAT5	25879-6	ENSG00000172977	Q92993	combined	seq.25879.6	Somalogic	proteomics	SomaScan	7k
Plasma	5-Lipoxygenase	25880-14	ENSG00000275565|ENSG00000012779	P09917	combined	seq.25880.14	Somalogic	proteomics	SomaScan	7k
Plasma	ATP-binding cassette sub-family D member 4	25886-11	ENSG00000119688	O14678	combined	seq.25886.11	Somalogic	proteomics	SomaScan	7k
Plasma	Absent in melanoma 2	25889-108	ENSG00000163568	O14862	combined	seq.25889.108	Somalogic	proteomics	SomaScan	7k
Plasma	Caspase-5	25895-29	ENSG00000137757	P51878	combined	seq.25895.29	Somalogic	proteomics	SomaScan	7k
Plasma	Chitinase domain-containing protein 1	25898-4	ENSG00000177830	Q9BWS9	combined	seq.25898.4	Somalogic	proteomics	SomaScan	7k
Plasma	CREB-regulated transcription coactivator 3	25901-3	ENSG00000140577	Q6UUV7	combined	seq.25901.3	Somalogic	proteomics	SomaScan	7k
Plasma	Glutamate dehydrogenase 1, mitochondrial	25902-27	ENSG00000148672	P00367	combined	seq.25902.27	Somalogic	proteomics	SomaScan	7k
Plasma	Dedicator of cytokinesis protein 2	25904-17	ENSG00000134516	Q92608	combined	seq.25904.17	Somalogic	proteomics	SomaScan	7k
Plasma	Elongation factor 1-alpha 1	25906-5		P68104	combined	seq.25906.5	Somalogic	proteomics	SomaScan	7k
Plasma	Inactive tyrosine-protein kinase transmembrane receptor ROR1	2590-69	ENSG00000185483	Q01973	combined	seq.2590.69	Somalogic	proteomics	SomaScan	7k
Plasma	Echinoderm microtubule-associated protein-like 2	25907-47	ENSG00000125746	O95834	combined	seq.25907.47	Somalogic	proteomics	SomaScan	7k
Plasma	IgGFc-binding protein	25910-1	ENSG00000281123	Q9Y6R7	combined	seq.25910.1	Somalogic	proteomics	SomaScan	7k
Plasma	FK506 binding protein 1A	25912-131	ENSG00000088832	P62942	combined	seq.25912.131	Somalogic	proteomics	SomaScan	7k
Plasma	Ferritin heavy chain	25913-17	ENSG00000167996	P02794	combined	seq.25913.17	Somalogic	proteomics	SomaScan	7k
Plasma	Beta-hexosaminidase alpha chain	25917-12	ENSG00000213614	P06865	combined	seq.25917.12	Somalogic	proteomics	SomaScan	7k
Plasma	HLA class I histocompatibility antigen, alpha chain E	25918-60	ENSG00000229252|ENSG00000206493|ENSG00000236632|ENSG00000225201|ENSG00000204592|ENSG00000230254|ENSG00000233904	P13747	combined	seq.25918.60	Somalogic	proteomics	SomaScan	7k
Plasma	Inhibin a subunit	25921-3	ENSG00000123999	P05111	combined	seq.25921.3	Somalogic	proteomics	SomaScan	7k
Plasma	Low-density lipoprotein receptor-related protein 5	25922-7	ENSG00000162337	O75197	combined	seq.25922.7	Somalogic	proteomics	SomaScan	7k
Plasma	LIM domain-binding protein 1	25926-29	ENSG00000198728	Q86U70	combined	seq.25926.29	Somalogic	proteomics	SomaScan	7k
Plasma	Neurogenin-3	25938-13	ENSG00000122859	Q9Y4Z2	combined	seq.25938.13	Somalogic	proteomics	SomaScan	7k
Plasma	2'-5'-oligoadenylate synthetase like protein	25941-4	ENSG00000135114	Q15646	combined	seq.25941.4	Somalogic	proteomics	SomaScan	7k
Plasma	Phosphatidylinositol 3-kinase catalytic subunit type 3	25947-116	ENSG00000078142	Q8NEB9	combined	seq.25947.116	Somalogic	proteomics	SomaScan	7k
Plasma	Serine/threonine-protein kinase N2	25948-18	ENSG00000065243	Q16513	combined	seq.25948.18	Somalogic	proteomics	SomaScan	7k
Plasma	1-phosphatidylinositol 4,5-bisphosphate phosphodiesterase delta-3	25949-3	ENSG00000161714	Q8N3E9	combined	seq.25949.3	Somalogic	proteomics	SomaScan	7k
Plasma	Preferentially expressed antigen of melanoma	25951-17	ENSG00000275013|ENSG00000185686	P78395	combined	seq.25951.17	Somalogic	proteomics	SomaScan	7k
Plasma	Receptor-type tyrosine-protein phosphatase-like N	25954-3	ENSG00000054356	Q16849	combined	seq.25954.3	Somalogic	proteomics	SomaScan	7k
Plasma	Rap guanine nucleotide exchange factor 1	25956-9	ENSG00000107263	Q13905	combined	seq.25956.9	Somalogic	proteomics	SomaScan	7k
Plasma	Sex-determining region Y protein	25957-5	ENSG00000184895	Q05066	combined	seq.25957.5	Somalogic	proteomics	SomaScan	7k
Plasma	Plastin-3	25960-15	ENSG00000102024	P13797	combined	seq.25960.15	Somalogic	proteomics	SomaScan	7k
Plasma	Serine/threonine-protein kinase WNK1	25962-51		Q9H4A3	combined	seq.25962.51	Somalogic	proteomics	SomaScan	7k
Plasma	Exportin-5	25963-2	ENSG00000124571	Q9HAV4	combined	seq.25963.2	Somalogic	proteomics	SomaScan	7k
Plasma	Complement C1q tumor necrosis factor-related protein 4	25964-12	ENSG00000172247|ENSG00000284838	Q9BXJ3	combined	seq.25964.12	Somalogic	proteomics	SomaScan	7k
Plasma	Metalloproteinase inhibitor 1	25967-34	ENSG00000102265	P01033	combined	seq.25967.34	Somalogic	proteomics	SomaScan	7k
Plasma	Vascular endothelial growth factor A	2597-8	ENSG00000112715	P15692	combined	seq.2597.8	Somalogic	proteomics	SomaScan	7k
Plasma	Tumor necrosis factor receptor superfamily member 9	2598-9	ENSG00000049249	Q07011	combined	seq.2598.9	Somalogic	proteomics	SomaScan	7k
Plasma	Tumor necrosis factor ligand superfamily member 9	2599-51	ENSG00000125657	P41273	combined	seq.2599.51	Somalogic	proteomics	SomaScan	7k
Plasma	Angiopoietin-2	2602-2	ENSG00000091879	O15123	combined	seq.2602.2	Somalogic	proteomics	SomaScan	7k
Plasma	T-lymphocyte activation antigen CD80	2603-61	ENSG00000121594	P33681	combined	seq.2603.61	Somalogic	proteomics	SomaScan	7k
Plasma	Tumor necrosis factor receptor superfamily member 8	2605-49	ENSG00000120949	P28908	combined	seq.2605.49	Somalogic	proteomics	SomaScan	7k
Plasma	Cytokine receptor-like factor 1:Cardiotrophin-like cytokine factor 1 Complex	2607-54	ENSG00000006016|ENSG00000175505	O75462|Q9UBD9	combined	seq.2607.54	Somalogic	proteomics	SomaScan	7k
Plasma	Cystatin-C	2609-59	ENSG00000101439	P01034	combined	seq.2609.59	Somalogic	proteomics	SomaScan	7k
Plasma	Tyrosine-protein kinase receptor TYRO3	2611-72	ENSG00000092445	Q06418	combined	seq.2611.72	Somalogic	proteomics	SomaScan	7k
Plasma	Eukaryotic translation initiation factor 5	2612-5	ENSG00000100664	P55010	combined	seq.2612.5	Somalogic	proteomics	SomaScan	7k
Plasma	Ephrin-A4	2614-28	ENSG00000243364	P52798	combined	seq.2614.28	Somalogic	proteomics	SomaScan	7k
Plasma	Ephrin-A5	2615-60	ENSG00000184349	P52803	combined	seq.2615.60	Somalogic	proteomics	SomaScan	7k
Plasma	Receptor tyrosine-protein kinase erbB-2	2616-23	ENSG00000141736	P04626	combined	seq.2616.23	Somalogic	proteomics	SomaScan	7k
Plasma	Receptor tyrosine-protein kinase erbB-3	2617-56	ENSG00000065361	P21860	combined	seq.2617.56	Somalogic	proteomics	SomaScan	7k
Plasma	Receptor tyrosine-protein kinase erbB-4	2618-10	ENSG00000178568	Q15303	combined	seq.2618.10	Somalogic	proteomics	SomaScan	7k
Plasma	Tumor-associated calcium signal transducer 2	2619-72	ENSG00000184292	P09758	combined	seq.2619.72	Somalogic	proteomics	SomaScan	7k
Plasma	Interleukin-6 receptor subunit beta	2620-4	ENSG00000134352	P40189	combined	seq.2620.4	Somalogic	proteomics	SomaScan	7k
Plasma	Heme oxygenase 2	2622-18	ENSG00000103415|ENSG00000277424	P30519	combined	seq.2622.18	Somalogic	proteomics	SomaScan	7k
Plasma	Hsp90alpha	2625-53	ENSG00000080824	P07900	combined	seq.2625.53	Somalogic	proteomics	SomaScan	7k
Plasma	Interleukin-1 Receptor accessory protein	2630-12	ENSG00000196083	Q9NPH3	combined	seq.2630.12	Somalogic	proteomics	SomaScan	7k
Plasma	Interleukin-10 receptor subunit beta	2631-50	ENSG00000243646	Q08334	combined	seq.2631.50	Somalogic	proteomics	SomaScan	7k
Plasma	Interleukin-12 receptor subunit beta-1	2632-5	ENSG00000096996	P42701	combined	seq.2632.5	Somalogic	proteomics	SomaScan	7k
Plasma	Interleukin-13 receptor subunit alpha-1	2633-52	ENSG00000131724	P78552	combined	seq.2633.52	Somalogic	proteomics	SomaScan	7k
Plasma	Cytokine receptor common subunit gamma	2634-2	ENSG00000147168	P31785	combined	seq.2634.2	Somalogic	proteomics	SomaScan	7k
Plasma	Layilin	2635-61	ENSG00000204381	Q6UX15	combined	seq.2635.61	Somalogic	proteomics	SomaScan	7k
Plasma	Tumor necrosis factor receptor superfamily member 3	2636-10	ENSG00000111321	P36941	combined	seq.2636.10	Somalogic	proteomics	SomaScan	7k
Plasma	Macrophage mannose receptor 1	2637-77	ENSG00000260314	P22897	combined	seq.2637.77	Somalogic	proteomics	SomaScan	7k
Plasma	Macrophage colony-stimulating factor 1 receptor	2638-12	ENSG00000182578	P07333	combined	seq.2638.12	Somalogic	proteomics	SomaScan	7k
Plasma	Macrophage-stimulating protein receptor	2640-3	ENSG00000164078	Q04912	combined	seq.2640.3	Somalogic	proteomics	SomaScan	7k
Plasma	Platelet-activating factor acetylhydrolase IB subunit beta	2642-4	ENSG00000168092	P68402	combined	seq.2642.4	Somalogic	proteomics	SomaScan	7k
Plasma	Cadherin-3	2643-57	ENSG00000062038	P22223	combined	seq.2643.57	Somalogic	proteomics	SomaScan	7k
Plasma	Protein kinase C alpha type	2644-11	ENSG00000154229	P17252	combined	seq.2644.11	Somalogic	proteomics	SomaScan	7k
Plasma	Protein kinase C zeta type	2645-54	ENSG00000067606	Q05513	combined	seq.2645.54	Somalogic	proteomics	SomaScan	7k
Plasma	Rab GDP dissociation inhibitor beta	2647-66	ENSG00000057608	P50395	combined	seq.2647.66	Somalogic	proteomics	SomaScan	7k
Plasma	Intercellular adhesion molecule 3	2649-77	ENSG00000076662	P32942	combined	seq.2649.77	Somalogic	proteomics	SomaScan	7k
Plasma	Urokinase plasminogen activator surface receptor	2652-15	ENSG00000011422	Q03405	combined	seq.2652.15	Somalogic	proteomics	SomaScan	7k
Plasma	Tumor necrosis factor receptor superfamily member 1A	2654-19	ENSG00000067182	P19438	combined	seq.2654.19	Somalogic	proteomics	SomaScan	7k
Plasma	NT-3 growth factor receptor	2658-27	ENSG00000140538	Q16288	combined	seq.2658.27	Somalogic	proteomics	SomaScan	7k
Plasma	Tumor necrosis factor receptor superfamily member 17	2665-26	ENSG00000048462	Q02223	combined	seq.2665.26	Somalogic	proteomics	SomaScan	7k
Plasma	Decorin	2666-53	ENSG00000011465	P07585	combined	seq.2666.53	Somalogic	proteomics	SomaScan	7k
Plasma	Calpain I	2668-70	ENSG00000126247|ENSG00000014216	P04632|P07384	combined	seq.2668.70	Somalogic	proteomics	SomaScan	7k
Plasma	Creatine kinase M-type	2670-67	ENSG00000104879	P06732	combined	seq.2670.67	Somalogic	proteomics	SomaScan	7k
Plasma	Epidermal growth factor receptor	2677-1	ENSG00000146648	P00533	combined	seq.2677.1	Somalogic	proteomics	SomaScan	7k
Plasma	Hepatocyte growth factor	2681-23	ENSG00000019991	P14210	combined	seq.2681.23	Somalogic	proteomics	SomaScan	7k
Plasma	60 kDa heat shock protein, mitochondrial	2682-68	ENSG00000144381	P10809	combined	seq.2682.68	Somalogic	proteomics	SomaScan	7k
Plasma	Complement C3b, inactivated	2683-1	ENSG00000125730	P01024	combined	seq.2683.1	Somalogic	proteomics	SomaScan	7k
Plasma	Insulin-like growth factor-binding protein 5	2685-21	ENSG00000115461	P24593	combined	seq.2685.21	Somalogic	proteomics	SomaScan	7k
Plasma	Insulin-like growth factor-binding protein 6	2686-67	ENSG00000167779	P24592	combined	seq.2686.67	Somalogic	proteomics	SomaScan	7k
Plasma	Melanoma-derived growth regulatory protein	2687-2	ENSG00000261857	Q16674	combined	seq.2687.2	Somalogic	proteomics	SomaScan	7k
Plasma	Phospholipase A2, membrane associated	2692-74	ENSG00000188257	P14555	combined	seq.2692.74	Somalogic	proteomics	SomaScan	7k
Plasma	Oncostatin-M	2693-20	ENSG00000099985	P13725	combined	seq.2693.20	Somalogic	proteomics	SomaScan	7k
Plasma	Platelet endothelial cell adhesion molecule	2695-25	ENSG00000261371	P16284	combined	seq.2695.25	Somalogic	proteomics	SomaScan	7k
Plasma	Persephin	2696-87	ENSG00000125650	O60542	combined	seq.2696.87	Somalogic	proteomics	SomaScan	7k
Plasma	Platelet factor 4	2697-7	ENSG00000163737	P02776	combined	seq.2697.7	Somalogic	proteomics	SomaScan	7k
Plasma	Vitamin K-dependent protein S	2700-56	ENSG00000184500	P07225	combined	seq.2700.56	Somalogic	proteomics	SomaScan	7k
Plasma	Tumor necrosis factor receptor superfamily member 13B	2704-74	ENSG00000240505	O14836	combined	seq.2704.74	Somalogic	proteomics	SomaScan	7k
Plasma	C-C motif chemokine 25	2705-5	ENSG00000131142	O15444	combined	seq.2705.5	Somalogic	proteomics	SomaScan	7k
Plasma	Thyroxine-binding globulin	2706-69	ENSG00000123561	P05543	combined	seq.2706.69	Somalogic	proteomics	SomaScan	7k
Plasma	Tumor necrosis factor ligand superfamily member 18	2708-54	ENSG00000120337	Q9UNG2	combined	seq.2708.54	Somalogic	proteomics	SomaScan	7k
Plasma	Ciliary neurotrophic factor receptor subunit alpha	2711-6	ENSG00000122756	P26992	combined	seq.2711.6	Somalogic	proteomics	SomaScan	7k
Plasma	Endothelial monocyte-activating polypeptide 2	2714-78	ENSG00000164022	Q12904	combined	seq.2714.78	Somalogic	proteomics	SomaScan	7k
Plasma	Erythropoietin receptor	2715-25	ENSG00000187266	P19235	combined	seq.2715.25	Somalogic	proteomics	SomaScan	7k
Plasma	Granulocyte colony-stimulating factor receptor	2719-3	ENSG00000119535	Q99062	combined	seq.2719.3	Somalogic	proteomics	SomaScan	7k
Plasma	Interleukin-37	2723-9	ENSG00000125571	Q9NZH6	combined	seq.2723.9	Somalogic	proteomics	SomaScan	7k
Plasma	Tenascin	2728-62	ENSG00000041982	P24821	combined	seq.2728.62	Somalogic	proteomics	SomaScan	7k
Plasma	MHC class I polypeptide-related sequence A	2730-58	ENSG00000235233|ENSG00000183214	Q29983	combined	seq.2730.58	Somalogic	proteomics	SomaScan	7k
Plasma	NADPH--cytochrome P450 reductase	2731-29	ENSG00000127948	P16435	combined	seq.2731.29	Somalogic	proteomics	SomaScan	7k
Plasma	Homeobox protein NANOG	2732-58	ENSG00000111704	Q9H9S0	combined	seq.2732.58	Somalogic	proteomics	SomaScan	7k
Plasma	Natural cytotoxicity triggering receptor 2	2734-49	ENSG00000096264	O95944	combined	seq.2734.49	Somalogic	proteomics	SomaScan	7k
Plasma	Protein NOV homolog	2737-22	ENSG00000136999	P48745	combined	seq.2737.22	Somalogic	proteomics	SomaScan	7k
Plasma	Sialic acid-binding Ig-like lectin 6	2741-22	ENSG00000105492	O43699	combined	seq.2741.22	Somalogic	proteomics	SomaScan	7k
Plasma	Sialic acid-binding Ig-like lectin 7	2742-68	ENSG00000168995	Q9Y286	combined	seq.2742.68	Somalogic	proteomics	SomaScan	7k
Plasma	Sonic hedgehog protein	2743-5	ENSG00000164690	Q15465	combined	seq.2743.5	Somalogic	proteomics	SomaScan	7k
Plasma	Immunoglobulin G	2744-57	ENSG00000211897|ENSG00000211896|ENSG00000211892|ENSG00000211893	P01857	combined	seq.2744.57	Somalogic	proteomics	SomaScan	7k
Plasma	Cytokine receptor-like factor 2	2746-56	ENSG00000205755	Q9HC73	combined	seq.2746.56	Somalogic	proteomics	SomaScan	7k
Plasma	NKG2D ligand 3	2747-3	ENSG00000131019	Q9BZM4	combined	seq.2747.3	Somalogic	proteomics	SomaScan	7k
Plasma	Activin A	2748-3	ENSG00000122641	P08476	combined	seq.2748.3	Somalogic	proteomics	SomaScan	7k
Plasma	Apolipoprotein A-I	2750-3	ENSG00000118137	P02647	combined	seq.2750.3	Somalogic	proteomics	SomaScan	7k
Plasma	Azurocidin	2751-16	ENSG00000278624|ENSG00000172232	P20160	combined	seq.2751.16	Somalogic	proteomics	SomaScan	7k
Plasma	Growth/differentiation factor 5	2752-62	ENSG00000125965	P43026	combined	seq.2752.62	Somalogic	proteomics	SomaScan	7k
Plasma	Complement C1q subcomponent	2753-2	ENSG00000159189|ENSG00000173369|ENSG00000173372	P02747|P02746|P02745	combined	seq.2753.2	Somalogic	proteomics	SomaScan	7k
Plasma	Complement C3	2754-50	ENSG00000125730	P01024	combined	seq.2754.50	Somalogic	proteomics	SomaScan	7k
Plasma	C3a anaphylatoxin des Arginine	2755-8	ENSG00000125730	P01024	combined	seq.2755.8	Somalogic	proteomics	SomaScan	7k
Plasma	Protein FAM107A	2760-2	ENSG00000168309	O95990	combined	seq.2760.2	Somalogic	proteomics	SomaScan	7k
Plasma	Fibroblast growth factor 18	2761-49	ENSG00000156427	O76093	combined	seq.2761.49	Somalogic	proteomics	SomaScan	7k
Plasma	Fibroblast growth factor 19	2762-30	ENSG00000162344	O95750	combined	seq.2762.30	Somalogic	proteomics	SomaScan	7k
Plasma	Fibroblast growth factor 20	2763-66	ENSG00000078579	Q9NP95	combined	seq.2763.66	Somalogic	proteomics	SomaScan	7k
Plasma	Growth/differentiation factor 11/8	2765-4	ENSG00000138379|ENSG00000135414	O14793|O95390	combined	seq.2765.4	Somalogic	proteomics	SomaScan	7k
Plasma	Hemopexin	2768-56	ENSG00000110169	P02790	combined	seq.2768.56	Somalogic	proteomics	SomaScan	7k
Plasma	Protein Rev_HV2BE	2769-3		P18093	combined	seq.2769.3	Somalogic	proteomics	SomaScan	7k
Plasma	C-C motif chemokine 1	2770-51	ENSG00000108702	P22362	combined	seq.2770.51	Somalogic	proteomics	SomaScan	7k
Plasma	Insulin-like growth factor-binding protein 1	2771-35	ENSG00000146678	P08833	combined	seq.2771.35	Somalogic	proteomics	SomaScan	7k
Plasma	Interleukin-10	2773-50	ENSG00000136634	P22301	combined	seq.2773.50	Somalogic	proteomics	SomaScan	7k
Plasma	Interleukin-16	2774-10	ENSG00000172349	Q14005	combined	seq.2774.10	Somalogic	proteomics	SomaScan	7k
Plasma	Interleukin-17F	2775-54	ENSG00000112116	Q96PD4	combined	seq.2775.54	Somalogic	proteomics	SomaScan	7k
Plasma	Interleukin-22	2778-10	ENSG00000127318	Q9GZX6	combined	seq.2778.10	Somalogic	proteomics	SomaScan	7k
Plasma	Lactotransferrin	2780-35	ENSG00000012223	P02788	combined	seq.2780.35	Somalogic	proteomics	SomaScan	7k
Plasma	C-C motif chemokine 4-like	2781-63	ENSG00000276125|ENSG00000275313|ENSG00000282604|ENSG00000276070	Q8NHW4	combined	seq.2781.63	Somalogic	proteomics	SomaScan	7k
Plasma	C-C motif chemokine 3-like 1	2783-18	ENSG00000277796|ENSG00000277768|ENSG00000276085|ENSG00000277336	P16619	combined	seq.2783.18	Somalogic	proteomics	SomaScan	7k
Plasma	C-C motif chemokine 8	2785-15	ENSG00000108700	P80075	combined	seq.2785.15	Somalogic	proteomics	SomaScan	7k
Plasma	Stromelysin-1	2788-55	ENSG00000149968	P08254	combined	seq.2788.55	Somalogic	proteomics	SomaScan	7k
Plasma	Matrilysin	2789-26	ENSG00000137673	P09237	combined	seq.2789.26	Somalogic	proteomics	SomaScan	7k
Plasma	Neutrophil-activating peptide 2	2790-54	ENSG00000163736	P02775	combined	seq.2790.54	Somalogic	proteomics	SomaScan	7k
Plasma	Superoxide dismutase [Cu-Zn]	2794-60	ENSG00000142168	P00441	combined	seq.2794.60	Somalogic	proteomics	SomaScan	7k
Plasma	Fibrinogen	2796-62	ENSG00000171557|ENSG00000171564|ENSG00000171560	P02679|P02675|P02671	combined	seq.2796.62	Somalogic	proteomics	SomaScan	7k
Plasma	Apolipoprotein B	2797-56	ENSG00000084674	P04114	combined	seq.2797.56	Somalogic	proteomics	SomaScan	7k
Plasma	Angiotensin-converting enzyme 2	2805-6	ENSG00000130234	Q9BYF1	combined	seq.2805.6	Somalogic	proteomics	SomaScan	7k
Plasma	Activin receptor type-1B	2806-49	ENSG00000135503	P36896	combined	seq.2806.49	Somalogic	proteomics	SomaScan	7k
Plasma	A disintegrin and metalloproteinase with thrombospondin motifs 4	2809-25	ENSG00000158859	O75173	combined	seq.2809.25	Somalogic	proteomics	SomaScan	7k
Plasma	Angiopoietin-1	2811-27	ENSG00000154188	Q15389	combined	seq.2811.27	Somalogic	proteomics	SomaScan	7k
Plasma	Agouti-related protein	2813-11	ENSG00000159723	O00253	combined	seq.2813.11	Somalogic	proteomics	SomaScan	7k
Plasma	Basal Cell Adhesion Molecule	2816-50	ENSG00000187244	P50895	combined	seq.2816.50	Somalogic	proteomics	SomaScan	7k
Plasma	Cadherin-5	2819-23	ENSG00000179776	P33151	combined	seq.2819.23	Somalogic	proteomics	SomaScan	7k
Plasma	CD97 antigen	2822-56	ENSG00000123146	P48960	combined	seq.2822.56	Somalogic	proteomics	SomaScan	7k
Plasma	COMM domain-containing protein 7	2823-7	ENSG00000149600	Q86VX2	combined	seq.2823.7	Somalogic	proteomics	SomaScan	7k
Plasma	Ectodysplasin-A, secreted form	2826-53	ENSG00000158813	Q92838	combined	seq.2826.53	Somalogic	proteomics	SomaScan	7k
Plasma	Fractalkine	2827-23	ENSG00000006210	P78423	combined	seq.2827.23	Somalogic	proteomics	SomaScan	7k
Plasma	Kunitz-type protease inhibitor 1	2828-82	ENSG00000166145	O43278	combined	seq.2828.82	Somalogic	proteomics	SomaScan	7k
Plasma	Interleukin-27	2829-19	ENSG00000105246|ENSG00000197272	Q14213|Q8NEV9	combined	seq.2829.19	Somalogic	proteomics	SomaScan	7k
Plasma	Kallikrein-11	2831-29	ENSG00000167757	Q9UBX7	combined	seq.2831.29	Somalogic	proteomics	SomaScan	7k
Plasma	Kallikrein-8	2834-54	ENSG00000129455	O60259	combined	seq.2834.54	Somalogic	proteomics	SomaScan	7k
Plasma	X-ray repair cross-complementing protein 6	2835-1	ENSG00000196419	P12956	combined	seq.2835.1	Somalogic	proteomics	SomaScan	7k
Plasma	Hepatocyte growth factor receptor	2837-3	ENSG00000105976	P08581	combined	seq.2837.3	Somalogic	proteomics	SomaScan	7k
Plasma	Matrix metalloproteinase-17	2838-53	ENSG00000198598	Q9ULZ9	combined	seq.2838.53	Somalogic	proteomics	SomaScan	7k
Plasma	Tumor necrosis factor ligand superfamily member 4	2839-2	ENSG00000117586	P23510	combined	seq.2839.2	Somalogic	proteomics	SomaScan	7k
Plasma	Secreted frizzled-related protein 3	2841-13	ENSG00000162998	Q92765	combined	seq.2841.13	Somalogic	proteomics	SomaScan	7k
Plasma	Kunitz-type protease inhibitor 2	2843-13	ENSG00000167642	O43291	combined	seq.2843.13	Somalogic	proteomics	SomaScan	7k
Plasma	Tyrosine-protein kinase receptor Tie-1, soluble	2844-53	ENSG00000066056	P35590	combined	seq.2844.53	Somalogic	proteomics	SomaScan	7k
Plasma	Ubiquitin+1, truncated mutation for UbB	2846-24	ENSG00000143947	P62979	combined	seq.2846.24	Somalogic	proteomics	SomaScan	7k
Plasma	Wnt inhibitory factor 1	2848-2	ENSG00000156076	Q9Y5W5	combined	seq.2848.2	Somalogic	proteomics	SomaScan	7k
Plasma	Allograft inflammatory factor 1	2849-49	ENSG00000234836|ENSG00000235588|ENSG00000237727|ENSG00000206428|ENSG00000235985|ENSG00000204472	P55008	combined	seq.2849.49	Somalogic	proteomics	SomaScan	7k
Plasma	C5a anaphylatoxin	2851-63	ENSG00000106804	P01031	combined	seq.2851.63	Somalogic	proteomics	SomaScan	7k
Plasma	Serine/threonine-protein kinase Chk1	2853-68	ENSG00000149554	O14757	combined	seq.2853.68	Somalogic	proteomics	SomaScan	7k
Plasma	Mitogen-activated protein kinase 3	2855-49	ENSG00000102882	P27361	combined	seq.2855.49	Somalogic	proteomics	SomaScan	7k
Plasma	Glucocorticoid receptor	2857-70	ENSG00000113580	P04150	combined	seq.2857.70	Somalogic	proteomics	SomaScan	7k
Plasma	Histone acetyltransferase type B catalytic subunit	2858-29	ENSG00000128708	O14929	combined	seq.2858.29	Somalogic	proteomics	SomaScan	7k
Plasma	Histone deacetylase 8	2859-69	ENSG00000147099	Q9BY41	combined	seq.2859.69	Somalogic	proteomics	SomaScan	7k
Plasma	Importin subunit alpha-1	2860-19	ENSG00000182481	P52292	combined	seq.2860.19	Somalogic	proteomics	SomaScan	7k
Plasma	Dual specificity mitogen-activated protein kinase kinase 1	2864-2	ENSG00000169032	Q02750	combined	seq.2864.2	Somalogic	proteomics	SomaScan	7k
Plasma	RAC-alpha serine/threonine-protein kinase	2867-52	ENSG00000142208	P31749	combined	seq.2867.52	Somalogic	proteomics	SomaScan	7k
Plasma	Protein kinase C delta type	2869-68	ENSG00000163932	Q05655	combined	seq.2869.68	Somalogic	proteomics	SomaScan	7k
Plasma	Ras-related C3 botulinum toxin substrate 1	2870-29	ENSG00000136238	P63000	combined	seq.2870.29	Somalogic	proteomics	SomaScan	7k
Plasma	DNA repair protein RAD51 homolog 1	2871-73	ENSG00000051180	Q06609	combined	seq.2871.73	Somalogic	proteomics	SomaScan	7k
Plasma	TATA-box-binding protein	2875-15	ENSG00000112592	P20226	combined	seq.2875.15	Somalogic	proteomics	SomaScan	7k
Plasma	DNA topoisomerase 1	2876-74	ENSG00000198900	P11387	combined	seq.2876.74	Somalogic	proteomics	SomaScan	7k
Plasma	SUMO-conjugating enzyme UBC9	2877-3	ENSG00000103275	P63279	combined	seq.2877.3	Somalogic	proteomics	SomaScan	7k
Plasma	Tyrosine-protein kinase Yes	2878-66	ENSG00000176105	P07947	combined	seq.2878.66	Somalogic	proteomics	SomaScan	7k
Plasma	Alpha-1-antichymotrypsin	2879-9	ENSG00000196136	P01011	combined	seq.2879.9	Somalogic	proteomics	SomaScan	7k
Plasma	Complement component C7	2888-49	ENSG00000112936	P10643	combined	seq.2888.49	Somalogic	proteomics	SomaScan	7k
Plasma	Cardiotrophin-1	2889-37	ENSG00000150281	Q16619	combined	seq.2889.37	Somalogic	proteomics	SomaScan	7k
Plasma	C-C motif chemokine 28	2890-59	ENSG00000151882	Q9NRJ3	combined	seq.2890.59	Somalogic	proteomics	SomaScan	7k
Plasma	B-cell receptor CD22	2891-1	ENSG00000012124	P20273	combined	seq.2891.1	Somalogic	proteomics	SomaScan	7k
Plasma	C-C motif chemokine 14	2900-53	ENSG00000277236|ENSG00000276409	Q16627	combined	seq.2900.53	Somalogic	proteomics	SomaScan	7k
Plasma	Interleukin-4	2906-55	ENSG00000113520	P05112	combined	seq.2906.55	Somalogic	proteomics	SomaScan	7k
Plasma	Midkine	2911-27	ENSG00000110492	P21741	combined	seq.2911.27	Somalogic	proteomics	SomaScan	7k
Plasma	C-C motif chemokine 23	2913-1	ENSG00000276114|ENSG00000274736	P55773	combined	seq.2913.1	Somalogic	proteomics	SomaScan	7k
Plasma	Proliferating cell nuclear antigen	2915-6	ENSG00000132646	P12004	combined	seq.2915.6	Somalogic	proteomics	SomaScan	7k
Plasma	Tumor necrosis factor ligand superfamily member 11	2917-3	ENSG00000120659	O14788	combined	seq.2917.3	Somalogic	proteomics	SomaScan	7k
Plasma	Plasminogen activator inhibitor 1	2925-9	ENSG00000106366	P05121	combined	seq.2925.9	Somalogic	proteomics	SomaScan	7k
Plasma	Apolipoprotein E (isoform E3)	2937-10	ENSG00000130203	P02649	combined	seq.2937.10	Somalogic	proteomics	SomaScan	7k
Plasma	Apolipoprotein E (isoform E4)	2938-55	ENSG00000130203	P02649	combined	seq.2938.55	Somalogic	proteomics	SomaScan	7k
Plasma	Artemin	2939-10	ENSG00000117407	Q5T4W7	combined	seq.2939.10	Somalogic	proteomics	SomaScan	7k
Plasma	Cytochrome c	2942-50	ENSG00000172115	P99999	combined	seq.2942.50	Somalogic	proteomics	SomaScan	7k
Plasma	Cytochrome P450 3A4	2943-5	ENSG00000160868	P08684	combined	seq.2943.5	Somalogic	proteomics	SomaScan	7k
Plasma	Neuroblastoma suppressor of tumorigenicity 1	2944-66	ENSG00000158747	P41271	combined	seq.2944.66	Somalogic	proteomics	SomaScan	7k
Plasma	Complement factor D	2946-52	ENSG00000274619|ENSG00000197766	P00746	combined	seq.2946.52	Somalogic	proteomics	SomaScan	7k
Plasma	Growth hormone receptor	2948-58	ENSG00000112964	P10912	combined	seq.2948.58	Somalogic	proteomics	SomaScan	7k
Plasma	Group 10 secretory phospholipase A2	2949-6	ENSG00000069764|ENSG00000276870	O15496	combined	seq.2949.6	Somalogic	proteomics	SomaScan	7k
Plasma	Insulin-like growth factor-binding protein 4	2950-57	ENSG00000141753	P22692	combined	seq.2950.57	Somalogic	proteomics	SomaScan	7k
Plasma	Insulin-like growth factor I	2952-75	ENSG00000017427	P05019	combined	seq.2952.75	Somalogic	proteomics	SomaScan	7k
Plasma	Luteinizing hormone	2953-31	ENSG00000104826|ENSG00000135346	P01229|P01215	combined	seq.2953.31	Somalogic	proteomics	SomaScan	7k
Plasma	Neutrophil collagenase	2954-56	ENSG00000118113	P22894	combined	seq.2954.56	Somalogic	proteomics	SomaScan	7k
Plasma	Properdin	2960-66	ENSG00000126759	P27918	combined	seq.2960.66	Somalogic	proteomics	SomaScan	7k
Plasma	Vitamin K-dependent protein C	2961-1	ENSG00000115718	P04070	combined	seq.2961.1	Somalogic	proteomics	SomaScan	7k
Plasma	Parathyroid hormone-related protein	2962-50	ENSG00000087494	P12272	combined	seq.2962.50	Somalogic	proteomics	SomaScan	7k
Plasma	Stem cell growth factor-beta	2966-65		Q9Y240	combined	seq.2966.65	Somalogic	proteomics	SomaScan	7k
Plasma	Vascular cell adhesion protein 1	2967-8	ENSG00000162692	P19320	combined	seq.2967.8	Somalogic	proteomics	SomaScan	7k
Plasma	Tumor necrosis factor ligand superfamily member 15	2968-61	ENSG00000181634	O95150	combined	seq.2968.61	Somalogic	proteomics	SomaScan	7k
Plasma	Serine/threonine-protein kinase receptor R3	2969-11	ENSG00000139567	P37023	combined	seq.2969.11	Somalogic	proteomics	SomaScan	7k
Plasma	Amphiregulin	2970-60	ENSG00000109321	P15514	combined	seq.2970.60	Somalogic	proteomics	SomaScan	7k
Plasma	Bone morphogenetic protein 7	2972-57	ENSG00000101144	P18075	combined	seq.2972.57	Somalogic	proteomics	SomaScan	7k
Plasma	Platelet glycoprotein 4	2973-15	ENSG00000135218	P16671	combined	seq.2973.15	Somalogic	proteomics	SomaScan	7k
Plasma	Contactin-1	2974-61	ENSG00000018236	Q12860	combined	seq.2974.61	Somalogic	proteomics	SomaScan	7k
Plasma	Connective tissue growth factor	2975-19	ENSG00000118523	P29279	combined	seq.2975.19	Somalogic	proteomics	SomaScan	7k
Plasma	Desmoglein-1	2976-58	ENSG00000134760	Q02413	combined	seq.2976.58	Somalogic	proteomics	SomaScan	7k
Plasma	Tumor necrosis factor receptor superfamily member EDAR	2977-7	ENSG00000135960	Q9UNE0	combined	seq.2977.7	Somalogic	proteomics	SomaScan	7k
Plasma	C-X-C motif chemokine 5	2979-8	ENSG00000163735	P42830	combined	seq.2979.8	Somalogic	proteomics	SomaScan	7k
Plasma	Endothelial cell-selective adhesion molecule	2981-9	ENSG00000149564	Q96AP7	combined	seq.2981.9	Somalogic	proteomics	SomaScan	7k
Plasma	Galectin-4	2982-82	ENSG00000171747|ENSG00000282992	P56470	combined	seq.2982.82	Somalogic	proteomics	SomaScan	7k
Plasma	Growth-regulated alpha protein	2985-35	ENSG00000163739	P09341	combined	seq.2985.35	Somalogic	proteomics	SomaScan	7k
Plasma	Gro-gamma	2986-49	ENSG00000163734	P19876	combined	seq.2986.49	Somalogic	proteomics	SomaScan	7k
Plasma	Histone H1.2	2987-37	ENSG00000187837	P16403	combined	seq.2987.37	Somalogic	proteomics	SomaScan	7k
Plasma	Interferon gamma	2989-17	ENSG00000111537	P01579	combined	seq.2989.17	Somalogic	proteomics	SomaScan	7k
Plasma	Interleukin-1 receptor type 1	2991-9	ENSG00000115594	P14778	combined	seq.2991.9	Somalogic	proteomics	SomaScan	7k
Plasma	Interleukin-17 receptor A	2992-59	ENSG00000177663	Q96F46	combined	seq.2992.59	Somalogic	proteomics	SomaScan	7k
Plasma	Interleukin-18 receptor accessory protein	2993-1	ENSG00000115607	O95256	combined	seq.2993.1	Somalogic	proteomics	SomaScan	7k
Plasma	Interleukin-1 receptor-like 2	2994-71	ENSG00000115598	Q9HB29	combined	seq.2994.71	Somalogic	proteomics	SomaScan	7k
Plasma	Junctional adhesion molecule B	2997-8	ENSG00000154721	P57087	combined	seq.2997.8	Somalogic	proteomics	SomaScan	7k
Plasma	Junctional adhesion molecule C	2998-53	ENSG00000166086	Q9BX67	combined	seq.2998.53	Somalogic	proteomics	SomaScan	7k
Plasma	Limbic system-associated membrane protein	2999-6	ENSG00000185565	Q13449	combined	seq.2999.6	Somalogic	proteomics	SomaScan	7k
Plasma	Mannose-binding protein C	3000-66	ENSG00000165471	P11226	combined	seq.3000.66	Somalogic	proteomics	SomaScan	7k
Plasma	Natural cytotoxicity triggering receptor 3	3003-29	ENSG00000225211|ENSG00000236315|ENSG00000206430|ENSG00000204475|ENSG00000236979|ENSG00000237808|ENSG00000223833|ENSG00000237103	O14931	combined	seq.3003.29	Somalogic	proteomics	SomaScan	7k
Plasma	Programmed cell death 1 ligand 2	3004-67	ENSG00000197646	Q9BQ51	combined	seq.3004.67	Somalogic	proteomics	SomaScan	7k
Plasma	Tyrosine-protein phosphatase non-receptor type 1	3005-5	ENSG00000196396	P18031	combined	seq.3005.5	Somalogic	proteomics	SomaScan	7k
Plasma	Sialic acid-binding Ig-like lectin 9	3007-7	ENSG00000129450	Q9Y336	combined	seq.3007.7	Somalogic	proteomics	SomaScan	7k
Plasma	Transforming growth factor beta receptor type 3	3009-3	ENSG00000069702	Q03167	combined	seq.3009.3	Somalogic	proteomics	SomaScan	7k
Plasma	Thymic stromal lymphopoietin	3010-53	ENSG00000145777	Q969D9	combined	seq.3010.53	Somalogic	proteomics	SomaScan	7k
Plasma	Cytotoxic T-lymphocyte protein 4	3022-4	ENSG00000163599	P16410	combined	seq.3022.4	Somalogic	proteomics	SomaScan	7k
Plasma	Alpha-2-antiplasmin	3024-18	ENSG00000167711|ENSG00000276838	P08697	combined	seq.3024.18	Somalogic	proteomics	SomaScan	7k
Plasma	Fibroblast growth factor 2	3025-50	ENSG00000138685	P09038	combined	seq.3025.50	Somalogic	proteomics	SomaScan	7k
Plasma	Calpastatin	3026-5	ENSG00000153113	P20810	combined	seq.3026.5	Somalogic	proteomics	SomaScan	7k
Plasma	Ck-beta-8-1	3028-36	ENSG00000276114|ENSG00000274736	P55773	combined	seq.3028.36	Somalogic	proteomics	SomaScan	7k
Plasma	CD209 antigen	3029-52	ENSG00000090659	Q9NNX6	combined	seq.3029.52	Somalogic	proteomics	SomaScan	7k
Plasma	Follicle stimulating hormone	3032-11	ENSG00000131808|ENSG00000135346	P01225|P01215	combined	seq.3032.11	Somalogic	proteomics	SomaScan	7k
Plasma	Galectin-2	3033-57	ENSG00000100079	P05162	combined	seq.3033.57	Somalogic	proteomics	SomaScan	7k
Plasma	Glial fibrillary acidic protein	3034-1	ENSG00000131095	P14136	combined	seq.3034.1	Somalogic	proteomics	SomaScan	7k
Plasma	Interleukin-19	3035-80	ENSG00000142224	Q9UHD0	combined	seq.3035.80	Somalogic	proteomics	SomaScan	7k
Plasma	Interleukin-1 beta	3037-62	ENSG00000125538	P01584	combined	seq.3037.62	Somalogic	proteomics	SomaScan	7k
Plasma	C-X-C motif chemokine 11	3038-9	ENSG00000169248	O14625	combined	seq.3038.9	Somalogic	proteomics	SomaScan	7k
Plasma	C-C motif chemokine 3	3040-59	ENSG00000277632|ENSG00000278567|ENSG00000274221	P10147	combined	seq.3040.59	Somalogic	proteomics	SomaScan	7k
Plasma	C-type mannose receptor 2	3041-55	ENSG00000011028	Q9UBG0	combined	seq.3041.55	Somalogic	proteomics	SomaScan	7k
Plasma	Myoglobin	3042-7	ENSG00000198125	P02144	combined	seq.3042.7	Somalogic	proteomics	SomaScan	7k
Plasma	SPARC	3043-49	ENSG00000113140	P09486	combined	seq.3043.49	Somalogic	proteomics	SomaScan	7k
Plasma	C-C motif chemokine 18	3044-3	ENSG00000278167|ENSG00000275385|ENSG00000278006	P55774	combined	seq.3044.3	Somalogic	proteomics	SomaScan	7k
Plasma	Pleiotrophin	3045-72	ENSG00000105894	P21246	combined	seq.3045.72	Somalogic	proteomics	SomaScan	7k
Plasma	Resistin	3046-31	ENSG00000104918	Q9HD89	combined	seq.3046.31	Somalogic	proteomics	SomaScan	7k
Plasma	Trypsin-1	3049-61	ENSG00000204983|ENSG00000274247	P07477	combined	seq.3049.61	Somalogic	proteomics	SomaScan	7k
Plasma	von Willebrand factor	3050-7	ENSG00000110799	P04275	combined	seq.3050.7	Somalogic	proteomics	SomaScan	7k
Plasma	Tumor necrosis factor ligand superfamily member 6, soluble form	3052-8	ENSG00000117560	P48023	combined	seq.3052.8	Somalogic	proteomics	SomaScan	7k
Plasma	Fms-related tyrosine kinase 3 ligand	3053-49	ENSG00000090554	P49771	combined	seq.3053.49	Somalogic	proteomics	SomaScan	7k
Plasma	Haptoglobin	3054-3	ENSG00000257017	P00738	combined	seq.3054.3	Somalogic	proteomics	SomaScan	7k
Plasma	Interleukin-4 receptor subunit alpha	3055-54	ENSG00000077238	P24394	combined	seq.3055.54	Somalogic	proteomics	SomaScan	7k
Plasma	NKG2-D type II integral membrane protein	3056-11	ENSG00000213809	P26718	combined	seq.3056.11	Somalogic	proteomics	SomaScan	7k
Plasma	WNT1-inducible-signaling pathway protein 1	3057-55	ENSG00000104415	O95388	combined	seq.3057.55	Somalogic	proteomics	SomaScan	7k
Plasma	Tumor necrosis factor ligand superfamily member 13B	3059-50	ENSG00000102524	Q9Y275	combined	seq.3059.50	Somalogic	proteomics	SomaScan	7k
Plasma	Complement component C9	3060-43	ENSG00000113600	P02748	combined	seq.3060.43	Somalogic	proteomics	SomaScan	7k
Plasma	Cathepsin B	3061-61	ENSG00000164733|ENSG00000285132	P07858	combined	seq.3061.61	Somalogic	proteomics	SomaScan	7k
Plasma	Fibroblast growth factor 5	3065-65	ENSG00000138675	P12034	combined	seq.3065.65	Somalogic	proteomics	SomaScan	7k
Plasma	Galectin-3	3066-12	ENSG00000131981	P17931	combined	seq.3066.12	Somalogic	proteomics	SomaScan	7k
Plasma	Growth/differentiation factor 9	3067-67	ENSG00000164404	O60383	combined	seq.3067.67	Somalogic	proteomics	SomaScan	7k
Plasma	Immunoglobulin M	3069-52	ENSG00000211899|ENSG00000132465	P01871	combined	seq.3069.52	Somalogic	proteomics	SomaScan	7k
Plasma	Interleukin-2	3070-1	ENSG00000109471	P60568	combined	seq.3070.1	Somalogic	proteomics	SomaScan	7k
Plasma	Interleukin-13	3072-4	ENSG00000169194	P35225	combined	seq.3072.4	Somalogic	proteomics	SomaScan	7k
Plasma	Interleukin-18-binding protein	3073-51	ENSG00000137496	O95998	combined	seq.3073.51	Somalogic	proteomics	SomaScan	7k
Plasma	Lipopolysaccharide-binding protein	3074-6	ENSG00000129988	P18428	combined	seq.3074.6	Somalogic	proteomics	SomaScan	7k
Plasma	Coagulation factor Xa	3077-66	ENSG00000126218	P00742	combined	seq.3077.66	Somalogic	proteomics	SomaScan	7k
Plasma	Placenta growth factor	3078-1	ENSG00000119630	P49763	combined	seq.3078.1	Somalogic	proteomics	SomaScan	7k
Plasma	Retinoic acid receptor responder protein 2	3079-62	ENSG00000106538	Q99969	combined	seq.3079.62	Somalogic	proteomics	SomaScan	7k
Plasma	NKG2D ligand 1	3081-70	ENSG00000111981	Q9BZM6	combined	seq.3081.70	Somalogic	proteomics	SomaScan	7k
Plasma	NKG2D ligand 2	3082-9	ENSG00000131015	Q9BZM5	combined	seq.3082.9	Somalogic	proteomics	SomaScan	7k
Plasma	Tumor necrosis factor receptor superfamily member 27	3083-71	ENSG00000131080	Q9HAV5	combined	seq.3083.71	Somalogic	proteomics	SomaScan	7k
Plasma	Aurora kinase A	3091-70	ENSG00000087586	O14965	combined	seq.3091.70	Somalogic	proteomics	SomaScan	7k
Plasma	Mitogen-activated protein kinase 1	3115-64	ENSG00000100030	P28482	combined	seq.3115.64	Somalogic	proteomics	SomaScan	7k
Plasma	Diablo homolog, mitochondrial	3122-6	ENSG00000184047	Q9NR28	combined	seq.3122.6	Somalogic	proteomics	SomaScan	7k
Plasma	Vascular endothelial growth factor C	3132-1	ENSG00000150630	P49767	combined	seq.3132.1	Somalogic	proteomics	SomaScan	7k
Plasma	T-cell surface glycoprotein CD4	3143-3	ENSG00000010610	P01730	combined	seq.3143.3	Somalogic	proteomics	SomaScan	7k
Plasma	Gro-beta	3148-49	ENSG00000081041	P19875	combined	seq.3148.49	Somalogic	proteomics	SomaScan	7k
Plasma	Interleukin-2 receptor subunit alpha	3151-6	ENSG00000134460	P01589	combined	seq.3151.6	Somalogic	proteomics	SomaScan	7k
Plasma	Tumor necrosis factor receptor superfamily member 1B	3152-57	ENSG00000028137	P20333	combined	seq.3152.57	Somalogic	proteomics	SomaScan	7k
Plasma	Myeloid cell surface antigen CD33	3166-92	ENSG00000105383	P20138	combined	seq.3166.92	Somalogic	proteomics	SomaScan	7k
Plasma	A disintegrin and metalloproteinase with thrombospondin motifs 5	3168-8	ENSG00000154736	Q9UNA0	combined	seq.3168.8	Somalogic	proteomics	SomaScan	7k
Plasma	Alpha-L-iduronidase	3169-70	ENSG00000127415	P35475	combined	seq.3169.70	Somalogic	proteomics	SomaScan	7k
Plasma	Methionine aminopeptidase 2	3170-6	ENSG00000111142	P50579	combined	seq.3170.6	Somalogic	proteomics	SomaScan	7k
Plasma	Amyloid beta A4 protein	3171-57	ENSG00000142192	P05067	combined	seq.3171.57	Somalogic	proteomics	SomaScan	7k
Plasma	Arylsulfatase B	3172-28	ENSG00000113273	P15848	combined	seq.3172.28	Somalogic	proteomics	SomaScan	7k
Plasma	N-acylethanolamine-hydrolyzing acid amidase	3173-49	ENSG00000138744	Q02083	combined	seq.3173.49	Somalogic	proteomics	SomaScan	7k
Plasma	A disintegrin and metalloproteinase with thrombospondin motifs 1	3174-2	ENSG00000154734	Q9UHI8	combined	seq.3174.2	Somalogic	proteomics	SomaScan	7k
Plasma	A disintegrin and metalloproteinase with thrombospondin motifs 13	3175-51	ENSG00000281244|ENSG00000160323	Q76LX8	combined	seq.3175.51	Somalogic	proteomics	SomaScan	7k
Plasma	Carbonic anhydrase 4	3177-49	ENSG00000167434	P22748	combined	seq.3177.49	Somalogic	proteomics	SomaScan	7k
Plasma	Dipeptidyl peptidase 1	3178-5	ENSG00000109861	P53634	combined	seq.3178.5	Somalogic	proteomics	SomaScan	7k
Plasma	Lysosomal protective protein	3179-51	ENSG00000064601	P10619	combined	seq.3179.51	Somalogic	proteomics	SomaScan	7k
Plasma	Cathepsin S	3181-50	ENSG00000163131	P25774	combined	seq.3181.50	Somalogic	proteomics	SomaScan	7k
Plasma	Ectonucleoside triphosphate diphosphohydrolase 1	3182-38	ENSG00000138185	P49961	combined	seq.3182.38	Somalogic	proteomics	SomaScan	7k
Plasma	Coagulation factor VII	3184-25	ENSG00000057593	P08709	combined	seq.3184.25	Somalogic	proteomics	SomaScan	7k
Plasma	Complement C2	3186-2	ENSG00000206372|ENSG00000231543|ENSG00000235696|ENSG00000226560|ENSG00000204364|ENSG00000166278|ENSG00000235017	P06681	combined	seq.3186.2	Somalogic	proteomics	SomaScan	7k
Plasma	Cysteine-rich secretory protein 3	3187-52	ENSG00000096006	P54108	combined	seq.3187.52	Somalogic	proteomics	SomaScan	7k
Plasma	Enteropeptidase	3189-61	ENSG00000154646	P98073	combined	seq.3189.61	Somalogic	proteomics	SomaScan	7k
Plasma	WAP, kazal, immunoglobulin, kunitz and NTR domain-containing protein 1	3191-50	ENSG00000127578	Q96NZ8	combined	seq.3191.50	Somalogic	proteomics	SomaScan	7k
Plasma	Cytosolic non-specific dipeptidase	3192-3	ENSG00000133313	Q96KP4	combined	seq.3192.3	Somalogic	proteomics	SomaScan	7k
Plasma	Platelet glycoprotein VI	3194-36	ENSG00000088053|ENSG00000277439	Q9HCN6	combined	seq.3194.36	Somalogic	proteomics	SomaScan	7k
Plasma	Granulysin	3195-50	ENSG00000115523	P22749	combined	seq.3195.50	Somalogic	proteomics	SomaScan	7k
Plasma	Hyaluronan and proteoglycan link protein 1	3196-6	ENSG00000145681	P10915	combined	seq.3196.6	Somalogic	proteomics	SomaScan	7k
Plasma	Insulin-degrading enzyme	3197-70	ENSG00000119912	P14735	combined	seq.3197.70	Somalogic	proteomics	SomaScan	7k
Plasma	Iduronate 2-sulfatase	3198-4	ENSG00000010404	P22304	combined	seq.3198.4	Somalogic	proteomics	SomaScan	7k
Plasma	Kallikrein-12	3199-54	ENSG00000186474	Q9UKR0	combined	seq.3199.54	Somalogic	proteomics	SomaScan	7k
Plasma	Kallikrein-13	3200-49	ENSG00000167759	Q9UKR3	combined	seq.3200.49	Somalogic	proteomics	SomaScan	7k
Plasma	Kallikrein-5	3201-49	ENSG00000167754	Q9Y337	combined	seq.3201.49	Somalogic	proteomics	SomaScan	7k
Plasma	Kremen protein 2	3202-28		Q8NCW0	combined	seq.3202.28	Somalogic	proteomics	SomaScan	7k
Plasma	Leukotriene A-4 hydrolase	3204-2	ENSG00000111144	P09960	combined	seq.3204.2	Somalogic	proteomics	SomaScan	7k
Plasma	Lymphatic vessel endothelial hyaluronic acid receptor 1	3206-4	ENSG00000133800	Q9Y5Y7	combined	seq.3206.4	Somalogic	proteomics	SomaScan	7k
Plasma	Matrilin-3	3208-2	ENSG00000132031	O15232	combined	seq.3208.2	Somalogic	proteomics	SomaScan	7k
Plasma	Matrix extracellular phosphoglycoprotein	3209-69	ENSG00000152595	Q9NQ76	combined	seq.3209.69	Somalogic	proteomics	SomaScan	7k
Plasma	Neutral ceramidase	3212-30	ENSG00000188611	Q9NR71	combined	seq.3212.30	Somalogic	proteomics	SomaScan	7k
Plasma	Nidogen-1	3213-65	ENSG00000116962	P14543	combined	seq.3213.65	Somalogic	proteomics	SomaScan	7k
Plasma	Neuropilin-1	3214-3	ENSG00000099250	O14786	combined	seq.3214.3	Somalogic	proteomics	SomaScan	7k
Plasma	Polymeric immunoglobulin receptor	3216-2	ENSG00000162896	P01833	combined	seq.3216.2	Somalogic	proteomics	SomaScan	7k
Plasma	Glia-derived nexin	3217-74	ENSG00000135919	P07093	combined	seq.3217.74	Somalogic	proteomics	SomaScan	7k
Plasma	Glutamate carboxypeptidase 2	3218-8	ENSG00000086205	Q04609	combined	seq.3218.8	Somalogic	proteomics	SomaScan	7k
Plasma	Proto-oncogene tyrosine-protein kinase receptor Ret	3220-40	ENSG00000165731	P07949	combined	seq.3220.40	Somalogic	proteomics	SomaScan	7k
Plasma	Secreted frizzled-related protein 1	3221-54	ENSG00000104332	Q8N474	combined	seq.3221.54	Somalogic	proteomics	SomaScan	7k
Plasma	Semaphorin-3A	3222-11	ENSG00000075213	Q14563	combined	seq.3222.11	Somalogic	proteomics	SomaScan	7k
Plasma	Tartrate-resistant acid phosphatase type 5	3232-28	ENSG00000102575	P13686	combined	seq.3232.28	Somalogic	proteomics	SomaScan	7k
Plasma	Coiled-coil domain-containing protein 80	3234-23	ENSG00000091986	Q76M96	combined	seq.3234.23	Somalogic	proteomics	SomaScan	7k
Plasma	WAP, Kazal, immunoglobulin, Kunitz and NTR domain-containing protein 2	3235-50	ENSG00000173714	Q8TEU8	combined	seq.3235.50	Somalogic	proteomics	SomaScan	7k
Plasma	Glycogen synthase kinase-3 beta	3236-12	ENSG00000082701	P49841	combined	seq.3236.12	Somalogic	proteomics	SomaScan	7k
Plasma	Aggrecan core protein	3280-49	ENSG00000157766	P16112	combined	seq.3280.49	Somalogic	proteomics	SomaScan	7k
Plasma	Transforming growth factor-beta-induced protein ig-h3	3283-21	ENSG00000120708	Q15582	combined	seq.3283.21	Somalogic	proteomics	SomaScan	7k
Plasma	Biglycan	3284-75	ENSG00000182492	P21810	combined	seq.3284.75	Somalogic	proteomics	SomaScan	7k
Plasma	Complement C1r subcomponent	3285-23	ENSG00000159403	P00736	combined	seq.3285.23	Somalogic	proteomics	SomaScan	7k
Plasma	Carbonic anhydrase-related protein 10	3289-19	ENSG00000154975	Q9NS85	combined	seq.3289.19	Somalogic	proteomics	SomaScan	7k
Plasma	CD109 antigen	3290-50	ENSG00000156535	Q6YHK3	combined	seq.3290.50	Somalogic	proteomics	SomaScan	7k
Plasma	Low affinity immunoglobulin epsilon Fc receptor	3291-30	ENSG00000104921	P06734	combined	seq.3291.30	Somalogic	proteomics	SomaScan	7k
Plasma	CD48 antigen	3292-75	ENSG00000117091	P09326	combined	seq.3292.75	Somalogic	proteomics	SomaScan	7k
Plasma	CD5 antigen-like	3293-2	ENSG00000073754	O43866	combined	seq.3293.2	Somalogic	proteomics	SomaScan	7k
Plasma	Cryptic protein	3294-55	ENSG00000136698	P0CG37	combined	seq.3294.55	Somalogic	proteomics	SomaScan	7k
Plasma	Contactin-2	3296-92	ENSG00000184144	Q02246	combined	seq.3296.92	Somalogic	proteomics	SomaScan	7k
Plasma	Contactin-4	3298-52	ENSG00000144619	Q8IWV2	combined	seq.3298.52	Somalogic	proteomics	SomaScan	7k
Plasma	Contactin-5	3299-29	ENSG00000149972	O94779	combined	seq.3299.29	Somalogic	proteomics	SomaScan	7k
Plasma	Cystatin-F	3302-58	ENSG00000077984	O76096	combined	seq.3302.58	Somalogic	proteomics	SomaScan	7k
Plasma	Cystatin-M	3303-23	ENSG00000175315	Q15828	combined	seq.3303.23	Somalogic	proteomics	SomaScan	7k
Plasma	Delta-like protein 4	3305-6	ENSG00000128917	Q9NR61	combined	seq.3305.6	Somalogic	proteomics	SomaScan	7k
Plasma	Low affinity immunoglobulin gamma Fc region receptor II-a	3309-2	ENSG00000143226	P12318	combined	seq.3309.2	Somalogic	proteomics	SomaScan	7k
Plasma	Low affinity immunoglobulin gamma Fc region receptor II-b	3310-62	ENSG00000072694	P31994	combined	seq.3310.62	Somalogic	proteomics	SomaScan	7k
Plasma	Low affinity immunoglobulin gamma Fc region receptor III-B	3311-27	ENSG00000162747	O75015	combined	seq.3311.27	Somalogic	proteomics	SomaScan	7k
Plasma	High affinity immunoglobulin gamma Fc receptor I	3312-64	ENSG00000150337	P12314	combined	seq.3312.64	Somalogic	proteomics	SomaScan	7k
Plasma	Ficolin-2	3313-21	ENSG00000160339	Q15485	combined	seq.3313.21	Somalogic	proteomics	SomaScan	7k
Plasma	GDNF family receptor alpha-1	3314-74	ENSG00000151892	P56159	combined	seq.3314.74	Somalogic	proteomics	SomaScan	7k
Plasma	Glypican-2	3315-15	ENSG00000213420	Q8N158	combined	seq.3315.15	Somalogic	proteomics	SomaScan	7k
Plasma	Heparin cofactor 2	3316-58	ENSG00000099937	P05546	combined	seq.3316.58	Somalogic	proteomics	SomaScan	7k
Plasma	Serine protease HTRA2, mitochondrial	3317-33	ENSG00000115317	O43464	combined	seq.3317.33	Somalogic	proteomics	SomaScan	7k
Plasma	Insulin-like growth factor-binding protein 7	3320-49	ENSG00000163453	Q16270	combined	seq.3320.49	Somalogic	proteomics	SomaScan	7k
Plasma	Interleukin-24	3321-2	ENSG00000162892	Q13007	combined	seq.3321.2	Somalogic	proteomics	SomaScan	7k
Plasma	Leucine-rich repeats and immunoglobulin-like domains protein 3	3322-52	ENSG00000139263	Q6UXM1	combined	seq.3322.52	Somalogic	proteomics	SomaScan	7k
Plasma	Low-density lipoprotein receptor-related protein 8	3323-37	ENSG00000157193	Q14114	combined	seq.3323.37	Somalogic	proteomics	SomaScan	7k
Plasma	T-lymphocyte surface antigen Ly-9	3324-51	ENSG00000122224	Q9HBG7	combined	seq.3324.51	Somalogic	proteomics	SomaScan	7k
Plasma	Matrilin-2	3325-2	ENSG00000132561	O00339	combined	seq.3325.2	Somalogic	proteomics	SomaScan	7k
Plasma	Cell adhesion molecule 1	3326-58	ENSG00000182985	Q9BY67	combined	seq.3326.58	Somalogic	proteomics	SomaScan	7k
Plasma	Netrin-4	3327-27	ENSG00000074527	Q9HB63	combined	seq.3327.27	Somalogic	proteomics	SomaScan	7k
Plasma	Peptidoglycan recognition protein 1	3329-14	ENSG00000008438	O75594	combined	seq.3329.14	Somalogic	proteomics	SomaScan	7k
Plasma	RGM domain family member B	3331-8	ENSG00000174136	Q6NW40	combined	seq.3331.8	Somalogic	proteomics	SomaScan	7k
Plasma	Hemojuvelin	3332-57	ENSG00000168509	Q6ZVN8	combined	seq.3332.57	Somalogic	proteomics	SomaScan	7k
Plasma	Tissue factor pathway inhibitor	3336-50	ENSG00000003436	P10646	combined	seq.3336.50	Somalogic	proteomics	SomaScan	7k
Plasma	Thrombospondin-2	3339-33	ENSG00000186340	P35442	combined	seq.3339.33	Somalogic	proteomics	SomaScan	7k
Plasma	Thrombospondin-4	3340-53	ENSG00000113296	P35443	combined	seq.3340.53	Somalogic	proteomics	SomaScan	7k
Plasma	Tyrosine-protein kinase ABL1	3341-33	ENSG00000097007	P00519	combined	seq.3341.33	Somalogic	proteomics	SomaScan	7k
Plasma	Abelson tyrosine-protein kinase 2	3342-76	ENSG00000143322	P42684	combined	seq.3342.76	Somalogic	proteomics	SomaScan	7k
Plasma	Aminoacylase-1	3343-1	ENSG00000243989	Q03154	combined	seq.3343.1	Somalogic	proteomics	SomaScan	7k
Plasma	Antithrombin-III	3344-60	ENSG00000117601	P01008	combined	seq.3344.60	Somalogic	proteomics	SomaScan	7k
Plasma	Aurora kinase B	3346-72	ENSG00000178999	Q96GD4	combined	seq.3346.72	Somalogic	proteomics	SomaScan	7k
Plasma	beta-adrenergic receptor kinase 1	3347-9	ENSG00000173020	P25098	combined	seq.3347.9	Somalogic	proteomics	SomaScan	7k
Plasma	Bone morphogenetic protein 1	3348-49	ENSG00000168487	P13497	combined	seq.3348.49	Somalogic	proteomics	SomaScan	7k
Plasma	Calcium/calmodulin-dependent protein kinase type II subunit alpha	3350-53	ENSG00000070808	Q9UQM7	combined	seq.3350.53	Somalogic	proteomics	SomaScan	7k
Plasma	Calcium/calmodulin-dependent protein kinase type II subunit beta	3351-1	ENSG00000058404	Q13554	combined	seq.3351.1	Somalogic	proteomics	SomaScan	7k
Plasma	Carbonic anhydrase 6	3352-80	ENSG00000131686	P23280	combined	seq.3352.80	Somalogic	proteomics	SomaScan	7k
Plasma	Carbonic anhydrase 7	3356-50	ENSG00000168748	P43166	combined	seq.3356.50	Somalogic	proteomics	SomaScan	7k
Plasma	Cyclin-dependent kinase 2:Cyclin-A2 complex	3357-67	ENSG00000145386|ENSG00000123374	P20248|P24941	combined	seq.3357.67	Somalogic	proteomics	SomaScan	7k
Plasma	Cyclin-dependent kinase 5:Cyclin-dependent kinase 5 activator 1 complex	3358-51	ENSG00000176749|ENSG00000164885	Q15078|Q00535	combined	seq.3358.51	Somalogic	proteomics	SomaScan	7k
Plasma	Cyclin-dependent kinase 8:Cyclin-C complex	3359-11	ENSG00000132964|ENSG00000112237	P49336|P24863	combined	seq.3359.11	Somalogic	proteomics	SomaScan	7k
Plasma	Serine/threonine-protein kinase Chk2	3360-50	ENSG00000183765	O96017	combined	seq.3360.50	Somalogic	proteomics	SomaScan	7k
Plasma	C-type lectin domain family 4 member K	3361-26	ENSG00000116031	Q9UJ71	combined	seq.3361.26	Somalogic	proteomics	SomaScan	7k
Plasma	Chordin-like protein 1	3362-61	ENSG00000101938	Q9BU40	combined	seq.3362.61	Somalogic	proteomics	SomaScan	7k
Plasma	Tyrosine-protein kinase CSK	3363-31	ENSG00000103653	P41240	combined	seq.3363.31	Somalogic	proteomics	SomaScan	7k
Plasma	Cathepsin L2	3364-76	ENSG00000136943	O60911	combined	seq.3364.76	Somalogic	proteomics	SomaScan	7k
Plasma	Dickkopf-related protein 4	3365-7	ENSG00000104371	Q9UBT3	combined	seq.3365.7	Somalogic	proteomics	SomaScan	7k
Plasma	Extracellular matrix protein 1	3366-51	ENSG00000143369	Q16610	combined	seq.3366.51	Somalogic	proteomics	SomaScan	7k
Plasma	Fetuin-B	3367-8	ENSG00000090512	Q9UGM5	combined	seq.3367.8	Somalogic	proteomics	SomaScan	7k
Plasma	Granzyme H	3373-5	ENSG00000100450	P20718	combined	seq.3373.5	Somalogic	proteomics	SomaScan	7k
Plasma	Tyrosine-protein kinase HCK	3374-49	ENSG00000101336	P08631	combined	seq.3374.49	Somalogic	proteomics	SomaScan	7k
Plasma	Interleukin-17 receptor D	3376-49	ENSG00000144730	Q8NFM7	combined	seq.3376.49	Somalogic	proteomics	SomaScan	7k
Plasma	Kallikrein-7	3378-49	ENSG00000169035	P49862	combined	seq.3378.49	Somalogic	proteomics	SomaScan	7k
Plasma	Protein kinase C iota type	3379-29	ENSG00000163558	P41743	combined	seq.3379.29	Somalogic	proteomics	SomaScan	7k
Plasma	Tyrosine-protein kinase Lyn, isoform B	3381-24	ENSG00000254087	P07948	combined	seq.3381.24	Somalogic	proteomics	SomaScan	7k
Plasma	Serine/threonine-protein kinase PAK 3	3387-1	ENSG00000077264	O75914	combined	seq.3387.1	Somalogic	proteomics	SomaScan	7k
Plasma	Serine/threonine-protein kinase PAK 5	3388-58	ENSG00000101349	Q9P286	combined	seq.3388.58	Somalogic	proteomics	SomaScan	7k
Plasma	Plasma serine protease inhibitor	3389-7	ENSG00000188488	P05154	combined	seq.3389.7	Somalogic	proteomics	SomaScan	7k
Plasma	PIK3CA/PIK3R1	3390-72	ENSG00000145675|ENSG00000121879	P27986|P42336	combined	seq.3390.72	Somalogic	proteomics	SomaScan	7k
Plasma	Phosphatidylinositol 4,5-bisphosphate 3-kinase catalytic subunit gamma isoform	3391-10	ENSG00000105851	P48736	combined	seq.3391.10	Somalogic	proteomics	SomaScan	7k
Plasma	Protein kinase B gamma	3392-68	ENSG00000275199|ENSG00000117020	Q9Y243	combined	seq.3392.68	Somalogic	proteomics	SomaScan	7k
Plasma	Serine/threonine-protein kinase PLK1	3394-81	ENSG00000166851	P53350	combined	seq.3394.81	Somalogic	proteomics	SomaScan	7k
Plasma	Renin	3396-54	ENSG00000143839	P00797	combined	seq.3396.54	Somalogic	proteomics	SomaScan	7k
Plasma	Tyrosine-protein phosphatase non-receptor type 11	3397-7	ENSG00000179295	Q06124	combined	seq.3397.7	Somalogic	proteomics	SomaScan	7k
Plasma	Stabilin-2	3399-31	ENSG00000136011	Q8WWQ8	combined	seq.3399.31	Somalogic	proteomics	SomaScan	7k
Plasma	Serine/threonine-protein kinase TBK1	3400-49	ENSG00000183735	Q9UHD2	combined	seq.3400.49	Somalogic	proteomics	SomaScan	7k
Plasma	Tyrosine-protein phosphatase non-receptor type 2	3401-8	ENSG00000175354	P17706	combined	seq.3401.8	Somalogic	proteomics	SomaScan	7k
Plasma	Tryptase beta-2	3403-1	ENSG00000197253	P20231	combined	seq.3403.1	Somalogic	proteomics	SomaScan	7k
Plasma	Tryptase gamma	3404-51	ENSG00000116176	Q9NRR2	combined	seq.3404.51	Somalogic	proteomics	SomaScan	7k
Plasma	Ubiquitin-fold modifier-conjugating enzyme 1	3405-6	ENSG00000143222	Q9Y3C8	combined	seq.3405.6	Somalogic	proteomics	SomaScan	7k
Plasma	Apoptosis regulator Bcl-2	3412-7	ENSG00000171791	P10415	combined	seq.3412.7	Somalogic	proteomics	SomaScan	7k
Plasma	Bcl-2-related protein A1	3413-50	ENSG00000140379	Q16548	combined	seq.3413.50	Somalogic	proteomics	SomaScan	7k
Plasma	Cytoplasmic tyrosine-protein kinase BMX	3414-40	ENSG00000102010	P51813	combined	seq.3414.40	Somalogic	proteomics	SomaScan	7k
Plasma	Bone sialoprotein 2	3415-61	ENSG00000029559	P21815	combined	seq.3415.61	Somalogic	proteomics	SomaScan	7k
Plasma	Tyrosine-protein kinase BTK	3416-2	ENSG00000010671	Q06187	combined	seq.3416.2	Somalogic	proteomics	SomaScan	7k
Plasma	Calcium/calmodulin-dependent protein kinase type 1D	3418-12	ENSG00000183049	Q8IU85	combined	seq.3418.12	Somalogic	proteomics	SomaScan	7k
Plasma	Calcium/calmodulin-dependent protein kinase type II subunit delta	3419-49	ENSG00000145349	Q13557	combined	seq.3419.49	Somalogic	proteomics	SomaScan	7k
Plasma	Carbonic anhydrase 13	3420-21	ENSG00000185015	Q8N1Q1	combined	seq.3420.21	Somalogic	proteomics	SomaScan	7k
Plasma	Tumor necrosis factor ligand superfamily member 8	3421-54	ENSG00000106952	P32971	combined	seq.3421.54	Somalogic	proteomics	SomaScan	7k
Plasma	Cyclin-dependent kinase 1:G2/mitotic-specific cyclin-B1 complex	3422-4	ENSG00000134057|ENSG00000170312	P14635|P06493	combined	seq.3422.4	Somalogic	proteomics	SomaScan	7k
Plasma	Chymase	3423-59	ENSG00000092009	P23946	combined	seq.3423.59	Somalogic	proteomics	SomaScan	7k
Plasma	Casein kinase II subunit alpha	3427-63	ENSG00000101266	P68400	combined	seq.3427.63	Somalogic	proteomics	SomaScan	7k
Plasma	Ephrin type-A receptor 1	3431-54	ENSG00000146904|ENSG00000284816	P21709	combined	seq.3431.54	Somalogic	proteomics	SomaScan	7k
Plasma	Ephrin type-A receptor 3	3432-21	ENSG00000044524	P29320	combined	seq.3432.21	Somalogic	proteomics	SomaScan	7k
Plasma	Fibronectin Fragment 3	3434-34	ENSG00000115414	P02751	combined	seq.3434.34	Somalogic	proteomics	SomaScan	7k
Plasma	Fibronectin Fragment 4	3435-53	ENSG00000115414	P02751	combined	seq.3435.53	Somalogic	proteomics	SomaScan	7k
Plasma	Receptor-type tyrosine-protein kinase FLT3	3437-80	ENSG00000122025	P36888	combined	seq.3437.80	Somalogic	proteomics	SomaScan	7k
Plasma	Follistatin-related protein 3	3438-10	ENSG00000070404	O95633	combined	seq.3438.10	Somalogic	proteomics	SomaScan	7k
Plasma	Granzyme A	3440-7	ENSG00000145649	P12544	combined	seq.3440.7	Somalogic	proteomics	SomaScan	7k
Plasma	Glycogen synthase kinase-3 alpha	3441-64	ENSG00000105723	P49840	combined	seq.3441.64	Somalogic	proteomics	SomaScan	7k
Plasma	Interleukin-15 receptor subunit alpha	3445-53	ENSG00000134470	Q13261	combined	seq.3445.53	Somalogic	proteomics	SomaScan	7k
Plasma	Interleukin-18 receptor 1	3446-7	ENSG00000115604	Q13478	combined	seq.3446.7	Somalogic	proteomics	SomaScan	7k
Plasma	Interleukin-8	3447-64	ENSG00000169429	P10145	combined	seq.3447.64	Somalogic	proteomics	SomaScan	7k
Plasma	Insulin receptor	3448-13	ENSG00000171105	P06213	combined	seq.3448.13	Somalogic	proteomics	SomaScan	7k
Plasma	Kallistatin	3449-58	ENSG00000100665	P29622	combined	seq.3449.58	Somalogic	proteomics	SomaScan	7k
Plasma	Kallikrein-6	3450-4	ENSG00000167755	Q92876	combined	seq.3450.4	Somalogic	proteomics	SomaScan	7k
Plasma	Tyrosine-protein kinase Lck	3452-17	ENSG00000182866	P06239	combined	seq.3452.17	Somalogic	proteomics	SomaScan	7k
Plasma	Tyrosine-protein kinase Lyn	3453-87	ENSG00000254087	P07948	combined	seq.3453.87	Somalogic	proteomics	SomaScan	7k
Plasma	Periostin	3457-57	ENSG00000133110	Q15063	combined	seq.3457.57	Somalogic	proteomics	SomaScan	7k
Plasma	Platelet-derived growth factor receptor beta	3459-49	ENSG00000113721	P09619	combined	seq.3459.49	Somalogic	proteomics	SomaScan	7k
Plasma	Brevican core protein	3461-58	ENSG00000132692	Q96GW7	combined	seq.3461.58	Somalogic	proteomics	SomaScan	7k
Plasma	cAMP-dependent protein kinase catalytic subunit alpha	3466-8	ENSG00000288516|ENSG00000072062	P17612	combined	seq.3466.8	Somalogic	proteomics	SomaScan	7k
Plasma	Ribosomal protein S6 kinase alpha-3	3469-74	ENSG00000177189	P51812	combined	seq.3469.74	Somalogic	proteomics	SomaScan	7k
Plasma	E-selectin	3470-1	ENSG00000007908	P16581	combined	seq.3470.1	Somalogic	proteomics	SomaScan	7k
Plasma	Serine/threonine-protein kinase 16	3471-49	ENSG00000115661	O75716	combined	seq.3471.49	Somalogic	proteomics	SomaScan	7k
Plasma	Baculoviral IAP repeat-containing protein 5	3472-40	ENSG00000089685	O15392	combined	seq.3472.40	Somalogic	proteomics	SomaScan	7k
Plasma	Thrombopoietin Receptor	3473-78	ENSG00000117400	P40238	combined	seq.3473.78	Somalogic	proteomics	SomaScan	7k
Plasma	Thrombospondin-1	3474-19	ENSG00000137801	P07996	combined	seq.3474.19	Somalogic	proteomics	SomaScan	7k
Plasma	High affinity nerve growth factor receptor	3477-63	ENSG00000198400	P04629	combined	seq.3477.63	Somalogic	proteomics	SomaScan	7k
Plasma	Trypsin-3	3479-71	ENSG00000010438	P35030	combined	seq.3479.71	Somalogic	proteomics	SomaScan	7k
Plasma	Dual specificity protein phosphatase 3	3480-7	ENSG00000108861	P51452	combined	seq.3480.7	Somalogic	proteomics	SomaScan	7k
Plasma	Xaa-Pro aminopeptidase 1	3481-87	ENSG00000108039	Q9NQW7	combined	seq.3481.87	Somalogic	proteomics	SomaScan	7k
Plasma	Angiotensinogen	3484-60	ENSG00000135744	P01019	combined	seq.3484.60	Somalogic	proteomics	SomaScan	7k
Plasma	Beta-2-microglobulin	3485-28	ENSG00000166710|ENSG00000273686	P61769	combined	seq.3485.28	Somalogic	proteomics	SomaScan	7k
Plasma	Fibroblast growth factor 1	3486-58	ENSG00000113578	P05230	combined	seq.3486.58	Somalogic	proteomics	SomaScan	7k
Plasma	C-X-C motif chemokine 13	3487-32	ENSG00000156234	O43927	combined	seq.3487.32	Somalogic	proteomics	SomaScan	7k
Plasma	Catalase	3488-64	ENSG00000121691	P04040	combined	seq.3488.64	Somalogic	proteomics	SomaScan	7k
Plasma	Ciliary neurotrophic factor	3489-9	ENSG00000242689	P26441	combined	seq.3489.9	Somalogic	proteomics	SomaScan	7k
Plasma	Fibroblast growth factor 17	3494-71	ENSG00000158815	O60258	combined	seq.3494.71	Somalogic	proteomics	SomaScan	7k
Plasma	C-X-C motif chemokine 6	3495-15	ENSG00000124875	P80162	combined	seq.3495.15	Somalogic	proteomics	SomaScan	7k
Plasma	Interferon alpha-2	3497-13	ENSG00000188379	P01563	combined	seq.3497.13	Somalogic	proteomics	SomaScan	7k
Plasma	Interleukin-17A	3498-53	ENSG00000112115	Q16552	combined	seq.3498.53	Somalogic	proteomics	SomaScan	7k
Plasma	Interleukin-17B	3499-77	ENSG00000127743	Q9UHF5	combined	seq.3499.77	Somalogic	proteomics	SomaScan	7k
Plasma	Integrin alpha-I: beta-1 complex	3503-4	ENSG00000150093|ENSG00000213949	P05556|P56199	combined	seq.3503.4	Somalogic	proteomics	SomaScan	7k
Plasma	Hepcidin	3504-58	ENSG00000105697	P81172	combined	seq.3504.58	Somalogic	proteomics	SomaScan	7k
Plasma	Lymphotoxin alpha1:beta2	3505-6	ENSG00000226979|ENSG00000231408|ENSG00000230279|ENSG00000223448|ENSG00000238114|ENSG00000236237|ENSG00000236925|ENSG00000231314|ENSG00000204487|ENSG00000227507|ENSG00000206437	P01374|Q06643	combined	seq.3505.6	Somalogic	proteomics	SomaScan	7k
Plasma	Lymphotoxin alpha2:beta1	3506-49	ENSG00000223448|ENSG00000238114|ENSG00000236237|ENSG00000236925|ENSG00000231314|ENSG00000204487|ENSG00000227507|ENSG00000206437|ENSG00000226979|ENSG00000231408|ENSG00000230279	Q06643|P01374	combined	seq.3506.49	Somalogic	proteomics	SomaScan	7k
Plasma	C-C motif chemokine 22	3508-78	ENSG00000102962	O00626	combined	seq.3508.78	Somalogic	proteomics	SomaScan	7k
Plasma	C-C motif chemokine 15	3509-1	ENSG00000275718|ENSG00000275528	Q16663	combined	seq.3509.1	Somalogic	proteomics	SomaScan	7k
Plasma	Myeloblastin	3514-49	ENSG00000277804|ENSG00000196415	P24158	combined	seq.3514.49	Somalogic	proteomics	SomaScan	7k
Plasma	Stromal cell-derived factor 1	3516-60	ENSG00000107562	P48061	combined	seq.3516.60	Somalogic	proteomics	SomaScan	7k
Plasma	Carboxypeptidase B2	3518-54	ENSG00000080618	Q96IY4	combined	seq.3518.54	Somalogic	proteomics	SomaScan	7k
Plasma	C-C motif chemokine 17	3519-3	ENSG00000102970	Q92583	combined	seq.3519.3	Somalogic	proteomics	SomaScan	7k
Plasma	Transforming growth factor beta-3	3520-58	ENSG00000119699	P10600	combined	seq.3520.58	Somalogic	proteomics	SomaScan	7k
Plasma	Thyroid Stimulating Hormone	3521-16	ENSG00000134200|ENSG00000135346	P01222|P01215	combined	seq.3521.16	Somalogic	proteomics	SomaScan	7k
Plasma	Vasoactive Intestinal Peptide	3522-57	ENSG00000146469	P01282	combined	seq.3522.57	Somalogic	proteomics	SomaScan	7k
Plasma	CD40 ligand	3534-14	ENSG00000102245	P29965	combined	seq.3534.14	Somalogic	proteomics	SomaScan	7k
Plasma	Dickkopf-related protein 1	3535-84	ENSG00000107984	O94907	combined	seq.3535.84	Somalogic	proteomics	SomaScan	7k
Plasma	Aromatic-L-amino-acid decarboxylase	3538-26	ENSG00000132437	P20711	combined	seq.3538.26	Somalogic	proteomics	SomaScan	7k
Plasma	Adiponectin	3554-24	ENSG00000181092	Q15848	combined	seq.3554.24	Somalogic	proteomics	SomaScan	7k
Plasma	Alpha-1-antitrypsin	3580-25	ENSG00000197249	P01009	combined	seq.3580.25	Somalogic	proteomics	SomaScan	7k
Plasma	Alpha-2-HS-glycoprotein	3581-53	ENSG00000145192	P02765	combined	seq.3581.53	Somalogic	proteomics	SomaScan	7k
Plasma	Arylsulfatase A	3583-54	ENSG00000100299	P15289	combined	seq.3583.54	Somalogic	proteomics	SomaScan	7k
Plasma	Basigin	3585-54	ENSG00000172270	P35613	combined	seq.3585.54	Somalogic	proteomics	SomaScan	7k
Plasma	Bone morphogenetic protein 10	3587-53	ENSG00000163217	O95393	combined	seq.3587.53	Somalogic	proteomics	SomaScan	7k
Plasma	Cadherin-6	3591-51	ENSG00000113361	P55285	combined	seq.3591.51	Somalogic	proteomics	SomaScan	7k
Plasma	Calcium/calmodulin-dependent protein kinase type 1	3592-4	ENSG00000134072	Q14012	combined	seq.3592.4	Somalogic	proteomics	SomaScan	7k
Plasma	Caspase-3	3593-72	ENSG00000164305	P42574	combined	seq.3593.72	Somalogic	proteomics	SomaScan	7k
Plasma	Chitotriosidase-1	3600-2	ENSG00000133063	Q13231	combined	seq.3600.2	Somalogic	proteomics	SomaScan	7k
Plasma	Neural cell adhesion molecule L1-like protein	3601-54	ENSG00000134121	O00533	combined	seq.3601.54	Somalogic	proteomics	SomaScan	7k
Plasma	C-type lectin domain family 7 member A	3603-60	ENSG00000172243	Q9BXN2	combined	seq.3603.60	Somalogic	proteomics	SomaScan	7k
Plasma	Mannan-binding lectin serine protease 1:Mannan-binding lectin serine protease 1 light chain	3605-77	ENSG00000127241	P48740	combined	seq.3605.77	Somalogic	proteomics	SomaScan	7k
Plasma	Dickkopf-related protein 3	3607-71	ENSG00000050165	Q9UBP4	combined	seq.3607.71	Somalogic	proteomics	SomaScan	7k
Plasma	Endothelin-converting enzyme 1:Extracellular domain	3611-70	ENSG00000117298	P42892	combined	seq.3611.70	Somalogic	proteomics	SomaScan	7k
Plasma	Ficolin-1	3613-62	ENSG00000085265	O00602	combined	seq.3613.62	Somalogic	proteomics	SomaScan	7k
Plasma	N-acetylglucosamine-6-sulfatase	3616-3	ENSG00000135677	P15586	combined	seq.3616.3	Somalogic	proteomics	SomaScan	7k
Plasma	Hepatocyte growth factor activator	3617-80	ENSG00000109758	Q04756	combined	seq.3617.80	Somalogic	proteomics	SomaScan	7k
Plasma	Interleukin-22 receptor subunit alpha-1	3620-67	ENSG00000142677	Q8N6P7	combined	seq.3620.67	Somalogic	proteomics	SomaScan	7k
Plasma	Legumain	3622-33	ENSG00000100600	Q99538	combined	seq.3622.33	Somalogic	proteomics	SomaScan	7k
Plasma	Lymphocyte antigen 86	3623-84	ENSG00000112799	O95711	combined	seq.3623.84	Somalogic	proteomics	SomaScan	7k
Plasma	Serine protease 27	3624-3	ENSG00000172382	Q9BQR3	combined	seq.3624.3	Somalogic	proteomics	SomaScan	7k
Plasma	Membrane metallo-endopeptidase-like 1	3627-71	ENSG00000142606|ENSG00000277131	Q495T6	combined	seq.3627.71	Somalogic	proteomics	SomaScan	7k
Plasma	Dual specificity mitogen-activated protein kinase kinase 2	3628-3	ENSG00000126934	P36507	combined	seq.3628.3	Somalogic	proteomics	SomaScan	7k
Plasma	Serine/threonine-protein kinase MRCK beta	3629-60	ENSG00000198752	Q9Y5S2	combined	seq.3629.60	Somalogic	proteomics	SomaScan	7k
Plasma	Cell adhesion molecule 3	3630-27	ENSG00000162706	Q8N126	combined	seq.3630.27	Somalogic	proteomics	SomaScan	7k
Plasma	Nidogen-2	3633-70	ENSG00000087303	Q14112	combined	seq.3633.70	Somalogic	proteomics	SomaScan	7k
Plasma	Opioid-binding protein/cell adhesion molecule	3634-5	ENSG00000183715	Q14982	combined	seq.3634.5	Somalogic	proteomics	SomaScan	7k
Plasma	OCIA domain-containing protein 1	3635-76	ENSG00000109180	Q9NX40	combined	seq.3635.76	Somalogic	proteomics	SomaScan	7k
Plasma	Oxidized low-density lipoprotein receptor 1	3636-37	ENSG00000173391	P78380	combined	seq.3636.37	Somalogic	proteomics	SomaScan	7k
Plasma	alpha-2-macroglobulin receptor-associated protein	3640-14	ENSG00000163956	P30533	combined	seq.3640.14	Somalogic	proteomics	SomaScan	7k
Plasma	SLAM family member 5	3642-4	ENSG00000066294	Q9UIB8	combined	seq.3642.4	Somalogic	proteomics	SomaScan	7k
Plasma	Dickkopf-like protein 1	3644-5	ENSG00000104901	Q9UK85	combined	seq.3644.5	Somalogic	proteomics	SomaScan	7k
Plasma	Toll-like receptor 4:Lymphocyte antigen 96 complex	3647-49	ENSG00000136869|ENSG00000154589	O00206|Q9Y6Y9	combined	seq.3647.49	Somalogic	proteomics	SomaScan	7k
Plasma	Vascular endothelial growth factor receptor 2	3651-50	ENSG00000128052	P35968	combined	seq.3651.50	Somalogic	proteomics	SomaScan	7k
Plasma	BMP-binding endothelial regulator protein	3654-27	ENSG00000164619	Q8N8U9	combined	seq.3654.27	Somalogic	proteomics	SomaScan	7k
Plasma	Complement factor H-related protein 5	3666-17	ENSG00000134389	Q9BXR6	combined	seq.3666.17	Somalogic	proteomics	SomaScan	7k
Plasma	Cation-independent mannose-6-phosphate receptor	3676-15	ENSG00000197081	P11717	combined	seq.3676.15	Somalogic	proteomics	SomaScan	7k
Plasma	Kallikrein-14	3681-87	ENSG00000129437	Q9P0G3	combined	seq.3681.87	Somalogic	proteomics	SomaScan	7k
Plasma	Macrophage scavenger receptor types I and II:Extracellular domain	3684-78	ENSG00000038945	P21757	combined	seq.3684.78	Somalogic	proteomics	SomaScan	7k
Plasma	Membrane frizzled-related protein	3685-53	ENSG00000235718	Q9BY79	combined	seq.3685.53	Somalogic	proteomics	SomaScan	7k
Plasma	Alpha-2-macroglobulin	3708-62	ENSG00000175899	P01023	combined	seq.3708.62	Somalogic	proteomics	SomaScan	7k
Plasma	Alanine aminotransferase 1	3709-4	ENSG00000167701	P24298	combined	seq.3709.4	Somalogic	proteomics	SomaScan	7k
Plasma	Angiostatin	3710-49	ENSG00000122194	P00747	combined	seq.3710.49	Somalogic	proteomics	SomaScan	7k
Plasma	Creatine kinase M-type:Creatine kinase B-type heterodimer	3714-49	ENSG00000104879|ENSG00000166165	P06732|P12277	combined	seq.3714.49	Somalogic	proteomics	SomaScan	7k
Plasma	Cyclin-dependent kinase inhibitor 1B	3719-2	ENSG00000111276	P46527	combined	seq.3719.2	Somalogic	proteomics	SomaScan	7k
Plasma	Brain natriuretic peptide 32	3723-1	ENSG00000120937	P16860	combined	seq.3723.1	Somalogic	proteomics	SomaScan	7k
Plasma	Peptide YY	3727-35	ENSG00000131096	P10082	combined	seq.3727.35	Somalogic	proteomics	SomaScan	7k
Plasma	Secretin	3728-52	ENSG00000070031|ENSG00000274473	P09683	combined	seq.3728.52	Somalogic	proteomics	SomaScan	7k
Plasma	Tumor necrosis factor receptor superfamily member 4	3730-81	ENSG00000186827	P43489	combined	seq.3730.81	Somalogic	proteomics	SomaScan	7k
Plasma	Bone morphogenetic protein 6	3736-60	ENSG00000153162	P22004	combined	seq.3736.60	Somalogic	proteomics	SomaScan	7k
Plasma	Macrophage colony-stimulating factor 1	3738-54	ENSG00000184371	P09603	combined	seq.3738.54	Somalogic	proteomics	SomaScan	7k
Plasma	Integrin alpha-IIb: beta-3 complex	3739-72	ENSG00000259207|ENSG00000005961	P05106|P08514	combined	seq.3739.72	Somalogic	proteomics	SomaScan	7k
Plasma	Interleukin-5	3741-4	ENSG00000113525	P05113	combined	seq.3741.4	Somalogic	proteomics	SomaScan	7k
Plasma	Activated Protein C	3758-63	ENSG00000115718	P04070	combined	seq.3758.63	Somalogic	proteomics	SomaScan	7k
Plasma	Activated Protein C	3758-68	ENSG00000115718	P04070	combined	seq.3758.68	Somalogic	proteomics	SomaScan	7k
Plasma	Prostaglandin G/H synthase 2	3761-4	ENSG00000073756	P35354	combined	seq.3761.4	Somalogic	proteomics	SomaScan	7k
Plasma	Syntaxin-1A	3766-51	ENSG00000106089	Q16623	combined	seq.3766.51	Somalogic	proteomics	SomaScan	7k
Plasma	Angiopoietin-1 receptor, soluble	3773-15	ENSG00000120156	Q02763	combined	seq.3773.15	Somalogic	proteomics	SomaScan	7k
Plasma	Disintegrin and metalloproteinase domain-containing protein 9	3795-6	ENSG00000168615	Q13443	combined	seq.3795.6	Somalogic	proteomics	SomaScan	7k
Plasma	Angiopoietin-related protein 4	3796-79	ENSG00000167772	Q9BY76	combined	seq.3796.79	Somalogic	proteomics	SomaScan	7k
Plasma	Cadherin-2	3797-1	ENSG00000170558	P19022	combined	seq.3797.1	Somalogic	proteomics	SomaScan	7k
Plasma	Carbonic anhydrase 9	3798-71	ENSG00000107159	Q16790	combined	seq.3798.71	Somalogic	proteomics	SomaScan	7k
Plasma	Carbonic anhydrase 3	3799-11	ENSG00000164879	P07451	combined	seq.3799.11	Somalogic	proteomics	SomaScan	7k
Plasma	Creatine kinase B-type	3800-71	ENSG00000166165	P12277	combined	seq.3800.71	Somalogic	proteomics	SomaScan	7k
Plasma	Cystatin-D	3803-10	ENSG00000170367	P28325	combined	seq.3803.10	Somalogic	proteomics	SomaScan	7k
Plasma	Endothelial cell-specific molecule 1	3805-16	ENSG00000164283	Q9NQ30	combined	seq.3805.16	Somalogic	proteomics	SomaScan	7k
Plasma	Ephrin type-A receptor 5	3806-55	ENSG00000145242	P54756	combined	seq.3806.55	Somalogic	proteomics	SomaScan	7k
Plasma	Fibroblast growth factor 23	3807-1	ENSG00000118972	Q9GZV9	combined	seq.3807.1	Somalogic	proteomics	SomaScan	7k
Plasma	Fibroblast growth factor receptor 2	3808-76	ENSG00000066468	P21802	combined	seq.3808.76	Somalogic	proteomics	SomaScan	7k
Plasma	Fibroblast growth factor receptor 3:Cytoplasmic domain	3809-1	ENSG00000068078	P22607	combined	seq.3809.1	Somalogic	proteomics	SomaScan	7k
Plasma	Tyrosine-protein kinase Fgr	3810-50	ENSG00000000938	P09769	combined	seq.3810.50	Somalogic	proteomics	SomaScan	7k
Plasma	Tyrosine-protein kinase Fyn	3813-3	ENSG00000010810	P06241	combined	seq.3813.3	Somalogic	proteomics	SomaScan	7k
Plasma	Interleukin-11 receptor subunit alpha	3814-63	ENSG00000137070	Q14626	combined	seq.3814.63	Somalogic	proteomics	SomaScan	7k
Plasma	Interleukin-12 receptor subunit beta-2	3815-14	ENSG00000081985	Q99665	combined	seq.3815.14	Somalogic	proteomics	SomaScan	7k
Plasma	Protein kinase C theta type	3817-18	ENSG00000065675	Q04759	combined	seq.3817.18	Somalogic	proteomics	SomaScan	7k
Plasma	MAP kinase-activated protein kinase 2	3820-68	ENSG00000162889	P49137	combined	seq.3820.68	Somalogic	proteomics	SomaScan	7k
Plasma	MAP kinase-activated protein kinase 5	3821-28	ENSG00000089022	Q8IW41	combined	seq.3821.28	Somalogic	proteomics	SomaScan	7k
Plasma	MAP kinase-activated protein kinase 3	3822-54	ENSG00000114738	Q16644	combined	seq.3822.54	Somalogic	proteomics	SomaScan	7k
Plasma	Megakaryocyte-associated tyrosine-protein kinase	3823-9	ENSG00000007264	P42679	combined	seq.3823.9	Somalogic	proteomics	SomaScan	7k
Plasma	Mitogen-activated protein kinase 8	3825-18	ENSG00000107643	P45983	combined	seq.3825.18	Somalogic	proteomics	SomaScan	7k
Plasma	Serine/threonine-protein kinase PAK 6	3827-22	ENSG00000137843	Q9NQU5	combined	seq.3827.22	Somalogic	proteomics	SomaScan	7k
Plasma	Platelet-derived growth factor C	3828-54	ENSG00000145431	Q9NRA1	combined	seq.3828.54	Somalogic	proteomics	SomaScan	7k
Plasma	Phosphatidylinositol 3,4,5-trisphosphate 3-phosphatase and dual-specificity protein phosphatase PTEN	3831-21	ENSG00000171862	P60484	combined	seq.3831.21	Somalogic	proteomics	SomaScan	7k
Plasma	Protein-tyrosine kinase 6	3832-51	ENSG00000101213	Q13882	combined	seq.3832.51	Somalogic	proteomics	SomaScan	7k
Plasma	Toll-like receptor 2	3835-11	ENSG00000137462	O60603	combined	seq.3835.11	Somalogic	proteomics	SomaScan	7k
Plasma	Ubiquitin-fold modifier 1	3836-51	ENSG00000120686	P61960	combined	seq.3836.51	Somalogic	proteomics	SomaScan	7k
Plasma	Tyrosine-protein kinase ZAP-70	3837-6	ENSG00000115085	P43403	combined	seq.3837.6	Somalogic	proteomics	SomaScan	7k
Plasma	AH receptor-interacting protein	3839-60	ENSG00000110711	O00170	combined	seq.3839.60	Somalogic	proteomics	SomaScan	7k
Plasma	Peptidyl-prolyl cis-trans isomerase A	3844-2	ENSG00000196262	P62937	combined	seq.3844.2	Somalogic	proteomics	SomaScan	7k
Plasma	Dynein light chain roadblock-type 1	3845-51	ENSG00000125971	Q9NP97	combined	seq.3845.51	Somalogic	proteomics	SomaScan	7k
Plasma	Persulfide dioxygenase ETHE1, mitochondrial	3847-56	ENSG00000105755	O95571	combined	seq.3847.56	Somalogic	proteomics	SomaScan	7k
Plasma	DnaJ homolog subfamily B member 1	3852-19	ENSG00000132002	P25685	combined	seq.3852.19	Somalogic	proteomics	SomaScan	7k
Plasma	Malate dehydrogenase, cytoplasmic	3853-56	ENSG00000014641	P40925	combined	seq.3853.56	Somalogic	proteomics	SomaScan	7k
Plasma	Nascent polypeptide-associated complex subunit alpha	3854-24	ENSG00000196531	Q13765	combined	seq.3854.24	Somalogic	proteomics	SomaScan	7k
Plasma	Peroxiredoxin-1	3855-56	ENSG00000117450	Q06830	combined	seq.3855.56	Somalogic	proteomics	SomaScan	7k
Plasma	Low molecular weight phosphotyrosine protein phosphatase	3858-5	ENSG00000143727	P24666	combined	seq.3858.5	Somalogic	proteomics	SomaScan	7k
Plasma	Proteasome subunit alpha type-1	3859-50	ENSG00000129084	P25786	combined	seq.3859.50	Somalogic	proteomics	SomaScan	7k
Plasma	Proteasome subunit alpha type-6	3860-7	ENSG00000100902	P60900	combined	seq.3860.7	Somalogic	proteomics	SomaScan	7k
Plasma	40S ribosomal protein S7	3864-5	ENSG00000171863	P62081	combined	seq.3864.5	Somalogic	proteomics	SomaScan	7k
Plasma	Ribosome maturation protein SBDS	3866-7	ENSG00000126524	Q9Y3A5	combined	seq.3866.7	Somalogic	proteomics	SomaScan	7k
Plasma	Seizure 6-like protein 2	3867-49	ENSG00000174938	Q6UXD5	combined	seq.3867.49	Somalogic	proteomics	SomaScan	7k
Plasma	Small glutamine-rich tetratricopeptide repeat-containing protein alpha	3868-8	ENSG00000104969	O43765	combined	seq.3868.8	Somalogic	proteomics	SomaScan	7k
Plasma	Translationally-controlled tumor protein	3872-2	ENSG00000133112	P13693	combined	seq.3872.2	Somalogic	proteomics	SomaScan	7k
Plasma	Thyroid peroxidase	3873-51	ENSG00000115705	P07202	combined	seq.3873.51	Somalogic	proteomics	SomaScan	7k
Plasma	Ubiquitin-conjugating enzyme E2 L3	3874-8	ENSG00000185651	P68036	combined	seq.3874.8	Somalogic	proteomics	SomaScan	7k
Plasma	AT-rich interactive domain-containing protein 3A	3875-62	ENSG00000116017	Q99856	combined	seq.3875.62	Somalogic	proteomics	SomaScan	7k
Plasma	Hsp90 co-chaperone Cdc37	3879-50	ENSG00000105401	Q16543	combined	seq.3879.50	Somalogic	proteomics	SomaScan	7k
Plasma	Dynein light chain 1, cytoplasmic	3881-49	ENSG00000088986	P63167	combined	seq.3881.49	Somalogic	proteomics	SomaScan	7k
Plasma	Importin subunit beta-1	3887-90	ENSG00000108424	Q14974	combined	seq.3887.90	Somalogic	proteomics	SomaScan	7k
Plasma	Inhibitor of growth protein 1	3888-8	ENSG00000153487	Q9UK53	combined	seq.3888.8	Somalogic	proteomics	SomaScan	7k
Plasma	Lamin-B1	3889-64	ENSG00000113368	P20700	combined	seq.3889.64	Somalogic	proteomics	SomaScan	7k
Plasma	L-lactate dehydrogenase B chain	3890-8	ENSG00000111716	P07195	combined	seq.3890.8	Somalogic	proteomics	SomaScan	7k
Plasma	Methyl-CpG-binding domain protein 4	3891-56	ENSG00000129071	O95243	combined	seq.3891.56	Somalogic	proteomics	SomaScan	7k
Plasma	Mediator of RNA polymerase II transcription subunit 1	3892-21	ENSG00000125686	Q15648	combined	seq.3892.21	Somalogic	proteomics	SomaScan	7k
Plasma	Mesothelin	3893-64	ENSG00000102854	Q13421	combined	seq.3893.64	Somalogic	proteomics	SomaScan	7k
Plasma	N-acetyl-D-glucosamine kinase	3894-15	ENSG00000124357	Q9UJ70	combined	seq.3894.15	Somalogic	proteomics	SomaScan	7k
Plasma	Phosphoglycerate mutase 1	3896-5	ENSG00000171314	P18669	combined	seq.3896.5	Somalogic	proteomics	SomaScan	7k
Plasma	Pyridoxal phosphate phosphatase	3897-61	ENSG00000241360	Q96GD0	combined	seq.3897.61	Somalogic	proteomics	SomaScan	7k
Plasma	26S proteasome non-ATPase regulatory subunit 7	3898-5	ENSG00000103035	P51665	combined	seq.3898.5	Somalogic	proteomics	SomaScan	7k
Plasma	S-phase kinase-associated protein 1	3902-21	ENSG00000113558	P63208	combined	seq.3902.21	Somalogic	proteomics	SomaScan	7k
Plasma	Sorting nexin-4	3903-49	ENSG00000114520	O95219	combined	seq.3903.49	Somalogic	proteomics	SomaScan	7k
Plasma	Ubiquitin-conjugating enzyme E2 N	3905-62	ENSG00000177889	P61088	combined	seq.3905.62	Somalogic	proteomics	SomaScan	7k
Plasma	Epithelial discoidin domain-containing receptor 1	4122-12	ENSG00000234078|ENSG00000215522|ENSG00000204580|ENSG00000137332|ENSG00000230456	Q08345	combined	seq.4122.12	Somalogic	proteomics	SomaScan	7k
Plasma	Fibroblast growth factor 4	4123-60	ENSG00000075388	P08620	combined	seq.4123.60	Somalogic	proteomics	SomaScan	7k
Plasma	Heat shock 70 kDa protein 1A	4124-24	ENSG00000234475|ENSG00000204389|ENSG00000215328|ENSG00000235941|ENSG00000237724	P0DMV8	combined	seq.4124.24	Somalogic	proteomics	SomaScan	7k
Plasma	Advanced glycosylation end product-specific receptor, soluble	4125-52	ENSG00000234729|ENSG00000229058|ENSG00000230514|ENSG00000237405|ENSG00000231268|ENSG00000204305|ENSG00000206320	Q15109	combined	seq.4125.52	Somalogic	proteomics	SomaScan	7k
Plasma	Bactericidal permeability-increasing protein	4126-22	ENSG00000101425	P17213	combined	seq.4126.22	Somalogic	proteomics	SomaScan	7k
Plasma	Complement component C6	4127-75	ENSG00000039537	P13671	combined	seq.4127.75	Somalogic	proteomics	SomaScan	7k
Plasma	C-C motif chemokine 24	4128-27	ENSG00000106178	O00175	combined	seq.4128.27	Somalogic	proteomics	SomaScan	7k
Plasma	Complement factor B	4129-72	ENSG00000241253|ENSG00000239754|ENSG00000243649|ENSG00000242335|ENSG00000241534|ENSG00000243570	P00751	combined	seq.4129.72	Somalogic	proteomics	SomaScan	7k
Plasma	Fibroblast growth factor 6	4130-71	ENSG00000111241	P10767	combined	seq.4130.71	Somalogic	proteomics	SomaScan	7k
Plasma	Fibronectin	4131-72	ENSG00000115414	P02751	combined	seq.4131.72	Somalogic	proteomics	SomaScan	7k
Plasma	Follistatin	4132-27	ENSG00000134363	P19883	combined	seq.4132.27	Somalogic	proteomics	SomaScan	7k
Plasma	Granzyme B	4133-54	ENSG00000100453	P10144	combined	seq.4133.54	Somalogic	proteomics	SomaScan	7k
Plasma	Immunoglobulin E	4135-84	ENSG00000211891	P01854	combined	seq.4135.84	Somalogic	proteomics	SomaScan	7k
Plasma	Interleukin-17D	4136-40	ENSG00000172458	Q8TAD2	combined	seq.4136.40	Somalogic	proteomics	SomaScan	7k
Plasma	Interleukin-25	4137-57	ENSG00000166090	Q9H293	combined	seq.4137.57	Somalogic	proteomics	SomaScan	7k
Plasma	Interleukin-20	4138-25	ENSG00000162891	Q9NYY1	combined	seq.4138.25	Somalogic	proteomics	SomaScan	7k
Plasma	Interleukin-6 receptor subunit alpha	4139-71	ENSG00000160712	P08887	combined	seq.4139.71	Somalogic	proteomics	SomaScan	7k
Plasma	Interleukin-7	4140-3	ENSG00000104432	P13232	combined	seq.4140.3	Somalogic	proteomics	SomaScan	7k
Plasma	C-X-C motif chemokine 10	4141-79	ENSG00000169245	P02778	combined	seq.4141.79	Somalogic	proteomics	SomaScan	7k
Plasma	Lymphotactin	4143-74	ENSG00000143184	P47992	combined	seq.4143.74	Somalogic	proteomics	SomaScan	7k
Plasma	C-C motif chemokine 13	4144-13	ENSG00000181374	Q99616	combined	seq.4144.13	Somalogic	proteomics	SomaScan	7k
Plasma	Neurotrophin-3	4145-58	ENSG00000185652	P20783	combined	seq.4145.58	Somalogic	proteomics	SomaScan	7k
Plasma	Neurotrophin-4	4146-58	ENSG00000225950	P34130	combined	seq.4146.58	Somalogic	proteomics	SomaScan	7k
Plasma	Pappalysin-1	4148-49	ENSG00000182752	Q13219	combined	seq.4148.49	Somalogic	proteomics	SomaScan	7k
Plasma	Platelet-derived growth factor subunit B	4149-8	ENSG00000100311	P01127	combined	seq.4149.8	Somalogic	proteomics	SomaScan	7k
Plasma	Plasmin	4150-75	ENSG00000122194	P00747	combined	seq.4150.75	Somalogic	proteomics	SomaScan	7k
Plasma	Plasminogen	4151-6	ENSG00000122194	P00747	combined	seq.4151.6	Somalogic	proteomics	SomaScan	7k
Plasma	Plasma kallikrein	4152-58	ENSG00000164344	P03952	combined	seq.4152.58	Somalogic	proteomics	SomaScan	7k
Plasma	Alpha-1-antichymotrypsin complex	4153-11	ENSG00000142515|ENSG00000196136	P07288|P01011	combined	seq.4153.11	Somalogic	proteomics	SomaScan	7k
Plasma	P-selectin	4154-57	ENSG00000174175	P16109	combined	seq.4154.57	Somalogic	proteomics	SomaScan	7k
Plasma	Tenascin	4155-3	ENSG00000041982	P24821	combined	seq.4155.3	Somalogic	proteomics	SomaScan	7k
Plasma	Transforming growth factor beta-2	4156-74	ENSG00000092969	P61812	combined	seq.4156.74	Somalogic	proteomics	SomaScan	7k
Plasma	Thrombin	4157-2	ENSG00000180210	P00734	combined	seq.4157.2	Somalogic	proteomics	SomaScan	7k
Plasma	Urokinase-type plasminogen activator	4158-54	ENSG00000122861	P00749	combined	seq.4158.54	Somalogic	proteomics	SomaScan	7k
Plasma	Complement factor H	4159-130	ENSG00000000971	P08603	combined	seq.4159.130	Somalogic	proteomics	SomaScan	7k
Plasma	72 kDa type IV collagenase	4160-49	ENSG00000087245	P08253	combined	seq.4160.49	Somalogic	proteomics	SomaScan	7k
Plasma	Serotransferrin	4162-54	ENSG00000091513	P02787	combined	seq.4162.54	Somalogic	proteomics	SomaScan	7k
Plasma	Histone H2A.z	4163-5	ENSG00000164032	P0C0S5	combined	seq.4163.5	Somalogic	proteomics	SomaScan	7k
Plasma	14-3-3 protein gamma	4179-57	ENSG00000170027	P61981	combined	seq.4179.57	Somalogic	proteomics	SomaScan	7k
Plasma	Eukaryotic translation initiation factor 4E-binding protein 2	4184-43		Q13542	combined	seq.4184.43	Somalogic	proteomics	SomaScan	7k
Plasma	6-phosphogluconate dehydrogenase, decarboxylating	4187-49	ENSG00000142657	P52209	combined	seq.4187.49	Somalogic	proteomics	SomaScan	7k
Plasma	Aflatoxin B1 aldehyde reductase member 2	4188-1	ENSG00000053371	O43488	combined	seq.4188.1	Somalogic	proteomics	SomaScan	7k
Plasma	Alcohol dehydrogenase [NADP(+)]	4192-10	ENSG00000117448	P14550	combined	seq.4192.10	Somalogic	proteomics	SomaScan	7k
Plasma	Acidic leucine-rich nuclear phosphoprotein 32 family member B	4194-26	ENSG00000136938	Q92688	combined	seq.4194.26	Somalogic	proteomics	SomaScan	7k
Plasma	Cofilin-1	4203-50	ENSG00000172757	P23528	combined	seq.4203.50	Somalogic	proteomics	SomaScan	7k
Plasma	Vacuolar protein sorting-associated protein VTA1 homolog	4209-60	ENSG00000009844	Q9NP79	combined	seq.4209.60	Somalogic	proteomics	SomaScan	7k
Plasma	Epidermal growth factor receptor substrate 15-like 1	4212-5	ENSG00000127527	Q9UBC2	combined	seq.4212.5	Somalogic	proteomics	SomaScan	7k
Plasma	3-hydroxyacyl-CoA dehydrogenase type-2	4217-49	ENSG00000072506	Q99714	combined	seq.4217.49	Somalogic	proteomics	SomaScan	7k
Plasma	Tyrosine-protein kinase Fer	4220-39	ENSG00000151422	P16591	combined	seq.4220.39	Somalogic	proteomics	SomaScan	7k
Plasma	Heterogeneous nuclear ribonucleoprotein Q	4224-7	ENSG00000135316	O60506	combined	seq.4224.7	Somalogic	proteomics	SomaScan	7k
Plasma	Eukaryotic translation initiation factor 4 gamma 2	4230-1	ENSG00000110321	P78344	combined	seq.4230.1	Somalogic	proteomics	SomaScan	7k
Plasma	Insulin-like growth factor 1 receptor	4232-19	ENSG00000140443	P08069	combined	seq.4232.19	Somalogic	proteomics	SomaScan	7k
Plasma	Interleukin-1 receptor-like 1	4234-8	ENSG00000115602	Q01638	combined	seq.4234.8	Somalogic	proteomics	SomaScan	7k
Plasma	Leucine carboxyl methyltransferase 1	4237-70	ENSG00000205629	Q9UIC8	combined	seq.4237.70	Somalogic	proteomics	SomaScan	7k
Plasma	Protein lin-7 homolog B	4238-4	ENSG00000104863	Q9HAP6	combined	seq.4238.4	Somalogic	proteomics	SomaScan	7k
Plasma	Pyruvate kinase PKM	4240-31	ENSG00000067225	P14618	combined	seq.4240.31	Somalogic	proteomics	SomaScan	7k
Plasma	E3 ubiquitin-protein ligase Mdm2	4245-80	ENSG00000135679	Q00987	combined	seq.4245.80	Somalogic	proteomics	SomaScan	7k
Plasma	Neural cell adhesion molecule L1	4246-40	ENSG00000198910	P32004	combined	seq.4246.40	Somalogic	proteomics	SomaScan	7k
Plasma	Nucleoside diphosphate kinase B	4249-64	ENSG00000243678	P22392	combined	seq.4249.64	Somalogic	proteomics	SomaScan	7k
Plasma	NSFL1 cofactor p47	4250-23	ENSG00000088833	Q9UNZ2	combined	seq.4250.23	Somalogic	proteomics	SomaScan	7k
Plasma	NudC domain-containing protein 3	4254-6	ENSG00000015676	Q8IVD9	combined	seq.4254.6	Somalogic	proteomics	SomaScan	7k
Plasma	Proliferation-associated protein 2G4	4258-15	ENSG00000170515	Q9UQ80	combined	seq.4258.15	Somalogic	proteomics	SomaScan	7k
Plasma	Serum paraoxonase/arylesterase 1	4261-55	ENSG00000005421	P27169	combined	seq.4261.55	Somalogic	proteomics	SomaScan	7k
Plasma	Pescadillo homolog	4267-81	ENSG00000100029	O00541	combined	seq.4267.81	Somalogic	proteomics	SomaScan	7k
Plasma	Prefoldin subunit 5	4271-75	ENSG00000123349	Q99471	combined	seq.4271.75	Somalogic	proteomics	SomaScan	7k
Plasma	Glucose-6-phosphate isomerase	4272-46	ENSG00000105220	P06744	combined	seq.4272.46	Somalogic	proteomics	SomaScan	7k
Plasma	Phosphatidylethanolamine-binding protein 1	4276-10	ENSG00000089220	P30086	combined	seq.4276.10	Somalogic	proteomics	SomaScan	7k
Plasma	Protein disulfide-isomerase	4278-14	ENSG00000185624	P07237	combined	seq.4278.14	Somalogic	proteomics	SomaScan	7k
Plasma	Proteasome subunit alpha type-2	4280-47	ENSG00000106588	P25787	combined	seq.4280.47	Somalogic	proteomics	SomaScan	7k
Plasma	GTP-binding nuclear protein Ran	4282-3	ENSG00000132341	P62826	combined	seq.4282.3	Somalogic	proteomics	SomaScan	7k
Plasma	RNA-binding protein 39	4284-18	ENSG00000131051	Q14498	combined	seq.4284.18	Somalogic	proteomics	SomaScan	7k
Plasma	Alpha-soluble NSF attachment protein	4292-5	ENSG00000105402	P54920	combined	seq.4292.5	Somalogic	proteomics	SomaScan	7k
Plasma	Sphingosine kinase 1	4294-16	ENSG00000176170	Q9NYA1	combined	seq.4294.16	Somalogic	proteomics	SomaScan	7k
Plasma	Spondin-1	4297-62	ENSG00000262655	Q9HCB6	combined	seq.4297.62	Somalogic	proteomics	SomaScan	7k
Plasma	Thymidine kinase, cytosolic	4301-58	ENSG00000167900	P04183	combined	seq.4301.58	Somalogic	proteomics	SomaScan	7k
Plasma	Ligand-dependent nuclear receptor corepressor-like protein	4304-18	ENSG00000178177	Q8N3X6	combined	seq.4304.18	Somalogic	proteomics	SomaScan	7k
Plasma	Transketolase	4306-4	ENSG00000163931	P29401	combined	seq.4306.4	Somalogic	proteomics	SomaScan	7k
Plasma	Triosephosphate isomerase	4309-59	ENSG00000111669	P60174	combined	seq.4309.59	Somalogic	proteomics	SomaScan	7k
Plasma	dCTP pyrophosphatase 1	4314-12	ENSG00000179958	Q9H773	combined	seq.4314.12	Somalogic	proteomics	SomaScan	7k
Plasma	Tyrosine-protein phosphatase non-receptor type 6	4318-12	ENSG00000111679	P29350	combined	seq.4318.12	Somalogic	proteomics	SomaScan	7k
Plasma	Protein amnionless	4322-28	ENSG00000166126	Q9BXJ7	combined	seq.4322.28	Somalogic	proteomics	SomaScan	7k
Plasma	Cystatin-SA	4324-33	ENSG00000170369	P09228	combined	seq.4324.33	Somalogic	proteomics	SomaScan	7k
Plasma	Brother of CDO	4328-2	ENSG00000144857	Q9BWV1	combined	seq.4328.2	Somalogic	proteomics	SomaScan	7k
Plasma	Prostate-specific antigen	4330-4	ENSG00000142515	P07288	combined	seq.4330.4	Somalogic	proteomics	SomaScan	7k
Plasma	C-type lectin domain family 1 member B	4332-6	ENSG00000165682	Q9P126	combined	seq.4332.6	Somalogic	proteomics	SomaScan	7k
Plasma	Serum amyloid A-1 protein	4336-2	ENSG00000173432	P0DJI8	combined	seq.4336.2	Somalogic	proteomics	SomaScan	7k
Plasma	C-reactive protein	4337-49	ENSG00000132693	P02741	combined	seq.4337.49	Somalogic	proteomics	SomaScan	7k
Plasma	Intercellular adhesion molecule 1	4342-10	ENSG00000090339	P05362	combined	seq.4342.10	Somalogic	proteomics	SomaScan	7k
Plasma	Death-associated protein kinase 2	4355-13		Q9UIK4	combined	seq.4355.13	Somalogic	proteomics	SomaScan	7k
Plasma	Dual specificity tyrosine-phosphorylation-regulated kinase 3	4359-87	ENSG00000143479	O43781	combined	seq.4359.87	Somalogic	proteomics	SomaScan	7k
Plasma	Growth/differentiation factor 15	4374-45	ENSG00000130513	Q99988	combined	seq.4374.45	Somalogic	proteomics	SomaScan	7k
Plasma	Desert hedgehog protein N-product	4389-2	ENSG00000139549	O43323	combined	seq.4389.2	Somalogic	proteomics	SomaScan	7k
Plasma	Fibroblast growth factor 12	4392-54	ENSG00000114279	P61328	combined	seq.4392.54	Somalogic	proteomics	SomaScan	7k
Plasma	Fibroblast growth factor 16	4393-3	ENSG00000196468	O43320	combined	seq.4393.3	Somalogic	proteomics	SomaScan	7k
Plasma	Fibroblast growth factor 8 isoform A	4394-71	ENSG00000107831	P55075	combined	seq.4394.71	Somalogic	proteomics	SomaScan	7k
Plasma	Interferon lambda-1	4396-54	ENSG00000182393	Q8IU54	combined	seq.4396.54	Somalogic	proteomics	SomaScan	7k
Plasma	Interferon lambda-2	4397-26	ENSG00000183709	Q8IZJ0	combined	seq.4397.26	Somalogic	proteomics	SomaScan	7k
Plasma	Hepatocyte growth factor-like protein	4407-10	ENSG00000173531	P26927	combined	seq.4407.10	Somalogic	proteomics	SomaScan	7k
Plasma	Antileukoproteinase	4413-3	ENSG00000124107	P03973	combined	seq.4413.3	Somalogic	proteomics	SomaScan	7k
Plasma	Pulmonary surfactant-associated protein D	4414-69	ENSG00000133661	P35247	combined	seq.4414.69	Somalogic	proteomics	SomaScan	7k
Plasma	Disintegrin and metalloproteinase domain-containing protein 12	4420-7	ENSG00000148848	O43184	combined	seq.4420.7	Somalogic	proteomics	SomaScan	7k
Plasma	Bcl-2-like protein 1	4423-77	ENSG00000171552	Q07817	combined	seq.4423.77	Somalogic	proteomics	SomaScan	7k
Plasma	Carbohydrate sulfotransferase 2	4428-1	ENSG00000175040	Q9Y4C5	combined	seq.4428.1	Somalogic	proteomics	SomaScan	7k
Plasma	Carbohydrate sulfotransferase 6	4429-51	ENSG00000183196	Q9GZX3	combined	seq.4429.51	Somalogic	proteomics	SomaScan	7k
Plasma	Collectin-11	4430-44	ENSG00000118004	Q9BWP8	combined	seq.4430.44	Somalogic	proteomics	SomaScan	7k
Plasma	Ectonucleotide pyrophosphatase/phosphodiesterase family member 7	4435-66	ENSG00000182156	Q6UWV6	combined	seq.4435.66	Somalogic	proteomics	SomaScan	7k
Plasma	Ectonucleoside triphosphate diphosphohydrolase 3	4436-1	ENSG00000168032	O75355	combined	seq.4436.1	Somalogic	proteomics	SomaScan	7k
Plasma	Ectonucleoside triphosphate diphosphohydrolase 5	4437-56	ENSG00000187097	O75356	combined	seq.4437.56	Somalogic	proteomics	SomaScan	7k
Plasma	Fc receptor-like protein 3	4440-15	ENSG00000160856	Q96P31	combined	seq.4440.15	Somalogic	proteomics	SomaScan	7k
Plasma	Heterogeneous nuclear ribonucleoprotein A/B	4450-26	ENSG00000197451	Q99729	combined	seq.4450.26	Somalogic	proteomics	SomaScan	7k
Plasma	Leucine-rich repeat transmembrane neuronal protein 1	4452-9	ENSG00000162951	Q86UE6	combined	seq.4452.9	Somalogic	proteomics	SomaScan	7k
Plasma	Leucine-rich repeat transmembrane neuronal protein 3	4453-83	ENSG00000198739	Q86VH5	combined	seq.4453.83	Somalogic	proteomics	SomaScan	7k
Plasma	Lactadherin	4455-89	ENSG00000140545	Q08431	combined	seq.4455.89	Somalogic	proteomics	SomaScan	7k
Plasma	Proprotein convertase subtilisin/kexin type 7	4459-68	ENSG00000160613	Q16549	combined	seq.4459.68	Somalogic	proteomics	SomaScan	7k
Plasma	3-phosphoinositide-dependent protein kinase 1	4460-8	ENSG00000140992	O15530	combined	seq.4460.8	Somalogic	proteomics	SomaScan	7k
Plasma	Sialoadhesin	4464-10	ENSG00000088827	Q9BZZ2	combined	seq.4464.10	Somalogic	proteomics	SomaScan	7k
Plasma	SPARC-like protein 1	4467-49	ENSG00000152583	Q14515	combined	seq.4467.49	Somalogic	proteomics	SomaScan	7k
Plasma	Sphingosine kinase 2	4468-21	ENSG00000063176	Q9NRA0	combined	seq.4468.21	Somalogic	proteomics	SomaScan	7k
Plasma	Carbohydrate sulfotransferase 15	4469-78	ENSG00000182022	Q7LFX5	combined	seq.4469.78	Somalogic	proteomics	SomaScan	7k
Plasma	Tropomyosin beta chain	4472-5	ENSG00000198467	P07951	combined	seq.4472.5	Somalogic	proteomics	SomaScan	7k
Plasma	Tyrosine-protein kinase ZAP-70	4476-22	ENSG00000115085	P43403	combined	seq.4476.22	Somalogic	proteomics	SomaScan	7k
Plasma	Plasma protease C1 inhibitor	4479-14	ENSG00000149131	P05155	combined	seq.4479.14	Somalogic	proteomics	SomaScan	7k
Plasma	Complement C3b	4480-59	ENSG00000125730	P01024	combined	seq.4480.59	Somalogic	proteomics	SomaScan	7k
Plasma	Complement C4	4481-34	ENSG00000228454|ENSG00000224389|ENSG00000236625|ENSG00000228267|ENSG00000233312|ENSG00000206340|ENSG00000227746|ENSG00000244731	P0C0L5|P0C0L4	combined	seq.4481.34	Somalogic	proteomics	SomaScan	7k
Plasma	Complement C5b-C6 complex	4482-66	ENSG00000039537|ENSG00000106804	P13671|P01031	combined	seq.4482.66	Somalogic	proteomics	SomaScan	7k
Plasma	Fibroblast growth factor 7	4487-1	ENSG00000140285	P21781	combined	seq.4487.1	Somalogic	proteomics	SomaScan	7k
Plasma	Interleukin-5 receptor subunit alpha	4491-4	ENSG00000091181	Q01344	combined	seq.4491.4	Somalogic	proteomics	SomaScan	7k
Plasma	Interleukin-11	4493-92	ENSG00000095752	P20809	combined	seq.4493.92	Somalogic	proteomics	SomaScan	7k
Plasma	Macrophage metalloelastase	4496-60	ENSG00000262406	P39900	combined	seq.4496.60	Somalogic	proteomics	SomaScan	7k
Plasma	Neural cell adhesion molecule 1, 120 kDa isoform	4498-62	ENSG00000149294	P13591	combined	seq.4498.62	Somalogic	proteomics	SomaScan	7k
Plasma	Platelet-derived growth factor subunit A	4499-21	ENSG00000197461	P04085	combined	seq.4499.21	Somalogic	proteomics	SomaScan	7k
Plasma	Stem cell growth factor-alpha	4500-50		Q9Y240	combined	seq.4500.50	Somalogic	proteomics	SomaScan	7k
Plasma	A disintegrin and metalloproteinase with thrombospondin motifs 15	4533-76	ENSG00000166106	Q8TE58	combined	seq.4533.76	Somalogic	proteomics	SomaScan	7k
Plasma	Brain-specific serine protease 4	4534-10	ENSG00000005001|ENSG00000282937	Q9GZN4	combined	seq.4534.10	Somalogic	proteomics	SomaScan	7k
Plasma	ADP-ribosyl cyclase/cyclic ADP-ribose hydrolase 2	4535-50	ENSG00000109743	Q10588	combined	seq.4535.50	Somalogic	proteomics	SomaScan	7k
Plasma	Chromobox protein homolog 5	4540-11	ENSG00000094916	P45973	combined	seq.4540.11	Somalogic	proteomics	SomaScan	7k
Plasma	Cell adhesion molecule-related/down-regulated by oncogenes	4541-49	ENSG00000064309	Q4KMG0	combined	seq.4541.49	Somalogic	proteomics	SomaScan	7k
Plasma	Clusterin	4542-24	ENSG00000120885	P10909	combined	seq.4542.24	Somalogic	proteomics	SomaScan	7k
Plasma	Collagen alpha-1(XXIII) chain	4543-65	ENSG00000050767	Q86Y22	combined	seq.4543.65	Somalogic	proteomics	SomaScan	7k
Plasma	Connective tissue-activating peptide III	4544-4	ENSG00000163736	P02775	combined	seq.4544.4	Somalogic	proteomics	SomaScan	7k
Plasma	Mitochondrial import inner membrane translocase subunit TIM14	4545-53	ENSG00000205981	Q96DA6	combined	seq.4545.53	Somalogic	proteomics	SomaScan	7k
Plasma	Adhesion G protein-coupled receptor E2	4546-27	ENSG00000127507	Q9UHX3	combined	seq.4546.27	Somalogic	proteomics	SomaScan	7k
Plasma	Leucine-rich repeat transmembrane protein FLRT1	4547-59		Q9NZU1	combined	seq.4547.59	Somalogic	proteomics	SomaScan	7k
Plasma	Galactoside 3(4)-L-fucosyltransferase	4548-4	ENSG00000171124	P21217	combined	seq.4548.4	Somalogic	proteomics	SomaScan	7k
Plasma	Alpha-(1,3)-fucosyltransferase 5	4549-78	ENSG00000130383	Q11128	combined	seq.4549.78	Somalogic	proteomics	SomaScan	7k
Plasma	Adhesion G-protein coupled receptor G5	4551-72	ENSG00000159618	Q8IZF4	combined	seq.4551.72	Somalogic	proteomics	SomaScan	7k
Plasma	Hepatoma-derived growth factor-related protein 2	4553-65	ENSG00000167674	Q7Z4V5	combined	seq.4553.65	Somalogic	proteomics	SomaScan	7k
Plasma	Interleukin-34	4556-10	ENSG00000157368	Q6ZMJ4	combined	seq.4556.10	Somalogic	proteomics	SomaScan	7k
Plasma	Kin of IRRE-like protein 3	4557-61	ENSG00000149571	Q8IZU9	combined	seq.4557.61	Somalogic	proteomics	SomaScan	7k
Plasma	Kynureninase	4559-64	ENSG00000115919	Q16719	combined	seq.4559.64	Somalogic	proteomics	SomaScan	7k
Plasma	Tyrosine-protein kinase Lck	4560-34	ENSG00000182866	P06239	combined	seq.4560.34	Somalogic	proteomics	SomaScan	7k
Plasma	Neurexophilin-1	4562-1	ENSG00000122584	P58417	combined	seq.4562.1	Somalogic	proteomics	SomaScan	7k
Plasma	1-phosphatidylinositol 4,5-bisphosphate phosphodiesterase gamma-1	4563-61	ENSG00000124181	P19174	combined	seq.4563.61	Somalogic	proteomics	SomaScan	7k
Plasma	Plexin-C1	4564-2	ENSG00000136040	O60486	combined	seq.4564.2	Somalogic	proteomics	SomaScan	7k
Plasma	R-spondin-2	4566-24	ENSG00000147655	Q6UXX9	combined	seq.4566.24	Somalogic	proteomics	SomaScan	7k
Plasma	SH2 domain-containing protein 1A	4567-82	ENSG00000183918	O60880	combined	seq.4567.82	Somalogic	proteomics	SomaScan	7k
Plasma	SLIT and NTRK-like protein 5	4568-17	ENSG00000165300	O94991	combined	seq.4568.17	Somalogic	proteomics	SomaScan	7k
Plasma	VPS10 domain-containing receptor SorCS2	4569-52	ENSG00000184985	Q96PQ0	combined	seq.4569.52	Somalogic	proteomics	SomaScan	7k
Plasma	Pancreatic hormone	4588-1	ENSG00000108849	P01298	combined	seq.4588.1	Somalogic	proteomics	SomaScan	7k
Plasma	Pituitary adenylate cyclase-activating polypeptide 38	4594-22	ENSG00000141433	P18509	combined	seq.4594.22	Somalogic	proteomics	SomaScan	7k
Plasma	Interleukin-6	4673-13	ENSG00000136244	P05231	combined	seq.4673.13	Somalogic	proteomics	SomaScan	7k
Plasma	3-hydroxyisobutyrate dehydrogenase, mitochondrial	4693-72	ENSG00000106049	P31937	combined	seq.4693.72	Somalogic	proteomics	SomaScan	7k
Plasma	Fatty acid-binding protein, heart	4696-2	ENSG00000121769	P05413	combined	seq.4696.2	Somalogic	proteomics	SomaScan	7k
Plasma	Granulocyte-macrophage colony-stimulating factor	4697-59	ENSG00000164400	P04141	combined	seq.4697.59	Somalogic	proteomics	SomaScan	7k
Plasma	Lymphotoxin-alpha	4703-87	ENSG00000226979|ENSG00000231408|ENSG00000230279	P01374	combined	seq.4703.87	Somalogic	proteomics	SomaScan	7k
Plasma	Protein 4.1	4706-17	ENSG00000159023	P11171	combined	seq.4706.17	Somalogic	proteomics	SomaScan	7k
Plasma	14-3-3 protein eta	4707-50	ENSG00000128245	Q04917	combined	seq.4707.50	Somalogic	proteomics	SomaScan	7k
Plasma	Estradiol 17-beta-dehydrogenase 1	4708-3	ENSG00000108786	P14061	combined	seq.4708.3	Somalogic	proteomics	SomaScan	7k
Plasma	Apolipoprotein D	4712-28	ENSG00000189058	P05090	combined	seq.4712.28	Somalogic	proteomics	SomaScan	7k
Plasma	Interleukin-3	4717-55	ENSG00000164399	P08700	combined	seq.4717.55	Somalogic	proteomics	SomaScan	7k
Plasma	Peptidyl-prolyl cis-trans isomerase B	4718-5	ENSG00000166794	P23284	combined	seq.4718.5	Somalogic	proteomics	SomaScan	7k
Plasma	Protein disulfide-isomerase A3	4719-58	ENSG00000167004	P30101	combined	seq.4719.58	Somalogic	proteomics	SomaScan	7k
Plasma	Trefoil factor 3	4721-54	ENSG00000160180	Q07654	combined	seq.4721.54	Somalogic	proteomics	SomaScan	7k
Plasma	Afamin	4763-31	ENSG00000079557	P43652	combined	seq.4763.31	Somalogic	proteomics	SomaScan	7k
Plasma	Olfactomedin-4	4769-10	ENSG00000102837	Q6UX06	combined	seq.4769.10	Somalogic	proteomics	SomaScan	7k
Plasma	Acid sphingomyelinase-like phosphodiesterase 3a	4771-10	ENSG00000172594	Q92484	combined	seq.4771.10	Somalogic	proteomics	SomaScan	7k
Plasma	Gelsolin	4775-34	ENSG00000148180	P06396	combined	seq.4775.34	Somalogic	proteomics	SomaScan	7k
Plasma	Corticosteroid-binding globulin	4785-30	ENSG00000170099|ENSG00000277405	P08185	combined	seq.4785.30	Somalogic	proteomics	SomaScan	7k
Plasma	Lactoperoxidase	4801-13	ENSG00000167419	P22079	combined	seq.4801.13	Somalogic	proteomics	SomaScan	7k
Plasma	Collagen alpha-1(VIII) chain	4807-13	ENSG00000144810	P27658	combined	seq.4807.13	Somalogic	proteomics	SomaScan	7k
Plasma	Inter-alpha-trypsin inhibitor heavy chain H4	4811-33	ENSG00000055955	Q14624	combined	seq.4811.33	Somalogic	proteomics	SomaScan	7k
Plasma	Thioredoxin domain-containing protein 12	4815-25	ENSG00000117862	O95881	combined	seq.4815.25	Somalogic	proteomics	SomaScan	7k
Plasma	14-3-3 protein sigma	4829-43	ENSG00000175793	P31947	combined	seq.4829.43	Somalogic	proteomics	SomaScan	7k
Plasma	L-Selectin	4831-4	ENSG00000188404	P14151	combined	seq.4831.4	Somalogic	proteomics	SomaScan	7k
Plasma	Tumor necrosis factor receptor superfamily member 10A	4832-75	ENSG00000104689	O00220	combined	seq.4832.75	Somalogic	proteomics	SomaScan	7k
Plasma	Ephrin type-A receptor 2	4834-61	ENSG00000142627	P29317	combined	seq.4834.61	Somalogic	proteomics	SomaScan	7k
Plasma	Granulocyte colony-stimulating factor	4840-73	ENSG00000108342	P09919	combined	seq.4840.73	Somalogic	proteomics	SomaScan	7k
Plasma	Glypican-3	4842-62	ENSG00000147257	P51654	combined	seq.4842.62	Somalogic	proteomics	SomaScan	7k
Plasma	Interleukin-1 alpha	4851-25	ENSG00000115008	P01583	combined	seq.4851.25	Somalogic	proteomics	SomaScan	7k
Plasma	Bone morphogenetic protein receptor type-1A	4859-6	ENSG00000107779	P36894	combined	seq.4859.6	Somalogic	proteomics	SomaScan	7k
Plasma	Bone morphogenetic protein receptor type-2	4862-63	ENSG00000204217	Q13873	combined	seq.4862.63	Somalogic	proteomics	SomaScan	7k
Plasma	BDNF/NT-3 growth factors receptor	4866-59	ENSG00000148053	Q16620	combined	seq.4866.59	Somalogic	proteomics	SomaScan	7k
Plasma	Vascular endothelial growth factor A, isoform 121	4867-15	ENSG00000112715	P15692	combined	seq.4867.15	Somalogic	proteomics	SomaScan	7k
Plasma	Angiogenin	4874-3	ENSG00000214274	P03950	combined	seq.4874.3	Somalogic	proteomics	SomaScan	7k
Plasma	Coagulation factor IX	4876-32	ENSG00000101981	P00740	combined	seq.4876.32	Somalogic	proteomics	SomaScan	7k
Plasma	Coagulation Factor X	4878-3	ENSG00000126218	P00742	combined	seq.4878.3	Somalogic	proteomics	SomaScan	7k
Plasma	Growth/differentiation factor 2	4880-21	ENSG00000263761	Q9UK05	combined	seq.4880.21	Somalogic	proteomics	SomaScan	7k
Plasma	Insulin	4883-56	ENSG00000254647	P01308	combined	seq.4883.56	Somalogic	proteomics	SomaScan	7k
Plasma	C-C motif chemokine 7	4886-3	ENSG00000108688	P80098	combined	seq.4886.3	Somalogic	proteomics	SomaScan	7k
Plasma	Protein Wnt-7a	4889-82	ENSG00000154764	O00755	combined	seq.4889.82	Somalogic	proteomics	SomaScan	7k
Plasma	Corticotropin	4890-10	ENSG00000115138	P01189	combined	seq.4890.10	Somalogic	proteomics	SomaScan	7k
Plasma	Glucagon	4891-50	ENSG00000115263	P01275	combined	seq.4891.50	Somalogic	proteomics	SomaScan	7k
Plasma	C3a anaphylatoxin	4900-8	ENSG00000125730	P01024	combined	seq.4900.8	Somalogic	proteomics	SomaScan	7k
Plasma	Calcineurin	4903-72	ENSG00000221823|ENSG00000138814	P63098|Q08209	combined	seq.4903.72	Somalogic	proteomics	SomaScan	7k
Plasma	Caspase-2	4904-7	ENSG00000106144	P42575	combined	seq.4904.7	Somalogic	proteomics	SomaScan	7k
Plasma	Coactosin-like protein	4905-63	ENSG00000103187	Q14019	combined	seq.4905.63	Somalogic	proteomics	SomaScan	7k
Plasma	Coagulation Factor V	4906-35	ENSG00000198734	P12259	combined	seq.4906.35	Somalogic	proteomics	SomaScan	7k
Plasma	D-dimer	4907-56	ENSG00000171557|ENSG00000171564|ENSG00000171560	P02679|P02675|P02671	combined	seq.4907.56	Somalogic	proteomics	SomaScan	7k
Plasma	Endoglin	4908-6	ENSG00000106991	P17813	combined	seq.4908.6	Somalogic	proteomics	SomaScan	7k
Plasma	Galectin-8	4909-68	ENSG00000116977	O00214	combined	seq.4909.68	Somalogic	proteomics	SomaScan	7k
Plasma	Phospholipase A2	4910-21	ENSG00000170890	P04054	combined	seq.4910.21	Somalogic	proteomics	SomaScan	7k
Plasma	Glutathione S-transferase P	4911-49	ENSG00000084207	P09211	combined	seq.4911.49	Somalogic	proteomics	SomaScan	7k
Plasma	Aspartate aminotransferase, cytoplasmic	4912-17	ENSG00000120053	P17174	combined	seq.4912.17	Somalogic	proteomics	SomaScan	7k
Plasma	C-C motif chemokine 16	4913-78	ENSG00000275095|ENSG00000275152	O15467	combined	seq.4913.78	Somalogic	proteomics	SomaScan	7k
Plasma	Human Chorionic Gonadotropin	4914-10	ENSG00000196337|ENSG00000213030|ENSG00000189052|ENSG00000104827|ENSG00000135346	P0DN87|P0DN86|P01215	combined	seq.4914.10	Somalogic	proteomics	SomaScan	7k
Plasma	Hemoglobin	4915-64	ENSG00000244734|ENSG00000188536|ENSG00000206172	P68871|P69905	combined	seq.4915.64	Somalogic	proteomics	SomaScan	7k
Plasma	Immunoglobulin D	4916-2	ENSG00000211898	P01880	combined	seq.4916.2	Somalogic	proteomics	SomaScan	7k
Plasma	Integrin alpha-V: beta-5 complex	4917-62	ENSG00000082781|ENSG00000138448	P18084|P06756	combined	seq.4917.62	Somalogic	proteomics	SomaScan	7k
Plasma	Kininogen-1	4918-21	ENSG00000113889	P01042	combined	seq.4918.21	Somalogic	proteomics	SomaScan	7k
Plasma	Lysozyme C	4920-10	ENSG00000090382	P61626	combined	seq.4920.10	Somalogic	proteomics	SomaScan	7k
Plasma	C-C motif chemokine 19	4922-13	ENSG00000172724	Q99731	combined	seq.4922.13	Somalogic	proteomics	SomaScan	7k
Plasma	Muellerian-inhibiting factor	4923-79	ENSG00000104899	P03971	combined	seq.4923.79	Somalogic	proteomics	SomaScan	7k
Plasma	Interstitial collagenase	4924-32	ENSG00000196611	P03956	combined	seq.4924.32	Somalogic	proteomics	SomaScan	7k
Plasma	Collagenase 3	4925-54	ENSG00000137745	P45452	combined	seq.4925.54	Somalogic	proteomics	SomaScan	7k
Plasma	Sex hormone-binding globulin	4929-55	ENSG00000129214	P04278	combined	seq.4929.55	Somalogic	proteomics	SomaScan	7k
Plasma	Stanniocalcin-1	4930-21	ENSG00000159167	P52823	combined	seq.4930.21	Somalogic	proteomics	SomaScan	7k
Plasma	Tissue Factor	4931-59	ENSG00000117525	P13726	combined	seq.4931.59	Somalogic	proteomics	SomaScan	7k
Plasma	Epiregulin	4956-2	ENSG00000124882	O14944	combined	seq.4956.2	Somalogic	proteomics	SomaScan	7k
Plasma	Anterior gradient protein 2 homolog	4959-2	ENSG00000106541	O95994	combined	seq.4959.2	Somalogic	proteomics	SomaScan	7k
Plasma	Annexin A1	4960-72	ENSG00000135046	P04083	combined	seq.4960.72	Somalogic	proteomics	SomaScan	7k
Plasma	Annexin A2	4961-17	ENSG00000182718	P07355	combined	seq.4961.17	Somalogic	proteomics	SomaScan	7k
Plasma	Cerebral dopamine neurotrophic factor	4962-52	ENSG00000185267	Q49AH0	combined	seq.4962.52	Somalogic	proteomics	SomaScan	7k
Plasma	cAMP-regulated phosphoprotein 19	4963-19	ENSG00000128989	P56211	combined	seq.4963.19	Somalogic	proteomics	SomaScan	7k
Plasma	Endoplasmic reticulum aminopeptidase 1	4964-67	ENSG00000164307	Q9NZ08	combined	seq.4964.67	Somalogic	proteomics	SomaScan	7k
Plasma	ATP synthase subunit beta, mitochondrial	4965-27	ENSG00000110955	P06576	combined	seq.4965.27	Somalogic	proteomics	SomaScan	7k
Plasma	Complement component 1 Q subcomponent-binding protein, mitochondrial	4967-1	ENSG00000108561	Q07021	combined	seq.4967.1	Somalogic	proteomics	SomaScan	7k
Plasma	Macrophage-capping protein	4968-50	ENSG00000042493	P40121	combined	seq.4968.50	Somalogic	proteomics	SomaScan	7k
Plasma	Carbonic anhydrase 1	4969-2	ENSG00000133742	P00915	combined	seq.4969.2	Somalogic	proteomics	SomaScan	7k
Plasma	Carbonic anhydrase 2	4970-55	ENSG00000104267	P00918	combined	seq.4970.55	Somalogic	proteomics	SomaScan	7k
Plasma	Cathepsin Z	4971-1	ENSG00000101160	Q9UBR2	combined	seq.4971.1	Somalogic	proteomics	SomaScan	7k
Plasma	Baculoviral IAP repeat-containing protein 3	4973-18	ENSG00000023445	Q13489	combined	seq.4973.18	Somalogic	proteomics	SomaScan	7k
Plasma	Adapter molecule crk	4976-57	ENSG00000167193	P46108	combined	seq.4976.57	Somalogic	proteomics	SomaScan	7k
Plasma	Drebrin-like protein	4978-54	ENSG00000136279	Q9UJU6	combined	seq.4978.54	Somalogic	proteomics	SomaScan	7k
Plasma	Dermatopontin	4979-34	ENSG00000143196	Q07507	combined	seq.4979.34	Somalogic	proteomics	SomaScan	7k
Plasma	Desmocollin-3	4981-6	ENSG00000134762	Q14574	combined	seq.4981.6	Somalogic	proteomics	SomaScan	7k
Plasma	Elafin	4982-54	ENSG00000124102	P19957	combined	seq.4982.54	Somalogic	proteomics	SomaScan	7k
Plasma	Endoplasmic reticulum resident protein 29	4983-6	ENSG00000089248	P30040	combined	seq.4983.6	Somalogic	proteomics	SomaScan	7k
Plasma	S-formylglutathione hydrolase	4984-83	ENSG00000139684	P10768	combined	seq.4984.83	Somalogic	proteomics	SomaScan	7k
Plasma	Fatty acid-binding protein, epidermal	4985-11	ENSG00000164687	Q01469	combined	seq.4985.11	Somalogic	proteomics	SomaScan	7k
Plasma	Focal adhesion kinase 1	4986-59	ENSG00000169398	Q05397	combined	seq.4986.59	Somalogic	proteomics	SomaScan	7k
Plasma	Immunoglobulin alpha Fc receptor	4987-17	ENSG00000275564|ENSG00000275970|ENSG00000283953|ENSG00000283750|ENSG00000275269|ENSG00000275136|ENSG00000273738|ENSG00000278415|ENSG00000284245|ENSG00000276985|ENSG00000284061|ENSG00000276858|ENSG00000186431|ENSG00000284004|ENSG00000274580	P24071	combined	seq.4987.17	Somalogic	proteomics	SomaScan	7k
Plasma	Fibroblast growth factor receptor 4	4988-49	ENSG00000160867	P22455	combined	seq.4988.49	Somalogic	proteomics	SomaScan	7k
Plasma	Fibrinogen gamma chain	4989-7	ENSG00000171557	P02679	combined	seq.4989.7	Somalogic	proteomics	SomaScan	7k
Plasma	Platelet glycoprotein Ib alpha chain	4990-87	ENSG00000185245	P07359	combined	seq.4990.87	Somalogic	proteomics	SomaScan	7k
Plasma	Glypican-5	4991-12	ENSG00000179399	P78333	combined	seq.4991.12	Somalogic	proteomics	SomaScan	7k
Plasma	Granulins	4992-49	ENSG00000030582	P28799	combined	seq.4992.49	Somalogic	proteomics	SomaScan	7k
Plasma	Glutathione S-transferase A3	4993-16	ENSG00000174156	Q16772	combined	seq.4993.16	Somalogic	proteomics	SomaScan	7k
Plasma	15-hydroxyprostaglandin dehydrogenase [NAD(+)]	4995-16	ENSG00000164120	P15428	combined	seq.4995.16	Somalogic	proteomics	SomaScan	7k
Plasma	Histidine-rich glycoprotein	4996-66	ENSG00000113905	P04196	combined	seq.4996.66	Somalogic	proteomics	SomaScan	7k
Plasma	Eukaryotic initiation factor 4A-III	4997-19	ENSG00000141543	P38919	combined	seq.4997.19	Somalogic	proteomics	SomaScan	7k
Plasma	Galectin-3-binding protein	5000-52	ENSG00000108679	Q08380	combined	seq.5000.52	Somalogic	proteomics	SomaScan	7k
Plasma	Mammaglobin-B	5001-6	ENSG00000124939	O75556	combined	seq.5001.6	Somalogic	proteomics	SomaScan	7k
Plasma	Matrix metalloproteinase-14	5002-76	ENSG00000157227	P50281	combined	seq.5002.76	Somalogic	proteomics	SomaScan	7k
Plasma	Mitogen-activated protein kinase 11	5004-69	ENSG00000185386	Q15759	combined	seq.5004.69	Somalogic	proteomics	SomaScan	7k
Plasma	Mitogen-activated protein kinase 12	5005-4	ENSG00000188130	P53778	combined	seq.5005.4	Somalogic	proteomics	SomaScan	7k
Plasma	Mitogen-activated protein kinase 13	5006-71	ENSG00000156711	O15264	combined	seq.5006.71	Somalogic	proteomics	SomaScan	7k
Plasma	Mitogen-activated protein kinase 14	5007-1	ENSG00000112062	Q16539	combined	seq.5007.1	Somalogic	proteomics	SomaScan	7k
Plasma	Superoxide dismutase [Mn], mitochondrial	5008-51	ENSG00000112096	P04179	combined	seq.5008.51	Somalogic	proteomics	SomaScan	7k
Plasma	Moesin	5009-11	ENSG00000147065	P26038	combined	seq.5009.11	Somalogic	proteomics	SomaScan	7k
Plasma	Nicotinamide phosphoribosyltransferase	5011-11	ENSG00000105835	P43490	combined	seq.5011.11	Somalogic	proteomics	SomaScan	7k
Plasma	Adenylate kinase isoenzyme 1	5012-67	ENSG00000106992	P00568	combined	seq.5012.67	Somalogic	proteomics	SomaScan	7k
Plasma	Chloride intracellular channel protein 1	5013-2	ENSG00000226651|ENSG00000226417|ENSG00000223639|ENSG00000230685|ENSG00000206394|ENSG00000213719|ENSG00000226248	O00299	combined	seq.5013.2	Somalogic	proteomics	SomaScan	7k
Plasma	Cytoplasmic protein NCK1	5014-49	ENSG00000158092	P16333	combined	seq.5014.49	Somalogic	proteomics	SomaScan	7k
Plasma	Platelet-activating factor acetylhydrolase	5015-15	ENSG00000146070	Q13093	combined	seq.5015.15	Somalogic	proteomics	SomaScan	7k
Plasma	Peroxiredoxin-5, mitochondrial	5017-19	ENSG00000126432	P30044	combined	seq.5017.19	Somalogic	proteomics	SomaScan	7k
Plasma	Peroxiredoxin-6	5018-68	ENSG00000117592	P30041	combined	seq.5018.68	Somalogic	proteomics	SomaScan	7k
Plasma	Ubiquitin carboxyl-terminal hydrolase isozyme L1	5019-16	ENSG00000154277	P09936	combined	seq.5019.16	Somalogic	proteomics	SomaScan	7k
Plasma	Phosphoglycerate kinase 1	5020-50	ENSG00000102144	P00558	combined	seq.5020.50	Somalogic	proteomics	SomaScan	7k
Plasma	Inorganic pyrophosphatase	5021-13	ENSG00000180817	Q15181	combined	seq.5021.13	Somalogic	proteomics	SomaScan	7k
Plasma	Adenylosuccinate lyase	5023-23	ENSG00000239900	P30566	combined	seq.5023.23	Somalogic	proteomics	SomaScan	7k
Plasma	Retinoblastoma-associated protein	5024-67	ENSG00000139687	P06400	combined	seq.5024.67	Somalogic	proteomics	SomaScan	7k
Plasma	40S ribosomal protein S3	5026-66	ENSG00000149273	P23396	combined	seq.5026.66	Somalogic	proteomics	SomaScan	7k
Plasma	Scavenger receptor cysteine-rich type 1 protein M130	5028-59	ENSG00000177575	Q86VB7	combined	seq.5028.59	Somalogic	proteomics	SomaScan	7k
Plasma	Prolyl endopeptidase FAP	5029-3	ENSG00000078098	Q12884	combined	seq.5029.3	Somalogic	proteomics	SomaScan	7k
Plasma	NAD-dependent protein deacetylase sirtuin-2	5030-52	ENSG00000068903|ENSG00000283100	Q8IXJ6	combined	seq.5030.52	Somalogic	proteomics	SomaScan	7k
Plasma	Spectrin alpha chain, non-erythrocytic 1	5031-10	ENSG00000197694	Q13813	combined	seq.5031.10	Somalogic	proteomics	SomaScan	7k
Plasma	FACT complex subunit SSRP1	5032-64	ENSG00000149136	Q08945	combined	seq.5032.64	Somalogic	proteomics	SomaScan	7k
Plasma	Tropomyosin alpha-1 chain	5033-27	ENSG00000140416	P09493	combined	seq.5033.27	Somalogic	proteomics	SomaScan	7k
Plasma	Trypsin-2	5034-79	ENSG00000275896|ENSG00000282049	P07478	combined	seq.5034.79	Somalogic	proteomics	SomaScan	7k
Plasma	Thymidylate synthase	5035-7	ENSG00000176890	P04818	combined	seq.5035.7	Somalogic	proteomics	SomaScan	7k
Plasma	Tumor necrosis factor-inducible gene 6 protein	5036-50	ENSG00000123610	P98066	combined	seq.5036.50	Somalogic	proteomics	SomaScan	7k
Plasma	Programmed cell death 1 ligand 1	5060-62	ENSG00000120217	Q9NZQ7	combined	seq.5060.62	Somalogic	proteomics	SomaScan	7k
Plasma	ICOS ligand	5061-27	ENSG00000160223	O75144	combined	seq.5061.27	Somalogic	proteomics	SomaScan	7k
Plasma	CD226 antigen	5062-60	ENSG00000150637	Q15762	combined	seq.5062.60	Somalogic	proteomics	SomaScan	7k
Plasma	Natural killer cell receptor 2B4	5063-12	ENSG00000122223	Q9BZW8	combined	seq.5063.12	Somalogic	proteomics	SomaScan	7k
Plasma	CD83 antigen	5065-8	ENSG00000112149	Q01151	combined	seq.5065.8	Somalogic	proteomics	SomaScan	7k
Plasma	CMRF35-like molecule 6	5066-134	ENSG00000167850	Q08708	combined	seq.5066.134	Somalogic	proteomics	SomaScan	7k
Plasma	Complement decay-accelerating factor	5069-9	ENSG00000196352	P08174	combined	seq.5069.9	Somalogic	proteomics	SomaScan	7k
Plasma	Tumor necrosis factor receptor superfamily member 6B	5070-76	ENSG00000243509	O95407	combined	seq.5070.76	Somalogic	proteomics	SomaScan	7k
Plasma	Ephrin type-A receptor 10	5076-53	ENSG00000183317	Q5JZY3	combined	seq.5076.53	Somalogic	proteomics	SomaScan	7k
Plasma	Ephrin type-B receptor 6	5078-82	ENSG00000106123	O15197	combined	seq.5078.82	Somalogic	proteomics	SomaScan	7k
Plasma	Transmembrane glycoprotein NMB:Extracellular domain	5080-131	ENSG00000136235	Q14956	combined	seq.5080.131	Somalogic	proteomics	SomaScan	7k
Plasma	X-linked interleukin-1 receptor accessory protein-like 2	5082-51	ENSG00000189108	Q9NP60	combined	seq.5082.51	Somalogic	proteomics	SomaScan	7k
Plasma	Interleukin-17 receptor B	5084-154	ENSG00000056736	Q9NRM6	combined	seq.5084.154	Somalogic	proteomics	SomaScan	7k
Plasma	Interleukin-20 receptor subunit alpha	5085-18	ENSG00000016402	Q9UHF4	combined	seq.5085.18	Somalogic	proteomics	SomaScan	7k
Plasma	Interleukin-22 receptor subunit alpha-2	5087-5	ENSG00000164485	Q969J5	combined	seq.5087.5	Somalogic	proteomics	SomaScan	7k
Plasma	Interleukin-23 receptor	5088-175	ENSG00000162594	Q5VWK5	combined	seq.5088.175	Somalogic	proteomics	SomaScan	7k
Plasma	Interleukin-7 receptor subunit alpha	5089-11	ENSG00000168685	P16871	combined	seq.5089.11	Somalogic	proteomics	SomaScan	7k
Plasma	Leukocyte immunoglobulin-like receptor subfamily B member 1	5090-49	ENSG00000277807|ENSG00000274669|ENSG00000104972	Q8NHL6	combined	seq.5090.49	Somalogic	proteomics	SomaScan	7k
Plasma	Leukocyte immunoglobulin-like receptor subfamily B member 2	5091-28	ENSG00000131042|ENSG00000275463|ENSG00000276146|ENSG00000274513	Q8N423	combined	seq.5091.28	Somalogic	proteomics	SomaScan	7k
Plasma	Protein jagged-1:Extracellular domain	5092-51	ENSG00000101384	P78504	combined	seq.5092.51	Somalogic	proteomics	SomaScan	7k
Plasma	Protein jagged-2	5093-47	ENSG00000184916	Q9Y219	combined	seq.5093.47	Somalogic	proteomics	SomaScan	7k
Plasma	Junctional adhesion molecule-like	5094-62	ENSG00000160593	Q86YT9	combined	seq.5094.62	Somalogic	proteomics	SomaScan	7k
Plasma	Killer cell immunoglobulin-like receptor 2DL4	5095-21	ENSG00000275456|ENSG00000278430|ENSG00000274232|ENSG00000274955|ENSG00000284365|ENSG00000278271|ENSG00000284013|ENSG00000189013|ENSG00000275317|ENSG00000278074|ENSG00000275699|ENSG00000283961|ENSG00000277362|ENSG00000276044|ENSG00000276779|ENSG00000274609|ENSG00000277750|ENSG00000283869|ENSG00000277964|ENSG00000273575|ENSG00000284460|ENSG00000284509	Q99706	combined	seq.5095.21	Somalogic	proteomics	SomaScan	7k
Plasma	Killer cell lectin-like receptor subfamily F member 1	5098-79	ENSG00000150045	Q9NZS2	combined	seq.5098.79	Somalogic	proteomics	SomaScan	7k
Plasma	Lymphocyte activation gene 3 protein	5099-14	ENSG00000089692	P18627	combined	seq.5099.14	Somalogic	proteomics	SomaScan	7k
Plasma	Lysosome membrane protein 2	5100-53	ENSG00000138760	Q14108	combined	seq.5100.53	Somalogic	proteomics	SomaScan	7k
Plasma	MHC class I polypeptide-related sequence B	5102-55	ENSG00000204516|ENSG00000238289|ENSG00000231179|ENSG00000227772|ENSG00000206449|ENSG00000234218|ENSG00000224378	Q29980	combined	seq.5102.55	Somalogic	proteomics	SomaScan	7k
Plasma	Cell surface glycoprotein CD200 receptor 1:Isoform 4, Extracellular Domain	5103-30	ENSG00000163606	Q8TD46	combined	seq.5103.30	Somalogic	proteomics	SomaScan	7k
Plasma	Natural cytotoxicity triggering receptor 1	5104-57	ENSG00000273535|ENSG00000189430|ENSG00000278362|ENSG00000275156	O76036	combined	seq.5104.57	Somalogic	proteomics	SomaScan	7k
Plasma	Reticulon-4 receptor	5105-2	ENSG00000040608	Q9BZR6	combined	seq.5105.2	Somalogic	proteomics	SomaScan	7k
Plasma	Neurogenic locus notch homolog protein 2	5106-52	ENSG00000134250	Q04721	combined	seq.5106.52	Somalogic	proteomics	SomaScan	7k
Plasma	Neurogenic locus notch homolog protein 1	5107-7	ENSG00000148400	P46531	combined	seq.5107.7	Somalogic	proteomics	SomaScan	7k
Plasma	Neurogenic locus notch homolog protein 3	5108-72	ENSG00000074181	Q9UM47	combined	seq.5108.72	Somalogic	proteomics	SomaScan	7k
Plasma	Neuronal cell adhesion molecule	5109-24	ENSG00000091129	Q92823	combined	seq.5109.24	Somalogic	proteomics	SomaScan	7k
Plasma	Neurexin-1-beta	5110-84	ENSG00000179915	P58400	combined	seq.5110.84	Somalogic	proteomics	SomaScan	7k
Plasma	Neurexin-3-beta	5111-15	ENSG00000021645	Q9HDB5	combined	seq.5111.15	Somalogic	proteomics	SomaScan	7k
Plasma	OX-2 membrane glycoprotein	5112-73	ENSG00000091972	P41217	combined	seq.5112.73	Somalogic	proteomics	SomaScan	7k
Plasma	Prolactin receptor	5114-65	ENSG00000113494	P16471	combined	seq.5114.65	Somalogic	proteomics	SomaScan	7k
Plasma	Tumor necrosis factor receptor superfamily member 19L	5115-31	ENSG00000054967	Q969Z4	combined	seq.5115.31	Somalogic	proteomics	SomaScan	7k
Plasma	Roundabout homolog 2	5116-62	ENSG00000185008	Q9HCK4	combined	seq.5116.62	Somalogic	proteomics	SomaScan	7k
Plasma	Roundabout homolog 3	5117-14	ENSG00000154134	Q96MS0	combined	seq.5117.14	Somalogic	proteomics	SomaScan	7k
Plasma	Semaphorin-6B	5121-3	ENSG00000167680	Q9H3T3	combined	seq.5121.3	Somalogic	proteomics	SomaScan	7k
Plasma	Semaphorin-6A	5122-92	ENSG00000092421	Q9H2E6	combined	seq.5122.92	Somalogic	proteomics	SomaScan	7k
Plasma	Intercellular adhesion molecule 5	5124-62	ENSG00000105376	Q9UMF0	combined	seq.5124.62	Somalogic	proteomics	SomaScan	7k
Plasma	Intercellular adhesion molecule 5	5124-69	ENSG00000105376	Q9UMF0	combined	seq.5124.69	Somalogic	proteomics	SomaScan	7k
Plasma	Sialic acid-binding Ig-like lectin 14	5125-6	ENSG00000254415	Q08ET2	combined	seq.5125.6	Somalogic	proteomics	SomaScan	7k
Plasma	SLAM family member 6	5128-53	ENSG00000162739	Q96DU3	combined	seq.5128.53	Somalogic	proteomics	SomaScan	7k
Plasma	Scavenger receptor class F member 1	5129-12	ENSG00000276336|ENSG00000074660	Q14162	combined	seq.5129.12	Somalogic	proteomics	SomaScan	7k
Plasma	Tumor necrosis factor receptor superfamily member 19	5131-15	ENSG00000127863	Q9NS68	combined	seq.5131.15	Somalogic	proteomics	SomaScan	7k
Plasma	Interleukin-27 receptor subunit alpha	5132-71	ENSG00000288185|ENSG00000104998	Q6UWB1	combined	seq.5132.71	Somalogic	proteomics	SomaScan	7k
Plasma	TGF-beta receptor type-2	5133-17	ENSG00000163513	P37173	combined	seq.5133.17	Somalogic	proteomics	SomaScan	7k
Plasma	Hepatitis A virus cellular receptor 2	5134-52	ENSG00000135077	Q8TDQ0	combined	seq.5134.52	Somalogic	proteomics	SomaScan	7k
Plasma	Tumor necrosis factor receptor superfamily member 12A	5138-50	ENSG00000006327	Q9NP84	combined	seq.5138.50	Somalogic	proteomics	SomaScan	7k
Plasma	Netrin receptor UNC5C	5139-32	ENSG00000182168	O95185	combined	seq.5139.32	Somalogic	proteomics	SomaScan	7k
Plasma	Netrin receptor UNC5D	5140-56	ENSG00000156687	Q6UXZ4	combined	seq.5140.56	Somalogic	proteomics	SomaScan	7k
Plasma	High affinity cAMP-specific 3',5'-cyclic phosphodiesterase 7A	5178-5	ENSG00000205268	Q13946	combined	seq.5178.5	Somalogic	proteomics	SomaScan	7k
Plasma	AMP Kinase (alpha1beta1gamma1)	5183-53	ENSG00000181929|ENSG00000111725|ENSG00000132356	P54619|Q9Y478|Q13131	combined	seq.5183.53	Somalogic	proteomics	SomaScan	7k
Plasma	GTPase KRas	5193-51	ENSG00000133703	P01116	combined	seq.5193.51	Somalogic	proteomics	SomaScan	7k
Plasma	Glycylpeptide N-tetradecanoyltransferase 1	5196-7	ENSG00000136448	P30419	combined	seq.5196.7	Somalogic	proteomics	SomaScan	7k
Plasma	High affinity cGMP-specific 3',5'-cyclic phosphodiesterase 9A	5201-50	ENSG00000160191	O76083	combined	seq.5201.50	Somalogic	proteomics	SomaScan	7k
Plasma	Peptidyl-prolyl cis-trans isomerase D	5202-4	ENSG00000171497	Q08752	combined	seq.5202.4	Somalogic	proteomics	SomaScan	7k
Plasma	Proteasome activator complex subunit 3	5204-13	ENSG00000131467	P61289	combined	seq.5204.13	Somalogic	proteomics	SomaScan	7k
Plasma	Glucokinase regulatory protein	5223-59	ENSG00000084734	Q14397	combined	seq.5223.59	Somalogic	proteomics	SomaScan	7k
Plasma	Casein kinase II subunit alpha	5224-20	ENSG00000101266	P68400	combined	seq.5224.20	Somalogic	proteomics	SomaScan	7k
Plasma	Casein kinase II 2-alpha:2-beta heterotetramer	5225-50	ENSG00000224398|ENSG00000224774|ENSG00000232960|ENSG00000206406|ENSG00000204435|ENSG00000230700|ENSG00000228875|ENSG00000101266	P67870|P68400	combined	seq.5225.50	Somalogic	proteomics	SomaScan	7k
Plasma	Casein kinase II 2-alpha':2-beta heterotetramer	5226-36	ENSG00000224398|ENSG00000224774|ENSG00000232960|ENSG00000206406|ENSG00000204435|ENSG00000230700|ENSG00000228875|ENSG00000070770	P67870|P19784	combined	seq.5226.36	Somalogic	proteomics	SomaScan	7k
Plasma	Kinesin-like protein KIF23	5228-25	ENSG00000137807	Q02241	combined	seq.5228.25	Somalogic	proteomics	SomaScan	7k
Plasma	Inosine-5'-monophosphate dehydrogenase 1	5229-90	ENSG00000106348	P20839	combined	seq.5229.90	Somalogic	proteomics	SomaScan	7k
Plasma	3-hydroxy-3-methylglutaryl-coenzyme A reductase	5230-99	ENSG00000113161	P04035	combined	seq.5230.99	Somalogic	proteomics	SomaScan	7k
Plasma	Proprotein convertase subtilisin/kexin type 9	5231-79	ENSG00000169174	Q8NBP7	combined	seq.5231.79	Somalogic	proteomics	SomaScan	7k
Plasma	Nuclear receptor subfamily 1 group D member 1	5236-2	ENSG00000126368	P20393	combined	seq.5236.2	Somalogic	proteomics	SomaScan	7k
Plasma	Peptidyl-prolyl cis-trans isomerase E	5238-26	ENSG00000084072	Q9UNP9	combined	seq.5238.26	Somalogic	proteomics	SomaScan	7k
Plasma	Dual specificity mitogen-activated protein kinase kinase 4	5242-37	ENSG00000065559	P45985	combined	seq.5242.37	Somalogic	proteomics	SomaScan	7k
Plasma	AMP Kinase (alpha2beta2gamma1)	5245-40	ENSG00000181929|ENSG00000131791|ENSG00000162409	P54619|O43741|P54646	combined	seq.5245.40	Somalogic	proteomics	SomaScan	7k
Plasma	Peptidyl-prolyl cis-trans isomerase F, mitochondrial	5248-68	ENSG00000108179	P30405	combined	seq.5248.68	Somalogic	proteomics	SomaScan	7k
Plasma	Serine/threonine-protein kinase 17B	5249-31	ENSG00000081320	O94768	combined	seq.5249.31	Somalogic	proteomics	SomaScan	7k
Plasma	Inosine-5'-monophosphate dehydrogenase 2	5250-53	ENSG00000178035	P12268	combined	seq.5250.53	Somalogic	proteomics	SomaScan	7k
Plasma	Dual 3',5'-cyclic-AMP and -GMP phosphodiesterase 11A	5252-33	ENSG00000128655	Q9HCR9	combined	seq.5252.33	Somalogic	proteomics	SomaScan	7k
Plasma	Calcium/calmodulin-dependent 3',5'-cyclic nucleotide phosphodiesterase 1A	5253-1	ENSG00000115252	P54750	combined	seq.5253.1	Somalogic	proteomics	SomaScan	7k
Plasma	cGMP-inhibited 3',5'-cyclic phosphodiesterase A	5254-69	ENSG00000172572	Q14432	combined	seq.5254.69	Somalogic	proteomics	SomaScan	7k
Plasma	cAMP-specific 3',5'-cyclic phosphodiesterase 4D	5255-22	ENSG00000113448	Q08499	combined	seq.5255.22	Somalogic	proteomics	SomaScan	7k
Plasma	cGMP-specific 3',5'-cyclic phosphodiesterase	5256-86	ENSG00000138735	O76074	combined	seq.5256.86	Somalogic	proteomics	SomaScan	7k
Plasma	Non-receptor tyrosine-protein kinase TYK2	5260-80	ENSG00000105397	P29597	combined	seq.5260.80	Somalogic	proteomics	SomaScan	7k
Plasma	Breast cancer anti-estrogen resistance protein 3:Src Homology domain	5262-57	ENSG00000137936	O75815	combined	seq.5262.57	Somalogic	proteomics	SomaScan	7k
Plasma	Calreticulin	5264-65	ENSG00000179218	P27797	combined	seq.5264.65	Somalogic	proteomics	SomaScan	7k
Plasma	GRB2-related adapter protein 2	5265-12	ENSG00000100351	O75791	combined	seq.5265.12	Somalogic	proteomics	SomaScan	7k
Plasma	SHC-transforming protein 1:Src Homology domain	5272-55	ENSG00000160691	P29353	combined	seq.5272.55	Somalogic	proteomics	SomaScan	7k
Plasma	Proto-oncogene vav	5275-28	ENSG00000141968	P15498	combined	seq.5275.28	Somalogic	proteomics	SomaScan	7k
Plasma	Mitochondrial glutamate carrier 2	5280-68	ENSG00000182902	Q9H1K4	combined	seq.5280.68	Somalogic	proteomics	SomaScan	7k
Plasma	Eotaxin	5301-7	ENSG00000172156	P51671	combined	seq.5301.7	Somalogic	proteomics	SomaScan	7k
Plasma	Coagulation factor IXab	5307-12	ENSG00000101981	P00740	combined	seq.5307.12	Somalogic	proteomics	SomaScan	7k
Plasma	Apolipoprotein E (isoform E2)	5312-49	ENSG00000130203	P02649	combined	seq.5312.49	Somalogic	proteomics	SomaScan	7k
Plasma	Troponin T, cardiac muscle	5315-22	ENSG00000118194	P45379	combined	seq.5315.22	Somalogic	proteomics	SomaScan	7k
Plasma	Prothrombin	5316-54	ENSG00000180210	P00734	combined	seq.5316.54	Somalogic	proteomics	SomaScan	7k
Plasma	Annexin A6	5335-73	ENSG00000197043	P08133	combined	seq.5335.73	Somalogic	proteomics	SomaScan	7k
Plasma	T-lymphocyte activation antigen CD86	5337-64	ENSG00000114013	P42081	combined	seq.5337.64	Somalogic	proteomics	SomaScan	7k
Plasma	Protein S100-A9	5339-49	ENSG00000163220	P06702	combined	seq.5339.49	Somalogic	proteomics	SomaScan	7k
Plasma	Caspase-10:region 1	5340-24	ENSG00000003400	Q92851	combined	seq.5340.24	Somalogic	proteomics	SomaScan	7k
Plasma	Carboxypeptidase E	5343-74	ENSG00000109472	P16870	combined	seq.5343.74	Somalogic	proteomics	SomaScan	7k
Plasma	Cytoskeleton-associated protein 2	5345-51	ENSG00000136108	Q8WWK9	combined	seq.5345.51	Somalogic	proteomics	SomaScan	7k
Plasma	Copine-1:Ca2+-dependent membrane-targeting module domains 1 and 2	5346-24	ENSG00000214078	Q99829	combined	seq.5346.24	Somalogic	proteomics	SomaScan	7k
Plasma	G2/mitotic-specific cyclin-B1	5347-59	ENSG00000134057	P14635	combined	seq.5347.59	Somalogic	proteomics	SomaScan	7k
Plasma	Delta-like protein 1	5349-69	ENSG00000275555|ENSG00000198719	O00548	combined	seq.5349.69	Somalogic	proteomics	SomaScan	7k
Plasma	Glypican-6	5350-14	ENSG00000183098	Q9Y625	combined	seq.5350.14	Somalogic	proteomics	SomaScan	7k
Plasma	Heterogeneous nuclear ribonucleoproteins A2/B1	5351-52	ENSG00000122566	P22626	combined	seq.5351.52	Somalogic	proteomics	SomaScan	7k
Plasma	Tumor necrosis factor receptor superfamily member 14	5352-11	ENSG00000157873|ENSG00000273936	Q92956	combined	seq.5352.11	Somalogic	proteomics	SomaScan	7k
Plasma	Interleukin-1 receptor antagonist protein	5353-89	ENSG00000136689	P18510	combined	seq.5353.89	Somalogic	proteomics	SomaScan	7k
Plasma	Keratin, type I cytoskeletal 18	5354-11	ENSG00000111057	P05783	combined	seq.5354.11	Somalogic	proteomics	SomaScan	7k
Plasma	Tumor necrosis factor ligand superfamily member 14	5355-69	ENSG00000125735	O43557	combined	seq.5355.69	Somalogic	proteomics	SomaScan	7k
Plasma	Macrophage migration inhibitory factor	5356-2	ENSG00000276701|ENSG00000240972	P14174	combined	seq.5356.2	Somalogic	proteomics	SomaScan	7k
Plasma	Neuroligin-4, X-linked	5357-60	ENSG00000146938	Q8N0W4	combined	seq.5357.60	Somalogic	proteomics	SomaScan	7k
Plasma	Osteomodulin	5358-3	ENSG00000127083	Q99983	combined	seq.5358.3	Somalogic	proteomics	SomaScan	7k
Plasma	Serine/threonine-protein kinase pim-1	5359-65	ENSG00000137193	P11309	combined	seq.5359.65	Somalogic	proteomics	SomaScan	7k
Plasma	RAC-beta serine/threonine-protein kinase	5360-9	ENSG00000105221	P31751	combined	seq.5360.9	Somalogic	proteomics	SomaScan	7k
Plasma	Semaphorin-3E	5363-51	ENSG00000170381	O15041	combined	seq.5363.51	Somalogic	proteomics	SomaScan	7k
Plasma	Protein SET	5364-7	ENSG00000119335	Q01105	combined	seq.5364.7	Somalogic	proteomics	SomaScan	7k
Plasma	Tumor necrosis factor receptor superfamily member 13C	5383-14	ENSG00000159958	Q96RJ3	combined	seq.5383.14	Somalogic	proteomics	SomaScan	7k
Plasma	Transcription factor IIIB 90 kDa subunit	5384-67	ENSG00000185024	Q92994	combined	seq.5384.67	Somalogic	proteomics	SomaScan	7k
Plasma	Tumor necrosis factor receptor superfamily member 6	5392-73	ENSG00000026103	P25445	combined	seq.5392.73	Somalogic	proteomics	SomaScan	7k
Plasma	Leptin receptor, soluble	5400-52	ENSG00000116678	P48357	combined	seq.5400.52	Somalogic	proteomics	SomaScan	7k
Plasma	Tumor necrosis factor receptor superfamily member 21	5404-53	ENSG00000146072	O75509	combined	seq.5404.53	Somalogic	proteomics	SomaScan	7k
Plasma	Cadherin-15:Extracellular domain	5410-53	ENSG00000129910	P55291	combined	seq.5410.53	Somalogic	proteomics	SomaScan	7k
Plasma	CD27 antigen	5412-53	ENSG00000139193	P26842	combined	seq.5412.53	Somalogic	proteomics	SomaScan	7k
Plasma	Tumor necrosis factor receptor superfamily member 11A	5424-55	ENSG00000141655	Q9Y6Q6	combined	seq.5424.55	Somalogic	proteomics	SomaScan	7k
Plasma	Tyrosine-protein phosphatase non-receptor type substrate 1	5430-66	ENSG00000198053	P78324	combined	seq.5430.66	Somalogic	proteomics	SomaScan	7k
Plasma	Fatty acid-binding protein, heart	5437-63	ENSG00000121769	P05413	combined	seq.5437.63	Somalogic	proteomics	SomaScan	7k
Plasma	Troponin I, fast skeletal muscle	5440-26	ENSG00000288219|ENSG00000130598	P48788	combined	seq.5440.26	Somalogic	proteomics	SomaScan	7k
Plasma	Troponin I, cardiac muscle	5441-67	ENSG00000129991	P19429	combined	seq.5441.67	Somalogic	proteomics	SomaScan	7k
Plasma	Atrial natriuretic factor	5443-62	ENSG00000175206	P01160	combined	seq.5443.62	Somalogic	proteomics	SomaScan	7k
Plasma	CD166 antigen	5451-1	ENSG00000170017	Q13740	combined	seq.5451.1	Somalogic	proteomics	SomaScan	7k
Plasma	Asialoglycoprotein receptor 1	5452-71	ENSG00000141505	P07306	combined	seq.5452.71	Somalogic	proteomics	SomaScan	7k
Plasma	Beta-Ala-His dipeptidase	5456-59	ENSG00000150656	Q96KN2	combined	seq.5456.59	Somalogic	proteomics	SomaScan	7k
Plasma	Collectin-12	5457-5	ENSG00000158270	Q5KU26	combined	seq.5457.5	Somalogic	proteomics	SomaScan	7k
Plasma	Cystatin-SN	5459-33	ENSG00000170373	P01037	combined	seq.5459.33	Somalogic	proteomics	SomaScan	7k
Plasma	ATP-dependent RNA helicase DDX19B	5460-60	ENSG00000157349	Q9UMR2	combined	seq.5460.60	Somalogic	proteomics	SomaScan	7k
Plasma	Ficolin-3	5462-62	ENSG00000142748	O75636	combined	seq.5462.62	Somalogic	proteomics	SomaScan	7k
Plasma	Growth arrest-specific protein 1	5463-22	ENSG00000180447	P54826	combined	seq.5463.22	Somalogic	proteomics	SomaScan	7k
Plasma	Growth factor receptor-bound protein 2	5464-52	ENSG00000177885	P62993	combined	seq.5464.52	Somalogic	proteomics	SomaScan	7k
Plasma	Heparan-sulfate 6-O-sulfotransferase 1	5465-32	ENSG00000136720	O60243	combined	seq.5465.32	Somalogic	proteomics	SomaScan	7k
Plasma	Heat shock protein HSP 90-beta	5467-15	ENSG00000096384	P08238	combined	seq.5467.15	Somalogic	proteomics	SomaScan	7k
Plasma	Interleukin-17 receptor C	5468-67	ENSG00000163702	Q8NAC3	combined	seq.5468.67	Somalogic	proteomics	SomaScan	7k
Plasma	Protein kinase C beta type (splice variant beta-II)	5475-10	ENSG00000166501	P05771	combined	seq.5475.10	Somalogic	proteomics	SomaScan	7k
Plasma	Protein kinase C gamma type	5476-66	ENSG00000126583	P05129	combined	seq.5476.66	Somalogic	proteomics	SomaScan	7k
Plasma	Glutamate carboxypeptidase 2	5478-50	ENSG00000086205	Q04609	combined	seq.5478.50	Somalogic	proteomics	SomaScan	7k
Plasma	C-C motif chemokine 5	5480-49	ENSG00000271503|ENSG00000274233	P13501	combined	seq.5480.49	Somalogic	proteomics	SomaScan	7k
Plasma	Ras GTPase-activating protein 1	5481-16	ENSG00000145715	P20936	combined	seq.5481.16	Somalogic	proteomics	SomaScan	7k
Plasma	Repulsive guidance molecule A	5483-1	ENSG00000182175	Q96B86	combined	seq.5483.1	Somalogic	proteomics	SomaScan	7k
Plasma	40S ribosomal protein S3a	5484-63	ENSG00000145425	P61247	combined	seq.5484.63	Somalogic	proteomics	SomaScan	7k
Plasma	Intercellular adhesion molecule 2	5486-73	ENSG00000108622	P13598	combined	seq.5486.73	Somalogic	proteomics	SomaScan	7k
Plasma	SLAM family member 7	5487-7	ENSG00000026751	Q9NQ25	combined	seq.5487.7	Somalogic	proteomics	SomaScan	7k
Plasma	Proto-oncogene tyrosine-protein kinase Src isoform 2	5488-74	ENSG00000197122	P12931	combined	seq.5488.74	Somalogic	proteomics	SomaScan	7k
Plasma	Testican-1	5490-53	ENSG00000152377	Q08629	combined	seq.5490.53	Somalogic	proteomics	SomaScan	7k
Plasma	Testican-2	5491-12	ENSG00000107742	Q92563	combined	seq.5491.12	Somalogic	proteomics	SomaScan	7k
Plasma	Serine/threonine-protein kinase WNK3	5493-17		Q9BYP7	combined	seq.5493.17	Somalogic	proteomics	SomaScan	7k
Plasma	Small nuclear ribonucleoprotein F	5494-52	ENSG00000139343	P62306	combined	seq.5494.52	Somalogic	proteomics	SomaScan	7k
Plasma	Spondin-1	5496-49	ENSG00000262655	Q9HCB6	combined	seq.5496.49	Somalogic	proteomics	SomaScan	7k
Plasma	Cathepsin D	5508-62	ENSG00000117984	P07339	combined	seq.5508.62	Somalogic	proteomics	SomaScan	7k
Plasma	Epidermal growth factor:Extracellular domain	5509-7	ENSG00000138798	P01133	combined	seq.5509.7	Somalogic	proteomics	SomaScan	7k
Plasma	Tumor necrosis factor receptor superfamily member 18	5526-53	ENSG00000186891	Q9Y5U5	combined	seq.5526.53	Somalogic	proteomics	SomaScan	7k
Plasma	Fibroblast growth factor receptor 1	5532-53	ENSG00000077782	P11362	combined	seq.5532.53	Somalogic	proteomics	SomaScan	7k
Plasma	Tumor necrosis factor receptor superfamily member 10B:Extracellular domain, TNFR-Cys domains 1-3	5534-49	ENSG00000120889	O14763	combined	seq.5534.49	Somalogic	proteomics	SomaScan	7k
Plasma	Neuropilin-1	5542-22	ENSG00000099250	O14786	combined	seq.5542.22	Somalogic	proteomics	SomaScan	7k
Plasma	Fibrinogen-like protein 1	5581-28	ENSG00000104760	Q08830	combined	seq.5581.28	Somalogic	proteomics	SomaScan	7k
Plasma	Tyrosine-protein kinase RYK	5583-62	ENSG00000163785	P34925	combined	seq.5583.62	Somalogic	proteomics	SomaScan	7k
Plasma	Holo-Transcobalamin-2	5584-21	ENSG00000185339	P20062	combined	seq.5584.21	Somalogic	proteomics	SomaScan	7k
Plasma	Multiple inositol polyphosphate phosphatase 1	5586-66	ENSG00000107789	Q9UNW1	combined	seq.5586.66	Somalogic	proteomics	SomaScan	7k
Plasma	Coiled-coil domain-containing protein 134	5587-3	ENSG00000100147	Q9H6E4	combined	seq.5587.3	Somalogic	proteomics	SomaScan	7k
Plasma	Zona pellucida-like domain-containing protein 1	5590-11	ENSG00000170044	Q8TCW7	combined	seq.5590.11	Somalogic	proteomics	SomaScan	7k
Plasma	Protein disulfide-isomerase A5	5593-11	ENSG00000065485	Q14554	combined	seq.5593.11	Somalogic	proteomics	SomaScan	7k
Plasma	LDLR chaperone MESD	5594-87	ENSG00000117899	Q14696	combined	seq.5594.87	Somalogic	proteomics	SomaScan	7k
Plasma	T-cell surface glycoprotein CD5:Extracellular domain	5596-75	ENSG00000110448	P06127	combined	seq.5596.75	Somalogic	proteomics	SomaScan	7k
Plasma	Gremlin-2	5598-3	ENSG00000180875	Q9H772	combined	seq.5598.3	Somalogic	proteomics	SomaScan	7k
Plasma	Prenylcysteine oxidase-like	5599-88	ENSG00000145882	Q8NBM8	combined	seq.5599.88	Somalogic	proteomics	SomaScan	7k
Plasma	N-acetylmuramoyl-L-alanine amidase	5601-2	ENSG00000161031	Q96PD5	combined	seq.5601.2	Somalogic	proteomics	SomaScan	7k
Plasma	Inactive ribonuclease-like protein 10	5602-62	ENSG00000182545	Q5GAN6	combined	seq.5602.62	Somalogic	proteomics	SomaScan	7k
Plasma	Heparanase	5604-30	ENSG00000173083	Q9Y251	combined	seq.5604.30	Somalogic	proteomics	SomaScan	7k
Plasma	Beta-1,3-N-acetylglucosaminyltransferase manic fringe	5605-77	ENSG00000100060	O00587	combined	seq.5605.77	Somalogic	proteomics	SomaScan	7k
Plasma	Microfibrillar-associated protein 1	5606-24	ENSG00000140259	P55081	combined	seq.5606.24	Somalogic	proteomics	SomaScan	7k
Plasma	Protein FAM19A5	5609-92	ENSG00000219438	Q7Z5A7	combined	seq.5609.92	Somalogic	proteomics	SomaScan	7k
Plasma	Protein FAM171A1	5610-32	ENSG00000148468	Q5VUB5	combined	seq.5610.32	Somalogic	proteomics	SomaScan	7k
Plasma	Beta-defensin 108B	5611-56	ENSG00000184276	Q8NET1	combined	seq.5611.56	Somalogic	proteomics	SomaScan	7k
Plasma	Histidine triad nucleotide-binding protein 2, mitochondrial	5612-16	ENSG00000137133	Q9BX68	combined	seq.5612.16	Somalogic	proteomics	SomaScan	7k
Plasma	Linker for activation of T-cells family member 2	5613-75	ENSG00000086730	Q9GZY6	combined	seq.5613.75	Somalogic	proteomics	SomaScan	7k
Plasma	Corticoliberin	5614-44	ENSG00000147571	P06850	combined	seq.5614.44	Somalogic	proteomics	SomaScan	7k
Plasma	Protein FAM172A	5615-62	ENSG00000113391	Q8WUF8	combined	seq.5615.62	Somalogic	proteomics	SomaScan	7k
Plasma	Pro-FMRFamide-related neuropeptide FF	5617-41	ENSG00000139574	O15130	combined	seq.5617.41	Somalogic	proteomics	SomaScan	7k
Plasma	Protein FAM3B	5618-50	ENSG00000183844	P58499	combined	seq.5618.50	Somalogic	proteomics	SomaScan	7k
Plasma	Peptidyl-glycine alpha-amidating monooxygenase	5620-13	ENSG00000145730	P19021	combined	seq.5620.13	Somalogic	proteomics	SomaScan	7k
Plasma	Thrombospondin type-1 domain-containing protein 1	5621-64	ENSG00000136114	Q9NS62	combined	seq.5621.64	Somalogic	proteomics	SomaScan	7k
Plasma	CMRF35-like molecule 1	5623-11	ENSG00000186074	Q8TDQ1	combined	seq.5623.11	Somalogic	proteomics	SomaScan	7k
Plasma	Folate receptor gamma	5624-66	ENSG00000110203	P41439	combined	seq.5624.66	Somalogic	proteomics	SomaScan	7k
Plasma	Chymotrypsin-C	5626-20	ENSG00000162438	Q99895	combined	seq.5626.20	Somalogic	proteomics	SomaScan	7k
Plasma	Progonadoliberin-1	5627-53	ENSG00000147437	P01148	combined	seq.5627.53	Somalogic	proteomics	SomaScan	7k
Plasma	Semaphorin-3G	5628-21	ENSG00000010319	Q9NS98	combined	seq.5628.21	Somalogic	proteomics	SomaScan	7k
Plasma	NKG2-A/NKG2-B type II integral membrane protein	5629-58	ENSG00000134545	P26715	combined	seq.5629.58	Somalogic	proteomics	SomaScan	7k
Plasma	CMRF35-like molecule 8	5630-48	ENSG00000167851	Q9UGN4	combined	seq.5630.48	Somalogic	proteomics	SomaScan	7k
Plasma	Promotilin	5631-83	ENSG00000096395	P12872	combined	seq.5631.83	Somalogic	proteomics	SomaScan	7k
Plasma	Cartilage acidic protein 1	5632-6	ENSG00000095713	Q9NQ79	combined	seq.5632.6	Somalogic	proteomics	SomaScan	7k
Plasma	Leukocyte immunoglobulin-like receptor subfamily B member 2	5633-65	ENSG00000131042|ENSG00000275463|ENSG00000276146|ENSG00000274513	Q8N423	combined	seq.5633.65	Somalogic	proteomics	SomaScan	7k
Plasma	GDP-fucose protein O-fucosyltransferase 1	5634-39	ENSG00000101346	Q9H488	combined	seq.5634.39	Somalogic	proteomics	SomaScan	7k
Plasma	Triggering receptor expressed on myeloid cells 2	5635-66	ENSG00000095970	Q9NZC2	combined	seq.5635.66	Somalogic	proteomics	SomaScan	7k
Plasma	Microfibril-associated glycoprotein 4	5636-10	ENSG00000166482	P55083	combined	seq.5636.10	Somalogic	proteomics	SomaScan	7k
Plasma	Netrin-G1	5637-81	ENSG00000162631	Q9Y2I2	combined	seq.5637.81	Somalogic	proteomics	SomaScan	7k
Plasma	Procollagen galactosyltransferase 1	5638-23	ENSG00000130309	Q8NBJ5	combined	seq.5638.23	Somalogic	proteomics	SomaScan	7k
Plasma	Neuropilin and tolloid-like protein 1	5639-49	ENSG00000166342	Q8TDF5	combined	seq.5639.49	Somalogic	proteomics	SomaScan	7k
Plasma	Epididymal-specific lipocalin-8	5643-2	ENSG00000204001	Q6JVE9	combined	seq.5643.2	Somalogic	proteomics	SomaScan	7k
Plasma	Ribonuclease 4	5644-60	ENSG00000258818	P34096	combined	seq.5644.60	Somalogic	proteomics	SomaScan	7k
Plasma	Ribonuclease K6	5646-20	ENSG00000169413	Q93091	combined	seq.5646.20	Somalogic	proteomics	SomaScan	7k
Plasma	Chymotrypsinogen B2	5648-28	ENSG00000168928	Q6GPI1	combined	seq.5648.28	Somalogic	proteomics	SomaScan	7k
Plasma	Pregnancy-specific beta-1-glycoprotein 4	5649-83	ENSG00000243137	Q00888	combined	seq.5649.83	Somalogic	proteomics	SomaScan	7k
Plasma	Protein disulfide-isomerase A6	5650-9	ENSG00000143870	Q15084	combined	seq.5650.9	Somalogic	proteomics	SomaScan	7k
Plasma	Putative pregnancy-specific beta-1-glycoprotein 7	5651-50	ENSG00000221878	Q13046	combined	seq.5651.50	Somalogic	proteomics	SomaScan	7k
Plasma	Probable inactive serine protease 37	5653-23	ENSG00000165076	A4D1T9	combined	seq.5653.23	Somalogic	proteomics	SomaScan	7k
Plasma	Protein disulfide-isomerase TMX3	5654-70	ENSG00000166479	Q96JJ7	combined	seq.5654.70	Somalogic	proteomics	SomaScan	7k
Plasma	Poly(U)-specific endoribonuclease	5656-53	ENSG00000111405	P21128	combined	seq.5656.53	Somalogic	proteomics	SomaScan	7k
Plasma	CMP-N-acetylneuraminate-beta-galactosamide-alpha-2,3-sialyltransferase 1	5657-28	ENSG00000008513	Q11201	combined	seq.5657.28	Somalogic	proteomics	SomaScan	7k
Plasma	Coagulation factor XIII B chain	5658-64	ENSG00000143278	P05160	combined	seq.5658.64	Somalogic	proteomics	SomaScan	7k
Plasma	Pro-Thyrotropin-releasing hormone	5659-11	ENSG00000170893	P20396	combined	seq.5659.11	Somalogic	proteomics	SomaScan	7k
Plasma	Extracellular superoxide dismutase [Cu-Zn]	5660-51	ENSG00000109610	P08294	combined	seq.5660.51	Somalogic	proteomics	SomaScan	7k
Plasma	Interleukin-18	5661-15	ENSG00000150782	Q14116	combined	seq.5661.15	Somalogic	proteomics	SomaScan	7k
Plasma	Platelet factor 4 variant	5663-18	ENSG00000109272	P10720	combined	seq.5663.18	Somalogic	proteomics	SomaScan	7k
Plasma	Beta-defensin 106	5664-57	ENSG00000186579|ENSG00000285617|ENSG00000275794|ENSG00000187082	Q8N104	combined	seq.5664.57	Somalogic	proteomics	SomaScan	7k
Plasma	Interleukin-1 receptor type 2	5666-64	ENSG00000115590	P27930	combined	seq.5666.64	Somalogic	proteomics	SomaScan	7k
Plasma	Semaphorin-3B	5667-3	ENSG00000012171	Q13214	combined	seq.5667.3	Somalogic	proteomics	SomaScan	7k
Plasma	Anterior gradient protein 3	5668-49	ENSG00000173467	Q8TD06	combined	seq.5668.49	Somalogic	proteomics	SomaScan	7k
Plasma	Signal-regulatory protein beta-2	5669-26	ENSG00000196209	Q5JXA9	combined	seq.5669.26	Somalogic	proteomics	SomaScan	7k
Plasma	Chymotrypsinogen B	5671-1	ENSG00000168925	P17538	combined	seq.5671.1	Somalogic	proteomics	SomaScan	7k
Plasma	Internal Use Only: Tenascin	5675-6	ENSG00000041982	P24821	combined	seq.5675.6	Somalogic	proteomics	SomaScan	7k
Plasma	Agouti-signaling protein	5676-54	ENSG00000101440	P42127	combined	seq.5676.54	Somalogic	proteomics	SomaScan	7k
Plasma	Uncharacterized protein C2orf66	5677-15	ENSG00000187944	Q6UXQ4	combined	seq.5677.15	Somalogic	proteomics	SomaScan	7k
Plasma	Beta-defensin 103	5679-16	ENSG00000176797|ENSG00000284978|ENSG00000177243|ENSG00000273641|ENSG00000285376	P81534	combined	seq.5679.16	Somalogic	proteomics	SomaScan	7k
Plasma	Odorant-binding protein 2b	5680-54	ENSG00000171102|ENSG00000280584	Q9NPH6	combined	seq.5680.54	Somalogic	proteomics	SomaScan	7k
Plasma	Vasorin	5682-13	ENSG00000274334|ENSG00000168140	Q6EMK4	combined	seq.5682.13	Somalogic	proteomics	SomaScan	7k
Plasma	Glucosidase 2 subunit beta	5687-5	ENSG00000130175	P14314	combined	seq.5687.5	Somalogic	proteomics	SomaScan	7k
Plasma	Cerebellin-4	5688-65	ENSG00000054803	Q9NTU7	combined	seq.5688.65	Somalogic	proteomics	SomaScan	7k
Plasma	Beta-defensin 112	5689-1	ENSG00000180872	Q30KQ8	combined	seq.5689.1	Somalogic	proteomics	SomaScan	7k
Plasma	Tuftelin	5690-49	ENSG00000143367	Q9NNX1	combined	seq.5690.49	Somalogic	proteomics	SomaScan	7k
Plasma	Cysteine-rich secretory protein LCCL domain-containing 2	5691-2	ENSG00000103196	Q9H0B8	combined	seq.5691.2	Somalogic	proteomics	SomaScan	7k
Plasma	Tumor necrosis factor	5692-79	ENSG00000232810|ENSG00000228321|ENSG00000206439|ENSG00000223952|ENSG00000204490|ENSG00000228849|ENSG00000230108	P01375	combined	seq.5692.79	Somalogic	proteomics	SomaScan	7k
Plasma	Lithostathine-1-beta	5693-6	ENSG00000172023	P48304	combined	seq.5693.6	Somalogic	proteomics	SomaScan	7k
Plasma	SPARC-related modular calcium-binding protein 1	5694-57	ENSG00000198732	Q9H4F8	combined	seq.5694.57	Somalogic	proteomics	SomaScan	7k
Plasma	BPI fold-containing family A member 2	5695-5	ENSG00000131050	Q96DR5	combined	seq.5695.5	Somalogic	proteomics	SomaScan	7k
Plasma	Tenascin-X	5698-60	ENSG00000168477|ENSG00000236236|ENSG00000229353	P22105	combined	seq.5698.60	Somalogic	proteomics	SomaScan	7k
Plasma	Protein FAM189A2	5699-19	ENSG00000135063	Q15884	combined	seq.5699.19	Somalogic	proteomics	SomaScan	7k
Plasma	Tetranectin	5701-81	ENSG00000163815	P05452	combined	seq.5701.81	Somalogic	proteomics	SomaScan	7k
Plasma	Noelin	5703-26	ENSG00000130558	Q99784	combined	seq.5703.26	Somalogic	proteomics	SomaScan	7k
Plasma	Granzyme M	5704-74	ENSG00000197540	P51124	combined	seq.5704.74	Somalogic	proteomics	SomaScan	7k
Plasma	ETS domain-containing protein Elk-3	5707-55	ENSG00000111145	P41970	combined	seq.5707.55	Somalogic	proteomics	SomaScan	7k
Plasma	Liver-expressed antimicrobial peptide 2	5708-1	ENSG00000164406	Q969E1	combined	seq.5708.1	Somalogic	proteomics	SomaScan	7k
Plasma	Interferon lambda-3	5713-9	ENSG00000197110	Q8IZI9	combined	seq.5713.9	Somalogic	proteomics	SomaScan	7k
Plasma	Interferon alpha-6	5714-88	ENSG00000120235	P05013	combined	seq.5714.88	Somalogic	proteomics	SomaScan	7k
Plasma	Protein ABHD14A	5715-4	ENSG00000248487	Q9BUJ0	combined	seq.5715.4	Somalogic	proteomics	SomaScan	7k
Plasma	Putative chondrosarcoma-associated gene 1 protein	5716-49	ENSG00000198930	Q6PB30	combined	seq.5716.49	Somalogic	proteomics	SomaScan	7k
Plasma	Cartilage intermediate layer protein 1	5717-2	ENSG00000138615	O75339	combined	seq.5717.2	Somalogic	proteomics	SomaScan	7k
Plasma	Protein FAM189A2	5719-66	ENSG00000135063	Q15884	combined	seq.5719.66	Somalogic	proteomics	SomaScan	7k
Plasma	CD226 antigen	5721-1	ENSG00000150637	Q15762	combined	seq.5721.1	Somalogic	proteomics	SomaScan	7k
Plasma	Lysosomal Pro-X carboxypeptidase	5722-78	ENSG00000137509	P42785	combined	seq.5722.78	Somalogic	proteomics	SomaScan	7k
Plasma	Insulin-like 3	5723-4	ENSG00000248099	P51460	combined	seq.5723.4	Somalogic	proteomics	SomaScan	7k
Plasma	Suprabasin	5724-58	ENSG00000189001	Q6UWP8	combined	seq.5724.58	Somalogic	proteomics	SomaScan	7k
Plasma	Osteomodulin	5725-1	ENSG00000127083	Q99983	combined	seq.5725.1	Somalogic	proteomics	SomaScan	7k
Plasma	Sperm-associated antigen 11A	5726-49	ENSG00000178287	Q6PDA7	combined	seq.5726.49	Somalogic	proteomics	SomaScan	7k
Plasma	Beta-1,3-glucosyltransferase	5727-35	ENSG00000187676	Q6Y288	combined	seq.5727.35	Somalogic	proteomics	SomaScan	7k
Plasma	Fc receptor-like protein 1	5728-60	ENSG00000163534	Q96LA6	combined	seq.5728.60	Somalogic	proteomics	SomaScan	7k
Plasma	Sclerostin	5729-27	ENSG00000167941	Q9BQB4	combined	seq.5729.27	Somalogic	proteomics	SomaScan	7k
Plasma	C-X-C motif chemokine 14	5730-60	ENSG00000145824	O95715	combined	seq.5730.60	Somalogic	proteomics	SomaScan	7k
Plasma	Serine protease inhibitor Kazal-type 6	5731-1	ENSG00000178172	Q6UWN8	combined	seq.5731.1	Somalogic	proteomics	SomaScan	7k
Plasma	Interferon alpha-10	5733-61	ENSG00000186803	P01566	combined	seq.5733.61	Somalogic	proteomics	SomaScan	7k
Plasma	Nectin-4	5734-13	ENSG00000143217	Q96NY8	combined	seq.5734.13	Somalogic	proteomics	SomaScan	7k
Plasma	C1GALT1-specific chaperone 1	5735-54	ENSG00000288368|ENSG00000171155	Q96EU7	combined	seq.5735.54	Somalogic	proteomics	SomaScan	7k
Plasma	Trem-like transcript 2 protein	5736-1	ENSG00000112195	Q5T2D2	combined	seq.5736.1	Somalogic	proteomics	SomaScan	7k
Plasma	Semaphorin-4D	5737-61	ENSG00000187764	Q92854	combined	seq.5737.61	Somalogic	proteomics	SomaScan	7k
Plasma	Internal Use Only: Tenascin	5738-25	ENSG00000041982	P24821	combined	seq.5738.25	Somalogic	proteomics	SomaScan	7k
Plasma	Keratinocyte differentiation-associated protein	5739-75	ENSG00000188508	P60985	combined	seq.5739.75	Somalogic	proteomics	SomaScan	7k
Plasma	Roundabout homolog 1	5740-17	ENSG00000169855	Q9Y6N7	combined	seq.5740.17	Somalogic	proteomics	SomaScan	7k
Plasma	Eosinophil cationic protein	5741-55	ENSG00000169397	P12724	combined	seq.5741.55	Somalogic	proteomics	SomaScan	7k
Plasma	Lysophosphatidic acid phosphatase type 6	5742-14	ENSG00000162836	Q9NPH0	combined	seq.5742.14	Somalogic	proteomics	SomaScan	7k
Plasma	Cocaine- and amphetamine-regulated transcript protein	5743-82	ENSG00000164326	Q16568	combined	seq.5743.82	Somalogic	proteomics	SomaScan	7k
Plasma	Protein MENT	5744-12	ENSG00000143443	Q9BUN1	combined	seq.5744.12	Somalogic	proteomics	SomaScan	7k
Plasma	Peptidase inhibitor 15	5745-64	ENSG00000137558	O43692	combined	seq.5745.64	Somalogic	proteomics	SomaScan	7k
Plasma	Ephrin-B1	5746-37	ENSG00000090776	P98172	combined	seq.5746.37	Somalogic	proteomics	SomaScan	7k
Plasma	Osteocalcin	5747-67	ENSG00000242252	P02818	combined	seq.5747.67	Somalogic	proteomics	SomaScan	7k
Plasma	Acid ceramidase	5748-20	ENSG00000104763	Q13510	combined	seq.5748.20	Somalogic	proteomics	SomaScan	7k
Plasma	Colipase	5749-53	ENSG00000137392	P04118	combined	seq.5749.53	Somalogic	proteomics	SomaScan	7k
Plasma	LETM1 domain-containing protein 1	5751-14	ENSG00000050426	Q6P1Q0	combined	seq.5751.14	Somalogic	proteomics	SomaScan	7k
Plasma	Sushi domain-containing protein 3	5752-63	ENSG00000157303	Q96L08	combined	seq.5752.63	Somalogic	proteomics	SomaScan	7k
Plasma	Protein FAM19A1	5753-21	ENSG00000183662	Q7Z5A9	combined	seq.5753.21	Somalogic	proteomics	SomaScan	7k
Plasma	Insulin-like peptide INSL6	5754-76	ENSG00000120210	Q9Y581	combined	seq.5754.76	Somalogic	proteomics	SomaScan	7k
Plasma	Gastric inhibitory polypeptide	5755-29	ENSG00000159224	P09681	combined	seq.5755.29	Somalogic	proteomics	SomaScan	7k
Plasma	Pappalysin-2	5756-66	ENSG00000116183	Q9BXP8	combined	seq.5756.66	Somalogic	proteomics	SomaScan	7k
Plasma	Neuroendocrine secretory protein 55	5757-45	ENSG00000087460	O95467	combined	seq.5757.45	Somalogic	proteomics	SomaScan	7k
Plasma	Kallikrein-9	5758-49	ENSG00000213022	Q9UKQ9	combined	seq.5758.49	Somalogic	proteomics	SomaScan	7k
Plasma	Ephrin-A3	5759-10	ENSG00000143590	P52797	combined	seq.5759.10	Somalogic	proteomics	SomaScan	7k
Plasma	Sperm-associated antigen 11B	5762-35	ENSG00000164871|ENSG00000274405	Q08648	combined	seq.5762.35	Somalogic	proteomics	SomaScan	7k
Plasma	Beta-defensin 104	5763-67	ENSG00000176782|ENSG00000285034|ENSG00000277006|ENSG00000177023	Q8WTQ1	combined	seq.5763.67	Somalogic	proteomics	SomaScan	7k
Plasma	Polypeptide N-acetylgalactosaminyltransferase 2	5764-4	ENSG00000143641	Q10471	combined	seq.5764.4	Somalogic	proteomics	SomaScan	7k
Plasma	Beta-defensin 121	5765-53	ENSG00000204548	Q5J5C9	combined	seq.5765.53	Somalogic	proteomics	SomaScan	7k
Plasma	alpha-Fetoprotein	5792-8	ENSG00000081051	P02771	combined	seq.5792.8	Somalogic	proteomics	SomaScan	7k
Plasma	BH3-interacting domain death agonist	5798-3	ENSG00000015475	P55957	combined	seq.5798.3	Somalogic	proteomics	SomaScan	7k
Plasma	beta-nerve growth factor	5801-72	ENSG00000134259	P01138	combined	seq.5801.72	Somalogic	proteomics	SomaScan	7k
Plasma	Complement C3d fragment	5803-24	ENSG00000125730	P01024	combined	seq.5803.24	Somalogic	proteomics	SomaScan	7k
Plasma	CD70 antigen	5807-77	ENSG00000125726	P32970	combined	seq.5807.77	Somalogic	proteomics	SomaScan	7k
Plasma	Teratocarcinoma-derived growth factor 1	5810-25	ENSG00000241186	P13385	combined	seq.5810.25	Somalogic	proteomics	SomaScan	7k
Plasma	Erythropoietin	5813-58	ENSG00000130427	P01588	combined	seq.5813.58	Somalogic	proteomics	SomaScan	7k
Plasma	Glial cell line-derived neurotrophic factor	5822-22	ENSG00000168621	P39905	combined	seq.5822.22	Somalogic	proteomics	SomaScan	7k
Plasma	Interferon gamma receptor 1	5825-49	ENSG00000027697	P15260	combined	seq.5825.49	Somalogic	proteomics	SomaScan	7k
Plasma	Interleukin-9	5834-18	ENSG00000145839	P15248	combined	seq.5834.18	Somalogic	proteomics	SomaScan	7k
Plasma	Leukemia inhibitory factor receptor	5837-49	ENSG00000113594	P42702	combined	seq.5837.49	Somalogic	proteomics	SomaScan	7k
Plasma	Histone-lysine N-methyltransferase EHMT2	5843-60	ENSG00000236759|ENSG00000206376|ENSG00000227333|ENSG00000238134|ENSG00000204371|ENSG00000232045	Q96KQ7	combined	seq.5843.60	Somalogic	proteomics	SomaScan	7k
Plasma	Noggin	5846-24	ENSG00000183691	Q13253	combined	seq.5846.24	Somalogic	proteomics	SomaScan	7k
Plasma	Protein S100-A12	5852-6	ENSG00000163221	P80511	combined	seq.5852.6	Somalogic	proteomics	SomaScan	7k
Plasma	Microtubule-associated protein tau	5854-60	ENSG00000186868|ENSG00000277956|ENSG00000276155	P10636	combined	seq.5854.60	Somalogic	proteomics	SomaScan	7k
Plasma	14-3-3 protein zeta/delta	5858-6	ENSG00000164924	P63104	combined	seq.5858.6	Somalogic	proteomics	SomaScan	7k
Plasma	3-hydroxyanthranilate 3,4-dioxygenase	5861-78	ENSG00000162882	P46952	combined	seq.5861.78	Somalogic	proteomics	SomaScan	7k
Plasma	Fructose-bisphosphate aldolase A	5864-10	ENSG00000149925	P04075	combined	seq.5864.10	Somalogic	proteomics	SomaScan	7k
Plasma	Arginase-1	5867-60	ENSG00000118520	P05089	combined	seq.5867.60	Somalogic	proteomics	SomaScan	7k
Plasma	Bcl2-associated agonist of cell death	5870-23	ENSG00000002330	Q92934	combined	seq.5870.23	Somalogic	proteomics	SomaScan	7k
Plasma	Dynactin subunit 2	5879-51	ENSG00000175203	Q13561	combined	seq.5879.51	Somalogic	proteomics	SomaScan	7k
Plasma	Elongation factor 1-beta	5882-34	ENSG00000114942|ENSG00000283391	P24534	combined	seq.5882.34	Somalogic	proteomics	SomaScan	7k
Plasma	Eukaryotic translation initiation factor 4H	5885-55	ENSG00000106682	Q15056	combined	seq.5885.55	Somalogic	proteomics	SomaScan	7k
Plasma	Eukaryotic translation initiation factor 5A-1	5888-29	ENSG00000132507|ENSG00000288145	P63241	combined	seq.5888.29	Somalogic	proteomics	SomaScan	7k
Plasma	Gastrin-releasing peptide	5897-58	ENSG00000134443	P07492	combined	seq.5897.58	Somalogic	proteomics	SomaScan	7k
Plasma	Histidine triad nucleotide-binding protein 1	5900-11	ENSG00000169567	P49773	combined	seq.5900.11	Somalogic	proteomics	SomaScan	7k
Plasma	Heat shock cognate 71 kDa protein	5903-91	ENSG00000109971	P11142	combined	seq.5903.91	Somalogic	proteomics	SomaScan	7k
Plasma	Nucleoside diphosphate kinase A	5909-51	ENSG00000239672	P15531	combined	seq.5909.51	Somalogic	proteomics	SomaScan	7k
Plasma	Peroxisomal targeting signal 1 receptor	5915-58	ENSG00000139197|ENSG00000288217	P50542	combined	seq.5915.58	Somalogic	proteomics	SomaScan	7k
Plasma	Proteasome activator complex subunit 1	5918-5	ENSG00000284916|ENSG00000092010	Q06323	combined	seq.5918.5	Somalogic	proteomics	SomaScan	7k
Plasma	WNT1-inducible-signaling pathway protein 3	5927-4	ENSG00000112761	O95389	combined	seq.5927.4	Somalogic	proteomics	SomaScan	7k
Plasma	Troponin I, cardiac muscle	5930-54	ENSG00000129991	P19429	combined	seq.5930.54	Somalogic	proteomics	SomaScan	7k
Plasma	Ferritin	5934-1	ENSG00000087086|ENSG00000167996	P02792|P02794	combined	seq.5934.1	Somalogic	proteomics	SomaScan	7k
Plasma	Tumor necrosis factor	5936-53	ENSG00000232810|ENSG00000228321|ENSG00000206439|ENSG00000223952|ENSG00000204490|ENSG00000228849|ENSG00000230108	P01375	combined	seq.5936.53	Somalogic	proteomics	SomaScan	7k
Plasma	Tumor necrosis factor ligand superfamily member 12	5939-42	ENSG00000239697	O43508	combined	seq.5939.42	Somalogic	proteomics	SomaScan	7k
Plasma	Thrombopoietin	5947-90	ENSG00000090534	P40225	combined	seq.5947.90	Somalogic	proteomics	SomaScan	7k
Plasma	Parathyroid hormone	5954-62	ENSG00000152266	P01270	combined	seq.5954.62	Somalogic	proteomics	SomaScan	7k
Plasma	Somatostatin-28	5957-30	ENSG00000157005	P61278	combined	seq.5957.30	Somalogic	proteomics	SomaScan	7k
Plasma	Dermokine	5963-9	ENSG00000161249	Q6E0U4	combined	seq.5963.9	Somalogic	proteomics	SomaScan	7k
Plasma	Leukocyte cell-derived chemotaxin-2	5970-61	ENSG00000145826	O14960	combined	seq.5970.61	Somalogic	proteomics	SomaScan	7k
Plasma	BolA-like protein 3	5980-55	ENSG00000163170	Q53S33	combined	seq.5980.55	Somalogic	proteomics	SomaScan	7k
Plasma	ES1 protein homolog, mitochondrial	5981-6	ENSG00000160221	P0DPI2	combined	seq.5981.6	Somalogic	proteomics	SomaScan	7k
Plasma	Complement factor H-related protein 1	5982-50	ENSG00000244414	Q03591	combined	seq.5982.50	Somalogic	proteomics	SomaScan	7k
Plasma	Tumor necrosis factor ligand superfamily member 14	5988-49	ENSG00000125735	O43557	combined	seq.5988.49	Somalogic	proteomics	SomaScan	7k
Plasma	T-cell surface glycoprotein CD8 alpha chain	5992-50	ENSG00000153563	P01732	combined	seq.5992.50	Somalogic	proteomics	SomaScan	7k
Plasma	Sialidase-1	6003-28	ENSG00000227315|ENSG00000234343|ENSG00000227129|ENSG00000184494|ENSG00000234846|ENSG00000223957|ENSG00000228691|ENSG00000204386	Q99519	combined	seq.6003.28	Somalogic	proteomics	SomaScan	7k
Plasma	Complement C1q and tumor necrosis factor-related protein 9A	6019-12	ENSG00000240654	P0C862	combined	seq.6019.12	Somalogic	proteomics	SomaScan	7k
Plasma	Urotensin-2	6020-52	ENSG00000049247	O95399	combined	seq.6020.52	Somalogic	proteomics	SomaScan	7k
Plasma	Protein kinase C-binding protein NELL2	6022-57	ENSG00000184613	Q99435	combined	seq.6022.57	Somalogic	proteomics	SomaScan	7k
Plasma	Carboxypeptidase E	6024-68	ENSG00000109472	P16870	combined	seq.6024.68	Somalogic	proteomics	SomaScan	7k
Plasma	Relaxin-3	6027-31	ENSG00000171136|ENSG00000288474	Q8WXF3	combined	seq.6027.31	Somalogic	proteomics	SomaScan	7k
Plasma	Beta-galactoside alpha-2,6-sialyltransferase 1	6035-2	ENSG00000073849	P15907	combined	seq.6035.2	Somalogic	proteomics	SomaScan	7k
Plasma	Ephrin type-A receptor 10	6036-78	ENSG00000183317	Q5JZY3	combined	seq.6036.78	Somalogic	proteomics	SomaScan	7k
Plasma	Corticotropin-releasing factor-binding protein	6039-24	ENSG00000145708	P24387	combined	seq.6039.24	Somalogic	proteomics	SomaScan	7k
Plasma	Internal Use Only: Tenascin	6042-52	ENSG00000041982	P24821	combined	seq.6042.52	Somalogic	proteomics	SomaScan	7k
Plasma	Receptor-type tyrosine-protein phosphatase S	6049-64	ENSG00000105426	Q13332	combined	seq.6049.64	Somalogic	proteomics	SomaScan	7k
Plasma	Neurexophilin-3	6054-6	ENSG00000182575	O95157	combined	seq.6054.6	Somalogic	proteomics	SomaScan	7k
Plasma	Interferon alpha/beta receptor 1	6055-53	ENSG00000142166	P17181	combined	seq.6055.53	Somalogic	proteomics	SomaScan	7k
Plasma	Prolactin-inducible protein	6060-2	ENSG00000159763	P12273	combined	seq.6060.2	Somalogic	proteomics	SomaScan	7k
Plasma	Endoplasmic reticulum resident protein 44	6064-4	ENSG00000023318	Q9BS26	combined	seq.6064.4	Somalogic	proteomics	SomaScan	7k
Plasma	Sulfatase-modifying factor 2	6069-71	ENSG00000129103	Q8NBJ7	combined	seq.6069.71	Somalogic	proteomics	SomaScan	7k
Plasma	Beta-hexosaminidase subunit beta	6075-61	ENSG00000049860	P07686	combined	seq.6075.61	Somalogic	proteomics	SomaScan	7k
Plasma	Adenosine deaminase CECR1	6077-63	ENSG00000093072	Q9NZK5	combined	seq.6077.63	Somalogic	proteomics	SomaScan	7k
Plasma	2-phosphoxylose phosphatase 1	6079-59	ENSG00000155893	Q8TE99	combined	seq.6079.59	Somalogic	proteomics	SomaScan	7k
Plasma	Procollagen C-endopeptidase enhancer 2	6081-52	ENSG00000163710	Q9UKZ9	combined	seq.6081.52	Somalogic	proteomics	SomaScan	7k
Plasma	Chordin-like protein 2	6086-15	ENSG00000054938	Q6WN34	combined	seq.6086.15	Somalogic	proteomics	SomaScan	7k
Plasma	Fc receptor-like protein 5	6103-70	ENSG00000143297	Q96RD9	combined	seq.6103.70	Somalogic	proteomics	SomaScan	7k
Plasma	Fibroblast growth factor receptor-like 1	6104-1	ENSG00000127418	Q8N441	combined	seq.6104.1	Somalogic	proteomics	SomaScan	7k
Plasma	Chymotrypsin-like elastase family member 1	6107-3	ENSG00000139610	Q9UNI1	combined	seq.6107.3	Somalogic	proteomics	SomaScan	7k
Plasma	Endothelin-3	6113-31	ENSG00000124205	P14138	combined	seq.6113.31	Somalogic	proteomics	SomaScan	7k
Plasma	Internal Use Only: Heat shock 70 kDa protein 1A	6117-4	ENSG00000234475|ENSG00000204389|ENSG00000215328|ENSG00000235941|ENSG00000237724	P0DMV8	combined	seq.6117.4	Somalogic	proteomics	SomaScan	7k
Plasma	MAM domain-containing protein 2	6119-14	ENSG00000165072	Q7Z304	combined	seq.6119.14	Somalogic	proteomics	SomaScan	7k
Plasma	Cellular tumor antigen p53	6123-69	ENSG00000141510	P04637	combined	seq.6123.69	Somalogic	proteomics	SomaScan	7k
Plasma	Dual specificity mitogen-activated protein kinase kinase 3	6151-18	ENSG00000034152	P46734	combined	seq.6151.18	Somalogic	proteomics	SomaScan	7k
Plasma	Cellular tumor antigen p53 R175H mutant	6168-11	ENSG00000141510	P04637	combined	seq.6168.11	Somalogic	proteomics	SomaScan	7k
Plasma	PolyUbiquitin K63-linked	6172-7	ENSG00000150991	P0CG48	combined	seq.6172.7	Somalogic	proteomics	SomaScan	7k
Plasma	Prosaposin	6207-10	ENSG00000197746	P07602	combined	seq.6207.10	Somalogic	proteomics	SomaScan	7k
Plasma	Amiloride-sensitive amine oxidase [copper-containing]	6209-2	ENSG00000002726	P19801	combined	seq.6209.2	Somalogic	proteomics	SomaScan	7k
Plasma	Interferon alpha-5	6210-100	ENSG00000147873	P01569	combined	seq.6210.100	Somalogic	proteomics	SomaScan	7k
Plasma	Choriogonadotropin subunit beta variant 2	6213-10	ENSG00000104818	Q6NT52	combined	seq.6213.10	Somalogic	proteomics	SomaScan	7k
Plasma	Interferon alpha-8	6214-84	ENSG00000120242	P32881	combined	seq.6214.84	Somalogic	proteomics	SomaScan	7k
Plasma	Sulfhydryl oxidase 1	6217-23	ENSG00000116260	O00391	combined	seq.6217.23	Somalogic	proteomics	SomaScan	7k
Plasma	PDZ domain-containing protein 11	6219-14	ENSG00000120509	Q5EBL8	combined	seq.6219.14	Somalogic	proteomics	SomaScan	7k
Plasma	ADP-dependent glucokinase	6221-1	ENSG00000159322	Q9BRR6	combined	seq.6221.1	Somalogic	proteomics	SomaScan	7k
Plasma	Guanylate cyclase activator 2B	6223-5	ENSG00000044012	Q16661	combined	seq.6223.5	Somalogic	proteomics	SomaScan	7k
Plasma	Prostasin	6225-3	ENSG00000052344	Q16651	combined	seq.6225.3	Somalogic	proteomics	SomaScan	7k
Plasma	Calcium uptake protein 2, mitochondrial	6226-69	ENSG00000165487	Q8IYU8	combined	seq.6226.69	Somalogic	proteomics	SomaScan	7k
Plasma	Kallikrein-10	6227-1	ENSG00000129451	O43240	combined	seq.6227.1	Somalogic	proteomics	SomaScan	7k
Plasma	Sperm acrosome membrane-associated protein 1	6228-58	ENSG00000118434	Q9HBV2	combined	seq.6228.58	Somalogic	proteomics	SomaScan	7k
Plasma	Chorionic somatomammotropin hormone	6229-13	ENSG00000213218|ENSG00000136488	P0DML3|P0DML2	combined	seq.6229.13	Somalogic	proteomics	SomaScan	7k
Plasma	Cerberus	6230-56	ENSG00000147869	O95813	combined	seq.6230.56	Somalogic	proteomics	SomaScan	7k
Plasma	Stanniocalcin-2	6231-46	ENSG00000113739	O76061	combined	seq.6231.46	Somalogic	proteomics	SomaScan	7k
Plasma	T-lymphocyte activation antigen CD86	6232-54	ENSG00000114013	P42081	combined	seq.6232.54	Somalogic	proteomics	SomaScan	7k
Plasma	Vitrin	6234-74	ENSG00000205221	Q6UXI7	combined	seq.6234.74	Somalogic	proteomics	SomaScan	7k
Plasma	Collagen triple helix repeat-containing protein 1	6236-51	ENSG00000164932	Q96CG8	combined	seq.6236.51	Somalogic	proteomics	SomaScan	7k
Plasma	Fibroblast growth factor receptor-like 1	6237-11	ENSG00000127418	Q8N441	combined	seq.6237.11	Somalogic	proteomics	SomaScan	7k
Plasma	R-spondin-1	6240-70	ENSG00000169218	Q2MKA7	combined	seq.6240.70	Somalogic	proteomics	SomaScan	7k
Plasma	Nectin-2	6245-4	ENSG00000130202	Q92692	combined	seq.6245.4	Somalogic	proteomics	SomaScan	7k
Plasma	Signal-regulatory protein beta-1	6247-9	ENSG00000101307	O00241	combined	seq.6247.9	Somalogic	proteomics	SomaScan	7k
Plasma	Tumor necrosis factor receptor superfamily member 6	6248-68	ENSG00000026103	P25445	combined	seq.6248.68	Somalogic	proteomics	SomaScan	7k
Plasma	Secretoglobin family 3A member 1	6252-62	ENSG00000161055	Q96QR1	combined	seq.6252.62	Somalogic	proteomics	SomaScan	7k
Plasma	Probable carboxypeptidase X1	6255-74	ENSG00000088882	Q96SM3	combined	seq.6255.74	Somalogic	proteomics	SomaScan	7k
Plasma	Lymphocyte antigen 6 complex locus protein G6c	6256-9	ENSG00000204421|ENSG00000235452|ENSG00000228250|ENSG00000206398|ENSG00000228859|ENSG00000235925|ENSG00000236183	O95867	combined	seq.6256.9	Somalogic	proteomics	SomaScan	7k
Plasma	Cell growth regulator with EF hand domain protein 1	6257-56	ENSG00000138028	Q99674	combined	seq.6257.56	Somalogic	proteomics	SomaScan	7k
Plasma	Internal Use Only: Tenascin	6259-60	ENSG00000041982	P24821	combined	seq.6259.60	Somalogic	proteomics	SomaScan	7k
Plasma	Internal Use Only: Tenascin	6260-14	ENSG00000041982	P24821	combined	seq.6260.14	Somalogic	proteomics	SomaScan	7k
Plasma	Interleukin-17 receptor B	6262-14	ENSG00000056736	Q9NRM6	combined	seq.6262.14	Somalogic	proteomics	SomaScan	7k
Plasma	Phospholipid transfer protein	6263-77	ENSG00000100979	P55058	combined	seq.6263.77	Somalogic	proteomics	SomaScan	7k
Plasma	Protein CYR61	6264-9	ENSG00000142871	O00622	combined	seq.6264.9	Somalogic	proteomics	SomaScan	7k
Plasma	Stathmin-4	6267-51	ENSG00000015592	Q9H169	combined	seq.6267.51	Somalogic	proteomics	SomaScan	7k
Plasma	Prolyl 3-hydroxylase 1	6273-58	ENSG00000117385	Q32P28	combined	seq.6273.58	Somalogic	proteomics	SomaScan	7k
Plasma	WSC domain-containing protein 2	6274-15	ENSG00000075035	Q2TBF2	combined	seq.6274.15	Somalogic	proteomics	SomaScan	7k
Plasma	Internal Use Only: Heat shock 70 kDa protein 1A	6276-16	ENSG00000234475|ENSG00000204389|ENSG00000215328|ENSG00000235941|ENSG00000237724	P0DMV8	combined	seq.6276.16	Somalogic	proteomics	SomaScan	7k
Plasma	Protocadherin-8	6280-11	ENSG00000136099	O95206	combined	seq.6280.11	Somalogic	proteomics	SomaScan	7k
Plasma	CMP-N-acetylneuraminate-beta-galactosamide-alpha-2,3-sialyltransferase 2	6281-51	ENSG00000157350	Q16842	combined	seq.6281.51	Somalogic	proteomics	SomaScan	7k
Plasma	Mast cell-expressed membrane protein 1	6283-60	ENSG00000183019	Q8IX19	combined	seq.6283.60	Somalogic	proteomics	SomaScan	7k
Plasma	ALK and LTK ligand 2	6284-7	ENSG00000189292	Q6UX46	combined	seq.6284.7	Somalogic	proteomics	SomaScan	7k
Plasma	Malectin	6285-71	ENSG00000110917	Q14165	combined	seq.6285.71	Somalogic	proteomics	SomaScan	7k
Plasma	Rho GTPase-activating protein 36	6289-78	ENSG00000147256	Q6ZRI8	combined	seq.6289.78	Somalogic	proteomics	SomaScan	7k
Plasma	Urotensin-2B	6290-3	ENSG00000188958	Q765I0	combined	seq.6290.3	Somalogic	proteomics	SomaScan	7k
Plasma	Calsyntenin-3	6291-55	ENSG00000288427|ENSG00000139182	Q9BQT9	combined	seq.6291.55	Somalogic	proteomics	SomaScan	7k
Plasma	B melanoma antigen 2	6294-11		Q86Y30	combined	seq.6294.11	Somalogic	proteomics	SomaScan	7k
Plasma	Oncoprotein-induced transcript 3 protein	6296-36	ENSG00000138315	Q8WWZ8	combined	seq.6296.36	Somalogic	proteomics	SomaScan	7k
Plasma	Complement C1q tumor necrosis factor-related protein 1	6304-8	ENSG00000173918	Q9BXJ1	combined	seq.6304.8	Somalogic	proteomics	SomaScan	7k
Plasma	Phospholipase B-like 1	6315-58	ENSG00000121316	Q6P4A8	combined	seq.6315.58	Somalogic	proteomics	SomaScan	7k
Plasma	Protocadherin gamma-A10	6321-65	ENSG00000253846	Q9Y5H3	combined	seq.6321.65	Somalogic	proteomics	SomaScan	7k
Plasma	Deoxyribonuclease-1-like 2	6324-11	ENSG00000167968	Q92874	combined	seq.6324.11	Somalogic	proteomics	SomaScan	7k
Plasma	Bone morphogenetic protein 4	6326-20	ENSG00000125378	P12644	combined	seq.6326.20	Somalogic	proteomics	SomaScan	7k
Plasma	Inactive gamma-glutamyltranspeptidase 2	6334-9	ENSG00000133475	P36268	combined	seq.6334.9	Somalogic	proteomics	SomaScan	7k
Plasma	Nephronectin	6342-10	ENSG00000168743	Q6UXI9	combined	seq.6342.10	Somalogic	proteomics	SomaScan	7k
Plasma	Apolipoprotein C-II	6350-43	ENSG00000234906	P02655	combined	seq.6350.43	Somalogic	proteomics	SomaScan	7k
Plasma	B-cell antigen receptor complex-associated protein beta chain	6351-55	ENSG00000007312	P40259	combined	seq.6351.55	Somalogic	proteomics	SomaScan	7k
Plasma	Insulin receptor-related protein	6352-8	ENSG00000027644	P14616	combined	seq.6352.8	Somalogic	proteomics	SomaScan	7k
Plasma	Hephaestin-like protein 1	6354-13	ENSG00000181333	Q6MZM0	combined	seq.6354.13	Somalogic	proteomics	SomaScan	7k
Plasma	Carboxypeptidase B	6356-3	ENSG00000153002	P15086	combined	seq.6356.3	Somalogic	proteomics	SomaScan	7k
Plasma	Chymotrypsin-like elastase family member 3B	6357-83	ENSG00000219073	P08861	combined	seq.6357.83	Somalogic	proteomics	SomaScan	7k
Plasma	Protein O-linked-mannose beta-1,4-N-acetylglucosaminyltransferase 2	6359-50	ENSG00000144647	Q8NAT1	combined	seq.6359.50	Somalogic	proteomics	SomaScan	7k
Plasma	Beta-defensin 128	6360-7	ENSG00000185982	Q7Z7B8	combined	seq.6360.7	Somalogic	proteomics	SomaScan	7k
Plasma	Receptor-type tyrosine-protein phosphatase R	6361-49	ENSG00000153233	Q15256	combined	seq.6361.49	Somalogic	proteomics	SomaScan	7k
Plasma	Augurin	6362-6	ENSG00000119147	Q9H1Z8	combined	seq.6362.6	Somalogic	proteomics	SomaScan	7k
Plasma	Tapasin-related protein	6364-7	ENSG00000139192	Q9BX59	combined	seq.6364.7	Somalogic	proteomics	SomaScan	7k
Plasma	Thioredoxin domain-containing protein 15	6366-38	ENSG00000113621	Q96J42	combined	seq.6366.38	Somalogic	proteomics	SomaScan	7k
Plasma	fibromodulin	6367-66	ENSG00000122176	Q06828	combined	seq.6367.66	Somalogic	proteomics	SomaScan	7k
Plasma	Cystatin-like 1	6368-9	ENSG00000125823	Q9H114	combined	seq.6368.9	Somalogic	proteomics	SomaScan	7k
Plasma	Deformed epidermal autoregulatory factor 1 homolog	6369-82	ENSG00000177030	O75398	combined	seq.6369.82	Somalogic	proteomics	SomaScan	7k
Plasma	Angiopoietin-related protein 7	6371-50	ENSG00000171819	O43827	combined	seq.6371.50	Somalogic	proteomics	SomaScan	7k
Plasma	Y-box-binding protein 2	6372-7	ENSG00000288504|ENSG00000006047	Q9Y2T7	combined	seq.6372.7	Somalogic	proteomics	SomaScan	7k
Plasma	Protein delta homolog 1	6373-54	ENSG00000185559	P80370	combined	seq.6373.54	Somalogic	proteomics	SomaScan	7k
Plasma	Matrix metalloproteinase-20	6374-7	ENSG00000137674	O60882	combined	seq.6374.7	Somalogic	proteomics	SomaScan	7k
Plasma	Xyloside xylosyltransferase 1	6375-75	ENSG00000173950	Q8NBI6	combined	seq.6375.75	Somalogic	proteomics	SomaScan	7k
Plasma	Lysozyme-like protein 2	6377-54	ENSG00000151033	Q7Z4W2	combined	seq.6377.54	Somalogic	proteomics	SomaScan	7k
Plasma	Protein CEI	6378-2	ENSG00000186493	Q86SI9	combined	seq.6378.2	Somalogic	proteomics	SomaScan	7k
Plasma	ADAMTS-like protein 2	6379-62	ENSG00000197859	Q86TH1	combined	seq.6379.62	Somalogic	proteomics	SomaScan	7k
Plasma	Peptidyl-tRNA hydrolase ICT1, mitochondrial	6380-23	ENSG00000167862	Q14197	combined	seq.6380.23	Somalogic	proteomics	SomaScan	7k
Plasma	Beta-mannosidase	6382-17	ENSG00000109323	O00462	combined	seq.6382.17	Somalogic	proteomics	SomaScan	7k
Plasma	Tolloid-like protein 1	6383-90	ENSG00000038295	O43897	combined	seq.6383.90	Somalogic	proteomics	SomaScan	7k
Plasma	WAP four-disulfide core domain protein 3	6384-19	ENSG00000124116	Q8IUB2	combined	seq.6384.19	Somalogic	proteomics	SomaScan	7k
Plasma	von Willebrand factor A domain-containing protein 1	6385-63	ENSG00000179403	Q6PCB0	combined	seq.6385.63	Somalogic	proteomics	SomaScan	7k
Plasma	Defensin-5	6387-61	ENSG00000285251|ENSG00000164816	Q01523	combined	seq.6387.61	Somalogic	proteomics	SomaScan	7k
Plasma	Coiled-coil domain-containing protein 126	6388-21	ENSG00000169193	Q96EE4	combined	seq.6388.21	Somalogic	proteomics	SomaScan	7k
Plasma	Neuropeptide S	6390-18	ENSG00000214285	P0C0P6	combined	seq.6390.18	Somalogic	proteomics	SomaScan	7k
Plasma	Leukocyte immunoglobulin-like receptor subfamily A member 3	6391-52		Q8N6C8	combined	seq.6391.52	Somalogic	proteomics	SomaScan	7k
Plasma	WNT1-inducible-signaling pathway protein 2	6392-7	ENSG00000064205	O76076	combined	seq.6392.7	Somalogic	proteomics	SomaScan	7k
Plasma	Endoplasmin	6393-63	ENSG00000166598	P14625	combined	seq.6393.63	Somalogic	proteomics	SomaScan	7k
Plasma	Glycoprotein hormone alpha-2	6395-58	ENSG00000149735	Q96T91	combined	seq.6395.58	Somalogic	proteomics	SomaScan	7k
Plasma	Lon protease homolog, mitochondrial	6398-12	ENSG00000196365	P36776	combined	seq.6398.12	Somalogic	proteomics	SomaScan	7k
Plasma	Beta-defensin 107	6399-52	ENSG00000277530|ENSG00000284979|ENSG00000186572|ENSG00000198129|ENSG00000285432	Q8IZN7	combined	seq.6399.52	Somalogic	proteomics	SomaScan	7k
Plasma	Tumor protein p53-inducible protein 13	6400-33	ENSG00000167543	Q8NBR0	combined	seq.6400.33	Somalogic	proteomics	SomaScan	7k
Plasma	Paired immunoglobulin-like type 2 receptor alpha isoform FDF03-deltaTM	6402-8	ENSG00000085514	Q9UKJ1	combined	seq.6402.8	Somalogic	proteomics	SomaScan	7k
Plasma	C1q-related factor	6404-20	ENSG00000131094	O75973	combined	seq.6404.20	Somalogic	proteomics	SomaScan	7k
Plasma	Pregnancy-specific beta-1-glycoprotein 2	6405-74	ENSG00000242221	P11465	combined	seq.6405.74	Somalogic	proteomics	SomaScan	7k
Plasma	Normal mucosa of esophagus-specific gene 1 protein	6406-3	ENSG00000166920	Q9C002	combined	seq.6406.3	Somalogic	proteomics	SomaScan	7k
Plasma	Ladinin-1	6407-63	ENSG00000159166	O00515	combined	seq.6407.63	Somalogic	proteomics	SomaScan	7k
Plasma	Inhibin beta C chain	6408-2	ENSG00000175189	P55103	combined	seq.6408.2	Somalogic	proteomics	SomaScan	7k
Plasma	Adhesion G protein-coupled receptor F5	6409-57	ENSG00000069122	Q8IZF2	combined	seq.6409.57	Somalogic	proteomics	SomaScan	7k
Plasma	Early placenta insulin-like peptide	6410-26	ENSG00000120211	Q14641	combined	seq.6410.26	Somalogic	proteomics	SomaScan	7k
Plasma	Beta-defensin 135	6411-58	ENSG00000205883|ENSG00000285365	Q30KP9	combined	seq.6411.58	Somalogic	proteomics	SomaScan	7k
Plasma	Lipase member K	6413-79	ENSG00000204021	Q5VXJ0	combined	seq.6413.79	Somalogic	proteomics	SomaScan	7k
Plasma	Out at first protein homolog	6414-8	ENSG00000184232	Q86UD1	combined	seq.6414.8	Somalogic	proteomics	SomaScan	7k
Plasma	Carboxypeptidase N subunit 2	6415-90	ENSG00000178772	P22792	combined	seq.6415.90	Somalogic	proteomics	SomaScan	7k
Plasma	Gastrokine-2	6416-8	ENSG00000183607	Q86XP6	combined	seq.6416.8	Somalogic	proteomics	SomaScan	7k
Plasma	Succinate dehydrogenase assembly factor 2, mitochondrial	6420-4	ENSG00000167985	Q9NX18	combined	seq.6420.4	Somalogic	proteomics	SomaScan	7k
Plasma	Interferon alpha-16	6421-52	ENSG00000147885	P05015	combined	seq.6421.52	Somalogic	proteomics	SomaScan	7k
Plasma	Complement C1q-like protein 2	6423-66	ENSG00000144119	Q7Z5L3	combined	seq.6423.66	Somalogic	proteomics	SomaScan	7k
Plasma	Probable inactive ribonuclease-like protein 13	6424-2	ENSG00000206150	Q5GAN3	combined	seq.6424.2	Somalogic	proteomics	SomaScan	7k
Plasma	Matrix metalloproteinase-19	6425-87	ENSG00000123342	Q99542	combined	seq.6425.87	Somalogic	proteomics	SomaScan	7k
Plasma	Protein FAM19A2	6430-36	ENSG00000198673	Q8N3H0	combined	seq.6430.36	Somalogic	proteomics	SomaScan	7k
Plasma	Prenylcysteine oxidase 1	6431-68	ENSG00000116005	Q9UHG3	combined	seq.6431.68	Somalogic	proteomics	SomaScan	7k
Plasma	Pseudokinase FAM20A	6433-57	ENSG00000108950	Q96MK3	combined	seq.6433.57	Somalogic	proteomics	SomaScan	7k
Plasma	Retina-specific copper amine oxidase	6434-18	ENSG00000131480	O75106	combined	seq.6434.18	Somalogic	proteomics	SomaScan	7k
Plasma	Uncharacterized protein C14orf93	6439-59	ENSG00000100802	Q9H972	combined	seq.6439.59	Somalogic	proteomics	SomaScan	7k
Plasma	Microfibrillar-associated protein 5	6440-31	ENSG00000197614	Q13361	combined	seq.6440.31	Somalogic	proteomics	SomaScan	7k
Plasma	A disintegrin and metalloproteinase with thrombospondin motifs 6	6441-62	ENSG00000049192	Q9UKP5	combined	seq.6441.62	Somalogic	proteomics	SomaScan	7k
Plasma	B melanoma antigen 3	6442-6		Q86Y29	combined	seq.6442.6	Somalogic	proteomics	SomaScan	7k
Plasma	Pregnancy-specific beta-1-glycoprotein 3	6444-15	ENSG00000221826	Q16557	combined	seq.6444.15	Somalogic	proteomics	SomaScan	7k
Plasma	Pentraxin-related protein PTX3	6447-73	ENSG00000163661	P26022	combined	seq.6447.73	Somalogic	proteomics	SomaScan	7k
Plasma	Semaphorin-3C	6448-36	ENSG00000075223	Q99985	combined	seq.6448.36	Somalogic	proteomics	SomaScan	7k
Plasma	Gastrotropin	6450-8	ENSG00000170231	P51161	combined	seq.6450.8	Somalogic	proteomics	SomaScan	7k
Plasma	Asporin	6451-64	ENSG00000106819	Q9BXN1	combined	seq.6451.64	Somalogic	proteomics	SomaScan	7k
Plasma	Leukocyte immunoglobulin-like receptor subfamily B member 4	6453-70	ENSG00000186818|ENSG00000275730	Q8NHJ6	combined	seq.6453.70	Somalogic	proteomics	SomaScan	7k
Plasma	Rho GDP-dissociation inhibitor 1	6454-38	ENSG00000141522	P52565	combined	seq.6454.38	Somalogic	proteomics	SomaScan	7k
Plasma	Hyaluronan and proteoglycan link protein 4	6455-52		Q86UW8	combined	seq.6455.52	Somalogic	proteomics	SomaScan	7k
Plasma	Pregnancy-specific beta-1-glycoprotein 6	6456-17	ENSG00000170848	Q00889	combined	seq.6456.17	Somalogic	proteomics	SomaScan	7k
Plasma	Protocadherin gamma-A1	6457-50	ENSG00000204956	Q9Y5H4	combined	seq.6457.50	Somalogic	proteomics	SomaScan	7k
Plasma	Dolichyl-diphosphooligosaccharide--protein glycosyltransferase subunit 1:Lumenal domain	6458-6	ENSG00000163902	P04843	combined	seq.6458.6	Somalogic	proteomics	SomaScan	7k
Plasma	Apolipoprotein C-III	6461-54	ENSG00000110245	P02656	combined	seq.6461.54	Somalogic	proteomics	SomaScan	7k
Plasma	Metalloproteinase inhibitor 4	6462-12	ENSG00000157150	Q99727	combined	seq.6462.12	Somalogic	proteomics	SomaScan	7k
Plasma	Orexigenic neuropeptide QRFP	6463-59		P83859	combined	seq.6463.59	Somalogic	proteomics	SomaScan	7k
Plasma	Transmembrane protein PVRIG	6464-40	ENSG00000213413	Q6DKI7	combined	seq.6464.40	Somalogic	proteomics	SomaScan	7k
Plasma	Protein O-glucosyltransferase 1	6467-65	ENSG00000163389	Q8NBL1	combined	seq.6467.65	Somalogic	proteomics	SomaScan	7k
Plasma	Tachykinin-4	6468-37	ENSG00000176358	Q86UU9	combined	seq.6468.37	Somalogic	proteomics	SomaScan	7k
Plasma	Lymphocyte antigen 6 complex locus protein G6d	6469-62	ENSG00000206402|ENSG00000225993|ENSG00000235302|ENSG00000236902|ENSG00000226603|ENSG00000234443|ENSG00000244355	O95868	combined	seq.6469.62	Somalogic	proteomics	SomaScan	7k
Plasma	Fibulin-1	6470-19	ENSG00000077942	P23142	combined	seq.6470.19	Somalogic	proteomics	SomaScan	7k
Plasma	Complement factor H-related protein 4	6471-53	ENSG00000134365	Q92496	combined	seq.6471.53	Somalogic	proteomics	SomaScan	7k
Plasma	Melanocyte protein PMEL	6472-40	ENSG00000185664	P40967	combined	seq.6472.40	Somalogic	proteomics	SomaScan	7k
Plasma	BPI fold-containing family A member 1	6473-55	ENSG00000198183	Q9NP55	combined	seq.6473.55	Somalogic	proteomics	SomaScan	7k
Plasma	IgLON family member 5	6478-2	ENSG00000142549	A6NGN9	combined	seq.6478.2	Somalogic	proteomics	SomaScan	7k
Plasma	Soluble calcium-activated nucleotidase 1	6480-1	ENSG00000171302	Q8WVQ1	combined	seq.6480.1	Somalogic	proteomics	SomaScan	7k
Plasma	Immunoglobulin lambda-like polypeptide 1	6485-59	ENSG00000128322	P15814	combined	seq.6485.59	Somalogic	proteomics	SomaScan	7k
Plasma	Kallikrein-15	6491-59	ENSG00000174562	Q9H2R5	combined	seq.6491.59	Somalogic	proteomics	SomaScan	7k
Plasma	Carboxypeptidase Z	6493-9	ENSG00000109625	Q66K79	combined	seq.6493.9	Somalogic	proteomics	SomaScan	7k
Plasma	Sperm acrosome-associated protein 5	6494-60	ENSG00000171489|ENSG00000171478	Q96QH8	combined	seq.6494.60	Somalogic	proteomics	SomaScan	7k
Plasma	Endothelin-1	6495-14	ENSG00000078401	P05305	combined	seq.6495.14	Somalogic	proteomics	SomaScan	7k
Plasma	Protein delta homolog 1:Extracellular domain	6496-60	ENSG00000185559	P80370	combined	seq.6496.60	Somalogic	proteomics	SomaScan	7k
Plasma	Retinoschisin	6497-10	ENSG00000102104	O15537	combined	seq.6497.10	Somalogic	proteomics	SomaScan	7k
Plasma	Cysteine-rich motor neuron 1 protein:Extracellular domain	6502-50	ENSG00000150938	Q9NZV1	combined	seq.6502.50	Somalogic	proteomics	SomaScan	7k
Plasma	Lysyl oxidase homolog 2	6504-65	ENSG00000134013	Q9Y4K0	combined	seq.6504.65	Somalogic	proteomics	SomaScan	7k
Plasma	Transmembrane emp24 domain-containing protein 10	6506-54	ENSG00000170348	P49755	combined	seq.6506.54	Somalogic	proteomics	SomaScan	7k
Plasma	Neural cell adhesion molecule 2	6507-16	ENSG00000154654	O15394	combined	seq.6507.16	Somalogic	proteomics	SomaScan	7k
Plasma	Secretoglobin family 1D member 2	6508-68	ENSG00000124935	O95969	combined	seq.6508.68	Somalogic	proteomics	SomaScan	7k
Plasma	E3 ubiquitin-protein ligase RNF128:region 1	6510-56	ENSG00000133135	Q8TEB7	combined	seq.6510.56	Somalogic	proteomics	SomaScan	7k
Plasma	Protein FAM19A4	6511-17	ENSG00000163377	Q96LR4	combined	seq.6511.17	Somalogic	proteomics	SomaScan	7k
Plasma	Kremen protein 1	6512-68	ENSG00000183762	Q96MU8	combined	seq.6512.68	Somalogic	proteomics	SomaScan	7k
Plasma	Growth/differentiation factor 10	6517-14	ENSG00000266524	P55107	combined	seq.6517.14	Somalogic	proteomics	SomaScan	7k
Plasma	Appetite-regulating hormone	6518-85	ENSG00000157017	Q9UBU3	combined	seq.6518.85	Somalogic	proteomics	SomaScan	7k
Plasma	Matrix Gla protein	6520-87	ENSG00000111341	P08493	combined	seq.6520.87	Somalogic	proteomics	SomaScan	7k
Plasma	Neuronal pentraxin-2	6521-35	ENSG00000106236	P47972	combined	seq.6521.35	Somalogic	proteomics	SomaScan	7k
Plasma	Dual specificity protein phosphatase 13 isoform A	6525-17	ENSG00000079393	Q6B8I1	combined	seq.6525.17	Somalogic	proteomics	SomaScan	7k
Plasma	Odorant-binding protein 2a	6526-77	ENSG00000122136	Q9NY56	combined	seq.6526.77	Somalogic	proteomics	SomaScan	7k
Plasma	TLR4 interactor with leucine rich repeats:Extracellular domain	6527-1	ENSG00000255690	Q7L0X0	combined	seq.6527.1	Somalogic	proteomics	SomaScan	7k
Plasma	Exostosin-like 2	6528-95	ENSG00000162694	Q9UBQ6	combined	seq.6528.95	Somalogic	proteomics	SomaScan	7k
Plasma	Opiorphin prepropeptide	6530-63	ENSG00000171199	Q99935	combined	seq.6530.63	Somalogic	proteomics	SomaScan	7k
Plasma	Protein FAM162A	6531-29	ENSG00000114023	Q96A26	combined	seq.6531.29	Somalogic	proteomics	SomaScan	7k
Plasma	Deoxyribonuclease-2-beta	6533-20	ENSG00000137976	Q8WZ79	combined	seq.6533.20	Somalogic	proteomics	SomaScan	7k
Plasma	Putative phospholipase B-like 2	6536-54	ENSG00000151176	Q8NHP8	combined	seq.6536.54	Somalogic	proteomics	SomaScan	7k
Plasma	Uncharacterized protein KIAA2013	6538-90	ENSG00000116685	Q8IYS2	combined	seq.6538.90	Somalogic	proteomics	SomaScan	7k
Plasma	Prolactin-releasing peptide	6543-182	ENSG00000071677	P81277	combined	seq.6543.182	Somalogic	proteomics	SomaScan	7k
Plasma	Protein kinase C-binding protein NELL1	6544-33	ENSG00000165973	Q92832	combined	seq.6544.33	Somalogic	proteomics	SomaScan	7k
Plasma	Major prion protein	6545-58	ENSG00000171867	P04156	combined	seq.6545.58	Somalogic	proteomics	SomaScan	7k
Plasma	Dickkopf-related protein 2	6546-41	ENSG00000155011	Q9UBU2	combined	seq.6546.41	Somalogic	proteomics	SomaScan	7k
Plasma	Transmembrane protease serine 11D	6547-83	ENSG00000153802	O60235	combined	seq.6547.83	Somalogic	proteomics	SomaScan	7k
Plasma	V-set and transmembrane domain-containing protein 2-like protein	6549-60	ENSG00000132821	Q96N03	combined	seq.6549.60	Somalogic	proteomics	SomaScan	7k
Plasma	Intercellular adhesion molecule 4	6550-4	ENSG00000105371	Q14773	combined	seq.6550.4	Somalogic	proteomics	SomaScan	7k
Plasma	Serpin A12	6551-94	ENSG00000165953	Q8IW75	combined	seq.6551.94	Somalogic	proteomics	SomaScan	7k
Plasma	Cilia- and flagella-associated protein 45	6553-68	ENSG00000213085	Q9UL16	combined	seq.6553.68	Somalogic	proteomics	SomaScan	7k
Plasma	Stomatin-like protein 2, mitochondrial	6555-58	ENSG00000165283	Q9UJZ1	combined	seq.6555.58	Somalogic	proteomics	SomaScan	7k
Plasma	Ectonucleotide pyrophosphatase/phosphodiesterase family member 5	6556-5	ENSG00000112796	Q9UJA9	combined	seq.6556.5	Somalogic	proteomics	SomaScan	7k
Plasma	Leucine-rich repeat-containing protein 15	6557-50	ENSG00000172061	Q8TF66	combined	seq.6557.50	Somalogic	proteomics	SomaScan	7k
Plasma	Collectin-10	6558-5	ENSG00000184374	Q9Y6Z7	combined	seq.6558.5	Somalogic	proteomics	SomaScan	7k
Plasma	Ig Kappa chain V-I region HK102- like	6561-77	ENSG00000282801|ENSG00000243466	P01602	combined	seq.6561.77	Somalogic	proteomics	SomaScan	7k
Plasma	Internal Use Only: Heat shock 70 kDa protein 1A	6563-78	ENSG00000234475|ENSG00000204389|ENSG00000215328|ENSG00000235941|ENSG00000237724	P0DMV8	combined	seq.6563.78	Somalogic	proteomics	SomaScan	7k
Plasma	CUB domain-containing protein 1	6565-68	ENSG00000163814	Q9H5V8	combined	seq.6565.68	Somalogic	proteomics	SomaScan	7k
Plasma	HEPACAM family member 2:Isoform 2, Extracellular domain	6568-18	ENSG00000188175	A8MVW5	combined	seq.6568.18	Somalogic	proteomics	SomaScan	7k
Plasma	Collagen alpha-1(XIII) chain	6570-1	ENSG00000197467	Q5TAT6	combined	seq.6570.1	Somalogic	proteomics	SomaScan	7k
Plasma	Uncharacterized protein C17orf78:N-term	6571-75	ENSG00000278145|ENSG00000278505	Q8N4C9	combined	seq.6571.75	Somalogic	proteomics	SomaScan	7k
Plasma	Leucine-rich repeat transmembrane neuronal protein 4:Isoform 2, Extracellular domain	6572-10	ENSG00000176204	Q86VH4	combined	seq.6572.10	Somalogic	proteomics	SomaScan	7k
Plasma	Fas apoptotic inhibitory molecule 3	6574-11	ENSG00000162894	O60667	combined	seq.6574.11	Somalogic	proteomics	SomaScan	7k
Plasma	ADAMTS-like protein 1	6575-79	ENSG00000178031	Q8N6G6	combined	seq.6575.79	Somalogic	proteomics	SomaScan	7k
Plasma	Ecto-ADP-ribosyltransferase 4	6576-1	ENSG00000111339	Q93070	combined	seq.6576.1	Somalogic	proteomics	SomaScan	7k
Plasma	Laminin subunit alpha-4	6577-64	ENSG00000112769	Q16363	combined	seq.6577.64	Somalogic	proteomics	SomaScan	7k
Plasma	Tenomodulin	6578-29	ENSG00000000005	Q9H2S6	combined	seq.6578.29	Somalogic	proteomics	SomaScan	7k
Plasma	Pregnancy zone protein	6580-29	ENSG00000126838	P20742	combined	seq.6580.29	Somalogic	proteomics	SomaScan	7k
Plasma	Protein Z-dependent protease inhibitor	6583-67	ENSG00000140093|ENSG00000278767	Q9UK55	combined	seq.6583.67	Somalogic	proteomics	SomaScan	7k
Plasma	Sarcoplasmic reticulum histidine-rich calcium-binding protein	6584-1	ENSG00000130528	P23327	combined	seq.6584.1	Somalogic	proteomics	SomaScan	7k
Plasma	Disintegrin and metalloproteinase domain-containing protein 11	6586-19	ENSG00000073670	O75078	combined	seq.6586.19	Somalogic	proteomics	SomaScan	7k
Plasma	Leucine-rich repeat and fibronectin type-III domain-containing protein 5	6587-6	ENSG00000165379	Q96NI6	combined	seq.6587.6	Somalogic	proteomics	SomaScan	7k
Plasma	Neuropilin-2	6590-54	ENSG00000118257	O60462	combined	seq.6590.54	Somalogic	proteomics	SomaScan	7k
Plasma	Polypeptide N-acetylgalactosaminyltransferase 3	6593-5	ENSG00000115339	Q14435	combined	seq.6593.5	Somalogic	proteomics	SomaScan	7k
Plasma	SAYSvFN domain-containing protein 1	6594-64	ENSG00000112167	Q9NPB0	combined	seq.6594.64	Somalogic	proteomics	SomaScan	7k
Plasma	Membrane protein FAM174A	6597-24	ENSG00000174132	Q8TBP5	combined	seq.6597.24	Somalogic	proteomics	SomaScan	7k
Plasma	Protein APCDD1	6599-5	ENSG00000154856	Q8J025	combined	seq.6599.5	Somalogic	proteomics	SomaScan	7k
Plasma	RELT-like protein 2	6600-70	ENSG00000164620	Q8NC24	combined	seq.6600.70	Somalogic	proteomics	SomaScan	7k
Plasma	Anosmin-1	6603-18	ENSG00000011201	P23352	combined	seq.6603.18	Somalogic	proteomics	SomaScan	7k
Plasma	Protein NDNF	6604-59	ENSG00000173376	Q8TB73	combined	seq.6604.59	Somalogic	proteomics	SomaScan	7k
Plasma	Insulin-like growth factor-binding protein complex acid labile subunit	6605-17	ENSG00000099769	P35858	combined	seq.6605.17	Somalogic	proteomics	SomaScan	7k
Plasma	Metastasis-suppressor KiSS-1	6606-61	ENSG00000170498	Q15726	combined	seq.6606.61	Somalogic	proteomics	SomaScan	7k
Plasma	2',3'-cyclic-nucleotide 3'-phosphodiesterase	6609-22	ENSG00000173786	P09543	combined	seq.6609.22	Somalogic	proteomics	SomaScan	7k
Plasma	KDEL motif-containing protein 1	6611-8	ENSG00000134901	Q6UW63	combined	seq.6611.8	Somalogic	proteomics	SomaScan	7k
Plasma	BRICHOS domain-containing protein 5	6612-90	ENSG00000182685	Q6PL45	combined	seq.6612.90	Somalogic	proteomics	SomaScan	7k
Plasma	Fc receptor-like protein 6	6617-12	ENSG00000181036	Q6DN72	combined	seq.6617.12	Somalogic	proteomics	SomaScan	7k
Plasma	Leucine-rich repeat and immunoglobulin-like domain-containing nogo receptor-interacting protein 1	6620-82	ENSG00000169783	Q96FE5	combined	seq.6620.82	Somalogic	proteomics	SomaScan	7k
Plasma	Prorelaxin H2	6621-10	ENSG00000107014	P04090	combined	seq.6621.10	Somalogic	proteomics	SomaScan	7k
Plasma	Apelin	6622-90	ENSG00000171388	Q9ULZ1	combined	seq.6622.90	Somalogic	proteomics	SomaScan	7k
Plasma	Protein Wnt-11	6624-94	ENSG00000085741	O96014	combined	seq.6624.94	Somalogic	proteomics	SomaScan	7k
Plasma	ATPase family AAA domain-containing protein 1	6625-31	ENSG00000138138|ENSG00000283024	Q8NBU5	combined	seq.6625.31	Somalogic	proteomics	SomaScan	7k
Plasma	Carbohydrate sulfotransferase 12	6626-81	ENSG00000136213	Q9NRB3	combined	seq.6626.81	Somalogic	proteomics	SomaScan	7k
Plasma	Inactive pancreatic lipase-related protein 1	6627-25	ENSG00000187021	P54315	combined	seq.6627.25	Somalogic	proteomics	SomaScan	7k
Plasma	Beta-defensin 1	6629-3	ENSG00000164825|ENSG00000284881	P60022	combined	seq.6629.3	Somalogic	proteomics	SomaScan	7k
Plasma	Collagen alpha-1(IX) chain	6631-17	ENSG00000112280	P20849	combined	seq.6631.17	Somalogic	proteomics	SomaScan	7k
Plasma	Uroplakin-3b-like protein	6633-43	ENSG00000267368	B0FP48	combined	seq.6633.43	Somalogic	proteomics	SomaScan	7k
Plasma	PolyUbiquitin K48-linked	6641-60	ENSG00000170315	P0CG47	combined	seq.6641.60	Somalogic	proteomics	SomaScan	7k
Plasma	Periostin	6645-53	ENSG00000133110	Q15063	combined	seq.6645.53	Somalogic	proteomics	SomaScan	7k
Plasma	PolyUbiquitin K63-linked	6647-55	ENSG00000150991	P0CG48	combined	seq.6647.55	Somalogic	proteomics	SomaScan	7k
Plasma	Netrin-1	6649-51	ENSG00000065320	O95631	combined	seq.6649.51	Somalogic	proteomics	SomaScan	7k
Plasma	PolyUbiquitin K48-linked	6651-74	ENSG00000170315	P0CG47	combined	seq.6651.74	Somalogic	proteomics	SomaScan	7k
Plasma	Leukocyte surface antigen CD47	6653-58	ENSG00000196776	Q08722	combined	seq.6653.58	Somalogic	proteomics	SomaScan	7k
Plasma	Alkaline phosphatase, placental-like	6706-18	ENSG00000163286	P10696	combined	seq.6706.18	Somalogic	proteomics	SomaScan	7k
Plasma	Low-density lipoprotein receptor-related protein 11	6713-4	ENSG00000120256	Q86VZ4	combined	seq.6713.4	Somalogic	proteomics	SomaScan	7k
Plasma	Alkaline phosphatase, placental-like	6715-63	ENSG00000163286	P10696	combined	seq.6715.63	Somalogic	proteomics	SomaScan	7k
Plasma	Transferrin receptor protein 1:Cytoplasmic domain	6895-1	ENSG00000072274	P02786	combined	seq.6895.1	Somalogic	proteomics	SomaScan	7k
Plasma	Transmembrane protein C1orf162	6896-3	ENSG00000143110	Q8NEQ5	combined	seq.6896.3	Somalogic	proteomics	SomaScan	7k
Plasma	Galactosylgalactosylxylosylprotein 3-beta-glucuronosyltransferase 3	6897-38	ENSG00000149541	O94766	combined	seq.6897.38	Somalogic	proteomics	SomaScan	7k
Plasma	Pterin-4-alpha-carbinolamine dehydratase 2	6899-37	ENSG00000132570	Q9H0N5	combined	seq.6899.37	Somalogic	proteomics	SomaScan	7k
Plasma	Ubiquitin-conjugating enzyme E2 J1	6900-30	ENSG00000198833	Q9Y385	combined	seq.6900.30	Somalogic	proteomics	SomaScan	7k
Plasma	Leucine-rich repeat transmembrane neuronal protein 2	6904-14	ENSG00000146006	O43300	combined	seq.6904.14	Somalogic	proteomics	SomaScan	7k
Plasma	Transmembrane and coiled-coil domain-containing protein 5A	6907-17	ENSG00000166069	Q8N6Q1	combined	seq.6907.17	Somalogic	proteomics	SomaScan	7k
Plasma	Alpha-1,6-mannosyl-glycoprotein 2-beta-N-acetylglucosaminyltransferase	6909-40	ENSG00000168282	Q10469	combined	seq.6909.40	Somalogic	proteomics	SomaScan	7k
Plasma	C-type lectin domain family 6 member A	6911-103	ENSG00000205846	Q6EIG7	combined	seq.6911.103	Somalogic	proteomics	SomaScan	7k
Plasma	Calcium uptake protein 3, mitochondrial	6912-6	ENSG00000155970	Q86XE3	combined	seq.6912.6	Somalogic	proteomics	SomaScan	7k
Plasma	High mobility group protein B2	6913-189	ENSG00000164104	P26583	combined	seq.6913.189	Somalogic	proteomics	SomaScan	7k
Plasma	Amphoterin-induced protein 2	6914-15	ENSG00000139211	Q86SJ2	combined	seq.6914.15	Somalogic	proteomics	SomaScan	7k
Plasma	CD164 sialomucin-like 2 protein	6915-2	ENSG00000174950	Q6UWJ8	combined	seq.6915.2	Somalogic	proteomics	SomaScan	7k
Plasma	Leucine-rich repeat-containing protein 3	6917-49	ENSG00000160233	Q9BY71	combined	seq.6917.49	Somalogic	proteomics	SomaScan	7k
Plasma	Cholecystokinin	6918-183	ENSG00000187094	P06307	combined	seq.6918.183	Somalogic	proteomics	SomaScan	7k
Plasma	Hemoglobin subunit zeta	6919-3	ENSG00000130656	P02008	combined	seq.6919.3	Somalogic	proteomics	SomaScan	7k
Plasma	GDNF family receptor alpha-like	6920-1	ENSG00000187871	Q6UXV0	combined	seq.6920.1	Somalogic	proteomics	SomaScan	7k
Plasma	Beta-1,4-galactosyltransferase 3	6921-24	ENSG00000158850	O60512	combined	seq.6921.24	Somalogic	proteomics	SomaScan	7k
Plasma	Procollagen-lysine,2-oxoglutarate 5-dioxygenase 2	6923-1	ENSG00000152952	O00469	combined	seq.6923.1	Somalogic	proteomics	SomaScan	7k
Plasma	Sorting nexin-8	6925-26	ENSG00000106266	Q9Y5X2	combined	seq.6925.26	Somalogic	proteomics	SomaScan	7k
Plasma	Bifunctional heparan sulfate N-deacetylase/N-sulfotransferase 1	6927-7	ENSG00000070614	P52848	combined	seq.6927.7	Somalogic	proteomics	SomaScan	7k
Plasma	Sia-alpha-2,3-Gal-beta-1,4-GlcNAc-R:alpha 2,8-sialyltransferase	6929-10	ENSG00000177511	O43173	combined	seq.6929.10	Somalogic	proteomics	SomaScan	7k
Plasma	Alpha-2,8-sialyltransferase 8F	6930-95	ENSG00000148488	P61647	combined	seq.6930.95	Somalogic	proteomics	SomaScan	7k
Plasma	Cancer/testis antigen 1	6931-10	ENSG00000268651|ENSG00000184033	P78358	combined	seq.6931.10	Somalogic	proteomics	SomaScan	7k
Plasma	Integrin alpha-5	6932-42	ENSG00000161638	P08648	combined	seq.6932.42	Somalogic	proteomics	SomaScan	7k
Plasma	39S ribosomal protein L34, mitochondrial	6933-20	ENSG00000130312	Q9BQ48	combined	seq.6933.20	Somalogic	proteomics	SomaScan	7k
Plasma	BMP and activin membrane-bound inhibitor homolog:Cytoplasmic domain	6935-123	ENSG00000095739	Q13145	combined	seq.6935.123	Somalogic	proteomics	SomaScan	7k
Plasma	Protein TMEPAI	6936-7	ENSG00000124225	Q969W9	combined	seq.6936.7	Somalogic	proteomics	SomaScan	7k
Plasma	Uncharacterized protein C1orf43	6937-251	ENSG00000143612	Q9BWL3	combined	seq.6937.251	Somalogic	proteomics	SomaScan	7k
Plasma	Protocadherin gamma-A12	6938-21	ENSG00000253159	O60330	combined	seq.6938.21	Somalogic	proteomics	SomaScan	7k
Plasma	Junctophilin-1	6940-18	ENSG00000104369	Q9HDC5	combined	seq.6940.18	Somalogic	proteomics	SomaScan	7k
Plasma	Sulfatase-modifying factor 1	6941-11	ENSG00000144455	Q8NBK3	combined	seq.6941.11	Somalogic	proteomics	SomaScan	7k
Plasma	Type 2 lactosamine alpha-2,3-sialyltransferase	6947-4	ENSG00000064225	Q9Y274	combined	seq.6947.4	Somalogic	proteomics	SomaScan	7k
Plasma	Polyphosphoinositide phosphatase	6948-82	ENSG00000112367	Q92562	combined	seq.6948.82	Somalogic	proteomics	SomaScan	7k
Plasma	Acid-sensing ion channel 4	6951-26	ENSG00000072182	Q96FT7	combined	seq.6951.26	Somalogic	proteomics	SomaScan	7k
Plasma	Sorting nexin-1	6955-68	ENSG00000028528	Q13596	combined	seq.6955.68	Somalogic	proteomics	SomaScan	7k
Plasma	Pancreatic lipase-related protein 2	6957-14	ENSG00000266200	P54317	combined	seq.6957.14	Somalogic	proteomics	SomaScan	7k
Plasma	Insulin growth factor-like family member 3	6961-14	ENSG00000188624	Q6UXB1	combined	seq.6961.14	Somalogic	proteomics	SomaScan	7k
Plasma	HLA class II histocompatibility antigen, DR beta 3 chain	6962-5	ENSG00000196101|ENSG00000231679	P79483	combined	seq.6962.5	Somalogic	proteomics	SomaScan	7k
Plasma	P-selectin glycoprotein ligand 1:Cytoplasmic domain	6963-82	ENSG00000110876	Q14242	combined	seq.6963.82	Somalogic	proteomics	SomaScan	7k
Plasma	Contactin-associated protein-like 2	6965-19	ENSG00000278728|ENSG00000174469	Q9UHC6	combined	seq.6965.19	Somalogic	proteomics	SomaScan	7k
Plasma	Syntaxin-1B	6966-144	ENSG00000099365	P61266	combined	seq.6966.144	Somalogic	proteomics	SomaScan	7k
Plasma	WAP four-disulfide core domain protein 5	6969-14	ENSG00000175121	Q8TCV5	combined	seq.6969.14	Somalogic	proteomics	SomaScan	7k
Plasma	Insulin-like growth factor II:Isoform 3, Pro-form	6973-111	ENSG00000167244	P01344	combined	seq.6973.111	Somalogic	proteomics	SomaScan	7k
Plasma	HLA class II histocompatibility antigen gamma chain	6974-6	ENSG00000019582	P04233	combined	seq.6974.6	Somalogic	proteomics	SomaScan	7k
Plasma	SNARE-associated protein Snapin	6975-52	ENSG00000143553	O95295	combined	seq.6975.52	Somalogic	proteomics	SomaScan	7k
Plasma	Immunoglobulin superfamily member 8	6984-6	ENSG00000162729	Q969P0	combined	seq.6984.6	Somalogic	proteomics	SomaScan	7k
Plasma	Heparan sulfate glucosamine 3-O-sulfotransferase 3B1	6986-17	ENSG00000125430	Q9Y662	combined	seq.6986.17	Somalogic	proteomics	SomaScan	7k
Plasma	Stromal cell-derived factor 2-like protein 1	6990-44	ENSG00000128228	Q9HCN8	combined	seq.6990.44	Somalogic	proteomics	SomaScan	7k
Plasma	Alpha-(1,3)-fucosyltransferase 9	6991-24	ENSG00000172461	Q9Y231	combined	seq.6991.24	Somalogic	proteomics	SomaScan	7k
Plasma	Hemoglobin subunit delta	6992-67	ENSG00000223609	P02042	combined	seq.6992.67	Somalogic	proteomics	SomaScan	7k
Plasma	5'-Nucleotidase	6993-8	ENSG00000135318	P21589	combined	seq.6993.8	Somalogic	proteomics	SomaScan	7k
Plasma	Uncharacterized protein C3orf18	6994-19	ENSG00000088543	Q9UK00	combined	seq.6994.19	Somalogic	proteomics	SomaScan	7k
Plasma	Ras-related protein Rab-26	6997-32	ENSG00000167964	Q9ULW5	combined	seq.6997.32	Somalogic	proteomics	SomaScan	7k
Plasma	Aspartyl/asparaginyl beta-hydroxylase	6998-106	ENSG00000198363	Q12797	combined	seq.6998.106	Somalogic	proteomics	SomaScan	7k
Plasma	Matrix-remodeling-associated protein 8:Cytoplasmic domain	7002-1	ENSG00000162576	Q9BRK3	combined	seq.7002.1	Somalogic	proteomics	SomaScan	7k
Plasma	Polypeptide N-acetylgalactosaminyltransferase 10	7003-4	ENSG00000164574	Q86SR1	combined	seq.7003.4	Somalogic	proteomics	SomaScan	7k
Plasma	Collagen alpha-1(XXV) chain	7006-4	ENSG00000188517	Q9BXS0	combined	seq.7006.4	Somalogic	proteomics	SomaScan	7k
Plasma	Trafficking protein particle complex subunit 4	7007-24	ENSG00000196655|ENSG00000280495	Q9Y296	combined	seq.7007.24	Somalogic	proteomics	SomaScan	7k
Plasma	Protein eva-1 homolog C:Cytoplasmic domain	7008-13	ENSG00000166979	P58658	combined	seq.7008.13	Somalogic	proteomics	SomaScan	7k
Plasma	B-cell differentiation antigen CD72	7009-6	ENSG00000137101	P21854	combined	seq.7009.6	Somalogic	proteomics	SomaScan	7k
Plasma	B-cell differentiation antigen CD72	7009-8	ENSG00000137101	P21854	combined	seq.7009.8	Somalogic	proteomics	SomaScan	7k
Plasma	Kv channel-interacting protein 4	7011-8	ENSG00000185774	Q6PIL6	combined	seq.7011.8	Somalogic	proteomics	SomaScan	7k
Plasma	Vascular non-inflammatory molecule 2	7012-35	ENSG00000112303	O95498	combined	seq.7012.35	Somalogic	proteomics	SomaScan	7k
Plasma	Leukocyte immunoglobulin-like receptor subfamily B member 5	7015-8	ENSG00000273991|ENSG00000274311|ENSG00000278437|ENSG00000277414|ENSG00000105609	O75023	combined	seq.7015.8	Somalogic	proteomics	SomaScan	7k
Plasma	Beta-1,3-galactosyl-O-glycosyl-glycoprotein beta-1,6-N-acetylglucosaminyltransferase	7016-12	ENSG00000187210	Q02742	combined	seq.7016.12	Somalogic	proteomics	SomaScan	7k
Plasma	Ribosome biogenesis protein TSR3 homolog	7018-10	ENSG00000007520	Q9UJK0	combined	seq.7018.10	Somalogic	proteomics	SomaScan	7k
Plasma	Semaphorin-7A	7019-13	ENSG00000288455|ENSG00000138623	O75326	combined	seq.7019.13	Somalogic	proteomics	SomaScan	7k
Plasma	Carbohydrate sulfotransferase 5	7020-13	ENSG00000135702	Q9GZS9	combined	seq.7020.13	Somalogic	proteomics	SomaScan	7k
Plasma	CMP-N-acetylneuraminate-poly-alpha-2,8-sialyltransferase	7038-45	ENSG00000113532	Q92187	combined	seq.7038.45	Somalogic	proteomics	SomaScan	7k
Plasma	BCL2/adenovirus E1B 19 kDa protein-interacting protein 3	7045-4	ENSG00000176171	Q12983	combined	seq.7045.4	Somalogic	proteomics	SomaScan	7k
Plasma	Uncharacterized protein C20orf173	7046-6	ENSG00000125975	Q96LM9	combined	seq.7046.6	Somalogic	proteomics	SomaScan	7k
Plasma	Carcinoembryonic antigen-related cell adhesion molecule 19	7048-4	ENSG00000186567	Q7Z692	combined	seq.7048.4	Somalogic	proteomics	SomaScan	7k
Plasma	Disintegrin and metalloproteinase domain-containing protein 23	7049-2	ENSG00000114948	O75077	combined	seq.7049.2	Somalogic	proteomics	SomaScan	7k
Plasma	Neuronal growth regulator 1	7050-5	ENSG00000172260	Q7Z3B1	combined	seq.7050.5	Somalogic	proteomics	SomaScan	7k
Plasma	C-type lectin domain family 2 member D	7054-87	ENSG00000069493	Q9UHP7	combined	seq.7054.87	Somalogic	proteomics	SomaScan	7k
Plasma	4F2 cell-surface antigen heavy chain:Extracellular domain	7056-16	ENSG00000168003	P08195	combined	seq.7056.16	Somalogic	proteomics	SomaScan	7k
Plasma	Leukocyte immunoglobulin-like receptor subfamily A member 6	7059-14	ENSG00000244482|ENSG00000275539|ENSG00000274148	Q6PI73	combined	seq.7059.14	Somalogic	proteomics	SomaScan	7k
Plasma	ERO1-like protein alpha	7060-2	ENSG00000197930	Q96HE7	combined	seq.7060.2	Somalogic	proteomics	SomaScan	7k
Plasma	Vesicle-associated membrane protein 8	7064-2	ENSG00000118640	Q9BV40	combined	seq.7064.2	Somalogic	proteomics	SomaScan	7k
Plasma	Protein G6b:Isoform A, Extracellular domain	7065-1	ENSG00000204420|ENSG00000228090|ENSG00000237459|ENSG00000206396|ENSG00000230060|ENSG00000231003|ENSG00000224393	O95866	combined	seq.7065.1	Somalogic	proteomics	SomaScan	7k
Plasma	Protein FAM209B	7066-199	ENSG00000213714	Q5JX69	combined	seq.7066.199	Somalogic	proteomics	SomaScan	7k
Plasma	t-SNARE domain-containing protein 1	7069-9	ENSG00000171045	Q96NA8	combined	seq.7069.9	Somalogic	proteomics	SomaScan	7k
Plasma	Kell blood group glycoprotein	7070-25	ENSG00000276615|ENSG00000197993	P23276	combined	seq.7070.25	Somalogic	proteomics	SomaScan	7k
Plasma	Endoplasmic reticulum mannosyl-oligosaccharide 1,2-alpha-mannosidase	7071-23	ENSG00000177239	Q9UKM7	combined	seq.7071.23	Somalogic	proteomics	SomaScan	7k
Plasma	Uncharacterized protein C22orf15	7073-69	ENSG00000169314	Q8WYQ4	combined	seq.7073.69	Somalogic	proteomics	SomaScan	7k
Plasma	Endothelin-converting enzyme-like 1	7076-17	ENSG00000171551	O95672	combined	seq.7076.17	Somalogic	proteomics	SomaScan	7k
Plasma	Butyrophilin subfamily 3 member A1	7081-2	ENSG00000026950	O00481	combined	seq.7081.2	Somalogic	proteomics	SomaScan	7k
Plasma	UDP-GlcNAc:betaGal beta-1,3-N-acetylglucosaminyltransferase 6	7082-2	ENSG00000198488	Q6ZMB0	combined	seq.7082.2	Somalogic	proteomics	SomaScan	7k
Plasma	Matrilin-4	7083-74	ENSG00000124159	O95460	combined	seq.7083.74	Somalogic	proteomics	SomaScan	7k
Plasma	Draxin	7084-1	ENSG00000162490	Q8NBI3	combined	seq.7084.1	Somalogic	proteomics	SomaScan	7k
Plasma	Corneodesmosin	7085-81	ENSG00000237165|ENSG00000237123|ENSG00000137197|ENSG00000237114	Q15517	combined	seq.7085.81	Somalogic	proteomics	SomaScan	7k
Plasma	Synaptotagmin-11	7089-42	ENSG00000132718	Q9BT88	combined	seq.7089.42	Somalogic	proteomics	SomaScan	7k
Plasma	Polypeptide N-acetylgalactosaminyltransferase 1	7090-17	ENSG00000141429	Q10472	combined	seq.7090.17	Somalogic	proteomics	SomaScan	7k
Plasma	Protein disulfide-isomerase-like protein of the testis	7092-7	ENSG00000169340	Q8N807	combined	seq.7092.7	Somalogic	proteomics	SomaScan	7k
Plasma	Regulator of microtubule dynamics protein 1	7096-30	ENSG00000176623	Q96DB5	combined	seq.7096.30	Somalogic	proteomics	SomaScan	7k
Plasma	Testis-specific chromodomain protein Y 1	7097-8	ENSG00000172352|ENSG00000172288	Q9Y6F8	combined	seq.7097.8	Somalogic	proteomics	SomaScan	7k
Plasma	Follistatin-related protein 5	7099-33	ENSG00000168843	Q8N475	combined	seq.7099.33	Somalogic	proteomics	SomaScan	7k
Plasma	T-cell surface antigen CD2	7100-31	ENSG00000116824	P06729	combined	seq.7100.31	Somalogic	proteomics	SomaScan	7k
Plasma	Calcium-binding protein 7	7104-71	ENSG00000100314	Q86V35	combined	seq.7104.71	Somalogic	proteomics	SomaScan	7k
Plasma	CDK5 and ABL1 enzyme substrate 2	7105-7	ENSG00000149679	Q9BTV7	combined	seq.7105.7	Somalogic	proteomics	SomaScan	7k
Plasma	Oocyte-secreted protein 2	7106-37	ENSG00000149507|ENSG00000285422	Q86WS3	combined	seq.7106.37	Somalogic	proteomics	SomaScan	7k
Plasma	Small integral membrane protein 24	7108-7	ENSG00000095932	O75264	combined	seq.7108.7	Somalogic	proteomics	SomaScan	7k
Plasma	DnaJ homolog subfamily B member 11	7110-2	ENSG00000090520	Q9UBS4	combined	seq.7110.2	Somalogic	proteomics	SomaScan	7k
Plasma	GrpE protein homolog 1, mitochondrial	7113-1	ENSG00000109519	Q9HAV7	combined	seq.7113.1	Somalogic	proteomics	SomaScan	7k
Plasma	Semenogelin-1	7115-5	ENSG00000124233	P04279	combined	seq.7115.5	Somalogic	proteomics	SomaScan	7k
Plasma	Osteoclast-associated immunoglobulin-like receptor	7116-31	ENSG00000273511|ENSG00000170909|ENSG00000275736|ENSG00000277088|ENSG00000274703|ENSG00000278378|ENSG00000278533|ENSG00000275551|ENSG00000275644|ENSG00000276982	Q8IYS5	combined	seq.7116.31	Somalogic	proteomics	SomaScan	7k
Plasma	Serpin I2	7117-21	ENSG00000114204	O75830	combined	seq.7117.21	Somalogic	proteomics	SomaScan	7k
Plasma	Immunoglobulin superfamily DCC subclass member 3:Extracellular domain	7118-24	ENSG00000174498	Q8IVU1	combined	seq.7118.24	Somalogic	proteomics	SomaScan	7k
Plasma	Synaptotagmin-7	7121-2	ENSG00000011347	O43581	combined	seq.7121.2	Somalogic	proteomics	SomaScan	7k
Plasma	Leucine-rich repeat-containing G-protein coupled receptor 5	7122-31	ENSG00000139292	O75473	combined	seq.7122.31	Somalogic	proteomics	SomaScan	7k
Plasma	39S ribosomal protein L52, mitochondrial	7123-25	ENSG00000172590	Q86TS9	combined	seq.7123.25	Somalogic	proteomics	SomaScan	7k
Plasma	Interleukin-21	7124-18	ENSG00000138684	Q9HBE4	combined	seq.7124.18	Somalogic	proteomics	SomaScan	7k
Plasma	Apolipoprotein A-II	7127-3	ENSG00000158874	P02652	combined	seq.7127.3	Somalogic	proteomics	SomaScan	7k
Plasma	von Willebrand factor A domain-containing protein 2	7128-9	ENSG00000165816	Q5GFL6	combined	seq.7128.9	Somalogic	proteomics	SomaScan	7k
Plasma	Leukocyte-associated immunoglobulin-like receptor 2	7130-4	ENSG00000277335|ENSG00000167618|ENSG00000274084	Q6ISS4	combined	seq.7130.4	Somalogic	proteomics	SomaScan	7k
Plasma	Internal Use Only: Tenascin	7131-207	ENSG00000041982	P24821	combined	seq.7131.207	Somalogic	proteomics	SomaScan	7k
Plasma	Cholesteryl ester transfer protein	7131-8	ENSG00000087237	P11597	combined	seq.7131.8	Somalogic	proteomics	SomaScan	7k
Plasma	Complement C1q-like protein 4	7132-55	ENSG00000186897	Q86Z23	combined	seq.7132.55	Somalogic	proteomics	SomaScan	7k
Plasma	Bcl-2-like protein 2	7134-14	ENSG00000258643|ENSG00000129473	Q92843	combined	seq.7134.14	Somalogic	proteomics	SomaScan	7k
Plasma	Hemoglobin subunit epsilon	7136-107	ENSG00000213931	P02100	combined	seq.7136.107	Somalogic	proteomics	SomaScan	7k
Plasma	Mitochondrial peptide methionine sulfoxide reductase	7137-8	ENSG00000285250|ENSG00000175806	Q9UJ68	combined	seq.7137.8	Somalogic	proteomics	SomaScan	7k
Plasma	SLIT and NTRK-like protein 4	7139-14		Q8IW52	combined	seq.7139.14	Somalogic	proteomics	SomaScan	7k
Plasma	Chymotrypsin-like elastase family member 2A	7140-1	ENSG00000142615	P08217	combined	seq.7140.1	Somalogic	proteomics	SomaScan	7k
Plasma	Alpha-1,3-mannosyl-glycoprotein 4-beta-N-acetylglucosaminyltransferase B	7141-21	ENSG00000161013|ENSG00000284501	Q9UQ53	combined	seq.7141.21	Somalogic	proteomics	SomaScan	7k
Plasma	Carboxypeptidase N catalytic chain	7142-5	ENSG00000120054	P15169	combined	seq.7142.5	Somalogic	proteomics	SomaScan	7k
Plasma	N-acetyllactosaminide beta-1,6-N-acetylglucosaminyl-transferase, isoform C	7143-9	ENSG00000111846|ENSG00000285222	Q8N0V5	combined	seq.7143.9	Somalogic	proteomics	SomaScan	7k
Plasma	Kazal-type serine protease inhibitor domain-containing protein 1	7144-234	ENSG00000107821	Q96I82	combined	seq.7144.234	Somalogic	proteomics	SomaScan	7k
Plasma	Inter-alpha-trypsin inhibitor heavy chain H3	7145-1	ENSG00000162267	Q06033	combined	seq.7145.1	Somalogic	proteomics	SomaScan	7k
Plasma	Protein disulfide-isomerase A4	7146-16	ENSG00000155660	P13667	combined	seq.7146.16	Somalogic	proteomics	SomaScan	7k
Plasma	Protein disulfide-isomerase A4	7146-5	ENSG00000155660	P13667	combined	seq.7146.5	Somalogic	proteomics	SomaScan	7k
Plasma	WAP four-disulfide core domain protein 8	7147-35	ENSG00000158901	Q8IUA0	combined	seq.7147.35	Somalogic	proteomics	SomaScan	7k
Plasma	Protein FAM173A	7148-42	ENSG00000103254	Q9BQD7	combined	seq.7148.42	Somalogic	proteomics	SomaScan	7k
Plasma	Hepatitis A virus cellular receptor 2	7152-5	ENSG00000135077	Q8TDQ0	combined	seq.7152.5	Somalogic	proteomics	SomaScan	7k
Plasma	Neugrin	7153-66	ENSG00000182768	Q9NPE2	combined	seq.7153.66	Somalogic	proteomics	SomaScan	7k
Plasma	Protein LEG1 homolog	7154-92	ENSG00000184530	Q6P5S2	combined	seq.7154.92	Somalogic	proteomics	SomaScan	7k
Plasma	C4b-binding protein beta chain	7155-46	ENSG00000123843	P20851	combined	seq.7155.46	Somalogic	proteomics	SomaScan	7k
Plasma	Alpha-(1,3)-fucosyltransferase 10	7156-2	ENSG00000172728	Q6P4F1	combined	seq.7156.2	Somalogic	proteomics	SomaScan	7k
Plasma	Protocadherin alpha-4	7157-22	ENSG00000204967	Q9UN74	combined	seq.7157.22	Somalogic	proteomics	SomaScan	7k
Plasma	GDH/6PGL endoplasmic bifunctional protein	7161-25	ENSG00000049239	O95479	combined	seq.7161.25	Somalogic	proteomics	SomaScan	7k
Plasma	Extracellular glycoprotein lacritin	7163-26	ENSG00000135413	Q9GZZ8	combined	seq.7163.26	Somalogic	proteomics	SomaScan	7k
Plasma	Vesicle-associated membrane protein-associated protein A	7167-102	ENSG00000101558	Q9P0L0	combined	seq.7167.102	Somalogic	proteomics	SomaScan	7k
Plasma	Transmembrane protein 132C:Extracellular domain	7173-141	ENSG00000181234	Q8N3T6	combined	seq.7173.141	Somalogic	proteomics	SomaScan	7k
Plasma	ADP-ribosyl cyclase/cyclic ADP-ribose hydrolase 1	7174-15	ENSG00000004468	P28907	combined	seq.7174.15	Somalogic	proteomics	SomaScan	7k
Plasma	Protocadherin gamma-A2	7175-4	ENSG00000081853	Q9Y5H1	combined	seq.7175.4	Somalogic	proteomics	SomaScan	7k
Plasma	Protein DEPP	7178-59	ENSG00000165507	Q9NTK1	combined	seq.7178.59	Somalogic	proteomics	SomaScan	7k
Plasma	Neurofascin	7179-69	ENSG00000163531	O94856	combined	seq.7179.69	Somalogic	proteomics	SomaScan	7k
Plasma	Interferon alpha-14	7180-114	ENSG00000228083	P01570	combined	seq.7180.114	Somalogic	proteomics	SomaScan	7k
Plasma	Vesicle-associated membrane protein-associated protein B/C	7181-17	ENSG00000124164	O95292	combined	seq.7181.17	Somalogic	proteomics	SomaScan	7k
Plasma	Liver carboxylesterase 1	7182-1	ENSG00000262243|ENSG00000198848	P23141	combined	seq.7182.1	Somalogic	proteomics	SomaScan	7k
Plasma	Angiopoietin-like protein 8	7183-102	ENSG00000130173	Q6UXH0	combined	seq.7183.102	Somalogic	proteomics	SomaScan	7k
Plasma	Carcinoembryonic antigen-related cell adhesion molecule 7	7184-13	ENSG00000007306	Q14002	combined	seq.7184.13	Somalogic	proteomics	SomaScan	7k
Plasma	Platelet glycoprotein V	7185-29	ENSG00000178732	P40197	combined	seq.7185.29	Somalogic	proteomics	SomaScan	7k
Plasma	Syntaxin-3	7186-111	ENSG00000166900	Q13277	combined	seq.7186.111	Somalogic	proteomics	SomaScan	7k
Plasma	Protein phosphatase 1L	7187-3	ENSG00000163590	Q5SGD2	combined	seq.7187.3	Somalogic	proteomics	SomaScan	7k
Plasma	Carbohydrate sulfotransferase 3	7189-55	ENSG00000122863	Q7LGC8	combined	seq.7189.55	Somalogic	proteomics	SomaScan	7k
Plasma	Ephrin type-A receptor 4	7190-50	ENSG00000116106	P54764	combined	seq.7190.50	Somalogic	proteomics	SomaScan	7k
Plasma	Sarcolemmal membrane-associated protein	7191-32	ENSG00000163681	Q14BN4	combined	seq.7191.32	Somalogic	proteomics	SomaScan	7k
Plasma	Interferon lambda receptor 1	7192-37	ENSG00000185436	Q8IU57	combined	seq.7192.37	Somalogic	proteomics	SomaScan	7k
Plasma	Protocadherin alpha-C1	7193-98	ENSG00000248383	Q9H158	combined	seq.7193.98	Somalogic	proteomics	SomaScan	7k
Plasma	Neuroplastin	7194-36	ENSG00000156642	Q9Y639	combined	seq.7194.36	Somalogic	proteomics	SomaScan	7k
Plasma	Ephrin type-A receptor 7	7195-119	ENSG00000135333	Q15375	combined	seq.7195.119	Somalogic	proteomics	SomaScan	7k
Plasma	Interferon omega-1	7196-21	ENSG00000177047	P05000	combined	seq.7196.21	Somalogic	proteomics	SomaScan	7k
Plasma	DnaJ homolog subfamily C member 15	7197-2	ENSG00000120675	Q9Y5T4	combined	seq.7197.2	Somalogic	proteomics	SomaScan	7k
Plasma	Glycosaminoglycan xylosylkinase	7198-197	ENSG00000116199	O75063	combined	seq.7198.197	Somalogic	proteomics	SomaScan	7k
Plasma	Synapsin-3	7199-3	ENSG00000185666	O14994	combined	seq.7199.3	Somalogic	proteomics	SomaScan	7k
Plasma	Leucine-rich repeat and fibronectin type-III domain-containing protein 2	7200-4	ENSG00000156564	Q9ULH4	combined	seq.7200.4	Somalogic	proteomics	SomaScan	7k
Plasma	Iron-sulfur cluster assembly enzyme ISCU, mitochondrial	7201-5	ENSG00000136003	Q9H1K1	combined	seq.7201.5	Somalogic	proteomics	SomaScan	7k
Plasma	Semaphorin-6C	7202-107	ENSG00000143434	Q9H3T2	combined	seq.7202.107	Somalogic	proteomics	SomaScan	7k
Plasma	Beta-1,3-N-acetylglucosaminyltransferase radical fringe	7203-125	ENSG00000169733	Q9Y644	combined	seq.7203.125	Somalogic	proteomics	SomaScan	7k
Plasma	Carcinoembryonic antigen-related cell adhesion molecule 21	7204-1	ENSG00000278565|ENSG00000007129	Q3KPI0	combined	seq.7204.1	Somalogic	proteomics	SomaScan	7k
Plasma	Fructose-1,6-bisphosphatase 1	7206-20	ENSG00000165140	P09467	combined	seq.7206.20	Somalogic	proteomics	SomaScan	7k
Plasma	Protein Red	7207-4	ENSG00000113141	Q13123	combined	seq.7207.4	Somalogic	proteomics	SomaScan	7k
Plasma	Alpha-1,3-mannosyl-glycoprotein 4-beta-N-acetylglucosaminyltransferase C	7208-60	ENSG00000285137|ENSG00000182050|ENSG00000283530	Q9UBM8	combined	seq.7208.60	Somalogic	proteomics	SomaScan	7k
Plasma	Amyloid-like protein 1	7210-25	ENSG00000105290	P51693	combined	seq.7210.25	Somalogic	proteomics	SomaScan	7k
Plasma	Ribonuclease pancreatic	7211-2	ENSG00000129538	P07998	combined	seq.7211.2	Somalogic	proteomics	SomaScan	7k
Plasma	NADH-cytochrome b5 reductase 3	7215-18	ENSG00000100243	P00387	combined	seq.7215.18	Somalogic	proteomics	SomaScan	7k
Plasma	Sodium/potassium-transporting ATPase subunit beta-2	7218-87	ENSG00000129244	P14415	combined	seq.7218.87	Somalogic	proteomics	SomaScan	7k
Plasma	Internal Use Only: Heat shock 70 kDa protein 1A	7219-152	ENSG00000234475|ENSG00000204389|ENSG00000215328|ENSG00000235941|ENSG00000237724	P0DMV8	combined	seq.7219.152	Somalogic	proteomics	SomaScan	7k
Plasma	Cytoskeleton-associated protein 4	7221-56	ENSG00000136026	Q07065	combined	seq.7221.56	Somalogic	proteomics	SomaScan	7k
Plasma	Protein S100-A13	7223-60	ENSG00000189171	Q99584	combined	seq.7223.60	Somalogic	proteomics	SomaScan	7k
Plasma	T-cell receptor-associated transmembrane adapter 1	7224-11	ENSG00000163519	Q6PIZ9	combined	seq.7224.11	Somalogic	proteomics	SomaScan	7k
Plasma	Membrane magnesium transporter 1	7225-51	ENSG00000169446	Q8N4V1	combined	seq.7225.51	Somalogic	proteomics	SomaScan	7k
Plasma	Cochlin	7227-75	ENSG00000100473	O43405	combined	seq.7227.75	Somalogic	proteomics	SomaScan	7k
Plasma	Alpha-N-acetylgalactosaminide alpha-2,6-sialyltransferase 6	7228-2	ENSG00000160408	Q969X2	combined	seq.7228.2	Somalogic	proteomics	SomaScan	7k
Plasma	Transmembrane protease serine 11A	7231-37	ENSG00000187054	Q6ZMR5	combined	seq.7231.37	Somalogic	proteomics	SomaScan	7k
Plasma	P2X purinoceptor 6	7233-73	ENSG00000099957	O15547	combined	seq.7233.73	Somalogic	proteomics	SomaScan	7k
Plasma	Glutathione S-transferase Mu 1	7239-9	ENSG00000134184	P09488	combined	seq.7239.9	Somalogic	proteomics	SomaScan	7k
Plasma	Membrane-bound transcription factor site-1 protease	7240-2	ENSG00000140943	Q14703	combined	seq.7240.2	Somalogic	proteomics	SomaScan	7k
Plasma	T-cell surface glycoprotein CD3 zeta chain	7241-12	ENSG00000198821	P20963	combined	seq.7241.12	Somalogic	proteomics	SomaScan	7k
Plasma	V-set and transmembrane domain-containing protein 4	7242-14	ENSG00000165633	Q8IW00	combined	seq.7242.14	Somalogic	proteomics	SomaScan	7k
Plasma	Interferon beta	7243-8	ENSG00000171855	P01574	combined	seq.7243.8	Somalogic	proteomics	SomaScan	7k
Plasma	IGF-like family receptor 1	7244-16	ENSG00000126246	Q9H665	combined	seq.7244.16	Somalogic	proteomics	SomaScan	7k
Plasma	CUGBP Elav-like family member 2	7245-2	ENSG00000048740	O95319	combined	seq.7245.2	Somalogic	proteomics	SomaScan	7k
Plasma	FRAS1-related extracellular matrix protein 2	7246-4	ENSG00000150893	Q5SZK8	combined	seq.7246.4	Somalogic	proteomics	SomaScan	7k
Plasma	RAB6-interacting golgin	7247-1	ENSG00000120370	Q5T7V8	combined	seq.7247.1	Somalogic	proteomics	SomaScan	7k
Plasma	Bcl-2-like protein 10	7249-307	ENSG00000137875	Q9HD36	combined	seq.7249.307	Somalogic	proteomics	SomaScan	7k
Plasma	Bcl-2-like protein 10	7249-37	ENSG00000137875	Q9HD36	combined	seq.7249.37	Somalogic	proteomics	SomaScan	7k
Plasma	Complement C1q tumor necrosis factor-related protein 3	7251-64	ENSG00000082196	Q9BXJ4	combined	seq.7251.64	Somalogic	proteomics	SomaScan	7k
Plasma	Protein quaking	7253-6	ENSG00000112531	Q96PU8	combined	seq.7253.6	Somalogic	proteomics	SomaScan	7k
Plasma	Tuberoinfundibular peptide of 39 residues	7257-18	ENSG00000142538	Q96A98	combined	seq.7257.18	Somalogic	proteomics	SomaScan	7k
Plasma	Bone marrow proteoglycan	7258-5	ENSG00000186652	P13727	combined	seq.7258.5	Somalogic	proteomics	SomaScan	7k
Plasma	Carbohydrate sulfotransferase 14	7262-191	ENSG00000169105	Q8NCH0	combined	seq.7262.191	Somalogic	proteomics	SomaScan	7k
Plasma	Osteocrin	7265-32	ENSG00000188729	P61366	combined	seq.7265.32	Somalogic	proteomics	SomaScan	7k
Plasma	Serpin A9	7266-4	ENSG00000170054	Q86WD7	combined	seq.7266.4	Somalogic	proteomics	SomaScan	7k
Plasma	Serine palmitoyltransferase 2	7267-2	ENSG00000100596	O15270	combined	seq.7267.2	Somalogic	proteomics	SomaScan	7k
Plasma	Interferon alpha-4	7268-12	ENSG00000236637	P05014	combined	seq.7268.12	Somalogic	proteomics	SomaScan	7k
Plasma	Leucine-rich repeat-containing protein 32	7551-33	ENSG00000137507	Q14392	combined	seq.7551.33	Somalogic	proteomics	SomaScan	7k
Plasma	Ankyrin-2	7624-19	ENSG00000145362	Q01484	combined	seq.7624.19	Somalogic	proteomics	SomaScan	7k
Plasma	14-3-3 protein theta	7625-27	ENSG00000134308	P27348	combined	seq.7625.27	Somalogic	proteomics	SomaScan	7k
Plasma	Cysteine-rich with EGF-like domain protein 1	7628-40	ENSG00000163703	Q96HD1	combined	seq.7628.40	Somalogic	proteomics	SomaScan	7k
Plasma	Vesicular integral-membrane protein VIP36	7638-30	ENSG00000169223	Q12907	combined	seq.7638.30	Somalogic	proteomics	SomaScan	7k
Plasma	Myosin-binding protein C, slow-type	7648-9	ENSG00000196091	Q00872	combined	seq.7648.9	Somalogic	proteomics	SomaScan	7k
Plasma	N-terminal pro-BNP	7655-11	ENSG00000120937	P16860	combined	seq.7655.11	Somalogic	proteomics	SomaScan	7k
Plasma	Tropomyosin alpha-4 chain	7660-21	ENSG00000167460	P67936	combined	seq.7660.21	Somalogic	proteomics	SomaScan	7k
Plasma	Tumor necrosis factor receptor superfamily member 10B	7693-13	ENSG00000120889	O14763	combined	seq.7693.13	Somalogic	proteomics	SomaScan	7k
Plasma	Sequestosome-1	7695-106	ENSG00000161011	Q13501	combined	seq.7695.106	Somalogic	proteomics	SomaScan	7k
Plasma	Next to BRCA1 gene 1 protein	7696-3	ENSG00000188554	Q14596	combined	seq.7696.3	Somalogic	proteomics	SomaScan	7k
Plasma	Fragile X mental retardation protein 1	7713-102	ENSG00000102081	Q06787	combined	seq.7713.102	Somalogic	proteomics	SomaScan	7k
Plasma	Fragile X mental retardation protein 1	7713-50	ENSG00000102081	Q06787	combined	seq.7713.50	Somalogic	proteomics	SomaScan	7k
Plasma	Cystic fibrosis transmembrane conductance regulator	7717-95	ENSG00000001626	P13569	combined	seq.7717.95	Somalogic	proteomics	SomaScan	7k
Plasma	Fragile X mental retardation protein 1	7721-81	ENSG00000102081	Q06787	combined	seq.7721.81	Somalogic	proteomics	SomaScan	7k
Plasma	Vesicle-associated membrane protein 4	7732-45	ENSG00000117533	O75379	combined	seq.7732.45	Somalogic	proteomics	SomaScan	7k
Plasma	Pigment epithelium-derived factor	7735-17	ENSG00000132386	P36955	combined	seq.7735.17	Somalogic	proteomics	SomaScan	7k
Plasma	Opalin	7736-28	ENSG00000197430	Q96PE5	combined	seq.7736.28	Somalogic	proteomics	SomaScan	7k
Plasma	Integrin beta-6	7737-76	ENSG00000115221	P18564	combined	seq.7737.76	Somalogic	proteomics	SomaScan	7k
Plasma	Syntaxin-2	7738-299	ENSG00000111450	P32856	combined	seq.7738.299	Somalogic	proteomics	SomaScan	7k
Plasma	Fetal and adult testis-expressed transcript protein	7740-33	ENSG00000147378	Q969F0	combined	seq.7740.33	Somalogic	proteomics	SomaScan	7k
Plasma	RNA polymerase-associated protein RTF1 homolog	7741-111	ENSG00000137815	Q92541	combined	seq.7741.111	Somalogic	proteomics	SomaScan	7k
Plasma	RING finger protein 148:region 1	7742-11	ENSG00000235631	Q8N7C7	combined	seq.7742.11	Somalogic	proteomics	SomaScan	7k
Plasma	Mitochondrial import inner membrane translocase subunit TIM50	7743-5	ENSG00000105197	Q3ZCQ8	combined	seq.7743.5	Somalogic	proteomics	SomaScan	7k
Plasma	Low-density lipoprotein receptor-related protein 12	7744-10		Q9Y561	combined	seq.7744.10	Somalogic	proteomics	SomaScan	7k
Plasma	CDGSH iron-sulfur domain-containing protein 1	7745-3	ENSG00000122873	Q9NZ45	combined	seq.7745.3	Somalogic	proteomics	SomaScan	7k
Plasma	NADH dehydrogenase [ubiquinone] 1 beta subcomplex subunit 11, mitochondrial	7747-47	ENSG00000147123	Q9NX14	combined	seq.7747.47	Somalogic	proteomics	SomaScan	7k
Plasma	NADH dehydrogenase [ubiquinone] flavoprotein 2, mitochondrial	7748-11	ENSG00000178127	P19404	combined	seq.7748.11	Somalogic	proteomics	SomaScan	7k
Plasma	Secreted frizzled-related protein 2	7751-121	ENSG00000145423	Q96HF1	combined	seq.7751.121	Somalogic	proteomics	SomaScan	7k
Plasma	C-type lectin domain family 4 member D	7752-31	ENSG00000166527	Q8WXI8	combined	seq.7752.31	Somalogic	proteomics	SomaScan	7k
Plasma	Oxidoreductase HTATIP2	7753-21	ENSG00000109854	Q9BUP3	combined	seq.7753.21	Somalogic	proteomics	SomaScan	7k
Plasma	Protein jagged-1:Cytoplasmic domain	7754-11	ENSG00000101384	P78504	combined	seq.7754.11	Somalogic	proteomics	SomaScan	7k
Plasma	Integrin beta-5	7755-37	ENSG00000082781	P18084	combined	seq.7755.37	Somalogic	proteomics	SomaScan	7k
Plasma	Killer cell lectin-like receptor subfamily F member 1	7756-37	ENSG00000150045	Q9NZS2	combined	seq.7756.37	Somalogic	proteomics	SomaScan	7k
Plasma	HLA class II histocompatibility antigen, DQ alpha 2 chain	7757-5	ENSG00000237541|ENSG00000225103|ENSG00000231526|ENSG00000233192|ENSG00000257473|ENSG00000206301|ENSG00000223793|ENSG00000231823	P01906	combined	seq.7757.5	Somalogic	proteomics	SomaScan	7k
Plasma	RING finger protein 215:Extracellular domain	7758-217	ENSG00000099999	Q9Y6U7	combined	seq.7758.217	Somalogic	proteomics	SomaScan	7k
Plasma	Choline/ethanolamine kinase	7761-125	ENSG00000100288	Q9Y259	combined	seq.7761.125	Somalogic	proteomics	SomaScan	7k
Plasma	Stannin	7762-30	ENSG00000184602	O75324	combined	seq.7762.30	Somalogic	proteomics	SomaScan	7k
Plasma	Cadherin-11:Cytoplasmic domain	7763-25	ENSG00000140937	P55287	combined	seq.7763.25	Somalogic	proteomics	SomaScan	7k
Plasma	Integral membrane protein 2A	7765-15	ENSG00000078596	O43736	combined	seq.7765.15	Somalogic	proteomics	SomaScan	7k
Plasma	Zona pellucida sperm-binding protein 4	7766-25	ENSG00000116996	Q12836	combined	seq.7766.25	Somalogic	proteomics	SomaScan	7k
Plasma	Colipase-like protein 2	7767-1	ENSG00000196748	Q6UWE3	combined	seq.7767.1	Somalogic	proteomics	SomaScan	7k
Plasma	Carboxypeptidase M	7768-10	ENSG00000135678	P14384	combined	seq.7768.10	Somalogic	proteomics	SomaScan	7k
Plasma	SH3 domain-binding protein 2	7769-29	ENSG00000087266	P78314	combined	seq.7769.29	Somalogic	proteomics	SomaScan	7k
Plasma	NFU1 iron-sulfur cluster scaffold homolog, mitochondrial	7770-25	ENSG00000169599	Q9UMS0	combined	seq.7770.25	Somalogic	proteomics	SomaScan	7k
Plasma	Killer cell immunoglobulin-like receptor 2DL2	7773-20	ENSG00000276011	P43627	combined	seq.7773.20	Somalogic	proteomics	SomaScan	7k
Plasma	Kallikrein-11	7775-15	ENSG00000167757	Q9UBX7	combined	seq.7775.15	Somalogic	proteomics	SomaScan	7k
Plasma	Netrin receptor UNC5B	7776-20	ENSG00000107731	Q8IZJ1	combined	seq.7776.20	Somalogic	proteomics	SomaScan	7k
Plasma	Caspase recruitment domain-containing protein 19	7778-104	ENSG00000165233	Q96LW7	combined	seq.7778.104	Somalogic	proteomics	SomaScan	7k
Plasma	Carbohydrate sulfotransferase 11	7779-86	ENSG00000171310	Q9NPF2	combined	seq.7779.86	Somalogic	proteomics	SomaScan	7k
Plasma	Marginal zone B- and B1-cell-specific protein	7780-34	ENSG00000170476	Q8WU39	combined	seq.7780.34	Somalogic	proteomics	SomaScan	7k
Plasma	Kininogen-1	7784-1	ENSG00000113889	P01042	combined	seq.7784.1	Somalogic	proteomics	SomaScan	7k
Plasma	Ephrin-B3:Cytoplasmic domain	7785-1	ENSG00000108947	Q15768	combined	seq.7785.1	Somalogic	proteomics	SomaScan	7k
Plasma	C-type lectin domain family 2 member B	7786-83	ENSG00000110852	Q92478	combined	seq.7786.83	Somalogic	proteomics	SomaScan	7k
Plasma	Leukocyte immunoglobulin-like receptor subfamily A member 5	7787-25	ENSG00000275404|ENSG00000187116|ENSG00000274914|ENSG00000278355|ENSG00000274113	A6NI73	combined	seq.7787.25	Somalogic	proteomics	SomaScan	7k
Plasma	ATP synthase-coupling factor 6, mitochondrial	7788-1	ENSG00000154723	P18859	combined	seq.7788.1	Somalogic	proteomics	SomaScan	7k
Plasma	Peroxiredoxin-4	7789-182	ENSG00000123131	Q13162	combined	seq.7789.182	Somalogic	proteomics	SomaScan	7k
Plasma	Leukemia inhibitory factor	7790-21	ENSG00000128342	P15018	combined	seq.7790.21	Somalogic	proteomics	SomaScan	7k
Plasma	Coiled-coil domain-containing protein 90B, mitochondrial	7792-58	ENSG00000137500	Q9GZT6	combined	seq.7792.58	Somalogic	proteomics	SomaScan	7k
Plasma	NKG2-E type II integral membrane protein:Isoform H, Cytoplasmic domain	7795-14	ENSG00000205810	Q07444	combined	seq.7795.14	Somalogic	proteomics	SomaScan	7k
Plasma	B-cell antigen receptor complex-associated protein alpha chain	7796-10	ENSG00000105369	P11912	combined	seq.7796.10	Somalogic	proteomics	SomaScan	7k
Plasma	Coiled-coil domain-containing protein 167	7797-11	ENSG00000198937	Q9P0B6	combined	seq.7797.11	Somalogic	proteomics	SomaScan	7k
Plasma	Killer cell immunoglobulin-like receptor 2DL5A	7799-3	ENSG00000274143	Q8N109	combined	seq.7799.3	Somalogic	proteomics	SomaScan	7k
Plasma	Carbohydrate sulfotransferase 1	7803-4	ENSG00000175264	O43916	combined	seq.7803.4	Somalogic	proteomics	SomaScan	7k
Plasma	Golgi SNAP receptor complex member 1	7805-52	ENSG00000108587	O95249	combined	seq.7805.52	Somalogic	proteomics	SomaScan	7k
Plasma	Beta-1,4-galactosyltransferase 7	7806-33	ENSG00000027847	Q9UBV7	combined	seq.7806.33	Somalogic	proteomics	SomaScan	7k
Plasma	D-glucuronyl C5-epimerase	7808-5		O94923	combined	seq.7808.5	Somalogic	proteomics	SomaScan	7k
Plasma	Spermatogenesis-associated protein 9	7809-22	ENSG00000145757	Q9BWV2	combined	seq.7809.22	Somalogic	proteomics	SomaScan	7k
Plasma	Complement C1q tumor necrosis factor-related protein 5	7810-20	ENSG00000223953	Q9BXJ0	combined	seq.7810.20	Somalogic	proteomics	SomaScan	7k
Plasma	Protein S100-A9	7812-11	ENSG00000163220	P06702	combined	seq.7812.11	Somalogic	proteomics	SomaScan	7k
Plasma	Alkaline phosphatase, placental type	7813-6	ENSG00000163283	P05187	combined	seq.7813.6	Somalogic	proteomics	SomaScan	7k
Plasma	Insulin-like growth factor-binding protein-like 1	7815-49	ENSG00000137142	Q8WX77	combined	seq.7815.49	Somalogic	proteomics	SomaScan	7k
Plasma	Guanylate-binding protein 6	7818-101	ENSG00000183347	Q6ZN66	combined	seq.7818.101	Somalogic	proteomics	SomaScan	7k
Plasma	Nuclear nucleic acid-binding protein C1D	7821-6	ENSG00000197223	Q13901	combined	seq.7821.6	Somalogic	proteomics	SomaScan	7k
Plasma	HRAS-like suppressor 2	7822-11	ENSG00000133328	Q9NWW9	combined	seq.7822.11	Somalogic	proteomics	SomaScan	7k
Plasma	Alpha-N-acetylgalactosaminide alpha-2,6-sialyltransferase 2	7823-22	ENSG00000070731	Q9UJ37	combined	seq.7823.22	Somalogic	proteomics	SomaScan	7k
Plasma	Methionine-R-sulfoxide reductase B3	7824-88	ENSG00000174099	Q8IXL7	combined	seq.7824.88	Somalogic	proteomics	SomaScan	7k
Plasma	Monoacylglycerol lipase ABHD12	7825-7	ENSG00000100997	Q8N2K0	combined	seq.7825.7	Somalogic	proteomics	SomaScan	7k
Plasma	Serine/threonine-protein kinase DCLK3	7826-1	ENSG00000163673	Q9C098	combined	seq.7826.1	Somalogic	proteomics	SomaScan	7k
Plasma	Disintegrin and metalloproteinase domain-containing protein 32	7827-20	ENSG00000197140|ENSG00000275594	Q8TC27	combined	seq.7827.20	Somalogic	proteomics	SomaScan	7k
Plasma	Retinol-binding protein 4	7831-39	ENSG00000138207	P02753	combined	seq.7831.39	Somalogic	proteomics	SomaScan	7k
Plasma	Protein disulfide-isomerase A3	7832-181	ENSG00000167004	P30101	combined	seq.7832.181	Somalogic	proteomics	SomaScan	7k
Plasma	BCL2/adenovirus E1B 19 kDa protein-interacting protein 3-like	7835-2	ENSG00000104765	O60238	combined	seq.7835.2	Somalogic	proteomics	SomaScan	7k
Plasma	Submaxillary gland androgen-regulated protein 3A	7838-27	ENSG00000109208	Q99954	combined	seq.7838.27	Somalogic	proteomics	SomaScan	7k
Plasma	Protein FAM19A3	7839-99	ENSG00000184599	Q7Z5A8	combined	seq.7839.99	Somalogic	proteomics	SomaScan	7k
Plasma	Legumain	7840-64	ENSG00000100600	Q99538	combined	seq.7840.64	Somalogic	proteomics	SomaScan	7k
Plasma	Endothelial cell-selective adhesion molecule	7841-84	ENSG00000149564	Q96AP7	combined	seq.7841.84	Somalogic	proteomics	SomaScan	7k
Plasma	Small EDRK-rich factor 1	7842-52	ENSG00000277429|ENSG00000205572|ENSG00000275581|ENSG00000172058|ENSG00000278839	O75920	combined	seq.7842.52	Somalogic	proteomics	SomaScan	7k
Plasma	Pregnancy-specific beta-1-glycoprotein 11	7846-44	ENSG00000243130	Q9UQ72	combined	seq.7846.44	Somalogic	proteomics	SomaScan	7k
Plasma	Glutaminyl-peptide cyclotransferase	7849-3	ENSG00000115828	Q16769	combined	seq.7849.3	Somalogic	proteomics	SomaScan	7k
Plasma	Cytochrome c oxidase subunit 4 isoform 2, mitochondrial	7850-1	ENSG00000131055	Q96KJ9	combined	seq.7850.1	Somalogic	proteomics	SomaScan	7k
Plasma	Ankyrin repeat domain-containing protein 46	7851-30	ENSG00000186106	Q86W74	combined	seq.7851.30	Somalogic	proteomics	SomaScan	7k
Plasma	Translation initiation factor IF-3, mitochondrial	7852-9	ENSG00000122033	Q9H2K0	combined	seq.7852.9	Somalogic	proteomics	SomaScan	7k
Plasma	Protein SCO1 homolog, mitochondrial	7853-19	ENSG00000133028	O75880	combined	seq.7853.19	Somalogic	proteomics	SomaScan	7k
Plasma	Natural cytotoxicity triggering receptor 3 ligand 1	7854-38	ENSG00000188211	Q68D85	combined	seq.7854.38	Somalogic	proteomics	SomaScan	7k
Plasma	Protein FAM151A	7856-51	ENSG00000162391	Q8WW52	combined	seq.7856.51	Somalogic	proteomics	SomaScan	7k
Plasma	Neurotensin/neuromedin N	7857-22	ENSG00000133636	P30990	combined	seq.7857.22	Somalogic	proteomics	SomaScan	7k
Plasma	Protocadherin gamma-C3	7859-21	ENSG00000240184	Q9UN70	combined	seq.7859.21	Somalogic	proteomics	SomaScan	7k
Plasma	Probable E3 ubiquitin-protein ligase HERC4	7860-9	ENSG00000148634	Q5GLZ8	combined	seq.7860.9	Somalogic	proteomics	SomaScan	7k
Plasma	Tyrosine-protein kinase transmembrane receptor ROR2	7861-9	ENSG00000169071	Q01974	combined	seq.7861.9	Somalogic	proteomics	SomaScan	7k
Plasma	Membrane-associated progesterone receptor component 1	7863-50	ENSG00000101856	O00264	combined	seq.7863.50	Somalogic	proteomics	SomaScan	7k
Plasma	Sialic acid-binding Ig-like lectin 8	7864-3	ENSG00000105366	Q9NYZ4	combined	seq.7864.3	Somalogic	proteomics	SomaScan	7k
Plasma	HRAS-like suppressor 3	7865-126	ENSG00000176485	P53816	combined	seq.7865.126	Somalogic	proteomics	SomaScan	7k
Plasma	DnaJ homolog subfamily C member 30	7866-11	ENSG00000176410	Q96LL9	combined	seq.7866.11	Somalogic	proteomics	SomaScan	7k
Plasma	Alpha-N-acetylgalactosaminide alpha-2,6-sialyltransferase 1	7867-154	ENSG00000070526	Q9NSC7	combined	seq.7867.154	Somalogic	proteomics	SomaScan	7k
Plasma	Beta-Ala-His dipeptidase	7870-8	ENSG00000150656	Q96KN2	combined	seq.7870.8	Somalogic	proteomics	SomaScan	7k
Plasma	Transmembrane protein 132A	7871-16	ENSG00000006118	Q24JP5	combined	seq.7871.16	Somalogic	proteomics	SomaScan	7k
Plasma	Testis-specific serine/threonine-protein kinase 2	7873-32	ENSG00000206203	Q96PF2	combined	seq.7873.32	Somalogic	proteomics	SomaScan	7k
Plasma	Pleckstrin	7875-86	ENSG00000115956	P08567	combined	seq.7875.86	Somalogic	proteomics	SomaScan	7k
Plasma	Protein transport protein Sec61 subunit beta	7878-2	ENSG00000106803	P60468	combined	seq.7878.2	Somalogic	proteomics	SomaScan	7k
Plasma	Cytochrome P450 3A4	7879-12	ENSG00000160868	P08684	combined	seq.7879.12	Somalogic	proteomics	SomaScan	7k
Plasma	Proteasome subunit alpha type-1	7880-9	ENSG00000129084	P25786	combined	seq.7880.9	Somalogic	proteomics	SomaScan	7k
Plasma	Mono [ADP-ribose] polymerase PARP16	7881-244	ENSG00000138617	Q8N5Y8	combined	seq.7881.244	Somalogic	proteomics	SomaScan	7k
Plasma	SLAM family member 7	7882-31	ENSG00000026751	Q9NQ25	combined	seq.7882.31	Somalogic	proteomics	SomaScan	7k
Plasma	Discoidin domain-containing receptor 2	7884-15	ENSG00000162733	Q16832	combined	seq.7884.15	Somalogic	proteomics	SomaScan	7k
Plasma	Complement factor H-related protein 5	7885-17	ENSG00000134389	Q9BXR6	combined	seq.7885.17	Somalogic	proteomics	SomaScan	7k
Plasma	Serine palmitoyltransferase 1	7886-26	ENSG00000090054	O15269	combined	seq.7886.26	Somalogic	proteomics	SomaScan	7k
Plasma	Cytochrome c oxidase subunit 5B, mitochondrial	7887-57	ENSG00000135940	P10606	combined	seq.7887.57	Somalogic	proteomics	SomaScan	7k
Plasma	Cytochrome c oxidase assembly factor 3 homolog, mitochondrial	7888-58	ENSG00000183978	Q9Y2R0	combined	seq.7888.58	Somalogic	proteomics	SomaScan	7k
Plasma	Inactive dipeptidyl peptidase 10	7890-68	ENSG00000175497	Q8N608	combined	seq.7890.68	Somalogic	proteomics	SomaScan	7k
Plasma	UDP-glucuronosyltransferase 1-6	7891-45	ENSG00000167165	P19224	combined	seq.7891.45	Somalogic	proteomics	SomaScan	7k
Plasma	Protein FAM234B:N-term	7892-132	ENSG00000084444	A2RU67	combined	seq.7892.132	Somalogic	proteomics	SomaScan	7k
Plasma	Oxidized low-density lipoprotein receptor 1	7893-19	ENSG00000173391	P78380	combined	seq.7893.19	Somalogic	proteomics	SomaScan	7k
Plasma	Fibroblast growth factor 3	7894-155	ENSG00000186895	P11487	combined	seq.7894.155	Somalogic	proteomics	SomaScan	7k
Plasma	Melanocortin-2 receptor accessory protein	7895-108	ENSG00000170262	Q8TCY5	combined	seq.7895.108	Somalogic	proteomics	SomaScan	7k
Plasma	Disks large homolog 3	7897-75	ENSG00000082458	Q92796	combined	seq.7897.75	Somalogic	proteomics	SomaScan	7k
Plasma	Nuclear protein MDM1	7898-29	ENSG00000111554	Q8TC05	combined	seq.7898.29	Somalogic	proteomics	SomaScan	7k
Plasma	Vesicle-associated membrane protein 3	7903-18	ENSG00000049245	Q15836	combined	seq.7903.18	Somalogic	proteomics	SomaScan	7k
Plasma	Haptoglobin isoform 2	7905-30	ENSG00000257017	P00738	combined	seq.7905.30	Somalogic	proteomics	SomaScan	7k
Plasma	Sex hormone-binding globulin	7909-37	ENSG00000129214	P04278	combined	seq.7909.37	Somalogic	proteomics	SomaScan	7k
Plasma	Leucine-rich repeat and fibronectin type III domain-containing protein 1	7910-41	ENSG00000128011	Q9P244	combined	seq.7910.41	Somalogic	proteomics	SomaScan	7k
Plasma	Sodium channel subunit beta-4	7911-29	ENSG00000177098	Q8IWT1	combined	seq.7911.29	Somalogic	proteomics	SomaScan	7k
Plasma	Amyloid-like protein 2	7915-31	ENSG00000084234	Q06481	combined	seq.7915.31	Somalogic	proteomics	SomaScan	7k
Plasma	Protein S100-A7	7916-10	ENSG00000143556	P31151	combined	seq.7916.10	Somalogic	proteomics	SomaScan	7k
Plasma	Carboxypeptidase D	7917-17	ENSG00000108582	O75976	combined	seq.7917.17	Somalogic	proteomics	SomaScan	7k
Plasma	Alpha-amylase 1	7918-114	ENSG00000237763|ENSG00000187733|ENSG00000174876	P04745	combined	seq.7918.114	Somalogic	proteomics	SomaScan	7k
Plasma	Protein FAM3D	7919-278	ENSG00000198643	Q96BQ1	combined	seq.7919.278	Somalogic	proteomics	SomaScan	7k
Plasma	Alpha-2,8-sialyltransferase 8B	7920-30	ENSG00000140557	Q92186	combined	seq.7920.30	Somalogic	proteomics	SomaScan	7k
Plasma	Four-jointed box protein 1	7921-65	ENSG00000179431	Q86VR8	combined	seq.7921.65	Somalogic	proteomics	SomaScan	7k
Plasma	Adrenomedullin	7922-5	ENSG00000148926	P35318	combined	seq.7922.5	Somalogic	proteomics	SomaScan	7k
Plasma	Semaphorin-4C	7923-41	ENSG00000168758	Q9C0C4	combined	seq.7923.41	Somalogic	proteomics	SomaScan	7k
Plasma	T-cell surface glycoprotein CD3 gamma chain	7924-7	ENSG00000160654	P09693	combined	seq.7924.7	Somalogic	proteomics	SomaScan	7k
Plasma	Single-pass membrane and coiled-coil domain-containing protein 2	7925-18	ENSG00000165935	A6NFE2	combined	seq.7925.18	Somalogic	proteomics	SomaScan	7k
Plasma	Kunitz-type protease inhibitor 3	7926-13	ENSG00000101446	P49223	combined	seq.7926.13	Somalogic	proteomics	SomaScan	7k
Plasma	Alpha-N-acetylgalactosaminide alpha-2,6-sialyltransferase 5	7927-16	ENSG00000117069	Q9BVH7	combined	seq.7927.16	Somalogic	proteomics	SomaScan	7k
Plasma	Protein-tyrosine sulfotransferase 1	7928-183	ENSG00000169902	O60507	combined	seq.7928.183	Somalogic	proteomics	SomaScan	7k
Plasma	Exosome complex component CSL4	7930-3	ENSG00000171311	Q9Y3B2	combined	seq.7930.3	Somalogic	proteomics	SomaScan	7k
Plasma	Synaptotagmin-8	7932-23	ENSG00000288149|ENSG00000149043	Q8NBV8	combined	seq.7932.23	Somalogic	proteomics	SomaScan	7k
Plasma	Disintegrin and metalloproteinase domain-containing protein 22	7933-75	ENSG00000008277	Q9P0K1	combined	seq.7933.75	Somalogic	proteomics	SomaScan	7k
Plasma	Protein NDRG4	7934-11	ENSG00000103034	Q9ULP0	combined	seq.7934.11	Somalogic	proteomics	SomaScan	7k
Plasma	Glycosyltransferase-like protein LARGE1	7935-26	ENSG00000133424	O95461	combined	seq.7935.26	Somalogic	proteomics	SomaScan	7k
Plasma	Putative uncharacterized protein PQLC2L	7939-1	ENSG00000174899	A1A4F0	combined	seq.7939.1	Somalogic	proteomics	SomaScan	7k
Plasma	CUB and zona pellucida-like domain-containing protein 1	7943-16	ENSG00000138161	Q86UP6	combined	seq.7943.16	Somalogic	proteomics	SomaScan	7k
Plasma	Killer cell immunoglobulin-like receptor 3DL3:Extracellular domain	7944-1		Q8N743	combined	seq.7944.1	Somalogic	proteomics	SomaScan	7k
Plasma	Semaphorin-6A	7945-10	ENSG00000092421	Q9H2E6	combined	seq.7945.10	Somalogic	proteomics	SomaScan	7k
Plasma	AP-4 complex accessory subunit tepsin	7947-19	ENSG00000167302	Q96N21	combined	seq.7947.19	Somalogic	proteomics	SomaScan	7k
Plasma	Glycolipid transfer protein domain-containing protein 2	7948-129	ENSG00000182327	A6NH11	combined	seq.7948.129	Somalogic	proteomics	SomaScan	7k
Plasma	Butyrophilin-like protein 9	7950-142	ENSG00000165810	Q6UXG8	combined	seq.7950.142	Somalogic	proteomics	SomaScan	7k
Plasma	Fc receptor-like protein 2	7951-146	ENSG00000132704	Q96LA5	combined	seq.7951.146	Somalogic	proteomics	SomaScan	7k
Plasma	Vesicle transport through interaction with t-SNAREs homolog 1A	7952-2		Q96AJ9	combined	seq.7952.2	Somalogic	proteomics	SomaScan	7k
Plasma	Signaling lymphocytic activation molecule	7953-20	ENSG00000117090	Q13291	combined	seq.7953.20	Somalogic	proteomics	SomaScan	7k
Plasma	Inter-alpha-trypsin inhibitor heavy chain H1	7955-195	ENSG00000055957	P19827	combined	seq.7955.195	Somalogic	proteomics	SomaScan	7k
Plasma	MICOS complex subunit MIC10	7956-11	ENSG00000173436	Q5TGZ0	combined	seq.7956.11	Somalogic	proteomics	SomaScan	7k
Plasma	Secretogranin-3	7957-2	ENSG00000104112	Q8WXD2	combined	seq.7957.2	Somalogic	proteomics	SomaScan	7k
Plasma	Kin of IRRE-like protein 2	7958-15	ENSG00000126259	Q6UWL6	combined	seq.7958.15	Somalogic	proteomics	SomaScan	7k
Plasma	Cadherin-7	7959-34	ENSG00000081138	Q9ULB5	combined	seq.7959.34	Somalogic	proteomics	SomaScan	7k
Plasma	POTE ankyrin domain family member G	7960-53	ENSG00000187537	Q6S5H5	combined	seq.7960.53	Somalogic	proteomics	SomaScan	7k
Plasma	Serine protease inhibitor Kazal-type 8	7962-11	ENSG00000229453	P0C7L1	combined	seq.7962.11	Somalogic	proteomics	SomaScan	7k
Plasma	Hemoglobin subunit theta-1	7965-25	ENSG00000086506	P09105	combined	seq.7965.25	Somalogic	proteomics	SomaScan	7k
Plasma	Putative POTE ankyrin domain family member M	7967-38	ENSG00000222036	A6NI47	combined	seq.7967.38	Somalogic	proteomics	SomaScan	7k
Plasma	Cytotoxic and regulatory T-cell molecule	7968-15	ENSG00000109943	O95727	combined	seq.7968.15	Somalogic	proteomics	SomaScan	7k
Plasma	Protein WFDC11	7969-163	ENSG00000180083	Q8NEX6	combined	seq.7969.163	Somalogic	proteomics	SomaScan	7k
Plasma	Ecto-ADP-ribosyltransferase 3	7970-315	ENSG00000156219	Q13508	combined	seq.7970.315	Somalogic	proteomics	SomaScan	7k
Plasma	Netrin receptor UNC5A	7975-97	ENSG00000113763	Q6ZN44	combined	seq.7975.97	Somalogic	proteomics	SomaScan	7k
Plasma	DOMON domain-containing protein FRRS1L	7976-19	ENSG00000260230	Q9P0K9	combined	seq.7976.19	Somalogic	proteomics	SomaScan	7k
Plasma	N-acetyllactosaminide beta-1,3-N-acetylglucosaminyltransferase 2	7980-72	ENSG00000170340	Q9NY97	combined	seq.7980.72	Somalogic	proteomics	SomaScan	7k
Plasma	Beta-1,3-galactosyltransferase 6	7981-230	ENSG00000176022	Q96L58	combined	seq.7981.230	Somalogic	proteomics	SomaScan	7k
Plasma	39S ribosomal protein L32, mitochondrial	7982-10	ENSG00000106591	Q9BYC8	combined	seq.7982.10	Somalogic	proteomics	SomaScan	7k
Plasma	Protocadherin gamma-C5	7983-1	ENSG00000240764	Q9Y5F6	combined	seq.7983.1	Somalogic	proteomics	SomaScan	7k
Plasma	N-acetylated-alpha-linked acidic dipeptidase 2	7986-98	ENSG00000077616|ENSG00000285516	Q9Y3Q0	combined	seq.7986.98	Somalogic	proteomics	SomaScan	7k
Plasma	Uncharacterized protein C1orf226	7989-5	ENSG00000239887	A1L170	combined	seq.7989.5	Somalogic	proteomics	SomaScan	7k
Plasma	IQ domain-containing protein F1	7991-54	ENSG00000173389	Q8N6M8	combined	seq.7991.54	Somalogic	proteomics	SomaScan	7k
Plasma	Astacin-like metalloendopeptidase	7993-23	ENSG00000188886	Q6HA08	combined	seq.7993.23	Somalogic	proteomics	SomaScan	7k
Plasma	ERO1-like protein beta	7994-41	ENSG00000086619	Q86YB8	combined	seq.7994.41	Somalogic	proteomics	SomaScan	7k
Plasma	von Willebrand factor C domain-containing protein 2-like	7995-16	ENSG00000174453	B2RUY7	combined	seq.7995.16	Somalogic	proteomics	SomaScan	7k
Plasma	Double C2-like domain-containing protein beta	7997-118	ENSG00000272636	Q14184	combined	seq.7997.118	Somalogic	proteomics	SomaScan	7k
Plasma	Ectonucleoside triphosphate diphosphohydrolase 1	7999-23	ENSG00000138185	P49961	combined	seq.7999.23	Somalogic	proteomics	SomaScan	7k
Plasma	Killer cell immunoglobulin-like receptor 2DL5A	8000-17	ENSG00000274143	Q8N109	combined	seq.8000.17	Somalogic	proteomics	SomaScan	7k
Plasma	Transmembrane protease serine 5	8002-27	ENSG00000166682	Q9H3S3	combined	seq.8002.27	Somalogic	proteomics	SomaScan	7k
Plasma	Leucine-rich repeat LGI family member 3	8003-57	ENSG00000168481	Q8N145	combined	seq.8003.57	Somalogic	proteomics	SomaScan	7k
Plasma	Glyceraldehyde-3-phosphate dehydrogenase, testis-specific	8004-15	ENSG00000105679	O14556	combined	seq.8004.15	Somalogic	proteomics	SomaScan	7k
Plasma	Matrix-remodeling-associated protein 7	8005-1	ENSG00000182534	P84157	combined	seq.8005.1	Somalogic	proteomics	SomaScan	7k
Plasma	DnaJ homolog subfamily B member 12	8006-12	ENSG00000148719	Q9NXW2	combined	seq.8006.12	Somalogic	proteomics	SomaScan	7k
Plasma	Cathepsin B	8007-19	ENSG00000164733|ENSG00000285132	P07858	combined	seq.8007.19	Somalogic	proteomics	SomaScan	7k
Plasma	Activator of apoptosis harakiri	8008-28	ENSG00000135116	O00198	combined	seq.8008.28	Somalogic	proteomics	SomaScan	7k
Plasma	Surfeit locus protein 1	8009-121	ENSG00000148290|ENSG00000280627	Q15526	combined	seq.8009.121	Somalogic	proteomics	SomaScan	7k
Plasma	Iron/zinc purple acid phosphatase-like protein	8011-96	ENSG00000183760	Q6ZNF0	combined	seq.8011.96	Somalogic	proteomics	SomaScan	7k
Plasma	VIP36-like protein	8013-9	ENSG00000114988	Q9H0V9	combined	seq.8013.9	Somalogic	proteomics	SomaScan	7k
Plasma	Glycoprotein endo-alpha-1,2-mannosidase	8014-359	ENSG00000172469	Q5SRI9	combined	seq.8014.359	Somalogic	proteomics	SomaScan	7k
Plasma	DnaJ homolog subfamily C member 4:N-term	8016-19	ENSG00000110011	Q9NNZ3	combined	seq.8016.19	Somalogic	proteomics	SomaScan	7k
Plasma	FAD-dependent oxidoreductase domain-containing protein 1	8017-23	ENSG00000110074	Q96CU9	combined	seq.8017.23	Somalogic	proteomics	SomaScan	7k
Plasma	V-set and immunoglobulin domain-containing protein 2	8018-43	ENSG00000019102	Q96IQ7	combined	seq.8018.43	Somalogic	proteomics	SomaScan	7k
Plasma	Stathmin-3	8019-73	ENSG00000197457	Q9NZ72	combined	seq.8019.73	Somalogic	proteomics	SomaScan	7k
Plasma	39S ribosomal protein L14, mitochondrial	8021-59	ENSG00000180992	Q6P1L8	combined	seq.8021.59	Somalogic	proteomics	SomaScan	7k
Plasma	Protein-tyrosine sulfotransferase 2	8024-64	ENSG00000128294	O60704	combined	seq.8024.64	Somalogic	proteomics	SomaScan	7k
Plasma	Serine protease inhibitor Kazal-type 5	8028-22	ENSG00000133710	Q9NQ38	combined	seq.8028.22	Somalogic	proteomics	SomaScan	7k
Plasma	Mitochondrial coiled-coil domain protein 1	8032-23	ENSG00000226841|ENSG00000238238|ENSG00000226923|ENSG00000206447|ENSG00000231975|ENSG00000228662|ENSG00000204511|ENSG00000225228	P59942	combined	seq.8032.23	Somalogic	proteomics	SomaScan	7k
Plasma	DnaJ homolog subfamily C member 18	8033-1	ENSG00000170464|ENSG00000288275	Q9H819	combined	seq.8033.1	Somalogic	proteomics	SomaScan	7k
Plasma	Dorsal root ganglia homeobox protein	8034-6	ENSG00000165606	A6NNA5	combined	seq.8034.6	Somalogic	proteomics	SomaScan	7k
Plasma	Uncharacterized protein C1orf198	8035-6	ENSG00000119280	Q9H425	combined	seq.8035.6	Somalogic	proteomics	SomaScan	7k
Plasma	Follitropin subunit beta	8036-75	ENSG00000131808	P01225	combined	seq.8036.75	Somalogic	proteomics	SomaScan	7k
Plasma	DnaJ homolog subfamily B member 14:Lumenal domain	8037-53	ENSG00000164031	Q8TBM8	combined	seq.8037.53	Somalogic	proteomics	SomaScan	7k
Plasma	Sterol-4-alpha-carboxylate 3-dehydrogenase, decarboxylating	8038-41	ENSG00000147383	Q15738	combined	seq.8038.41	Somalogic	proteomics	SomaScan	7k
Plasma	Protein FAM177A1	8039-41	ENSG00000151327	Q8N128	combined	seq.8039.41	Somalogic	proteomics	SomaScan	7k
Plasma	LEM domain-containing protein 1	8040-9	ENSG00000186007	Q68G75	combined	seq.8040.9	Somalogic	proteomics	SomaScan	7k
Plasma	Serine protease inhibitor Kazal-type 9	8042-88	ENSG00000204909	Q5DT21	combined	seq.8042.88	Somalogic	proteomics	SomaScan	7k
Plasma	Cartilage oligomeric matrix protein	8043-153	ENSG00000105664	P49747	combined	seq.8043.153	Somalogic	proteomics	SomaScan	7k
Plasma	Glycoprotein Xg	8044-90	ENSG00000124343	P55808	combined	seq.8044.90	Somalogic	proteomics	SomaScan	7k
Plasma	Killer cell immunoglobulin-like receptor 3DL3:Cytoplasmic domain	8045-3		Q8N743	combined	seq.8045.3	Somalogic	proteomics	SomaScan	7k
Plasma	Galectin-1	8046-9	ENSG00000100097	P09382	combined	seq.8046.9	Somalogic	proteomics	SomaScan	7k
Plasma	Ferritin, mitochondrial	8048-9	ENSG00000181867	Q8N4E7	combined	seq.8048.9	Somalogic	proteomics	SomaScan	7k
Plasma	Angiogenic factor with G patch and FHA domains 1	8051-10	ENSG00000164252	Q8N302	combined	seq.8051.10	Somalogic	proteomics	SomaScan	7k
Plasma	Neuroligin-1	8052-115	ENSG00000169760	Q8N2Q7	combined	seq.8052.115	Somalogic	proteomics	SomaScan	7k
Plasma	DnaJ homolog subfamily B member 14:Cytoplasmic domain	8053-16	ENSG00000164031	Q8TBM8	combined	seq.8053.16	Somalogic	proteomics	SomaScan	7k
Plasma	Integral membrane protein DGCR2/IDD	8055-33	ENSG00000070413	P98153	combined	seq.8055.33	Somalogic	proteomics	SomaScan	7k
Plasma	Thrombopoietin	8059-1	ENSG00000090534	P40225	combined	seq.8059.1	Somalogic	proteomics	SomaScan	7k
Plasma	Pro-neuregulin-2, membrane-bound isoform	8060-7	ENSG00000158458	O14511	combined	seq.8060.7	Somalogic	proteomics	SomaScan	7k
Plasma	Protein FAM171B:Cytoplasmic domain	8061-102	ENSG00000144369	Q6P995	combined	seq.8061.102	Somalogic	proteomics	SomaScan	7k
Plasma	Protein eva-1 homolog B	8062-15	ENSG00000142694	Q9NVM1	combined	seq.8062.15	Somalogic	proteomics	SomaScan	7k
Plasma	Poliovirus receptor	8064-125	ENSG00000073008	P15151	combined	seq.8064.125	Somalogic	proteomics	SomaScan	7k
Plasma	Prostate and testis expressed protein 4	8065-245	ENSG00000237353	P0C8F1	combined	seq.8065.245	Somalogic	proteomics	SomaScan	7k
Plasma	Synaptotagmin-9	8066-38	ENSG00000170743	Q86SS6	combined	seq.8066.38	Somalogic	proteomics	SomaScan	7k
Plasma	Potassium voltage-gated channel subfamily E member 3	8067-21	ENSG00000175538	Q9Y6H6	combined	seq.8067.21	Somalogic	proteomics	SomaScan	7k
Plasma	Uncharacterized family 31 glucosidase KIAA1161:Extracellular domain	8068-43	ENSG00000164976	Q6NSJ0	combined	seq.8068.43	Somalogic	proteomics	SomaScan	7k
Plasma	T-cell surface glycoprotein CD3 epsilon chain	8069-85	ENSG00000198851	P07766	combined	seq.8069.85	Somalogic	proteomics	SomaScan	7k
Plasma	Disks large homolog 4	8070-88	ENSG00000132535	P78352	combined	seq.8070.88	Somalogic	proteomics	SomaScan	7k
Plasma	Protocadherin beta-7	8071-114	ENSG00000113212	Q9Y5E2	combined	seq.8071.114	Somalogic	proteomics	SomaScan	7k
Plasma	SLAM family member 5	8073-3	ENSG00000066294	Q9UIB8	combined	seq.8073.3	Somalogic	proteomics	SomaScan	7k
Plasma	Transmembrane protein 70, mitochondrial	8074-32	ENSG00000175606	Q9BUB7	combined	seq.8074.32	Somalogic	proteomics	SomaScan	7k
Plasma	Sperm acrosome membrane-associated protein 3	8076-4	ENSG00000141316	Q8IXA5	combined	seq.8076.4	Somalogic	proteomics	SomaScan	7k
Plasma	EP300-interacting inhibitor of differentiation 3	8079-39	ENSG00000255150	Q8N140	combined	seq.8079.39	Somalogic	proteomics	SomaScan	7k
Plasma	Prostate-associated microseminoprotein	8080-24	ENSG00000215183	Q1L6U9	combined	seq.8080.24	Somalogic	proteomics	SomaScan	7k
Plasma	Inactive phospholipase D5	8081-55	ENSG00000180287	Q8N7P1	combined	seq.8081.55	Somalogic	proteomics	SomaScan	7k
Plasma	Integral membrane protein 2B	8086-49	ENSG00000136156	Q9Y287	combined	seq.8086.49	Somalogic	proteomics	SomaScan	7k
Plasma	E3 ubiquitin-protein ligase RNF13	8087-250	ENSG00000082996	O43567	combined	seq.8087.250	Somalogic	proteomics	SomaScan	7k
Plasma	Type III endosome membrane protein TEMP	8088-56	ENSG00000253313	Q8IVY1	combined	seq.8088.56	Somalogic	proteomics	SomaScan	7k
Plasma	Nuclear receptor subfamily 4 group A member 1	8089-173	ENSG00000123358	P22736	combined	seq.8089.173	Somalogic	proteomics	SomaScan	7k
Plasma	Mannan-binding lectin serine protease 1:Mannan-binding lectin serine protease 1 heavy chain	8091-16	ENSG00000127241	P48740	combined	seq.8091.16	Somalogic	proteomics	SomaScan	7k
Plasma	Interleukin-6 receptor subunit alpha	8092-29	ENSG00000160712	P08887	combined	seq.8092.29	Somalogic	proteomics	SomaScan	7k
Plasma	Uncharacterized family 31 glucosidase KIAA1161:Cytoplasmic domain	8093-13	ENSG00000164976	Q6NSJ0	combined	seq.8093.13	Somalogic	proteomics	SomaScan	7k
Plasma	CDGSH iron-sulfur domain-containing protein 2	8094-20	ENSG00000145354	Q8N5K1	combined	seq.8094.20	Somalogic	proteomics	SomaScan	7k
Plasma	Peptidyl-prolyl cis-trans isomerase F, mitochondrial	8095-213	ENSG00000108179	P30405	combined	seq.8095.213	Somalogic	proteomics	SomaScan	7k
Plasma	Lipase member N	8097-77	ENSG00000204020	Q5VXI9	combined	seq.8097.77	Somalogic	proteomics	SomaScan	7k
Plasma	Thromboxane-A synthase	8098-37	ENSG00000059377	P24557	combined	seq.8098.37	Somalogic	proteomics	SomaScan	7k
Plasma	Spondin-2	8099-42	ENSG00000159674	Q9BUD6	combined	seq.8099.42	Somalogic	proteomics	SomaScan	7k
Plasma	ADM2	8100-15	ENSG00000128165	Q7Z4H4	combined	seq.8100.15	Somalogic	proteomics	SomaScan	7k
Plasma	Uncharacterized protein C1orf186	8102-239	ENSG00000263961	Q6ZWK4	combined	seq.8102.239	Somalogic	proteomics	SomaScan	7k
Plasma	Interleukin-10 receptor subunit alpha:Extracellular domain	8104-21	ENSG00000110324	Q13651	combined	seq.8104.21	Somalogic	proteomics	SomaScan	7k
Plasma	Translocon-associated protein subunit alpha	8106-15	ENSG00000124783	P43307	combined	seq.8106.15	Somalogic	proteomics	SomaScan	7k
Plasma	Transmembrane protein 234	8107-12	ENSG00000160055	Q8WY98	combined	seq.8107.12	Somalogic	proteomics	SomaScan	7k
Plasma	Zymogen granule membrane protein 16	8219-14	ENSG00000174992	O60844	combined	seq.8219.14	Somalogic	proteomics	SomaScan	7k
Plasma	Uncharacterized protein C10orf35	8220-15	ENSG00000171224	Q96D05	combined	seq.8220.15	Somalogic	proteomics	SomaScan	7k
Plasma	Macrophage migration inhibitory factor	8221-19	ENSG00000276701|ENSG00000240972	P14174	combined	seq.8221.19	Somalogic	proteomics	SomaScan	7k
Plasma	Cadherin-related family member 3	8222-49	ENSG00000128536	Q6ZTQ4	combined	seq.8222.49	Somalogic	proteomics	SomaScan	7k
Plasma	Ephrin type-B receptor 2	8225-86	ENSG00000133216	P29323	combined	seq.8225.86	Somalogic	proteomics	SomaScan	7k
Plasma	Glucoside xylosyltransferase 1	8229-1	ENSG00000151233	Q4G148	combined	seq.8229.1	Somalogic	proteomics	SomaScan	7k
Plasma	Vascular endothelial growth factor receptor 1	8231-122	ENSG00000102755	P17948	combined	seq.8231.122	Somalogic	proteomics	SomaScan	7k
Plasma	Junctional adhesion molecule-like	8232-90	ENSG00000160593	Q86YT9	combined	seq.8232.90	Somalogic	proteomics	SomaScan	7k
Plasma	Inter-alpha-trypsin inhibitor heavy chain H5	8233-2	ENSG00000123243	Q86UX2	combined	seq.8233.2	Somalogic	proteomics	SomaScan	7k
Plasma	Secretogranin-1	8235-48	ENSG00000089199	P05060	combined	seq.8235.48	Somalogic	proteomics	SomaScan	7k
Plasma	UPF0729 protein C18orf32	8236-8	ENSG00000177576	Q8TCD1	combined	seq.8236.8	Somalogic	proteomics	SomaScan	7k
Plasma	Sclerostin domain-containing protein 1	8237-56	ENSG00000171243	Q6X4U4	combined	seq.8237.56	Somalogic	proteomics	SomaScan	7k
Plasma	Cholinesterase	8239-223	ENSG00000114200	P06276	combined	seq.8239.223	Somalogic	proteomics	SomaScan	7k
Plasma	Transmembrane glycoprotein NMB:Extracellular domain	8240-207	ENSG00000136235	Q14956	combined	seq.8240.207	Somalogic	proteomics	SomaScan	7k
Plasma	C-type lectin domain family 2 member L	8242-9	ENSG00000236279	P0C7M8	combined	seq.8242.9	Somalogic	proteomics	SomaScan	7k
Plasma	Serine protease inhibitor Kazal-type 1	8243-55	ENSG00000164266	P00995	combined	seq.8243.55	Somalogic	proteomics	SomaScan	7k
Plasma	Alpha-(1,6)-fucosyltransferase	8244-16	ENSG00000033170	Q9BYC5	combined	seq.8244.16	Somalogic	proteomics	SomaScan	7k
Plasma	Intercellular adhesion molecule 5	8245-27	ENSG00000105376	Q9UMF0	combined	seq.8245.27	Somalogic	proteomics	SomaScan	7k
Plasma	Proprotein convertase subtilisin/kexin type 9	8246-9	ENSG00000169174	Q8NBP7	combined	seq.8246.9	Somalogic	proteomics	SomaScan	7k
Plasma	Sialic acid-binding Ig-like lectin 14	8248-222	ENSG00000254415	Q08ET2	combined	seq.8248.222	Somalogic	proteomics	SomaScan	7k
Plasma	ALK tyrosine kinase receptor	8249-124	ENSG00000171094	Q9UM73	combined	seq.8249.124	Somalogic	proteomics	SomaScan	7k
Plasma	Receptor-type tyrosine-protein phosphatase eta	8250-2	ENSG00000149177	Q12913	combined	seq.8250.2	Somalogic	proteomics	SomaScan	7k
Plasma	Palmitoleoyl-protein carboxylesterase NOTUM	8252-2	ENSG00000185269	Q6P988	combined	seq.8252.2	Somalogic	proteomics	SomaScan	7k
Plasma	Protein O-linked-mannose beta-1,2-N-acetylglucosaminyltransferase 1	8253-2	ENSG00000085998	Q8WZA1	combined	seq.8253.2	Somalogic	proteomics	SomaScan	7k
Plasma	Protein MRVI1	8255-34	ENSG00000072952	Q9Y6F6	combined	seq.8255.34	Somalogic	proteomics	SomaScan	7k
Plasma	Oxytocin-neurophysin 1	8257-71	ENSG00000101405	P01178	combined	seq.8257.71	Somalogic	proteomics	SomaScan	7k
Plasma	UDP-glucuronic acid decarboxylase 1	8258-22	ENSG00000115652	Q8NBZ7	combined	seq.8258.22	Somalogic	proteomics	SomaScan	7k
Plasma	Erythrocyte band 7 integral membrane protein	8261-51	ENSG00000148175	P27105	combined	seq.8261.51	Somalogic	proteomics	SomaScan	7k
Plasma	Apolipoprotein D	8262-20	ENSG00000189058	P05090	combined	seq.8262.20	Somalogic	proteomics	SomaScan	7k
Plasma	TYMS opposite strand protein	8263-64		Q8TAI1	combined	seq.8263.64	Somalogic	proteomics	SomaScan	7k
Plasma	Delta-like protein 1	8264-43	ENSG00000275555|ENSG00000198719	O00548	combined	seq.8264.43	Somalogic	proteomics	SomaScan	7k
Plasma	Lamina-associated polypeptide 2, isoforms beta/gamma	8265-225	ENSG00000120802	P42167	combined	seq.8265.225	Somalogic	proteomics	SomaScan	7k
Plasma	Heparan sulfate glucosamine 3-O-sulfotransferase 3A1	8268-98	ENSG00000153976	Q9Y663	combined	seq.8268.98	Somalogic	proteomics	SomaScan	7k
Plasma	Arylsulfatase K	8269-327	ENSG00000164291	Q6UWY0	combined	seq.8269.327	Somalogic	proteomics	SomaScan	7k
Plasma	3-keto-steroid reductase:Cytoplasmic domain	8272-22	ENSG00000132196	P56937	combined	seq.8272.22	Somalogic	proteomics	SomaScan	7k
Plasma	Interleukin-31 receptor subunit alpha	8273-84	ENSG00000164509	Q8NI17	combined	seq.8273.84	Somalogic	proteomics	SomaScan	7k
Plasma	Syntaxin-7	8274-64	ENSG00000079950	O15400	combined	seq.8274.64	Somalogic	proteomics	SomaScan	7k
Plasma	Platelet endothelial aggregation receptor 1:Extracellular domain	8275-31	ENSG00000187800	Q5VY43	combined	seq.8275.31	Somalogic	proteomics	SomaScan	7k
Plasma	Vitronectin	8280-238	ENSG00000109072	P04004	combined	seq.8280.238	Somalogic	proteomics	SomaScan	7k
Plasma	Pituitary adenylate cyclase-activating polypeptide	8285-64	ENSG00000141433	P18509	combined	seq.8285.64	Somalogic	proteomics	SomaScan	7k
Plasma	CMRF35-like molecule 2	8287-17	ENSG00000186407	Q496F6	combined	seq.8287.17	Somalogic	proteomics	SomaScan	7k
Plasma	Beta-2-glycoprotein 1	8288-27	ENSG00000091583	P02749	combined	seq.8288.27	Somalogic	proteomics	SomaScan	7k
Plasma	Transmembrane glycoprotein NMB:Extracellular domain	8289-8	ENSG00000136235	Q14956	combined	seq.8289.8	Somalogic	proteomics	SomaScan	7k
Plasma	Noelin-2	8295-16	ENSG00000105088	O95897	combined	seq.8295.16	Somalogic	proteomics	SomaScan	7k
Plasma	KDEL motif-containing protein 2	8296-117	ENSG00000178202	Q7Z4H8	combined	seq.8296.117	Somalogic	proteomics	SomaScan	7k
Plasma	DnaJ homolog subfamily C member 10	8297-8	ENSG00000077232	Q8IXB1	combined	seq.8297.8	Somalogic	proteomics	SomaScan	7k
Plasma	Serine-rich single-pass membrane protein 1	8298-8	ENSG00000165120	Q8WWF3	combined	seq.8298.8	Somalogic	proteomics	SomaScan	7k
Plasma	Leukocyte immunoglobulin-like receptor subfamily A member 4	8299-66	ENSG00000239961|ENSG00000274185|ENSG00000277092|ENSG00000276798	P59901	combined	seq.8299.66	Somalogic	proteomics	SomaScan	7k
Plasma	Peroxisomal membrane protein PEX14:N-term	8300-82	ENSG00000142655	O75381	combined	seq.8300.82	Somalogic	proteomics	SomaScan	7k
Plasma	UPF0160 protein MYG1, mitochondrial	8303-102	ENSG00000139637	Q9HB07	combined	seq.8303.102	Somalogic	proteomics	SomaScan	7k
Plasma	Tumor necrosis factor receptor superfamily member 11B	8304-50	ENSG00000164761	O00300	combined	seq.8304.50	Somalogic	proteomics	SomaScan	7k
Plasma	Extracellular sulfatase Sulf-2	8305-18	ENSG00000196562	Q8IWU5	combined	seq.8305.18	Somalogic	proteomics	SomaScan	7k
Plasma	Transmembrane gamma-carboxyglutamic acid protein 1:Cytoplasmic domain	8306-54	ENSG00000130962	O14668	combined	seq.8306.54	Somalogic	proteomics	SomaScan	7k
Plasma	UPF0696 protein C11orf68	8307-47	ENSG00000175573	Q9H3H3	combined	seq.8307.47	Somalogic	proteomics	SomaScan	7k
Plasma	Hyaluronidase-1	8309-12	ENSG00000114378	Q12794	combined	seq.8309.12	Somalogic	proteomics	SomaScan	7k
Plasma	UMP-CMP kinase	8312-139	ENSG00000162368	P30085	combined	seq.8312.139	Somalogic	proteomics	SomaScan	7k
Plasma	N-acetylglucosamine-6-sulfatase	8314-71	ENSG00000135677	P15586	combined	seq.8314.71	Somalogic	proteomics	SomaScan	7k
Plasma	Beta-defensin 119	8315-5	ENSG00000180483	Q8N690	combined	seq.8315.5	Somalogic	proteomics	SomaScan	7k
Plasma	Sprouty-related, EVH1 domain-containing protein 1	8318-13	ENSG00000166068	Q7Z699	combined	seq.8318.13	Somalogic	proteomics	SomaScan	7k
Plasma	SAFB-like transcription modulator	8320-5	ENSG00000137776	Q9NWH9	combined	seq.8320.5	Somalogic	proteomics	SomaScan	7k
Plasma	Zinc finger protein 843	8321-27	ENSG00000176723	Q8N446	combined	seq.8321.27	Somalogic	proteomics	SomaScan	7k
Plasma	Trefoil factor 3	8323-163	ENSG00000160180	Q07654	combined	seq.8323.163	Somalogic	proteomics	SomaScan	7k
Plasma	Alcohol dehydrogenase 4	8325-37	ENSG00000198099	P08319	combined	seq.8325.37	Somalogic	proteomics	SomaScan	7k
Plasma	Single Ig IL-1-related receptor	8326-63	ENSG00000185187	Q6IA17	combined	seq.8326.63	Somalogic	proteomics	SomaScan	7k
Plasma	Dipeptidase 2	8327-26	ENSG00000167261	Q9H4A9	combined	seq.8327.26	Somalogic	proteomics	SomaScan	7k
Plasma	Ethanolamine kinase 1	8328-9	ENSG00000139163	Q9HBU6	combined	seq.8328.9	Somalogic	proteomics	SomaScan	7k
Plasma	Cadherin-12:Cytoplasmic domain	8329-166	ENSG00000154162	P55289	combined	seq.8329.166	Somalogic	proteomics	SomaScan	7k
Plasma	Low-density lipoprotein receptor-related protein 11	8330-1	ENSG00000120256	Q86VZ4	combined	seq.8330.1	Somalogic	proteomics	SomaScan	7k
Plasma	T-complex protein 11 homolog	8334-65	ENSG00000124678	Q8WWU5	combined	seq.8334.65	Somalogic	proteomics	SomaScan	7k
Plasma	GRAM domain-containing protein 1C	8336-267	ENSG00000178075	Q8IYS0	combined	seq.8336.267	Somalogic	proteomics	SomaScan	7k
Plasma	Receptor-type tyrosine-protein phosphatase U	8337-65	ENSG00000060656	Q92729	combined	seq.8337.65	Somalogic	proteomics	SomaScan	7k
Plasma	Beta-defensin 110	8340-9	ENSG00000203970	Q30KQ9	combined	seq.8340.9	Somalogic	proteomics	SomaScan	7k
Plasma	Poly(A) polymerase gamma	8343-224	ENSG00000115421	Q9BWT3	combined	seq.8343.224	Somalogic	proteomics	SomaScan	7k
Plasma	Glutathione peroxidase 7	8345-27	ENSG00000116157	Q96SL4	combined	seq.8345.27	Somalogic	proteomics	SomaScan	7k
Plasma	Dipeptidyl peptidase 2	8346-9	ENSG00000176978	Q9UHL4	combined	seq.8346.9	Somalogic	proteomics	SomaScan	7k
Plasma	Beta-defensin 129	8347-222	ENSG00000125903	Q9H1M3	combined	seq.8347.222	Somalogic	proteomics	SomaScan	7k
Plasma	Ephrin type-B receptor 2	8348-4	ENSG00000133216	P29323	combined	seq.8348.4	Somalogic	proteomics	SomaScan	7k
Plasma	Serine protease 57	8351-17	ENSG00000185198	Q6UWY2	combined	seq.8351.17	Somalogic	proteomics	SomaScan	7k
Plasma	Sialic acid-binding Ig-like lectin 12:Ig-like C2-type 2 domain, Isoform short	8352-26	ENSG00000254521	Q96PQ1	combined	seq.8352.26	Somalogic	proteomics	SomaScan	7k
Plasma	Sodium channel subunit beta-2	8353-15	ENSG00000149575	O60939	combined	seq.8353.15	Somalogic	proteomics	SomaScan	7k
Plasma	Isthmin-1	8355-80	ENSG00000101230	B1AKI9	combined	seq.8355.80	Somalogic	proteomics	SomaScan	7k
Plasma	Oxytocin-neurophysin 1	8356-88	ENSG00000101405	P01178	combined	seq.8356.88	Somalogic	proteomics	SomaScan	7k
Plasma	Sulfotransferase 4A1	8357-43	ENSG00000130540	Q9BR01	combined	seq.8357.43	Somalogic	proteomics	SomaScan	7k
Plasma	Thioredoxin-dependent peroxide reductase, mitochondrial	8358-30	ENSG00000165672	P30048	combined	seq.8358.30	Somalogic	proteomics	SomaScan	7k
Plasma	Serine/threonine-protein kinase 17B	8359-149	ENSG00000081320	O94768	combined	seq.8359.149	Somalogic	proteomics	SomaScan	7k
Plasma	Natural cytotoxicity triggering receptor 1	8360-169	ENSG00000273535|ENSG00000189430|ENSG00000278362|ENSG00000275156	O76036	combined	seq.8360.169	Somalogic	proteomics	SomaScan	7k
Plasma	UPF0577 protein KIAA1324-like	8363-18	ENSG00000164659	A8MWY0	combined	seq.8363.18	Somalogic	proteomics	SomaScan	7k
Plasma	Uronyl 2-sulfotransferase	8364-74	ENSG00000111962	Q9Y2C2	combined	seq.8364.74	Somalogic	proteomics	SomaScan	7k
Plasma	Uncharacterized protein C1orf115	8366-19	ENSG00000162817	Q9H7X2	combined	seq.8366.19	Somalogic	proteomics	SomaScan	7k
Plasma	V-set and immunoglobulin domain-containing protein 1	8367-142	ENSG00000101842	Q86XK7	combined	seq.8367.142	Somalogic	proteomics	SomaScan	7k
Plasma	Tumor necrosis factor receptor superfamily member 1B	8368-102	ENSG00000028137	P20333	combined	seq.8368.102	Somalogic	proteomics	SomaScan	7k
Plasma	Dystroglycan	8369-102	ENSG00000173402	Q14118	combined	seq.8369.102	Somalogic	proteomics	SomaScan	7k
Plasma	Cadherin-related family member 1	8372-29	ENSG00000148600	Q96JP9	combined	seq.8372.29	Somalogic	proteomics	SomaScan	7k
Plasma	Tumor necrosis factor receptor superfamily member 16	8374-5	ENSG00000064300	P08138	combined	seq.8374.5	Somalogic	proteomics	SomaScan	7k
Plasma	Lutropin subunit beta	8376-25	ENSG00000104826	P01229	combined	seq.8376.25	Somalogic	proteomics	SomaScan	7k
Plasma	Protein LDOC1	8378-3	ENSG00000182195	O95751	combined	seq.8378.3	Somalogic	proteomics	SomaScan	7k
Plasma	Protein delta homolog 1:Cytoplasmic domain	8380-244	ENSG00000185559	P80370	combined	seq.8380.244	Somalogic	proteomics	SomaScan	7k
Plasma	MAP kinase-activated protein kinase 5	8382-47	ENSG00000089022	Q8IW41	combined	seq.8382.47	Somalogic	proteomics	SomaScan	7k
Plasma	Uncharacterized protein C11orf94	8383-20	ENSG00000234776	C9JXX5	combined	seq.8383.20	Somalogic	proteomics	SomaScan	7k
Plasma	Hepatocyte growth factor activator	8385-248	ENSG00000109758	Q04756	combined	seq.8385.248	Somalogic	proteomics	SomaScan	7k
Plasma	Prostate and testis expressed protein 1	8386-11	ENSG00000171053	Q8WXA2	combined	seq.8386.11	Somalogic	proteomics	SomaScan	7k
Plasma	Spastin:Cytoplasmic domain	8388-24	ENSG00000021574	Q9UBP0	combined	seq.8388.24	Somalogic	proteomics	SomaScan	7k
Plasma	Leucine-rich repeat-containing protein 74A	8389-8	ENSG00000100565	Q0VAA2	combined	seq.8389.8	Somalogic	proteomics	SomaScan	7k
Plasma	Cytochrome c oxidase subunit 7A1, mitochondrial	8390-25	ENSG00000161281	P24310	combined	seq.8390.25	Somalogic	proteomics	SomaScan	7k
Plasma	Beta-defensin 115	8391-12	ENSG00000215547	Q30KQ5	combined	seq.8391.12	Somalogic	proteomics	SomaScan	7k
Plasma	Cathepsin F	8393-121	ENSG00000174080	Q9UBX1	combined	seq.8393.121	Somalogic	proteomics	SomaScan	7k
Plasma	Non-secretory ribonuclease	8394-56	ENSG00000169385	P10153	combined	seq.8394.56	Somalogic	proteomics	SomaScan	7k
Plasma	Fatty-acid amide hydrolase 2	8396-42	ENSG00000165591	Q6GMR7	combined	seq.8396.42	Somalogic	proteomics	SomaScan	7k
Plasma	Sulfhydryl oxidase 2	8397-147	ENSG00000165661	Q6ZRP7	combined	seq.8397.147	Somalogic	proteomics	SomaScan	7k
Plasma	Retinoic acid receptor responder protein 1	8398-277	ENSG00000118849	P49788	combined	seq.8398.277	Somalogic	proteomics	SomaScan	7k
Plasma	Serine/threonine-protein kinase 17B	8399-6	ENSG00000081320	O94768	combined	seq.8399.6	Somalogic	proteomics	SomaScan	7k
Plasma	Gastrin-releasing peptide	8400-74	ENSG00000134443	P07492	combined	seq.8400.74	Somalogic	proteomics	SomaScan	7k
Plasma	Cytokine-like protein 1	8402-22	ENSG00000170891	Q9NRR1	combined	seq.8402.22	Somalogic	proteomics	SomaScan	7k
Plasma	Fatty acid synthase	8403-18	ENSG00000169710	P49327	combined	seq.8403.18	Somalogic	proteomics	SomaScan	7k
Plasma	BolA-like protein 2	8404-102	ENSG00000183336|ENSG00000169627	Q9H3K6	combined	seq.8404.102	Somalogic	proteomics	SomaScan	7k
Plasma	Disintegrin and metalloproteinase domain-containing protein 10:Extracellular domain	8405-108	ENSG00000137845	O14672	combined	seq.8405.108	Somalogic	proteomics	SomaScan	7k
Plasma	Insulin-like growth factor I	8406-17	ENSG00000017427	P05019	combined	seq.8406.17	Somalogic	proteomics	SomaScan	7k
Plasma	Neurogenic locus notch homolog protein 2	8407-84	ENSG00000134250	Q04721	combined	seq.8407.84	Somalogic	proteomics	SomaScan	7k
Plasma	R-spondin-2	8409-3	ENSG00000147655	Q6UXX9	combined	seq.8409.3	Somalogic	proteomics	SomaScan	7k
Plasma	Catenin beta-1	8418-30	ENSG00000168036	P35222	combined	seq.8418.30	Somalogic	proteomics	SomaScan	7k
Plasma	Catenin beta-1	8424-269	ENSG00000168036	P35222	combined	seq.8424.269	Somalogic	proteomics	SomaScan	7k
Plasma	R-spondin-3	8427-118	ENSG00000146374	Q9BXY4	combined	seq.8427.118	Somalogic	proteomics	SomaScan	7k
Plasma	Neurotrimin	8428-102	ENSG00000182667	Q9P121	combined	seq.8428.102	Somalogic	proteomics	SomaScan	7k
Plasma	Axin-2	8429-16	ENSG00000168646	Q9Y2T1	combined	seq.8429.16	Somalogic	proteomics	SomaScan	7k
Plasma	Pituitary adenylate cyclase-activating polypeptide 27	8446-4	ENSG00000141433	P18509	combined	seq.8446.4	Somalogic	proteomics	SomaScan	7k
Plasma	Appetite-regulating hormone	8447-11	ENSG00000157017	Q9UBU3	combined	seq.8447.11	Somalogic	proteomics	SomaScan	7k
Plasma	Pituitary adenylate cyclase-activating polypeptide 38	8450-36	ENSG00000141433	P18509	combined	seq.8450.36	Somalogic	proteomics	SomaScan	7k
Plasma	Alpha-synuclein	8458-111	ENSG00000145335	P37840	combined	seq.8458.111	Somalogic	proteomics	SomaScan	7k
Plasma	Alpha-synuclein	8458-16	ENSG00000145335	P37840	combined	seq.8458.16	Somalogic	proteomics	SomaScan	7k
Plasma	Bone morphogenetic protein 6	8459-10	ENSG00000153162	P22004	combined	seq.8459.10	Somalogic	proteomics	SomaScan	7k
Plasma	Somatotropin	8462-18	ENSG00000259384	P01241	combined	seq.8462.18	Somalogic	proteomics	SomaScan	7k
Plasma	Extracellular superoxide dismutase [Cu-Zn]	8463-2	ENSG00000109610	P08294	combined	seq.8463.2	Somalogic	proteomics	SomaScan	7k
Plasma	R-spondin-4	8464-31	ENSG00000101282	Q2I0M5	combined	seq.8464.31	Somalogic	proteomics	SomaScan	7k
Plasma	Cathepsin H	8465-52	ENSG00000103811	P09668	combined	seq.8465.52	Somalogic	proteomics	SomaScan	7k
Plasma	Inhibin beta A chain:Inhibin beta B chain heterodimer	8467-9	ENSG00000122641|ENSG00000163083	P08476|P09529	combined	seq.8467.9	Somalogic	proteomics	SomaScan	7k
Plasma	Prostate-specific antigen	8468-19	ENSG00000142515	P07288	combined	seq.8468.19	Somalogic	proteomics	SomaScan	7k
Plasma	Insulin-like growth factor-binding protein 2	8469-41	ENSG00000115457	P18065	combined	seq.8469.41	Somalogic	proteomics	SomaScan	7k
Plasma	Ribonuclease H1	8470-213	ENSG00000171865	O60930	combined	seq.8470.213	Somalogic	proteomics	SomaScan	7k
Plasma	Inactive tyrosine-protein kinase transmembrane receptor ROR1	8474-6	ENSG00000185483	Q01973	combined	seq.8474.6	Somalogic	proteomics	SomaScan	7k
Plasma	Matrilysin	8475-15	ENSG00000137673	P09237	combined	seq.8475.15	Somalogic	proteomics	SomaScan	7k
Plasma	Chromogranin-A	8476-11	ENSG00000276781|ENSG00000100604	P10645	combined	seq.8476.11	Somalogic	proteomics	SomaScan	7k
Plasma	Stromelysin-2	8479-4	ENSG00000166670	P09238	combined	seq.8479.4	Somalogic	proteomics	SomaScan	7k
Plasma	EGF-containing fibulin-like extracellular matrix protein 1	8480-29	ENSG00000115380	Q12805	combined	seq.8480.29	Somalogic	proteomics	SomaScan	7k
Plasma	Leptin	8484-24	ENSG00000174697	P41159	combined	seq.8484.24	Somalogic	proteomics	SomaScan	7k
Plasma	Kelch-like ECH-associated protein 1	8485-7	ENSG00000079999	Q14145	combined	seq.8485.7	Somalogic	proteomics	SomaScan	7k
Plasma	Integrin alpha-IIb: beta-3 complex	8488-33	ENSG00000259207|ENSG00000005961	P05106|P08514	combined	seq.8488.33	Somalogic	proteomics	SomaScan	7k
Plasma	Disintegrin and metalloproteinase domain-containing protein 30	8520-8	ENSG00000134249	Q9UKF2	combined	seq.8520.8	Somalogic	proteomics	SomaScan	7k
Plasma	Immunoglobulin superfamily containing leucine-rich repeat protein 2	8528-74	ENSG00000167178	Q6UXK2	combined	seq.8528.74	Somalogic	proteomics	SomaScan	7k
Plasma	Tumor necrosis factor receptor superfamily member 10B:Death domain	8529-1	ENSG00000120889	O14763	combined	seq.8529.1	Somalogic	proteomics	SomaScan	7k
Plasma	Dermokine	8535-102	ENSG00000161249	Q6E0U4	combined	seq.8535.102	Somalogic	proteomics	SomaScan	7k
Plasma	Uncharacterized protein C17orf78:C-term	8545-14	ENSG00000278145|ENSG00000278505	Q8N4C9	combined	seq.8545.14	Somalogic	proteomics	SomaScan	7k
Plasma	Protein FAM134B	8556-5	ENSG00000154153	Q9H6L5	combined	seq.8556.5	Somalogic	proteomics	SomaScan	7k
Plasma	Plasmalemma vesicle-associated protein	8565-160	ENSG00000130300	Q9BX97	combined	seq.8565.160	Somalogic	proteomics	SomaScan	7k
Plasma	ADP-ribosylation factor-like protein 8B	8569-147	ENSG00000134108	Q9NVJ2	combined	seq.8569.147	Somalogic	proteomics	SomaScan	7k
Plasma	Serine protease inhibitor Kazal-type 14	8587-21	ENSG00000196800	Q6IE38	combined	seq.8587.21	Somalogic	proteomics	SomaScan	7k
Plasma	CUB domain-containing protein 1	8589-13	ENSG00000163814	Q9H5V8	combined	seq.8589.13	Somalogic	proteomics	SomaScan	7k
Plasma	Transmembrane protein 9:Cytoplasmic domain	8597-1	ENSG00000116857	Q9P0T7	combined	seq.8597.1	Somalogic	proteomics	SomaScan	7k
Plasma	Low-density lipoprotein receptor-related protein 1, soluble:Cytoplasmic domain	8601-167	ENSG00000123384	Q07954	combined	seq.8601.167	Somalogic	proteomics	SomaScan	7k
Plasma	Transmembrane glycoprotein NMB:Cytoplasmic domain	8606-39	ENSG00000136235	Q14956	combined	seq.8606.39	Somalogic	proteomics	SomaScan	7k
Plasma	Kallikrein-14	8620-56	ENSG00000129437	Q9P0G3	combined	seq.8620.56	Somalogic	proteomics	SomaScan	7k
Plasma	Netrin receptor UNC5D	8624-16	ENSG00000156687	Q6UXZ4	combined	seq.8624.16	Somalogic	proteomics	SomaScan	7k
Plasma	Erythroid membrane-associated protein	8631-13	ENSG00000164010	Q96PL5	combined	seq.8631.13	Somalogic	proteomics	SomaScan	7k
Plasma	E3 ubiquitin-protein ligase RNF128:region 2	8633-18	ENSG00000133135	Q8TEB7	combined	seq.8633.18	Somalogic	proteomics	SomaScan	7k
Plasma	Zona pellucida-binding protein 1	8635-283	ENSG00000042813	Q9BS86	combined	seq.8635.283	Somalogic	proteomics	SomaScan	7k
Plasma	Cathepsin H	8644-46	ENSG00000103811	P09668	combined	seq.8644.46	Somalogic	proteomics	SomaScan	7k
Plasma	Peroxisomal membrane protein PEX14:C-term	8645-257	ENSG00000142655	O75381	combined	seq.8645.257	Somalogic	proteomics	SomaScan	7k
Plasma	Leucine-rich repeat transmembrane neuronal protein 4:Isoform 2, Cytoplasmic domain	8646-61	ENSG00000176204	Q86VH4	combined	seq.8646.61	Somalogic	proteomics	SomaScan	7k
Plasma	DnaJ homolog subfamily C member 4:C-term	8653-132	ENSG00000110011	Q9NNZ3	combined	seq.8653.132	Somalogic	proteomics	SomaScan	7k
Plasma	Disintegrin and metalloproteinase domain-containing protein 10:Cytoplasmic domain	8654-13	ENSG00000137845	O14672	combined	seq.8654.13	Somalogic	proteomics	SomaScan	7k
Plasma	Protein G6b:Isoform B, Cytoplasmic domain	8659-68	ENSG00000204420|ENSG00000228090|ENSG00000237459|ENSG00000206396|ENSG00000230060|ENSG00000231003|ENSG00000224393	O95866	combined	seq.8659.68	Somalogic	proteomics	SomaScan	7k
Plasma	Olfactomedin-like protein 3	8660-33	ENSG00000116774	Q9NRN5	combined	seq.8660.33	Somalogic	proteomics	SomaScan	7k
Plasma	Olfactomedin-like protein 3	8660-5	ENSG00000116774	Q9NRN5	combined	seq.8660.5	Somalogic	proteomics	SomaScan	7k
Plasma	Extracellular tyrosine-protein kinase PKDCC	8664-36	ENSG00000162878	Q504Y2	combined	seq.8664.36	Somalogic	proteomics	SomaScan	7k
Plasma	Trafficking protein particle complex subunit 5	8671-378	ENSG00000181029	Q8IUR0	combined	seq.8671.378	Somalogic	proteomics	SomaScan	7k
Plasma	Membrane-associated progesterone receptor component 2:N-term, Isoform 2	8681-93	ENSG00000164040	O15173	combined	seq.8681.93	Somalogic	proteomics	SomaScan	7k
Plasma	Protein Hikeshi	8686-342	ENSG00000149196	Q53FT3	combined	seq.8686.342	Somalogic	proteomics	SomaScan	7k
Plasma	Transmembrane protein 106B	8687-26	ENSG00000106460	Q9NUM4	combined	seq.8687.26	Somalogic	proteomics	SomaScan	7k
Plasma	Caveolin-3	8690-25	ENSG00000182533	P56539	combined	seq.8690.25	Somalogic	proteomics	SomaScan	7k
Plasma	Galactosylceramide sulfotransferase	8696-15	ENSG00000128242	Q99999	combined	seq.8696.15	Somalogic	proteomics	SomaScan	7k
Plasma	Glypican-1	8697-38	ENSG00000063660	P35052	combined	seq.8697.38	Somalogic	proteomics	SomaScan	7k
Plasma	Cysteine-rich motor neuron 1 protein:Cytoplasmic domain	8699-43	ENSG00000150938	Q9NZV1	combined	seq.8699.43	Somalogic	proteomics	SomaScan	7k
Plasma	Polypeptide N-acetylgalactosaminyltransferase 11	8700-325	ENSG00000178234	Q8NCW6	combined	seq.8700.325	Somalogic	proteomics	SomaScan	7k
Plasma	Osteoclast-associated immunoglobulin-like receptor	8702-42	ENSG00000273511|ENSG00000170909|ENSG00000275736|ENSG00000277088|ENSG00000274703|ENSG00000278378|ENSG00000278533|ENSG00000275551|ENSG00000275644|ENSG00000276982	Q8IYS5	combined	seq.8702.42	Somalogic	proteomics	SomaScan	7k
Plasma	HLA class II histocompatibility antigen gamma chain	8748-45	ENSG00000019582	P04233	combined	seq.8748.45	Somalogic	proteomics	SomaScan	7k
Plasma	Antigen-presenting glycoprotein CD1d	8749-194	ENSG00000158473	P15813	combined	seq.8749.194	Somalogic	proteomics	SomaScan	7k
Plasma	Vinculin	8750-46	ENSG00000035403	P18206	combined	seq.8750.46	Somalogic	proteomics	SomaScan	7k
Plasma	Neuromedin-U	8754-5	ENSG00000109255	P48645	combined	seq.8754.5	Somalogic	proteomics	SomaScan	7k
Plasma	Potassium voltage-gated channel subfamily E regulatory beta subunit 5:N-term, opposite side of membrane	8756-41	ENSG00000176076	Q9UJ90	combined	seq.8756.41	Somalogic	proteomics	SomaScan	7k
Plasma	Protocadherin alpha-7	8758-2	ENSG00000204963	Q9UN72	combined	seq.8758.2	Somalogic	proteomics	SomaScan	7k
Plasma	Lactosylceramide 4-alpha-galactosyltransferase	8759-29	ENSG00000128274	Q9NPC4	combined	seq.8759.29	Somalogic	proteomics	SomaScan	7k
Plasma	DCN1-like protein 5	8760-10	ENSG00000137692	Q9BTE7	combined	seq.8760.10	Somalogic	proteomics	SomaScan	7k
Plasma	CD70 antigen	8762-38	ENSG00000125726	P32970	combined	seq.8762.38	Somalogic	proteomics	SomaScan	7k
Plasma	Leukocyte immunoglobulin-like receptor subfamily A member 5	8766-29	ENSG00000275404|ENSG00000187116|ENSG00000274914|ENSG00000278355|ENSG00000274113	A6NI73	combined	seq.8766.29	Somalogic	proteomics	SomaScan	7k
Plasma	Endothelin-converting enzyme 1:Cytoplasmic domain	8767-44	ENSG00000117298	P42892	combined	seq.8767.44	Somalogic	proteomics	SomaScan	7k
Plasma	B-cell lymphoma/leukemia 10	8768-4	ENSG00000142867	O95999	combined	seq.8768.4	Somalogic	proteomics	SomaScan	7k
Plasma	Ephrin-B2:Cytoplasmic domain	8772-5	ENSG00000125266	P52799	combined	seq.8772.5	Somalogic	proteomics	SomaScan	7k
Plasma	EMILIN-3:region 1	8773-172	ENSG00000183798	Q9NT22	combined	seq.8773.172	Somalogic	proteomics	SomaScan	7k
Plasma	Protein FAM24B	8775-61	ENSG00000213185	Q8N5W8	combined	seq.8775.61	Somalogic	proteomics	SomaScan	7k
Plasma	Erlin-1	8776-10	ENSG00000107566	O75477	combined	seq.8776.10	Somalogic	proteomics	SomaScan	7k
Plasma	Noggin	8778-3	ENSG00000183691	Q13253	combined	seq.8778.3	Somalogic	proteomics	SomaScan	7k
Plasma	Protocadherin-10:Cytoplasmic domain	8780-2	ENSG00000138650	Q9P2E7	combined	seq.8780.2	Somalogic	proteomics	SomaScan	7k
Plasma	BRCA1-A complex subunit Abraxas	8784-7	ENSG00000163322	Q6UWZ7	combined	seq.8784.7	Somalogic	proteomics	SomaScan	7k
Plasma	Armadillo repeat-containing protein 5:Armadillo Repeat Domain 5	8785-1	ENSG00000140691	Q96C12	combined	seq.8785.1	Somalogic	proteomics	SomaScan	7k
Plasma	Protein FAM171B:Extracellular domain	8786-6	ENSG00000144369	Q6P995	combined	seq.8786.6	Somalogic	proteomics	SomaScan	7k
Plasma	Arylsulfatase A	8790-6	ENSG00000100299	P15289	combined	seq.8790.6	Somalogic	proteomics	SomaScan	7k
Plasma	Carbonic anhydrase 5A, mitochondrial	8791-151	ENSG00000174990	P35218	combined	seq.8791.151	Somalogic	proteomics	SomaScan	7k
Plasma	Dipeptidase 1	8794-13	ENSG00000015413	P16444	combined	seq.8794.13	Somalogic	proteomics	SomaScan	7k
Plasma	Transferrin receptor protein 1:Extracellular domain	8795-48	ENSG00000072274	P02786	combined	seq.8795.48	Somalogic	proteomics	SomaScan	7k
Plasma	Tetratricopeptide repeat protein 17:Tetratricopeptide repeat 3	8800-14	ENSG00000052841	Q96AE7	combined	seq.8800.14	Somalogic	proteomics	SomaScan	7k
Plasma	Nectin-1, isoform gamma:Cytoplasmic domain	8803-61	ENSG00000110400	Q15223	combined	seq.8803.61	Somalogic	proteomics	SomaScan	7k
Plasma	Collagen alpha-1(XX) chain	8804-39	ENSG00000101203	Q9P218	combined	seq.8804.39	Somalogic	proteomics	SomaScan	7k
Plasma	Sorting nexin-1	8807-13	ENSG00000028528	Q13596	combined	seq.8807.13	Somalogic	proteomics	SomaScan	7k
Plasma	Hepatocyte cell adhesion molecule	8810-26	ENSG00000165478	Q14CZ8	combined	seq.8810.26	Somalogic	proteomics	SomaScan	7k
Plasma	BMP and activin membrane-bound inhibitor homolog:Extracellular domain	8811-24	ENSG00000095739	Q13145	combined	seq.8811.24	Somalogic	proteomics	SomaScan	7k
Plasma	Thioredoxin	8813-160	ENSG00000136810	P10599	combined	seq.8813.160	Somalogic	proteomics	SomaScan	7k
Plasma	Proactivator polypeptide-like 1	8814-33	ENSG00000178597	Q6NUJ1	combined	seq.8814.33	Somalogic	proteomics	SomaScan	7k
Plasma	Olfactomedin-like protein 1	8815-1	ENSG00000183801	Q6UWY5	combined	seq.8815.1	Somalogic	proteomics	SomaScan	7k
Plasma	Centromere protein V	8817-29	ENSG00000166582	Q7Z7K6	combined	seq.8817.29	Somalogic	proteomics	SomaScan	7k
Plasma	Interferon gamma receptor 2:Cytoplasmic domain	8818-13	ENSG00000262795|ENSG00000159128	P38484	combined	seq.8818.13	Somalogic	proteomics	SomaScan	7k
Plasma	Insulin-like growth factor-binding protein 2	8819-3	ENSG00000115457	P18065	combined	seq.8819.3	Somalogic	proteomics	SomaScan	7k
Plasma	Paired immunoglobulin-like type 2 receptor alpha	8825-4	ENSG00000085514	Q9UKJ1	combined	seq.8825.4	Somalogic	proteomics	SomaScan	7k
Plasma	Epithelial splicing regulatory protein 1	8828-21	ENSG00000104413	Q6NXG1	combined	seq.8828.21	Somalogic	proteomics	SomaScan	7k
Plasma	BRISC complex subunit Abro1	8830-29	ENSG00000165660	Q15018	combined	seq.8830.29	Somalogic	proteomics	SomaScan	7k
Plasma	Bone marrow stromal antigen 2	8832-55	ENSG00000130303	Q10589	combined	seq.8832.55	Somalogic	proteomics	SomaScan	7k
Plasma	Tumor necrosis factor ligand superfamily member 10	8833-20	ENSG00000121858	P50591	combined	seq.8833.20	Somalogic	proteomics	SomaScan	7k
Plasma	Calnexin	8834-58	ENSG00000127022|ENSG00000283777	P27824	combined	seq.8834.58	Somalogic	proteomics	SomaScan	7k
Plasma	Microfibrillar-associated protein 3-like	8837-8	ENSG00000198948	O75121	combined	seq.8837.8	Somalogic	proteomics	SomaScan	7k
Plasma	Protein CASC4	8838-10	ENSG00000166734	Q6P4E1	combined	seq.8838.10	Somalogic	proteomics	SomaScan	7k
Plasma	Metaxin-2	8839-4	ENSG00000128654	O75431	combined	seq.8839.4	Somalogic	proteomics	SomaScan	7k
Plasma	Complement C1s subcomponent	8840-61	ENSG00000182326	P09871	combined	seq.8840.61	Somalogic	proteomics	SomaScan	7k
Plasma	Cartilage intermediate layer protein 2	8841-65	ENSG00000160161	Q8IUL8	combined	seq.8841.65	Somalogic	proteomics	SomaScan	7k
Plasma	GRAM domain-containing protein 1C	8842-16	ENSG00000178075	Q8IYS0	combined	seq.8842.16	Somalogic	proteomics	SomaScan	7k
Plasma	Myelin regulatory factor	8843-34	ENSG00000124920	Q9Y2G1	combined	seq.8843.34	Somalogic	proteomics	SomaScan	7k
Plasma	A disintegrin and metalloproteinase with thrombospondin motifs 3	8845-2	ENSG00000156140	O15072	combined	seq.8845.2	Somalogic	proteomics	SomaScan	7k
Plasma	Putative inactive group IIC secretory phospholipase A2	8850-5	ENSG00000187980	Q5R387	combined	seq.8850.5	Somalogic	proteomics	SomaScan	7k
Plasma	Protein FAM171B:Extracellular domain	8851-42	ENSG00000144369	Q6P995	combined	seq.8851.42	Somalogic	proteomics	SomaScan	7k
Plasma	SUN domain-containing protein 3	8852-10	ENSG00000164744	Q8TAQ9	combined	seq.8852.10	Somalogic	proteomics	SomaScan	7k
Plasma	C-type lectin domain family 4 member A	8853-2	ENSG00000111729	Q9UMR7	combined	seq.8853.2	Somalogic	proteomics	SomaScan	7k
Plasma	Ribonucleoside-diphosphate reductase subunit M2 B	8854-59	ENSG00000048392	Q7LG56	combined	seq.8854.59	Somalogic	proteomics	SomaScan	7k
Plasma	Basic leucine zipper transcriptional factor ATF-like 3	8858-21	ENSG00000123685	Q9NR55	combined	seq.8858.21	Somalogic	proteomics	SomaScan	7k
Plasma	Carbonic anhydrase-related protein 11	8859-51	ENSG00000063180	O75493	combined	seq.8859.51	Somalogic	proteomics	SomaScan	7k
Plasma	Phosphatidylinositol 3-kinase regulatory subunit alpha	8863-3	ENSG00000145675	P27986	combined	seq.8863.3	Somalogic	proteomics	SomaScan	7k
Plasma	Centromere protein W	8864-59	ENSG00000203760	Q5EE01	combined	seq.8864.59	Somalogic	proteomics	SomaScan	7k
Plasma	Glutaminyl-peptide cyclotransferase-like protein	8866-53	ENSG00000011478	Q9NXS2	combined	seq.8866.53	Somalogic	proteomics	SomaScan	7k
Plasma	Glycodelin	8867-18	ENSG00000122133	P09466	combined	seq.8867.18	Somalogic	proteomics	SomaScan	7k
Plasma	Butyrophilin subfamily 2 member A1	8869-5	ENSG00000112763	Q7KYR7	combined	seq.8869.5	Somalogic	proteomics	SomaScan	7k
Plasma	Nucleophosmin	8870-38	ENSG00000181163	P06748	combined	seq.8870.38	Somalogic	proteomics	SomaScan	7k
Plasma	Nuclear migration protein nudC:N-term, contains nuclear localization domain	8871-14	ENSG00000090273	Q9Y266	combined	seq.8871.14	Somalogic	proteomics	SomaScan	7k
Plasma	Ceroid-lipofuscinosis neuronal protein 5:Lumenal domain	8874-53	ENSG00000102805	O75503	combined	seq.8874.53	Somalogic	proteomics	SomaScan	7k
Plasma	Neurexin-2-beta	8876-51	ENSG00000110076	P58401	combined	seq.8876.51	Somalogic	proteomics	SomaScan	7k
Plasma	Protein eva-1 homolog C:Extracellular domain	8877-22	ENSG00000166979	P58658	combined	seq.8877.22	Somalogic	proteomics	SomaScan	7k
Plasma	YTH domain-containing protein 1	8878-48	ENSG00000275272|ENSG00000083896	Q96MU7	combined	seq.8878.48	Somalogic	proteomics	SomaScan	7k
Plasma	Disintegrin and metalloproteinase domain-containing protein 17:Cytoplasmic domain	8882-1	ENSG00000151694	P78536	combined	seq.8882.1	Somalogic	proteomics	SomaScan	7k
Plasma	Voltage-dependent calcium channel subunit alpha-2/delta-3	8885-6	ENSG00000157445	Q8IZS8	combined	seq.8885.6	Somalogic	proteomics	SomaScan	7k
Plasma	Nuclear migration protein nudC:CS domain	8887-21	ENSG00000090273	Q9Y266	combined	seq.8887.21	Somalogic	proteomics	SomaScan	7k
Plasma	Small integral membrane protein 9	8888-33	ENSG00000203870	A6NGZ8	combined	seq.8888.33	Somalogic	proteomics	SomaScan	7k
Plasma	Cell cycle progression protein 1	8889-5	ENSG00000260916	Q9ULG6	combined	seq.8889.5	Somalogic	proteomics	SomaScan	7k
Plasma	Transmembrane protein 132B	8890-9	ENSG00000139364	Q14DG7	combined	seq.8890.9	Somalogic	proteomics	SomaScan	7k
Plasma	Probable serine carboxypeptidase CPVL	8891-7	ENSG00000106066	Q9H3G5	combined	seq.8891.7	Somalogic	proteomics	SomaScan	7k
Plasma	Platelet endothelial aggregation receptor 1:Cytoplasmic domain	8892-14	ENSG00000187800	Q5VY43	combined	seq.8892.14	Somalogic	proteomics	SomaScan	7k
Plasma	Poly [ADP-ribose] polymerase 1:region 1	8893-29	ENSG00000143799	P09874	combined	seq.8893.29	Somalogic	proteomics	SomaScan	7k
Plasma	Heterogeneous nuclear ribonucleoprotein A/B	8894-80	ENSG00000197451	Q99729	combined	seq.8894.80	Somalogic	proteomics	SomaScan	7k
Plasma	Leucine-rich repeat-containing protein 37A2	8897-3	ENSG00000238083	A6NM11	combined	seq.8897.3	Somalogic	proteomics	SomaScan	7k
Plasma	UDP-glucuronosyltransferase 1-8	8899-75	ENSG00000242366	Q9HAW9	combined	seq.8899.75	Somalogic	proteomics	SomaScan	7k
Plasma	Neogenin	8900-28	ENSG00000067141	Q92859	combined	seq.8900.28	Somalogic	proteomics	SomaScan	7k
Plasma	14-3-3 protein gamma	8901-40	ENSG00000170027	P61981	combined	seq.8901.40	Somalogic	proteomics	SomaScan	7k
Plasma	Cytochrome c oxidase subunit 6C	8903-1	ENSG00000164919	P09669	combined	seq.8903.1	Somalogic	proteomics	SomaScan	7k
Plasma	Calcium-activated potassium channel subunit beta-3	8905-20	ENSG00000171121	Q9NPA1	combined	seq.8905.20	Somalogic	proteomics	SomaScan	7k
Plasma	Leucine-rich repeat and transmembrane domain-containing protein 2	8906-60	ENSG00000166159|ENSG00000285383	Q8N967	combined	seq.8906.60	Somalogic	proteomics	SomaScan	7k
Plasma	UDP-glucuronosyltransferase 2A1	8907-11	ENSG00000173610|ENSG00000271271	P0DTE4	combined	seq.8907.11	Somalogic	proteomics	SomaScan	7k
Plasma	Potassium voltage-gated channel subfamily E regulatory beta subunit 5:Cytoplasmic domain	8908-14	ENSG00000176076	Q9UJ90	combined	seq.8908.14	Somalogic	proteomics	SomaScan	7k
Plasma	Glucosamine-6-phosphate isomerase 1	8909-77	ENSG00000113552	P46926	combined	seq.8909.77	Somalogic	proteomics	SomaScan	7k
Plasma	Sialic acid-binding Ig-like lectin 11:Cytoplasmic domain, Isoform 2	8913-22	ENSG00000161640	Q96RL6	combined	seq.8913.22	Somalogic	proteomics	SomaScan	7k
Plasma	Stromal interaction molecule 1:Cytoplasmic domain	8916-32	ENSG00000167323	Q13586	combined	seq.8916.32	Somalogic	proteomics	SomaScan	7k
Plasma	Protein-tyrosine kinase 2-beta:Focal adhesion targeting domain	8918-64	ENSG00000120899	Q14289	combined	seq.8918.64	Somalogic	proteomics	SomaScan	7k
Plasma	Polyadenylate-binding protein 2	8921-139	ENSG00000100836	Q86U42	combined	seq.8921.139	Somalogic	proteomics	SomaScan	7k
Plasma	Transmembrane and coiled-coil domains protein 3:region 1	8922-4	ENSG00000057704	Q9ULS5	combined	seq.8922.4	Somalogic	proteomics	SomaScan	7k
Plasma	Polypeptide N-acetylgalactosaminyltransferase 16	8923-94	ENSG00000100626	Q8N428	combined	seq.8923.94	Somalogic	proteomics	SomaScan	7k
Plasma	Neuron-specific vesicular protein calcyon	8924-55	ENSG00000130643	Q9NYX4	combined	seq.8924.55	Somalogic	proteomics	SomaScan	7k
Plasma	Ribonucleoside-diphosphate reductase subunit M2 B	8925-25	ENSG00000048392	Q7LG56	combined	seq.8925.25	Somalogic	proteomics	SomaScan	7k
Plasma	Uncharacterized protein C7orf73	8927-6	ENSG00000243317	E0CX11	combined	seq.8927.6	Somalogic	proteomics	SomaScan	7k
Plasma	Transcription factor TFIIIB component B'' homolog	8929-7	ENSG00000273873|ENSG00000145734	A6H8Y1	combined	seq.8929.7	Somalogic	proteomics	SomaScan	7k
Plasma	G0/G1 switch protein 2	8931-124	ENSG00000123689	P27469	combined	seq.8931.124	Somalogic	proteomics	SomaScan	7k
Plasma	Ectonucleoside triphosphate diphosphohydrolase 6	8932-1	ENSG00000197586	O75354	combined	seq.8932.1	Somalogic	proteomics	SomaScan	7k
Plasma	Myocyte-specific enhancer factor 2C	8933-84	ENSG00000081189	Q06413	combined	seq.8933.84	Somalogic	proteomics	SomaScan	7k
Plasma	Multidrug resistance-associated protein 6	8935-22	ENSG00000275331|ENSG00000091262	O95255	combined	seq.8935.22	Somalogic	proteomics	SomaScan	7k
Plasma	Neuroligin-3	8941-4	ENSG00000196338	Q9NZ94	combined	seq.8941.4	Somalogic	proteomics	SomaScan	7k
Plasma	39S ribosomal protein L21, mitochondrial	8942-2	ENSG00000197345	Q7Z2W9	combined	seq.8942.2	Somalogic	proteomics	SomaScan	7k
Plasma	BRISC complex subunit Abro1	8945-7	ENSG00000165660	Q15018	combined	seq.8945.7	Somalogic	proteomics	SomaScan	7k
Plasma	Bile acid receptor	8946-38	ENSG00000012504	Q96RI1	combined	seq.8946.38	Somalogic	proteomics	SomaScan	7k
Plasma	Disintegrin and metalloproteinase domain-containing protein 19	8948-13	ENSG00000135074	Q9H013	combined	seq.8948.13	Somalogic	proteomics	SomaScan	7k
Plasma	Calcium-activated chloride channel regulator 2	8950-4	ENSG00000137975	Q9UQC9	combined	seq.8950.4	Somalogic	proteomics	SomaScan	7k
Plasma	Chondroitin sulfate proteoglycan 4	8951-162	ENSG00000173546	Q6UVK1	combined	seq.8951.162	Somalogic	proteomics	SomaScan	7k
Plasma	Granulocyte colony-stimulating factor	8952-65	ENSG00000108342	P09919	combined	seq.8952.65	Somalogic	proteomics	SomaScan	7k
Plasma	Hepatoma-derived growth factor	8953-47	ENSG00000143321	P51858	combined	seq.8953.47	Somalogic	proteomics	SomaScan	7k
Plasma	Mitogen-activated protein kinase kinase kinase kinase 1	8954-30		Q92918	combined	seq.8954.30	Somalogic	proteomics	SomaScan	7k
Plasma	Glycosyltransferase 8 domain-containing protein 1	8955-60	ENSG00000016864	Q68CQ7	combined	seq.8955.60	Somalogic	proteomics	SomaScan	7k
Plasma	Scavenger receptor class F member 2:Extracellular domain	8956-96	ENSG00000244486	Q96GP6	combined	seq.8956.96	Somalogic	proteomics	SomaScan	7k
Plasma	Endoplasmic reticulum lectin 1	8957-72	ENSG00000068912	Q96DZ1	combined	seq.8957.72	Somalogic	proteomics	SomaScan	7k
Plasma	Neural cell adhesion molecule L1-like protein	8958-51	ENSG00000134121	O00533	combined	seq.8958.51	Somalogic	proteomics	SomaScan	7k
Plasma	Disintegrin and metalloproteinase domain-containing protein 17:Extracellular domain	8959-61	ENSG00000151694	P78536	combined	seq.8959.61	Somalogic	proteomics	SomaScan	7k
Plasma	Endoplasmic reticulum aminopeptidase 2	8960-3	ENSG00000164308	Q6P179	combined	seq.8960.3	Somalogic	proteomics	SomaScan	7k
Plasma	Ribosomal protein S6 kinase beta-1	8962-48	ENSG00000108443	P23443	combined	seq.8962.48	Somalogic	proteomics	SomaScan	7k
Plasma	Vesicle transport through interaction with t-SNAREs homolog 1B	8963-8	ENSG00000100568	Q9UEU0	combined	seq.8963.8	Somalogic	proteomics	SomaScan	7k
Plasma	Dual specificity protein phosphatase 26	8967-6	ENSG00000133878	Q9BV47	combined	seq.8967.6	Somalogic	proteomics	SomaScan	7k
Plasma	Monocyte differentiation antigen CD14	8969-49	ENSG00000170458	P08571	combined	seq.8969.49	Somalogic	proteomics	SomaScan	7k
Plasma	Receptor-interacting serine/threonine-protein kinase 2	8970-9	ENSG00000104312	O43353	combined	seq.8970.9	Somalogic	proteomics	SomaScan	7k
Plasma	Neurexin-1	8971-9	ENSG00000179915	Q9ULB1	combined	seq.8971.9	Somalogic	proteomics	SomaScan	7k
Plasma	Fc receptor-like protein 4:Extracellular domain	8973-23	ENSG00000163518	Q96PJ5	combined	seq.8973.23	Somalogic	proteomics	SomaScan	7k
Plasma	Collagen alpha-1(XV) chain	8974-172	ENSG00000204291	P39059	combined	seq.8974.172	Somalogic	proteomics	SomaScan	7k
Plasma	Cell differentiation protein RCD1 homolog	8975-26	ENSG00000144580	Q92600	combined	seq.8975.26	Somalogic	proteomics	SomaScan	7k
Plasma	Beta-1,4 N-acetylgalactosaminyltransferase 1	8976-13	ENSG00000135454	Q00973	combined	seq.8976.13	Somalogic	proteomics	SomaScan	7k
Plasma	Mitogen-activated protein kinase kinase kinase kinase 3	8978-30		Q8IVH8	combined	seq.8978.30	Somalogic	proteomics	SomaScan	7k
Plasma	Cell surface glycoprotein CD200 receptor 2	8980-19	ENSG00000206531	Q6Q8B3	combined	seq.8980.19	Somalogic	proteomics	SomaScan	7k
Plasma	Thrombospondin-3	8982-65	ENSG00000169231	P49746	combined	seq.8982.65	Somalogic	proteomics	SomaScan	7k
Plasma	Golgi membrane protein 1	8983-7	ENSG00000135052	Q8NBJ4	combined	seq.8983.7	Somalogic	proteomics	SomaScan	7k
Plasma	Leucine-rich repeat and calponin homology domain-containing protein 4:Leucine-rich repeat 5	8984-28	ENSG00000077454	O75427	combined	seq.8984.28	Somalogic	proteomics	SomaScan	7k
Plasma	Protein SERAC1	8985-13	ENSG00000122335	Q96JX3	combined	seq.8985.13	Somalogic	proteomics	SomaScan	7k
Plasma	D-3-phosphoglycerate dehydrogenase	8986-2	ENSG00000092621	O43175	combined	seq.8986.2	Somalogic	proteomics	SomaScan	7k
Plasma	Signal peptide, CUB and EGF-like domain-containing protein 1	8989-40	ENSG00000159307	Q8IWY4	combined	seq.8989.40	Somalogic	proteomics	SomaScan	7k
Plasma	Sodium/potassium-transporting ATPase subunit beta-3	8990-42	ENSG00000069849	P54709	combined	seq.8990.42	Somalogic	proteomics	SomaScan	7k
Plasma	Fc receptor-like protein 4:Cytoplasmic domain	8991-115	ENSG00000163518	Q96PJ5	combined	seq.8991.115	Somalogic	proteomics	SomaScan	7k
Plasma	Transmembrane protein 2	8992-1	ENSG00000135048	Q9UHN6	combined	seq.8992.1	Somalogic	proteomics	SomaScan	7k
Plasma	Receptor-interacting serine/threonine-protein kinase 2	8993-151	ENSG00000104312	O43353	combined	seq.8993.151	Somalogic	proteomics	SomaScan	7k
Plasma	SLAM family member 8	8994-65	ENSG00000158714	Q9P0V8	combined	seq.8994.65	Somalogic	proteomics	SomaScan	7k
Plasma	Neuronal pentraxin receptor	8997-4	ENSG00000221890	O95502	combined	seq.8997.4	Somalogic	proteomics	SomaScan	7k
Plasma	Heparan sulfate glucosamine 3-O-sulfotransferase 4	8998-15	ENSG00000182601	Q9Y661	combined	seq.8998.15	Somalogic	proteomics	SomaScan	7k
Plasma	Carcinoembryonic antigen-related cell adhesion molecule 3	8999-19	ENSG00000170956	P40198	combined	seq.8999.19	Somalogic	proteomics	SomaScan	7k
Plasma	Neutral and basic amino acid transport protein rBAT	9000-177	ENSG00000138079	Q07837	combined	seq.9000.177	Somalogic	proteomics	SomaScan	7k
Plasma	Serpin A11	9002-36	ENSG00000186910	Q86U17	combined	seq.9002.36	Somalogic	proteomics	SomaScan	7k
Plasma	Macrophage receptor MARCO	9003-99	ENSG00000019169	Q9UEW3	combined	seq.9003.99	Somalogic	proteomics	SomaScan	7k
Plasma	Low-density lipoprotein receptor class A domain-containing protein 4	9004-24	ENSG00000168675	O15165	combined	seq.9004.24	Somalogic	proteomics	SomaScan	7k
Plasma	Plexin-A1	9005-16	ENSG00000114554	Q9UIW2	combined	seq.9005.16	Somalogic	proteomics	SomaScan	7k
Plasma	Transmembrane gamma-carboxyglutamic acid protein 1:Pro-form, Extracellular domain	9008-6	ENSG00000130962	O14668	combined	seq.9008.6	Somalogic	proteomics	SomaScan	7k
Plasma	Pre-mRNA-processing factor 6:region 1	9012-1	ENSG00000101161	O94906	combined	seq.9012.1	Somalogic	proteomics	SomaScan	7k
Plasma	Netrin-1	9013-60	ENSG00000065320	O95631	combined	seq.9013.60	Somalogic	proteomics	SomaScan	7k
Plasma	Transmembrane protein 25	9014-18	ENSG00000149582	Q86YD3	combined	seq.9014.18	Somalogic	proteomics	SomaScan	7k
Plasma	Proteoglycan 3	9015-1	ENSG00000156575	Q9Y2Y8	combined	seq.9015.1	Somalogic	proteomics	SomaScan	7k
Plasma	Oxysterols receptor LXR-beta	9016-12	ENSG00000131408	P55055	combined	seq.9016.12	Somalogic	proteomics	SomaScan	7k
Plasma	Lactase-phlorizin hydrolase	9017-58	ENSG00000115850	P09848	combined	seq.9017.58	Somalogic	proteomics	SomaScan	7k
Plasma	Protocadherin-10:Extracellular domain	9018-38	ENSG00000138650	Q9P2E7	combined	seq.9018.38	Somalogic	proteomics	SomaScan	7k
Plasma	Hepatitis A virus cellular receptor 1	9021-1	ENSG00000113249	Q96D42	combined	seq.9021.1	Somalogic	proteomics	SomaScan	7k
Plasma	Beta-defensin 132	9022-49	ENSG00000186458	Q7Z7B7	combined	seq.9022.49	Somalogic	proteomics	SomaScan	7k
Plasma	Alpha-hemoglobin-stabilizing protein	9025-5	ENSG00000169877	Q9NZD4	combined	seq.9025.5	Somalogic	proteomics	SomaScan	7k
Plasma	Butyrophilin-like protein 8	9026-40	ENSG00000113303	Q6UX41	combined	seq.9026.40	Somalogic	proteomics	SomaScan	7k
Plasma	Neuroligin-2:Cytoplasmic domain	9027-10	ENSG00000283859|ENSG00000169992	Q8NFZ4	combined	seq.9027.10	Somalogic	proteomics	SomaScan	7k
Plasma	Poly(A) RNA polymerase, mitochondrial	9028-5	ENSG00000107951	Q9NVV4	combined	seq.9028.5	Somalogic	proteomics	SomaScan	7k
Plasma	Uncharacterized protein C17orf89	9030-56	ENSG00000224877	A1L188	combined	seq.9030.56	Somalogic	proteomics	SomaScan	7k
Plasma	Proto-oncogene tyrosine-protein kinase ROS	9032-30	ENSG00000047936	P08922	combined	seq.9032.30	Somalogic	proteomics	SomaScan	7k
Plasma	MAX-interacting protein 1	9035-2	ENSG00000119950	P50539	combined	seq.9035.2	Somalogic	proteomics	SomaScan	7k
Plasma	Syntaxin-18	9037-1	ENSG00000168818	Q9P2W9	combined	seq.9037.1	Somalogic	proteomics	SomaScan	7k
Plasma	Protein JTB	9038-12	ENSG00000143543	O76095	combined	seq.9038.12	Somalogic	proteomics	SomaScan	7k
Plasma	Torsin-1A-interacting protein 1:Nuclear domain	9039-47	ENSG00000143337	Q5JTV8	combined	seq.9039.47	Somalogic	proteomics	SomaScan	7k
Plasma	Mammalian ependymin-related protein 1	9040-144	ENSG00000086289	Q9UM22	combined	seq.9040.144	Somalogic	proteomics	SomaScan	7k
Plasma	Tuftelin-interacting protein 11	9043-7	ENSG00000100109	Q9UBB9	combined	seq.9043.7	Somalogic	proteomics	SomaScan	7k
Plasma	Contactin-associated protein-like 5	9044-1	ENSG00000155052	Q8WYK1	combined	seq.9044.1	Somalogic	proteomics	SomaScan	7k
Plasma	Very long-chain acyl-CoA synthetase	9045-3	ENSG00000140284	O14975	combined	seq.9045.3	Somalogic	proteomics	SomaScan	7k
Plasma	Monocarboxylate transporter 4	9049-2	ENSG00000141526	O15427	combined	seq.9049.2	Somalogic	proteomics	SomaScan	7k
Plasma	Arginine/serine-rich protein 1	9050-170	ENSG00000117616	Q9BUV0	combined	seq.9050.170	Somalogic	proteomics	SomaScan	7k
Plasma	Interleukin-32	9051-13	ENSG00000008517	P24001	combined	seq.9051.13	Somalogic	proteomics	SomaScan	7k
Plasma	Cysteine-rich protein 2	9053-16	ENSG00000182809	P52943	combined	seq.9053.16	Somalogic	proteomics	SomaScan	7k
Plasma	Myocardial zonula adherens protein	9055-81	ENSG00000263155	P0CAP1	combined	seq.9055.81	Somalogic	proteomics	SomaScan	7k
Plasma	Proteasomal ubiquitin receptor ADRM1	9057-19	ENSG00000130706	Q16186	combined	seq.9057.19	Somalogic	proteomics	SomaScan	7k
Plasma	Mitochondrial import inner membrane translocase subunit Tim21	9058-1	ENSG00000075336	Q9BVV7	combined	seq.9058.1	Somalogic	proteomics	SomaScan	7k
Plasma	Rap guanine nucleotide exchange factor 5	9059-14	ENSG00000136237	Q92565	combined	seq.9059.14	Somalogic	proteomics	SomaScan	7k
Plasma	Protein turtle homolog B	9060-27	ENSG00000080854	Q9UPX0	combined	seq.9060.27	Somalogic	proteomics	SomaScan	7k
Plasma	Rho guanine nucleotide exchange factor 10	9061-3	ENSG00000104728|ENSG00000274726	O15013	combined	seq.9061.3	Somalogic	proteomics	SomaScan	7k
Plasma	RING finger protein 215:Cytoplasmic domain	9064-12	ENSG00000099999	Q9Y6U7	combined	seq.9064.12	Somalogic	proteomics	SomaScan	7k
Plasma	Alpha-taxilin	9065-28	ENSG00000084652	P40222	combined	seq.9065.28	Somalogic	proteomics	SomaScan	7k
Plasma	Janus kinase and microtubule-interacting protein 3	9068-17	ENSG00000188385	Q5VZ66	combined	seq.9068.17	Somalogic	proteomics	SomaScan	7k
Plasma	Uncharacterized protein C17orf67	9070-1	ENSG00000214226	Q0P5P2	combined	seq.9070.1	Somalogic	proteomics	SomaScan	7k
Plasma	Fatty acid hydroxylase domain-containing protein 2	9074-6	ENSG00000170271	Q96IV6	combined	seq.9074.6	Somalogic	proteomics	SomaScan	7k
Plasma	UPF0258 protein KIAA1024	9075-121	ENSG00000169330	Q9UPX6	combined	seq.9075.121	Somalogic	proteomics	SomaScan	7k
Plasma	Proenkephalin-A	9076-25	ENSG00000181195	P01210	combined	seq.9076.25	Somalogic	proteomics	SomaScan	7k
Plasma	Mannosyl-oligosaccharide 1,2-alpha-mannosidase IB	9077-10	ENSG00000198162	O60476	combined	seq.9077.10	Somalogic	proteomics	SomaScan	7k
Plasma	Beta-1-syntrophin	9078-207	ENSG00000172164	Q13884	combined	seq.9078.207	Somalogic	proteomics	SomaScan	7k
Plasma	Zinc transporter 3	9081-39	ENSG00000115194	Q99726	combined	seq.9081.39	Somalogic	proteomics	SomaScan	7k
Plasma	Protein sel-1 homolog 2	9082-25	ENSG00000101251	Q5TEA6	combined	seq.9082.25	Somalogic	proteomics	SomaScan	7k
Plasma	Tyrosine-protein phosphatase non-receptor type substrate 1	9083-35	ENSG00000198053	P78324	combined	seq.9083.35	Somalogic	proteomics	SomaScan	7k
Plasma	Mammaglobin-B	9086-95	ENSG00000124939	O75556	combined	seq.9086.95	Somalogic	proteomics	SomaScan	7k
Plasma	NHL repeat-containing protein 3	9087-8	ENSG00000188811	Q5JS37	combined	seq.9087.8	Somalogic	proteomics	SomaScan	7k
Plasma	Junctophilin-3	9089-77	ENSG00000154118	Q8WXH2	combined	seq.9089.77	Somalogic	proteomics	SomaScan	7k
Plasma	Synaptotagmin-like protein 4:Ca2+-dependent membrane-targeting module 1	9090-9	ENSG00000102362	Q96C24	combined	seq.9090.9	Somalogic	proteomics	SomaScan	7k
Plasma	Angiopoietin-related protein 1:N-term	9092-33	ENSG00000116194	O95841	combined	seq.9092.33	Somalogic	proteomics	SomaScan	7k
Plasma	C-type lectin domain family 4 member C	9094-5	ENSG00000198178	Q8WTT0	combined	seq.9094.5	Somalogic	proteomics	SomaScan	7k
Plasma	Mitochondrial fission regulator 1	9095-5	ENSG00000066855	Q15390	combined	seq.9095.5	Somalogic	proteomics	SomaScan	7k
Plasma	Lymphoid-restricted membrane protein	9096-80	ENSG00000118308	Q12912	combined	seq.9096.80	Somalogic	proteomics	SomaScan	7k
Plasma	UPF0577 protein KIAA1324:Cytoplasmic domain	9097-5	ENSG00000116299	Q6UXG2	combined	seq.9097.5	Somalogic	proteomics	SomaScan	7k
Plasma	Synaptotagmin-5	9099-19	ENSG00000129990	O00445	combined	seq.9099.19	Somalogic	proteomics	SomaScan	7k
Plasma	Uncharacterized protein C5orf46	9100-32	ENSG00000178776	Q6UWT4	combined	seq.9100.32	Somalogic	proteomics	SomaScan	7k
Plasma	Protrudin:Cytoplasmic domain, region 2, isoform 5	9102-28	ENSG00000155256	Q5T4F4	combined	seq.9102.28	Somalogic	proteomics	SomaScan	7k
Plasma	LysM and putative peptidoglycan-binding domain-containing protein 4	9106-87	ENSG00000183060	Q5XG99	combined	seq.9106.87	Somalogic	proteomics	SomaScan	7k
Plasma	Armadillo repeat-containing protein 10	9107-59	ENSG00000170632	Q8N2F6	combined	seq.9107.59	Somalogic	proteomics	SomaScan	7k
Plasma	Synaptotagmin-17	9110-2	ENSG00000103528	Q9BSW7	combined	seq.9110.2	Somalogic	proteomics	SomaScan	7k
Plasma	Junctophilin-4	9111-40	ENSG00000092051	Q96JJ6	combined	seq.9111.40	Somalogic	proteomics	SomaScan	7k
Plasma	Uromodulin-like 1	9114-84	ENSG00000177398	Q5DID0	combined	seq.9114.84	Somalogic	proteomics	SomaScan	7k
Plasma	ADAM DEC1	9115-78	ENSG00000134028	O15204	combined	seq.9115.78	Somalogic	proteomics	SomaScan	7k
Plasma	HEPACAM family member 2:Isoform 1, Cytoplasmic domain	9116-28	ENSG00000188175	A8MVW5	combined	seq.9116.28	Somalogic	proteomics	SomaScan	7k
Plasma	Interleukin-36 gamma	9117-4	ENSG00000136688	Q9NZH8	combined	seq.9117.4	Somalogic	proteomics	SomaScan	7k
Plasma	PH and SEC7 domain-containing protein 2	9118-7	ENSG00000146005	Q9BQI7	combined	seq.9118.7	Somalogic	proteomics	SomaScan	7k
Plasma	Galactoside 2-alpha-L-fucosyltransferase 2	9121-28	ENSG00000176920	Q10981	combined	seq.9121.28	Somalogic	proteomics	SomaScan	7k
Plasma	Protein Dos	9123-18	ENSG00000099625	Q8N350	combined	seq.9123.18	Somalogic	proteomics	SomaScan	7k
Plasma	Mannan-binding lectin serine protease 1:Sushi 1 and Sushi 2	9125-23	ENSG00000127241	P48740	combined	seq.9125.23	Somalogic	proteomics	SomaScan	7k
Plasma	5'-nucleotidase domain-containing protein 3	9126-171	ENSG00000111696	Q86UY8	combined	seq.9126.171	Somalogic	proteomics	SomaScan	7k
Plasma	Prestin	9127-4	ENSG00000170615	P58743	combined	seq.9127.4	Somalogic	proteomics	SomaScan	7k
Plasma	Leucine-rich repeat transmembrane protein FLRT3:Cytoplasmic domain	9128-34	ENSG00000125848	Q9NZU0	combined	seq.9128.34	Somalogic	proteomics	SomaScan	7k
Plasma	C-C motif chemokine 26	9168-31	ENSG00000006606	Q9Y258	combined	seq.9168.31	Somalogic	proteomics	SomaScan	7k
Plasma	Small ubiquitin-related modifier 3	9169-14	ENSG00000184900	P55854	combined	seq.9169.14	Somalogic	proteomics	SomaScan	7k
Plasma	Interleukin-17A	9170-24	ENSG00000112115	Q16552	combined	seq.9170.24	Somalogic	proteomics	SomaScan	7k
Plasma	Cysteine and glycine-rich protein 3	9171-11	ENSG00000129170	P50461	combined	seq.9171.11	Somalogic	proteomics	SomaScan	7k
Plasma	Neutrophil collagenase	9172-69	ENSG00000118113	P22894	combined	seq.9172.69	Somalogic	proteomics	SomaScan	7k
Plasma	Phosphoglucomutase-1	9173-21	ENSG00000079739	P36871	combined	seq.9173.21	Somalogic	proteomics	SomaScan	7k
Plasma	Down syndrome cell adhesion molecule	9175-48	ENSG00000171587	O60469	combined	seq.9175.48	Somalogic	proteomics	SomaScan	7k
Plasma	Mucin-1:region 2	9176-3	ENSG00000185499	P15941	combined	seq.9176.3	Somalogic	proteomics	SomaScan	7k
Plasma	Protein FAM3B	9177-6	ENSG00000183844	P58499	combined	seq.9177.6	Somalogic	proteomics	SomaScan	7k
Plasma	Neuregulin-1	9178-30	ENSG00000157168	Q02297	combined	seq.9178.30	Somalogic	proteomics	SomaScan	7k
Plasma	Interferon gamma receptor 2:Extracellular domain	9180-6	ENSG00000262795|ENSG00000159128	P38484	combined	seq.9180.6	Somalogic	proteomics	SomaScan	7k
Plasma	Low-density lipoprotein receptor-related protein 1, soluble:Extracellular domain, LDL receptor class A domains 11-20	9182-3	ENSG00000123384	Q07954	combined	seq.9182.3	Somalogic	proteomics	SomaScan	7k
Plasma	Interferon alpha/beta receptor 1	9183-7	ENSG00000142166	P17181	combined	seq.9183.7	Somalogic	proteomics	SomaScan	7k
Plasma	Trefoil factor 1	9185-15	ENSG00000160182	P04155	combined	seq.9185.15	Somalogic	proteomics	SomaScan	7k
Plasma	Non-histone chromosomal protein HMG-14	9187-2	ENSG00000205581	P05114	combined	seq.9187.2	Somalogic	proteomics	SomaScan	7k
Plasma	C-X-C motif chemokine 9	9188-119	ENSG00000138755	Q07325	combined	seq.9188.119	Somalogic	proteomics	SomaScan	7k
Plasma	CD63 antigen	9190-7	ENSG00000135404	P08962	combined	seq.9190.7	Somalogic	proteomics	SomaScan	7k
Plasma	Trefoil factor 2	9191-8	ENSG00000160181	Q03403	combined	seq.9191.8	Somalogic	proteomics	SomaScan	7k
Plasma	Galectin-7	9196-8	ENSG00000282902|ENSG00000283082|ENSG00000178934|ENSG00000205076	P47929	combined	seq.9196.8	Somalogic	proteomics	SomaScan	7k
Plasma	Galectin-9	9197-4	ENSG00000168961	O00182	combined	seq.9197.4	Somalogic	proteomics	SomaScan	7k
Plasma	Ubiquitin-conjugating enzyme E2 G2	9199-6	ENSG00000184787	P60604	combined	seq.9199.6	Somalogic	proteomics	SomaScan	7k
Plasma	Transgelin-2	9201-13	ENSG00000158710	P37802	combined	seq.9201.13	Somalogic	proteomics	SomaScan	7k
Plasma	ATP synthase subunit O, mitochondrial	9202-309	ENSG00000241837	P48047	combined	seq.9202.309	Somalogic	proteomics	SomaScan	7k
Plasma	Pro-opiomelanocortin	9204-33	ENSG00000115138	P01189	combined	seq.9204.33	Somalogic	proteomics	SomaScan	7k
Plasma	Quinone oxidoreductase-like protein 1	9207-60	ENSG00000205758	O95825	combined	seq.9207.60	Somalogic	proteomics	SomaScan	7k
Plasma	Pigment epithelium-derived factor	9211-19	ENSG00000132386	P36955	combined	seq.9211.19	Somalogic	proteomics	SomaScan	7k
Plasma	Cathepsin F	9212-22	ENSG00000174080	Q9UBX1	combined	seq.9212.22	Somalogic	proteomics	SomaScan	7k
Plasma	Formimidoyltransferase-cyclodeaminase	9213-24	ENSG00000160282	O95954	combined	seq.9213.24	Somalogic	proteomics	SomaScan	7k
Plasma	Ubiquitin carboxyl-terminal hydrolase 25	9215-117	ENSG00000155313	Q9UHP3	combined	seq.9215.117	Somalogic	proteomics	SomaScan	7k
Plasma	Plexin-B2	9216-100	ENSG00000196576	O15031	combined	seq.9216.100	Somalogic	proteomics	SomaScan	7k
Plasma	Tumor necrosis factor receptor superfamily member 6	9218-7	ENSG00000026103	P25445	combined	seq.9218.7	Somalogic	proteomics	SomaScan	7k
Plasma	Neudesin	9219-70	ENSG00000117691	Q9UMX5	combined	seq.9219.70	Somalogic	proteomics	SomaScan	7k
Plasma	Ephrin type-B receptor 3	9220-7	ENSG00000182580	P54753	combined	seq.9220.7	Somalogic	proteomics	SomaScan	7k
Plasma	Inositol 1,4,5-trisphosphate receptor-interacting protein-like 1	9221-6	ENSG00000198885	Q6GPH6	combined	seq.9221.6	Somalogic	proteomics	SomaScan	7k
Plasma	Mesencephalic astrocyte-derived neurotrophic factor	9223-11	ENSG00000145050	P55145	combined	seq.9223.11	Somalogic	proteomics	SomaScan	7k
Plasma	Prolactin receptor	9224-20	ENSG00000113494	P16471	combined	seq.9224.20	Somalogic	proteomics	SomaScan	7k
Plasma	Transmembrane and ubiquitin-like domain-containing protein 2	9226-6	ENSG00000168591	Q71RG4	combined	seq.9226.6	Somalogic	proteomics	SomaScan	7k
Plasma	Programmed cell death protein 1	9227-15	ENSG00000276977|ENSG00000188389	Q15116	combined	seq.9227.15	Somalogic	proteomics	SomaScan	7k
Plasma	Chymotrypsin-like protease CTRL-1	9229-9	ENSG00000141086	P40313	combined	seq.9229.9	Somalogic	proteomics	SomaScan	7k
Plasma	Inositol monophosphatase 3	9231-23	ENSG00000104331	Q9NX62	combined	seq.9231.23	Somalogic	proteomics	SomaScan	7k
Plasma	Roundabout homolog 4	9232-1	ENSG00000154133	Q8WZ75	combined	seq.9232.1	Somalogic	proteomics	SomaScan	7k
Plasma	Tissue factor pathway inhibitor 2	9233-71	ENSG00000105825	P48307	combined	seq.9233.71	Somalogic	proteomics	SomaScan	7k
Plasma	Twisted gastrulation protein homolog 1	9234-8	ENSG00000128791	Q9GZX9	combined	seq.9234.8	Somalogic	proteomics	SomaScan	7k
Plasma	Plexin domain-containing protein 1	9235-3	ENSG00000161381	Q8IUK5	combined	seq.9235.3	Somalogic	proteomics	SomaScan	7k
Plasma	Lysosomal acid phosphatase	9237-54	ENSG00000134575	P11117	combined	seq.9237.54	Somalogic	proteomics	SomaScan	7k
Plasma	Signal-regulatory protein gamma	9241-40	ENSG00000089012	Q9P1W8	combined	seq.9241.40	Somalogic	proteomics	SomaScan	7k
Plasma	Betacellulin	9242-11	ENSG00000174808	P35070	combined	seq.9242.11	Somalogic	proteomics	SomaScan	7k
Plasma	Lysozyme g-like protein 1	9243-10	ENSG00000144214	Q8N1E2	combined	seq.9243.10	Somalogic	proteomics	SomaScan	7k
Plasma	Palmitoyl-protein thioesterase 1	9244-27	ENSG00000131238	P50897	combined	seq.9244.27	Somalogic	proteomics	SomaScan	7k
Plasma	Killer cell immunoglobulin-like receptor 2DL4	9245-1	ENSG00000275456|ENSG00000278430|ENSG00000274232|ENSG00000274955|ENSG00000284365|ENSG00000278271|ENSG00000284013|ENSG00000189013|ENSG00000275317|ENSG00000278074|ENSG00000275699|ENSG00000283961|ENSG00000277362|ENSG00000276044|ENSG00000276779|ENSG00000274609|ENSG00000277750|ENSG00000283869|ENSG00000277964|ENSG00000273575|ENSG00000284460|ENSG00000284509	Q99706	combined	seq.9245.1	Somalogic	proteomics	SomaScan	7k
Plasma	Myeloid-derived growth factor	9248-36	ENSG00000074842	Q969H8	combined	seq.9248.36	Somalogic	proteomics	SomaScan	7k
Plasma	Transmembrane protein 9:Extracellular domain	9249-17	ENSG00000116857	Q9P0T7	combined	seq.9249.17	Somalogic	proteomics	SomaScan	7k
Plasma	Neutrophil defensin 1	9250-87	ENSG00000206047|ENSG00000284983|ENSG00000285176|ENSG00000240247	P59665	combined	seq.9250.87	Somalogic	proteomics	SomaScan	7k
Plasma	Epididymis-specific alpha-mannosidase	9251-28	ENSG00000013288	Q9Y2E5	combined	seq.9251.28	Somalogic	proteomics	SomaScan	7k
Plasma	Histo-blood group ABO system transferase	9253-52		P16442	combined	seq.9253.52	Somalogic	proteomics	SomaScan	7k
Plasma	High affinity immunoglobulin epsilon receptor subunit alpha	9254-18	ENSG00000179639	P12319	combined	seq.9254.18	Somalogic	proteomics	SomaScan	7k
Plasma	Interleukin-17C	9255-5	ENSG00000124391	Q9P0M4	combined	seq.9255.5	Somalogic	proteomics	SomaScan	7k
Plasma	Neuronal pentraxin-1	9256-78	ENSG00000171246	Q15818	combined	seq.9256.78	Somalogic	proteomics	SomaScan	7k
Plasma	Translational activator of cytochrome c oxidase 1	9257-14	ENSG00000136463	Q9BSH4	combined	seq.9257.14	Somalogic	proteomics	SomaScan	7k
Plasma	Tumor necrosis factor receptor superfamily member 21	9259-35	ENSG00000146072	O75509	combined	seq.9259.35	Somalogic	proteomics	SomaScan	7k
Plasma	Ephrin type-B receptor 6	9261-14	ENSG00000106123	O15197	combined	seq.9261.14	Somalogic	proteomics	SomaScan	7k
Plasma	Sialate O-acetylesterase	9263-57	ENSG00000110013	Q9HAT2	combined	seq.9263.57	Somalogic	proteomics	SomaScan	7k
Plasma	Cathepsin O	9264-11	ENSG00000263238|ENSG00000256043	P43234	combined	seq.9264.11	Somalogic	proteomics	SomaScan	7k
Plasma	Glioma pathogenesis-related protein 1	9265-10	ENSG00000139278	P48060	combined	seq.9265.10	Somalogic	proteomics	SomaScan	7k
Plasma	Triggering receptor expressed on myeloid cells 1	9266-1	ENSG00000124731	Q9NP99	combined	seq.9266.1	Somalogic	proteomics	SomaScan	7k
Plasma	Carboxypeptidase A4	9267-2	ENSG00000128510	Q9UI42	combined	seq.9267.2	Somalogic	proteomics	SomaScan	7k
Plasma	Biotinidase	9269-7	ENSG00000169814	P43251	combined	seq.9269.7	Somalogic	proteomics	SomaScan	7k
Plasma	Stromal interaction molecule 1:Extracellular domain	9271-101	ENSG00000167323	Q13586	combined	seq.9271.101	Somalogic	proteomics	SomaScan	7k
Plasma	Sialic acid-binding Ig-like lectin 5	9275-2	ENSG00000105501	O15389	combined	seq.9275.2	Somalogic	proteomics	SomaScan	7k
Plasma	Carboxypeptidase A2	9276-7	ENSG00000158516	P48052	combined	seq.9276.7	Somalogic	proteomics	SomaScan	7k
Plasma	Regenerating islet-derived protein 3-alpha	9277-16	ENSG00000172016	Q06141	combined	seq.9277.16	Somalogic	proteomics	SomaScan	7k
Plasma	Stromal cell-derived factor 1	9278-9	ENSG00000107562	P48061	combined	seq.9278.9	Somalogic	proteomics	SomaScan	7k
Plasma	Immunoglobulin superfamily member 11:Extracellular domain	9279-7	ENSG00000144847	Q5DX21	combined	seq.9279.7	Somalogic	proteomics	SomaScan	7k
Plasma	Cysteine-rich secretory protein 2	9282-12	ENSG00000124490	P16562	combined	seq.9282.12	Somalogic	proteomics	SomaScan	7k
Plasma	CD44 antigen	9283-8	ENSG00000026508	P16070	combined	seq.9283.8	Somalogic	proteomics	SomaScan	7k
Plasma	Secreted frizzled-related protein 4	9284-25	ENSG00000106483	Q6FHJ7	combined	seq.9284.25	Somalogic	proteomics	SomaScan	7k
Plasma	Sepiapterin reductase	9287-6	ENSG00000116096	P35270	combined	seq.9287.6	Somalogic	proteomics	SomaScan	7k
Plasma	Peptidyl-prolyl cis-trans isomerase FKBP7	9288-7	ENSG00000079150	Q9Y680	combined	seq.9288.7	Somalogic	proteomics	SomaScan	7k
Plasma	Regulator of microtubule dynamics protein 3	9290-8	ENSG00000137824	Q96TC7	combined	seq.9290.8	Somalogic	proteomics	SomaScan	7k
Plasma	Microfibrillar-associated protein 2	9294-45	ENSG00000117122	P55001	combined	seq.9294.45	Somalogic	proteomics	SomaScan	7k
Plasma	Receptor-type tyrosine-protein phosphatase delta	9296-15	ENSG00000153707|ENSG00000282932	P23468	combined	seq.9296.15	Somalogic	proteomics	SomaScan	7k
Plasma	UDP-GlcNAc:betaGal beta-1,3-N-acetylglucosaminyltransferase 8	9297-12	ENSG00000177191	Q7Z7M8	combined	seq.9297.12	Somalogic	proteomics	SomaScan	7k
Plasma	Nectin-1, isoform gamma:Extracellular domain	9300-13	ENSG00000110400	Q15223	combined	seq.9300.13	Somalogic	proteomics	SomaScan	7k
Plasma	Growth arrest and DNA damage-inducible proteins-interacting protein 1	9302-90	ENSG00000179271	Q8TAE8	combined	seq.9302.90	Somalogic	proteomics	SomaScan	7k
Plasma	ICOS ligand	9303-9	ENSG00000160223	O75144	combined	seq.9303.9	Somalogic	proteomics	SomaScan	7k
Plasma	Interferon gamma receptor 2:Extracellular domain	9305-89	ENSG00000262795|ENSG00000159128	P38484	combined	seq.9305.89	Somalogic	proteomics	SomaScan	7k
Plasma	Beta-defensin 118	9306-7	ENSG00000131068	Q96PH6	combined	seq.9306.7	Somalogic	proteomics	SomaScan	7k
Plasma	T-cell surface glycoprotein CD8 beta chain	9310-2	ENSG00000172116	P10966	combined	seq.9310.2	Somalogic	proteomics	SomaScan	7k
Plasma	Zinc-alpha-2-glycoprotein	9312-8	ENSG00000160862	P25311	combined	seq.9312.8	Somalogic	proteomics	SomaScan	7k
Plasma	Cerebellin-1	9313-27	ENSG00000102924	P23435	combined	seq.9313.27	Somalogic	proteomics	SomaScan	7k
Plasma	Pregnancy-specific beta-1-glycoprotein 5	9314-9	ENSG00000204941	Q15238	combined	seq.9314.9	Somalogic	proteomics	SomaScan	7k
Plasma	Mitochondrial ubiquitin ligase activator of NFKB 1:Mitochindrial intermembrane domain	9315-16	ENSG00000090432	Q969V5	combined	seq.9315.16	Somalogic	proteomics	SomaScan	7k
Plasma	WAP four-disulfide core domain protein 1	9316-67	ENSG00000103175	Q9HC57	combined	seq.9316.67	Somalogic	proteomics	SomaScan	7k
Plasma	Leucine-rich repeat-containing protein 25:Extracellular domain	9317-4	ENSG00000175489	Q8N386	combined	seq.9317.4	Somalogic	proteomics	SomaScan	7k
Plasma	Transmembrane emp24 domain-containing protein 4	9319-59	ENSG00000158604	Q7Z7H5	combined	seq.9319.59	Somalogic	proteomics	SomaScan	7k
Plasma	Neuromedin-B	9321-400	ENSG00000197696	P08949	combined	seq.9321.400	Somalogic	proteomics	SomaScan	7k
Plasma	Reticulocalbin-1	9322-15	ENSG00000049449	Q15293	combined	seq.9322.15	Somalogic	proteomics	SomaScan	7k
Plasma	Inter-alpha-trypsin inhibitor heavy chain H2	9326-33	ENSG00000151655	P19823	combined	seq.9326.33	Somalogic	proteomics	SomaScan	7k
Plasma	Ly6/PLAUR domain-containing protein 1	9327-3	ENSG00000150551	Q8N2G4	combined	seq.9327.3	Somalogic	proteomics	SomaScan	7k
Plasma	MHC class I polypeptide-related sequence B	9328-55	ENSG00000204516|ENSG00000238289|ENSG00000231179|ENSG00000227772|ENSG00000206449|ENSG00000234218|ENSG00000224378	Q29980	combined	seq.9328.55	Somalogic	proteomics	SomaScan	7k
Plasma	Trem-like transcript 1 protein:Extracellular domain, Ig-like V-type domain	9329-28	ENSG00000161911	Q86YW5	combined	seq.9329.28	Somalogic	proteomics	SomaScan	7k
Plasma	Beta-defensin 136	9332-6	ENSG00000285087|ENSG00000205884	Q30KP8	combined	seq.9332.6	Somalogic	proteomics	SomaScan	7k
Plasma	Endoplasmic reticulum resident protein 27	9333-59	ENSG00000139055	Q96DN0	combined	seq.9333.59	Somalogic	proteomics	SomaScan	7k
Plasma	Pregnancy-specific beta-1-glycoprotein 9	9335-28	ENSG00000183668	Q00887	combined	seq.9335.28	Somalogic	proteomics	SomaScan	7k
Plasma	Protachykinin-1	9337-43	ENSG00000006128	P20366	combined	seq.9337.43	Somalogic	proteomics	SomaScan	7k
Plasma	Peptidyl-prolyl cis-trans isomerase FKBP2	9339-204	ENSG00000173486	P26885	combined	seq.9339.204	Somalogic	proteomics	SomaScan	7k
Plasma	Peptidyl-prolyl cis-trans isomerase FKBP14	9340-17	ENSG00000106080	Q9NWM8	combined	seq.9340.17	Somalogic	proteomics	SomaScan	7k
Plasma	Platelet-derived growth factor D	9341-1	ENSG00000170962	Q9GZP0	combined	seq.9341.1	Somalogic	proteomics	SomaScan	7k
Plasma	Interleukin-2 receptor subunit beta	9343-16	ENSG00000100385	P14784	combined	seq.9343.16	Somalogic	proteomics	SomaScan	7k
Plasma	WAP four-disulfide core domain protein 13	9345-436	ENSG00000168634	Q8IUB5	combined	seq.9345.436	Somalogic	proteomics	SomaScan	7k
Plasma	Complement C1r subcomponent-like protein	9348-1	ENSG00000139178|ENSG00000288124	Q9NZP8	combined	seq.9348.1	Somalogic	proteomics	SomaScan	7k
Plasma	Follistatin-related protein 4	9350-3	ENSG00000053108	Q6MZW2	combined	seq.9350.3	Somalogic	proteomics	SomaScan	7k
Plasma	Regenerating islet-derived protein 3-gamma	9352-86	ENSG00000143954	Q6UW15	combined	seq.9352.86	Somalogic	proteomics	SomaScan	7k
Plasma	Protein CREG1	9357-4	ENSG00000143162	O75629	combined	seq.9357.4	Somalogic	proteomics	SomaScan	7k
Plasma	Protein delta homolog 2	9359-9	ENSG00000171462	Q6UY11	combined	seq.9359.9	Somalogic	proteomics	SomaScan	7k
Plasma	EGF-like repeat and discoidin I-like domain-containing protein 3	9360-33	ENSG00000164176	O43854	combined	seq.9360.33	Somalogic	proteomics	SomaScan	7k
Plasma	Protocadherin alpha-C2	9361-7	ENSG00000243232	Q9Y5I4	combined	seq.9361.7	Somalogic	proteomics	SomaScan	7k
Plasma	Cancer/testis antigen 55	9363-11	ENSG00000169551	Q8WUE5	combined	seq.9363.11	Somalogic	proteomics	SomaScan	7k
Plasma	Protein eyes shut homolog	9365-91	ENSG00000188107	Q5T1H1	combined	seq.9365.91	Somalogic	proteomics	SomaScan	7k
Plasma	Interleukin-21 receptor	9366-54	ENSG00000103522	Q9HBE5	combined	seq.9366.54	Somalogic	proteomics	SomaScan	7k
Plasma	Leucine-rich repeat and transmembrane domain-containing protein 1	9368-64	ENSG00000144771	Q9HBL6	combined	seq.9368.64	Somalogic	proteomics	SomaScan	7k
Plasma	Leucine-rich repeat-containing protein 4C	9369-174	ENSG00000148948	Q9HCJ2	combined	seq.9369.174	Somalogic	proteomics	SomaScan	7k
Plasma	Gamma-glutamyl hydrolase	9370-69	ENSG00000137563	Q92820	combined	seq.9370.69	Somalogic	proteomics	SomaScan	7k
Plasma	Myelin protein zero-like protein 2	9372-157	ENSG00000149573	O60487	combined	seq.9372.157	Somalogic	proteomics	SomaScan	7k
Plasma	Neuronatin	9374-24	ENSG00000053438	Q16517	combined	seq.9374.24	Somalogic	proteomics	SomaScan	7k
Plasma	Kit ligand	9377-25	ENSG00000049130	P21583	combined	seq.9377.25	Somalogic	proteomics	SomaScan	7k
Plasma	Fibrinogen C domain-containing protein 1	9378-6	ENSG00000130720	Q8N539	combined	seq.9378.6	Somalogic	proteomics	SomaScan	7k
Plasma	Small integral membrane protein 10	9379-248	ENSG00000184785	Q96HG1	combined	seq.9379.248	Somalogic	proteomics	SomaScan	7k
Plasma	Group XIIB secretory phospholipase A2-like protein	9380-2	ENSG00000138308	Q9BX93	combined	seq.9380.2	Somalogic	proteomics	SomaScan	7k
Plasma	Chitinase-3-like protein 2	9383-24	ENSG00000064886	Q15782	combined	seq.9383.24	Somalogic	proteomics	SomaScan	7k
Plasma	Cathelicidin antimicrobial peptide	9384-17	ENSG00000164047	P49913	combined	seq.9384.17	Somalogic	proteomics	SomaScan	7k
Plasma	Lysosomal alpha-glucosidase	9385-4	ENSG00000171298	P10253	combined	seq.9385.4	Somalogic	proteomics	SomaScan	7k
Plasma	Tetratricopeptide repeat protein 9B	9386-42	ENSG00000174521	Q8N6N2	combined	seq.9386.42	Somalogic	proteomics	SomaScan	7k
Plasma	Methylmalonyl-CoA epimerase, mitochondrial	9388-18	ENSG00000124370	Q96PE7	combined	seq.9388.18	Somalogic	proteomics	SomaScan	7k
Plasma	ProSAAS	9391-60	ENSG00000102109	Q9UHG2	combined	seq.9391.60	Somalogic	proteomics	SomaScan	7k
Plasma	Alpha-1,3-mannosyl-glycoprotein 4-beta-N-acetylglucosaminyltransferase A	9392-43	ENSG00000071073	Q9UM21	combined	seq.9392.43	Somalogic	proteomics	SomaScan	7k
Plasma	Carboxypeptidase Q	9394-19	ENSG00000104324	Q9Y646	combined	seq.9394.19	Somalogic	proteomics	SomaScan	7k
Plasma	Galanin-like peptide	9398-30	ENSG00000197487	Q9UBC7	combined	seq.9398.30	Somalogic	proteomics	SomaScan	7k
Plasma	Galectin-7	9400-40	ENSG00000282902|ENSG00000283082|ENSG00000178934|ENSG00000205076	P47929	combined	seq.9400.40	Somalogic	proteomics	SomaScan	7k
Plasma	Metalloprotease TIKI1	9401-57	ENSG00000186854	Q86V40	combined	seq.9401.57	Somalogic	proteomics	SomaScan	7k
Plasma	Discoidin, CUB and LCCL domain-containing protein 1	9402-18	ENSG00000164465	Q8N8Z6	combined	seq.9402.18	Somalogic	proteomics	SomaScan	7k
Plasma	Tryptase beta-1	9409-11	ENSG00000172236	Q15661	combined	seq.9409.11	Somalogic	proteomics	SomaScan	7k
Plasma	Activin receptor type-2B	9412-52	ENSG00000114739	Q13705	combined	seq.9412.52	Somalogic	proteomics	SomaScan	7k
Plasma	Carboxypeptidase M	9416-77	ENSG00000135678	P14384	combined	seq.9416.77	Somalogic	proteomics	SomaScan	7k
Plasma	DNA-binding protein inhibitor ID-2	9426-73	ENSG00000115738	Q02363	combined	seq.9426.73	Somalogic	proteomics	SomaScan	7k
Plasma	DNA-binding protein inhibitor ID-1	9436-2	ENSG00000125968	P41134	combined	seq.9436.2	Somalogic	proteomics	SomaScan	7k
Plasma	Cathepsin K	9443-137	ENSG00000143387	P43235	combined	seq.9443.137	Somalogic	proteomics	SomaScan	7k
Plasma	Protein DGCR6	9444-70	ENSG00000183628	Q14129	combined	seq.9444.70	Somalogic	proteomics	SomaScan	7k
Plasma	Uncharacterized protein C19orf18	9445-44	ENSG00000177025	Q8NEA5	combined	seq.9445.44	Somalogic	proteomics	SomaScan	7k
Plasma	C4b-binding protein alpha chain	9449-150	ENSG00000123838	P04003	combined	seq.9449.150	Somalogic	proteomics	SomaScan	7k
Plasma	Cyclin-dependent kinase 2-associated protein 1	9450-18	ENSG00000111328	O14519	combined	seq.9450.18	Somalogic	proteomics	SomaScan	7k
Plasma	Uromodulin	9451-20	ENSG00000169344	P07911	combined	seq.9451.20	Somalogic	proteomics	SomaScan	7k
Plasma	Vascular endothelial growth factor B	9453-12	ENSG00000173511	P49765	combined	seq.9453.12	Somalogic	proteomics	SomaScan	7k
Plasma	Interleukin-22 receptor subunit alpha-2	9456-34	ENSG00000164485	Q969J5	combined	seq.9456.34	Somalogic	proteomics	SomaScan	7k
Plasma	Caveolin-2	9457-3	ENSG00000105971	P51636	combined	seq.9457.3	Somalogic	proteomics	SomaScan	7k
Plasma	Tumor necrosis factor receptor superfamily member 6	9459-7	ENSG00000026103	P25445	combined	seq.9459.7	Somalogic	proteomics	SomaScan	7k
Plasma	Intercellular adhesion molecule 4	9461-2	ENSG00000105371	Q14773	combined	seq.9461.2	Somalogic	proteomics	SomaScan	7k
Plasma	Vesicular integral-membrane protein VIP36	9468-8	ENSG00000169223	Q12907	combined	seq.9468.8	Somalogic	proteomics	SomaScan	7k
Plasma	Methyltransferase-like protein 24	9470-15	ENSG00000053328	Q5JXM2	combined	seq.9470.15	Somalogic	proteomics	SomaScan	7k
Plasma	Asialoglycoprotein receptor 2	9474-22	ENSG00000161944	P07307	combined	seq.9474.22	Somalogic	proteomics	SomaScan	7k
Plasma	Epididymal secretory glutathione peroxidase	9475-22	ENSG00000224586	O75715	combined	seq.9475.22	Somalogic	proteomics	SomaScan	7k
Plasma	Phosphoribosyl pyrophosphate synthase-associated protein 1	9478-69	ENSG00000161542	Q14558	combined	seq.9478.69	Somalogic	proteomics	SomaScan	7k
Plasma	ADP-ribose pyrophosphatase, mitochondrial	9482-110	ENSG00000170502	Q9BW91	combined	seq.9482.110	Somalogic	proteomics	SomaScan	7k
Plasma	Desmoglein-2	9484-75	ENSG00000046604	Q14126	combined	seq.9484.75	Somalogic	proteomics	SomaScan	7k
Plasma	Beta-defensin 125	9486-13	ENSG00000178591	Q8N687	combined	seq.9486.13	Somalogic	proteomics	SomaScan	7k
Plasma	Somatoliberin	9487-60	ENSG00000118702	P01286	combined	seq.9487.60	Somalogic	proteomics	SomaScan	7k
Plasma	Uncharacterized protein C4orf32	9490-3	ENSG00000174749	Q8N8J7	combined	seq.9490.3	Somalogic	proteomics	SomaScan	7k
Plasma	C-X-C motif chemokine 17	9495-10	ENSG00000189377	Q6UXB2	combined	seq.9495.10	Somalogic	proteomics	SomaScan	7k
Plasma	Neuromedin-S	9503-1	ENSG00000204640	Q5H8A3	combined	seq.9503.1	Somalogic	proteomics	SomaScan	7k
Plasma	Ras-related protein Rab-27A	9504-19	ENSG00000069974	P51159	combined	seq.9504.19	Somalogic	proteomics	SomaScan	7k
Plasma	Apolipoprotein L1	9506-10	ENSG00000100342	O14791	combined	seq.9506.10	Somalogic	proteomics	SomaScan	7k
Plasma	Fibroblast growth factor-binding protein 1	9507-55	ENSG00000137440	Q14512	combined	seq.9507.55	Somalogic	proteomics	SomaScan	7k
Plasma	Trimeric intracellular cation channel type B	9509-4	ENSG00000095209	Q9NVV0	combined	seq.9509.4	Somalogic	proteomics	SomaScan	7k
Plasma	Neurexophilin-2	9511-61	ENSG00000144227	O95156	combined	seq.9511.61	Somalogic	proteomics	SomaScan	7k
Plasma	Fibroblast growth factor 22	9513-9	ENSG00000070388	Q9HCT0	combined	seq.9513.9	Somalogic	proteomics	SomaScan	7k
Plasma	EF-hand calcium-binding domain-containing protein 14:C-term	9514-46	ENSG00000159658	O75071	combined	seq.9514.46	Somalogic	proteomics	SomaScan	7k
Plasma	Phospholipase A1 member A	9518-95	ENSG00000144837	Q53H76	combined	seq.9518.95	Somalogic	proteomics	SomaScan	7k
Plasma	Apoptosis-inducing factor 1, mitochondrial	9522-3	ENSG00000156709	O95831	combined	seq.9522.3	Somalogic	proteomics	SomaScan	7k
Plasma	Integral membrane protein 2C:C-term	9523-34	ENSG00000135916	Q9NQX7	combined	seq.9523.34	Somalogic	proteomics	SomaScan	7k
Plasma	Putative spermatogenesis-associated protein 31D4	9524-46	ENSG00000189357	Q6ZUB0	combined	seq.9524.46	Somalogic	proteomics	SomaScan	7k
Plasma	Inactive tyrosine-protein kinase 7	9525-1	ENSG00000112655	Q13308	combined	seq.9525.1	Somalogic	proteomics	SomaScan	7k
Plasma	Colipase-like protein 1	9526-3	ENSG00000204140	A2RUU4	combined	seq.9526.3	Somalogic	proteomics	SomaScan	7k
Plasma	Leukocyte-specific transcript 1 protein	9531-24		O00453	combined	seq.9531.24	Somalogic	proteomics	SomaScan	7k
Plasma	WW domain binding protein 1-like	9532-5	ENSG00000166272	Q9NX94	combined	seq.9532.5	Somalogic	proteomics	SomaScan	7k
Plasma	Epididymal secretory protein E3-alpha	9536-16	ENSG00000181562	Q14507	combined	seq.9536.16	Somalogic	proteomics	SomaScan	7k
Plasma	Beta-1,3-galactosyltransferase 1	9541-15	ENSG00000172318	Q9Y5Z6	combined	seq.9541.15	Somalogic	proteomics	SomaScan	7k
Plasma	Conserved oligomeric Golgi complex subunit 8	9543-131	ENSG00000213380	Q96MW5	combined	seq.9543.131	Somalogic	proteomics	SomaScan	7k
Plasma	Uncharacterized protein C7orf69	9544-24		Q9H7B7	combined	seq.9544.24	Somalogic	proteomics	SomaScan	7k
Plasma	Granzyme K	9545-156	ENSG00000113088	P49863	combined	seq.9545.156	Somalogic	proteomics	SomaScan	7k
Plasma	EMI domain-containing protein 1	9547-29	ENSG00000186998	Q96A84	combined	seq.9547.29	Somalogic	proteomics	SomaScan	7k
Plasma	Tetratricopeptide repeat protein 17:Tetratricopeptide repeat 2	9550-153	ENSG00000052841	Q96AE7	combined	seq.9550.153	Somalogic	proteomics	SomaScan	7k
Plasma	MANSC domain-containing protein 1	9557-5	ENSG00000281818|ENSG00000111261	Q9H8J5	combined	seq.9557.5	Somalogic	proteomics	SomaScan	7k
Plasma	Versican core protein	9561-21	ENSG00000038427	P13611	combined	seq.9561.21	Somalogic	proteomics	SomaScan	7k
Plasma	PRKC apoptosis WT1 regulator protein	9565-6	ENSG00000177425	Q96IZ0	combined	seq.9565.6	Somalogic	proteomics	SomaScan	7k
Plasma	High affinity immunoglobulin alpha and immunoglobulin mu Fc receptor	9568-289	ENSG00000162897	Q8WWV6	combined	seq.9568.289	Somalogic	proteomics	SomaScan	7k
Plasma	Scavenger receptor class A member 3:region 1	9569-14	ENSG00000168077	Q6AZY7	combined	seq.9569.14	Somalogic	proteomics	SomaScan	7k
Plasma	Thioredoxin domain-containing protein 11:C-term	9573-108	ENSG00000153066	Q6PKC3	combined	seq.9573.108	Somalogic	proteomics	SomaScan	7k
Plasma	Myc box-dependent-interacting protein 1	9574-11	ENSG00000136717	O00499	combined	seq.9574.11	Somalogic	proteomics	SomaScan	7k
Plasma	Motor neuron and pancreas homeobox protein 1	9576-58	ENSG00000130675	P50219	combined	seq.9576.58	Somalogic	proteomics	SomaScan	7k
Plasma	Synaptotagmin-2	9577-26	ENSG00000143858	Q8N9I0	combined	seq.9577.26	Somalogic	proteomics	SomaScan	7k
Plasma	MANSC domain-containing protein 4	9578-263	ENSG00000205693	A6NHS7	combined	seq.9578.263	Somalogic	proteomics	SomaScan	7k
Plasma	Transmembrane gamma-carboxyglutamic acid protein 4	9579-59	ENSG00000135378	Q9BZD6	combined	seq.9579.59	Somalogic	proteomics	SomaScan	7k
Plasma	Laminin subunit gamma-2	9580-5	ENSG00000058085	Q13753	combined	seq.9580.5	Somalogic	proteomics	SomaScan	7k
Plasma	Pre-mRNA-processing factor 6:region 2	9581-4	ENSG00000101161	O94906	combined	seq.9581.4	Somalogic	proteomics	SomaScan	7k
Plasma	Sushi domain-containing protein 1	9582-93	ENSG00000106868	Q6UWL2	combined	seq.9582.93	Somalogic	proteomics	SomaScan	7k
Plasma	RING finger protein 24	9583-17	ENSG00000101236	Q9Y225	combined	seq.9583.17	Somalogic	proteomics	SomaScan	7k
Plasma	CXADR-like membrane protein:Cytoplasmic domain	9585-80	ENSG00000166250	Q9H6B4	combined	seq.9585.80	Somalogic	proteomics	SomaScan	7k
Plasma	Cytochrome c oxidase subunit 7A-related protein, mitochondrial	9590-10	ENSG00000115944	O14548	combined	seq.9590.10	Somalogic	proteomics	SomaScan	7k
Plasma	Zinc transporter 5	9594-30	ENSG00000145740	Q8TAD4	combined	seq.9594.30	Somalogic	proteomics	SomaScan	7k
Plasma	Beta-1,4-galactosyltransferase 2	9595-11	ENSG00000117411	O60909	combined	seq.9595.11	Somalogic	proteomics	SomaScan	7k
Plasma	CUB and sushi domain-containing protein 1	9598-23	ENSG00000183117	Q96PZ7	combined	seq.9598.23	Somalogic	proteomics	SomaScan	7k
Plasma	PILR alpha-associated neural protein	9599-6	ENSG00000139200	Q8IYJ0	combined	seq.9599.6	Somalogic	proteomics	SomaScan	7k
Plasma	Thrombospondin type-1 domain-containing protein 7A:Thrombospondin type-1 domain 17	9600-55	ENSG00000005108	Q9UPZ6	combined	seq.9600.55	Somalogic	proteomics	SomaScan	7k
Plasma	Interleukin-22 receptor subunit alpha-1	9603-9	ENSG00000142677	Q8N6P7	combined	seq.9603.9	Somalogic	proteomics	SomaScan	7k
Plasma	Cadherin-11:Extracellular domain	9604-14	ENSG00000140937	P55287	combined	seq.9604.14	Somalogic	proteomics	SomaScan	7k
Plasma	Nuclear pore membrane glycoprotein 210-like	9606-4	ENSG00000143552	Q5VU65	combined	seq.9606.4	Somalogic	proteomics	SomaScan	7k
Plasma	Proline-rich protein 27	9607-39	ENSG00000282868|ENSG00000187533	Q6MZM9	combined	seq.9607.39	Somalogic	proteomics	SomaScan	7k
Plasma	Zinc finger protein 275	9609-25	ENSG00000063587	Q9NSD4	combined	seq.9609.25	Somalogic	proteomics	SomaScan	7k
Plasma	Vitrin	9627-15	ENSG00000205221	Q6UXI7	combined	seq.9627.15	Somalogic	proteomics	SomaScan	7k
Plasma	T-cell immunoreceptor with Ig and ITIM domains	9638-2	ENSG00000181847	Q495A1	combined	seq.9638.2	Somalogic	proteomics	SomaScan	7k
Plasma	Platelet-derived growth factor receptor-like protein	9713-67	ENSG00000104213	Q15198	combined	seq.9713.67	Somalogic	proteomics	SomaScan	7k
Plasma	Immunoglobulin superfamily member 3	9715-15	ENSG00000143061	O75054	combined	seq.9715.15	Somalogic	proteomics	SomaScan	7k
Plasma	Matrix metalloproteinase-16	9719-145	ENSG00000156103	P51512	combined	seq.9719.145	Somalogic	proteomics	SomaScan	7k
Plasma	Multimerin-2	9723-105	ENSG00000173269	Q9H8L6	combined	seq.9723.105	Somalogic	proteomics	SomaScan	7k
Plasma	E3 ubiquitin-protein ligase CCNB1IP1	9728-4	ENSG00000100814	Q9NPC3	combined	seq.9728.4	Somalogic	proteomics	SomaScan	7k
Plasma	GH3 domain-containing protein	9730-22	ENSG00000167925	Q8N2G8	combined	seq.9730.22	Somalogic	proteomics	SomaScan	7k
Plasma	T-cell surface protein tactile	9735-44	ENSG00000153283	P40200	combined	seq.9735.44	Somalogic	proteomics	SomaScan	7k
Plasma	FAS-associated factor 2	9738-7	ENSG00000113194	Q96CS3	combined	seq.9738.7	Somalogic	proteomics	SomaScan	7k
Plasma	DNA mismatch repair protein Msh2	9739-4	ENSG00000095002	P43246	combined	seq.9739.4	Somalogic	proteomics	SomaScan	7k
Plasma	Spliceosome RNA helicase DDX39B	9742-59	ENSG00000198563|ENSG00000235439|ENSG00000225073|ENSG00000229496|ENSG00000215425|ENSG00000230624|ENSG00000225859	Q13838	combined	seq.9742.59	Somalogic	proteomics	SomaScan	7k
Plasma	DnaJ homolog subfamily A member 4	9744-139	ENSG00000140403	Q8WW22	combined	seq.9744.139	Somalogic	proteomics	SomaScan	7k
Plasma	Eukaryotic translation initiation factor 4E type 2	9745-20	ENSG00000135930	O60573	combined	seq.9745.20	Somalogic	proteomics	SomaScan	7k
Plasma	MAP/microtubule affinity-regulating kinase 3	9747-48	ENSG00000075413	P27448	combined	seq.9747.48	Somalogic	proteomics	SomaScan	7k
Plasma	Glutathione S-transferase Mu 3	9748-31	ENSG00000134202	P21266	combined	seq.9748.31	Somalogic	proteomics	SomaScan	7k
Plasma	Plastin-2	9749-190	ENSG00000136167	P13796	combined	seq.9749.190	Somalogic	proteomics	SomaScan	7k
Plasma	Nuclease-sensitive element-binding protein 1	9751-72	ENSG00000065978	P67809	combined	seq.9751.72	Somalogic	proteomics	SomaScan	7k
Plasma	Ezrin	9753-17	ENSG00000092820	P15311	combined	seq.9753.17	Somalogic	proteomics	SomaScan	7k
Plasma	Ribosyldihydronicotinamide dehydrogenase [quinone]	9754-33	ENSG00000124588	P16083	combined	seq.9754.33	Somalogic	proteomics	SomaScan	7k
Plasma	Drebrin-like protein	9755-19	ENSG00000136279	Q9UJU6	combined	seq.9755.19	Somalogic	proteomics	SomaScan	7k
Plasma	Transgelin	9756-6	ENSG00000149591	Q01995	combined	seq.9756.6	Somalogic	proteomics	SomaScan	7k
Plasma	Protein enabled homolog	9757-29	ENSG00000154380	Q8N8S7	combined	seq.9757.29	Somalogic	proteomics	SomaScan	7k
Plasma	40S ribosomal protein S4, X isoform	9758-17	ENSG00000198034	P62701	combined	seq.9758.17	Somalogic	proteomics	SomaScan	7k
Plasma	Indoleamine 2,3-dioxygenase 1	9759-13	ENSG00000131203	P14902	combined	seq.9759.13	Somalogic	proteomics	SomaScan	7k
Plasma	Mitogen-activated protein kinase 9	9760-13	ENSG00000050748	P45984	combined	seq.9760.13	Somalogic	proteomics	SomaScan	7k
Plasma	L-lactate dehydrogenase A chain	9761-89	ENSG00000134333|ENSG00000288299	P00338	combined	seq.9761.89	Somalogic	proteomics	SomaScan	7k
Plasma	Vasodilator-stimulated phosphoprotein	9762-14	ENSG00000125753	P50552	combined	seq.9762.14	Somalogic	proteomics	SomaScan	7k
Plasma	Heterogeneous nuclear ribonucleoprotein F	9764-79	ENSG00000169813	P52597	combined	seq.9764.79	Somalogic	proteomics	SomaScan	7k
Plasma	Nuclear distribution protein nudE homolog 1	9765-4	ENSG00000275911|ENSG00000072864	Q9NXR1	combined	seq.9765.4	Somalogic	proteomics	SomaScan	7k
Plasma	Protein ripply1	9767-22	ENSG00000147223	Q0D2K3	combined	seq.9767.22	Somalogic	proteomics	SomaScan	7k
Plasma	Interleukin-10 receptor subunit alpha:Cytoplasmic domain	9768-5	ENSG00000110324	Q13651	combined	seq.9768.5	Somalogic	proteomics	SomaScan	7k
Plasma	Delta and Notch-like epidermal growth factor-related receptor:Extracellular domain	9769-48	ENSG00000187957	Q8NFT8	combined	seq.9769.48	Somalogic	proteomics	SomaScan	7k
Plasma	Neuroligin-2:Extracellular domain	9772-153	ENSG00000283859|ENSG00000169992	Q8NFZ4	combined	seq.9772.153	Somalogic	proteomics	SomaScan	7k
Plasma	E3 ubiquitin-protein ligase RNF149	9773-15	ENSG00000163162	Q8NC42	combined	seq.9773.15	Somalogic	proteomics	SomaScan	7k
Plasma	RING finger protein 150	9774-59	ENSG00000170153	Q9ULK6	combined	seq.9774.59	Somalogic	proteomics	SomaScan	7k
Plasma	Transmembrane protein 52B	9778-45	ENSG00000165685	Q4KMG9	combined	seq.9778.45	Somalogic	proteomics	SomaScan	7k
Plasma	Homocysteine-responsive endoplasmic reticulum-resident ubiquitin-like domain member 2 protein	9779-63	ENSG00000122557	Q9BSE4	combined	seq.9779.63	Somalogic	proteomics	SomaScan	7k
Plasma	DnaJ homolog subfamily C member 11	9783-75	ENSG00000007923	Q9NVH1	combined	seq.9783.75	Somalogic	proteomics	SomaScan	7k
Plasma	Radiation-inducible immediate-early gene IEX-1	9786-310	ENSG00000227231|ENSG00000206478|ENSG00000237155|ENSG00000137331|ENSG00000235030|ENSG00000230128	P46695	combined	seq.9786.310	Somalogic	proteomics	SomaScan	7k
Plasma	Collectin-12	9787-23	ENSG00000158270	Q5KU26	combined	seq.9787.23	Somalogic	proteomics	SomaScan	7k
Plasma	Nesprin-2	9789-52	ENSG00000054654	Q8WXH0	combined	seq.9789.52	Somalogic	proteomics	SomaScan	7k
Plasma	Serine/threonine-protein kinase BRSK2	9790-28	ENSG00000174672	Q8IWQ3	combined	seq.9790.28	Somalogic	proteomics	SomaScan	7k
Plasma	Immunoglobulin superfamily DCC subclass member 4	9793-145	ENSG00000103742	Q8TDY8	combined	seq.9793.145	Somalogic	proteomics	SomaScan	7k
Plasma	AarF domain-containing protein kinase 4	9794-17	ENSG00000123815	Q96D53	combined	seq.9794.17	Somalogic	proteomics	SomaScan	7k
Plasma	Ceroid-lipofuscinosis neuronal protein 5:Cytoplasmic domain	9795-9	ENSG00000102805	O75503	combined	seq.9795.9	Somalogic	proteomics	SomaScan	7k
Plasma	Bile salt-activated lipase	9796-4	ENSG00000170835	P19835	combined	seq.9796.4	Somalogic	proteomics	SomaScan	7k
Plasma	NADH dehydrogenase [ubiquinone] 1 beta subcomplex subunit 8, mitochondrial	9800-20	ENSG00000166136	O95169	combined	seq.9800.20	Somalogic	proteomics	SomaScan	7k
Plasma	Patatin-like phospholipase domain-containing protein 2	9802-27	ENSG00000177666	Q96AD5	combined	seq.9802.27	Somalogic	proteomics	SomaScan	7k
Plasma	Semaphorin-4B	9805-51	ENSG00000185033	Q9NPR2	combined	seq.9805.51	Somalogic	proteomics	SomaScan	7k
Plasma	Trinucleotide repeat-containing gene 6B protein	9808-41	ENSG00000100354	Q9UPQ9	combined	seq.9808.41	Somalogic	proteomics	SomaScan	7k
Plasma	Rho GTPase-activating protein 1:Cellular retinaldehyde-TRIO domain	9815-5	ENSG00000175220	Q07960	combined	seq.9815.5	Somalogic	proteomics	SomaScan	7k
Plasma	Isochorismatase domain-containing protein 1	9816-37	ENSG00000066583	Q96CN7	combined	seq.9816.37	Somalogic	proteomics	SomaScan	7k
Plasma	Induced myeloid leukemia cell differentiation protein Mcl-1	9819-110	ENSG00000143384	Q07820	combined	seq.9819.110	Somalogic	proteomics	SomaScan	7k
Plasma	Dihydrofolate reductase	9823-2	ENSG00000228716	P00374	combined	seq.9823.2	Somalogic	proteomics	SomaScan	7k
Plasma	Bis(5'-adenosyl)-triphosphatase	9826-135	ENSG00000189283	P49789	combined	seq.9826.135	Somalogic	proteomics	SomaScan	7k
Plasma	L-lactate dehydrogenase C chain	9828-86	ENSG00000166796	P07864	combined	seq.9828.86	Somalogic	proteomics	SomaScan	7k
Plasma	Bile salt sulfotransferase	9829-91	ENSG00000105398	Q06520	combined	seq.9829.91	Somalogic	proteomics	SomaScan	7k
Plasma	Guanine nucleotide exchange factor VAV3	9830-109	ENSG00000134215	Q9UKW4	combined	seq.9830.109	Somalogic	proteomics	SomaScan	7k
Plasma	Ras GTPase-activating protein-binding protein 2	9831-12	ENSG00000138757	Q9UN86	combined	seq.9831.12	Somalogic	proteomics	SomaScan	7k
Plasma	Homogentisate 1,2-dioxygenase	9832-33	ENSG00000113924	Q93099	combined	seq.9832.33	Somalogic	proteomics	SomaScan	7k
Plasma	Alcohol dehydrogenase 1B	9834-62	ENSG00000196616	P00325	combined	seq.9834.62	Somalogic	proteomics	SomaScan	7k
Plasma	Aldehyde dehydrogenase family 1 member A3	9835-16	ENSG00000184254	P47895	combined	seq.9835.16	Somalogic	proteomics	SomaScan	7k
Plasma	Deoxycytidine kinase	9836-20	ENSG00000156136	P27707	combined	seq.9836.20	Somalogic	proteomics	SomaScan	7k
Plasma	NAD(P)H dehydrogenase [quinone] 1	9837-60	ENSG00000181019	P15559	combined	seq.9837.60	Somalogic	proteomics	SomaScan	7k
Plasma	Mothers against decapentaplegic homolog 1	9838-4	ENSG00000170365	Q15797	combined	seq.9838.4	Somalogic	proteomics	SomaScan	7k
Plasma	Toll/interleukin-1 receptor domain-containing adapter protein	9839-148	ENSG00000150455	P58753	combined	seq.9839.148	Somalogic	proteomics	SomaScan	7k
Plasma	Cell division control protein 42 homolog	9840-2	ENSG00000070831	P60953	combined	seq.9840.2	Somalogic	proteomics	SomaScan	7k
Plasma	Multifunctional protein ADE2	9841-197	ENSG00000128050	P22234	combined	seq.9841.197	Somalogic	proteomics	SomaScan	7k
Plasma	Catenin beta-1	9842-2	ENSG00000168036	P35222	combined	seq.9842.2	Somalogic	proteomics	SomaScan	7k
Plasma	Alpha-actinin-1	9843-5	ENSG00000072110	P12814	combined	seq.9843.5	Somalogic	proteomics	SomaScan	7k
Plasma	Alpha-actinin-2	9844-138	ENSG00000077522	P35609	combined	seq.9844.138	Somalogic	proteomics	SomaScan	7k
Plasma	Protein DJ-1	9845-33	ENSG00000116288	Q99497	combined	seq.9845.33	Somalogic	proteomics	SomaScan	7k
Plasma	Rho GDP-dissociation inhibitor 2	9846-32	ENSG00000111348	P52566	combined	seq.9846.32	Somalogic	proteomics	SomaScan	7k
Plasma	Homeobox protein TGIF2	9847-21	ENSG00000118707	Q9GZN2	combined	seq.9847.21	Somalogic	proteomics	SomaScan	7k
Plasma	Cyclin-H	9848-22	ENSG00000134480	P51946	combined	seq.9848.22	Somalogic	proteomics	SomaScan	7k
Plasma	DNA-(apurinic or apyrimidinic site) lyase	9849-13	ENSG00000100823	P27695	combined	seq.9849.13	Somalogic	proteomics	SomaScan	7k
Plasma	Eukaryotic translation initiation factor 1A, X-chromosomal	9850-38	ENSG00000173674	P47813	combined	seq.9850.38	Somalogic	proteomics	SomaScan	7k
Plasma	Fatty acid-binding protein, adipocyte	9851-9	ENSG00000170323	P15090	combined	seq.9851.9	Somalogic	proteomics	SomaScan	7k
Plasma	Interferon-induced protein with tetratricopeptide repeats 2	9853-3	ENSG00000119922	P09913	combined	seq.9853.3	Somalogic	proteomics	SomaScan	7k
Plasma	Aldose reductase	9854-36	ENSG00000085662	P15121	combined	seq.9854.36	Somalogic	proteomics	SomaScan	7k
Plasma	Transforming protein RhoA	9855-10	ENSG00000067560	P61586	combined	seq.9855.10	Somalogic	proteomics	SomaScan	7k
Plasma	Deoxyhypusine synthase	9856-22	ENSG00000095059	P49366	combined	seq.9856.22	Somalogic	proteomics	SomaScan	7k
Plasma	Interferon regulatory factor 4	9857-38	ENSG00000137265	Q15306	combined	seq.9857.38	Somalogic	proteomics	SomaScan	7k
Plasma	Diamine acetyltransferase 1	9859-180	ENSG00000130066	P21673	combined	seq.9859.180	Somalogic	proteomics	SomaScan	7k
Plasma	Tropomyosin alpha-4 chain	9863-1	ENSG00000167460	P67936	combined	seq.9863.1	Somalogic	proteomics	SomaScan	7k
Plasma	Tetratricopeptide repeat protein 1	9864-38	ENSG00000113312	Q99614	combined	seq.9864.38	Somalogic	proteomics	SomaScan	7k
Plasma	Ubiquitin-conjugating enzyme E2 B	9865-40	ENSG00000119048	P63146	combined	seq.9865.40	Somalogic	proteomics	SomaScan	7k
Plasma	Fructose-1,6-bisphosphatase isozyme 2	9867-23	ENSG00000130957	O00757	combined	seq.9867.23	Somalogic	proteomics	SomaScan	7k
Plasma	Nuclear factor NF-kappa-B p105 subunit	9869-28	ENSG00000109320	P19838	combined	seq.9869.28	Somalogic	proteomics	SomaScan	7k
Plasma	Tryptophan--tRNA ligase, cytoplasmic	9870-17	ENSG00000140105	P23381	combined	seq.9870.17	Somalogic	proteomics	SomaScan	7k
Plasma	Catenin alpha-2	9872-23	ENSG00000066032	P26232	combined	seq.9872.23	Somalogic	proteomics	SomaScan	7k
Plasma	Steroid hormone receptor ERR1	9873-17	ENSG00000173153	P11474	combined	seq.9873.17	Somalogic	proteomics	SomaScan	7k
Plasma	Cyclin-dependent kinase 4 inhibitor B	9874-28	ENSG00000147883	P42772	combined	seq.9874.28	Somalogic	proteomics	SomaScan	7k
Plasma	THO complex subunit 1	9875-107	ENSG00000079134	Q96FV9	combined	seq.9875.107	Somalogic	proteomics	SomaScan	7k
Plasma	Fructose-bisphosphate aldolase C	9876-20	ENSG00000109107	P09972	combined	seq.9876.20	Somalogic	proteomics	SomaScan	7k
Plasma	Crk-like protein	9877-28	ENSG00000099942	P46109	combined	seq.9877.28	Somalogic	proteomics	SomaScan	7k
Plasma	Estrogen sulfotransferase	9878-3	ENSG00000109193	P49888	combined	seq.9878.3	Somalogic	proteomics	SomaScan	7k
Plasma	Tryptophan 2,3-dioxygenase	9880-33	ENSG00000262635|ENSG00000151790	P48775	combined	seq.9880.33	Somalogic	proteomics	SomaScan	7k
Plasma	Lactoylglutathione lyase	9883-29	ENSG00000124767	Q04760	combined	seq.9883.29	Somalogic	proteomics	SomaScan	7k
Plasma	Peptidyl-prolyl cis-trans isomerase-like 1	9884-8	ENSG00000137168	Q9Y3C6	combined	seq.9884.8	Somalogic	proteomics	SomaScan	7k
Plasma	Ras-related protein Rap-2a	9885-41	ENSG00000125249	P10114	combined	seq.9885.41	Somalogic	proteomics	SomaScan	7k
Plasma	DNA repair protein XRCC4	9886-28	ENSG00000152422	Q13426	combined	seq.9886.28	Somalogic	proteomics	SomaScan	7k
Plasma	E3 ubiquitin-protein ligase RBBP6	9887-40	ENSG00000122257	Q7Z6E9	combined	seq.9887.40	Somalogic	proteomics	SomaScan	7k
Plasma	Actin filament-associated protein 1-like 1	9889-42	ENSG00000157510	Q8TED9	combined	seq.9889.42	Somalogic	proteomics	SomaScan	7k
Plasma	Tropomyosin alpha-3 chain	9890-8	ENSG00000143549	P06753	combined	seq.9890.8	Somalogic	proteomics	SomaScan	7k
Plasma	Ornithine decarboxylase antizyme 1	9893-27	ENSG00000104904	P54368	combined	seq.9893.27	Somalogic	proteomics	SomaScan	7k
Plasma	Unconventional myosin-VI	9894-13	ENSG00000196586	Q9UM54	combined	seq.9894.13	Somalogic	proteomics	SomaScan	7k
Plasma	DNA repair endonuclease XPF	9895-77	ENSG00000175595	Q92889	combined	seq.9895.77	Somalogic	proteomics	SomaScan	7k
Plasma	Forkhead box protein G1	9896-21	ENSG00000176165	P55316	combined	seq.9896.21	Somalogic	proteomics	SomaScan	7k
Plasma	DNA replication licensing factor MCM6	9897-9	ENSG00000076003	Q14566	combined	seq.9897.9	Somalogic	proteomics	SomaScan	7k
Plasma	AT-rich interactive domain-containing protein 1A	9898-161	ENSG00000117713	O14497	combined	seq.9898.161	Somalogic	proteomics	SomaScan	7k
Plasma	Kinesin-like protein KIF1C	9899-28	ENSG00000129250	O43896	combined	seq.9899.28	Somalogic	proteomics	SomaScan	7k
Plasma	Neurofilament heavy polypeptide	9900-36	ENSG00000100285	P12036	combined	seq.9900.36	Somalogic	proteomics	SomaScan	7k
Plasma	Egl nine homolog 1	9901-28	ENSG00000135766	Q9GZT9	combined	seq.9901.28	Somalogic	proteomics	SomaScan	7k
Plasma	Testican-3	9906-21	ENSG00000196104	Q9BQ16	combined	seq.9906.21	Somalogic	proteomics	SomaScan	7k
Plasma	Tankyrase-1	9907-216	ENSG00000173273	O95271	combined	seq.9907.216	Somalogic	proteomics	SomaScan	7k
Plasma	S-methyl-5'-thioadenosine phosphorylase	9910-9	ENSG00000099810	Q13126	combined	seq.9910.9	Somalogic	proteomics	SomaScan	7k
Plasma	Ribosome-binding protein 1	9913-4	ENSG00000125844	Q9P2E9	combined	seq.9913.4	Somalogic	proteomics	SomaScan	7k
Plasma	Leucine-rich repeat-containing protein 4B:Extracellular domain	9916-146	ENSG00000131409	Q9NT99	combined	seq.9916.146	Somalogic	proteomics	SomaScan	7k
Plasma	Calbindin	9918-23	ENSG00000104327	P05937	combined	seq.9918.23	Somalogic	proteomics	SomaScan	7k
Plasma	Son of sevenless homolog 1	9923-6	ENSG00000115904	Q07889	combined	seq.9923.6	Somalogic	proteomics	SomaScan	7k
Plasma	Scavenger receptor class F member 2:Cytoplasmic domain	9925-56	ENSG00000244486	Q96GP6	combined	seq.9925.56	Somalogic	proteomics	SomaScan	7k
Plasma	Protein S100-P	9926-4	ENSG00000163993	P25815	combined	seq.9926.4	Somalogic	proteomics	SomaScan	7k
Plasma	Tensin-4	9927-96	ENSG00000131746	Q8IZW8	combined	seq.9927.96	Somalogic	proteomics	SomaScan	7k
Plasma	Leukocyte cell-derived chemotaxin 1	9928-125	ENSG00000136110	O75829	combined	seq.9928.125	Somalogic	proteomics	SomaScan	7k
Plasma	3-keto-steroid reductase:Extracellular domain (partial)	9929-16	ENSG00000132196	P56937	combined	seq.9929.16	Somalogic	proteomics	SomaScan	7k
Plasma	Gamma-aminobutyric acid type B receptor subunit 2:Cytoplasmic domain	9930-48	ENSG00000136928	O75899	combined	seq.9930.48	Somalogic	proteomics	SomaScan	7k
Plasma	Keratin, type II cytoskeletal 1	9931-20	ENSG00000167768	P04264	combined	seq.9931.20	Somalogic	proteomics	SomaScan	7k
Plasma	Semaphorin-4F	9932-49	ENSG00000135622	O95754	combined	seq.9932.49	Somalogic	proteomics	SomaScan	7k
Plasma	Protein ATP1B4	9933-49	ENSG00000101892	Q9UN42	combined	seq.9933.49	Somalogic	proteomics	SomaScan	7k
Plasma	Phosphatidylinositol transfer protein alpha isoform	9934-29	ENSG00000174238	Q00169	combined	seq.9934.29	Somalogic	proteomics	SomaScan	7k
Plasma	E3 ubiquitin-protein ligase LNX	9936-27	ENSG00000072201	Q8TBB1	combined	seq.9936.27	Somalogic	proteomics	SomaScan	7k
Plasma	Gap junction alpha-1 protein	9937-7	ENSG00000152661	P17302	combined	seq.9937.7	Somalogic	proteomics	SomaScan	7k
Plasma	Dual specificity phosphatase 28	9940-35	ENSG00000188542	Q4G0W2	combined	seq.9940.35	Somalogic	proteomics	SomaScan	7k
Plasma	Protocadherin beta-1	9941-70	ENSG00000171815	Q9Y5F3	combined	seq.9941.70	Somalogic	proteomics	SomaScan	7k
Plasma	NTF2-related export protein 1	9942-2	ENSG00000132661	Q9UKK6	combined	seq.9942.2	Somalogic	proteomics	SomaScan	7k
Plasma	Armadillo repeat-containing protein 5:Armadillo Repeat Domain 2	9945-8	ENSG00000140691	Q96C12	combined	seq.9945.8	Somalogic	proteomics	SomaScan	7k
Plasma	DNA topoisomerase 2-binding protein 1	9947-22	ENSG00000163781	Q92547	combined	seq.9947.22	Somalogic	proteomics	SomaScan	7k
Plasma	Lymphocyte activation gene 3 protein	9950-229	ENSG00000089692	P18627	combined	seq.9950.229	Somalogic	proteomics	SomaScan	7k
Plasma	F-box/LRR-repeat protein 4:Leucine-rich repeats 2 and 3	9951-36	ENSG00000112234	Q9UKA2	combined	seq.9951.36	Somalogic	proteomics	SomaScan	7k
Plasma	Transcription factor A, mitochondrial	9952-57	ENSG00000108064	Q00059	combined	seq.9952.57	Somalogic	proteomics	SomaScan	7k
Plasma	Nuclear pore complex-interacting protein family member B3	9954-2	ENSG00000169246	Q92617	combined	seq.9954.2	Somalogic	proteomics	SomaScan	7k
Plasma	RING finger protein 148:region 2	9955-40	ENSG00000235631	Q8N7C7	combined	seq.9955.40	Somalogic	proteomics	SomaScan	7k
Plasma	Disintegrin and metalloproteinase domain-containing protein 15:Cytoplasmic domain	9956-7	ENSG00000143537	Q13444	combined	seq.9956.7	Somalogic	proteomics	SomaScan	7k
Plasma	E3 ubiquitin-protein ligase RNF114	9957-9	ENSG00000124226	Q9Y508	combined	seq.9957.9	Somalogic	proteomics	SomaScan	7k
Plasma	Transmembrane protein 59-like	9959-60	ENSG00000105696	Q9UK28	combined	seq.9959.60	Somalogic	proteomics	SomaScan	7k
Plasma	TBC1 domain family member 5	9960-2	ENSG00000131374	Q92609	combined	seq.9960.2	Somalogic	proteomics	SomaScan	7k
Plasma	Cadherin-related family member 5	9962-1		Q9HBB8	combined	seq.9962.1	Somalogic	proteomics	SomaScan	7k
Plasma	Protocadherin beta-10	9963-19	ENSG00000120324	Q9UN67	combined	seq.9963.19	Somalogic	proteomics	SomaScan	7k
Plasma	Myocardial zonula adherens protein	9964-10	ENSG00000263155	P0CAP1	combined	seq.9964.10	Somalogic	proteomics	SomaScan	7k
Plasma	Solute carrier family 22 member 16	9969-8	ENSG00000004809	Q86VW1	combined	seq.9969.8	Somalogic	proteomics	SomaScan	7k
Plasma	UBX domain-containing protein 4:Cytoplasmic domain 2	9970-7	ENSG00000144224	Q92575	combined	seq.9970.7	Somalogic	proteomics	SomaScan	7k
Plasma	CUB and sushi domain-containing protein 2	9971-5	ENSG00000121904	Q7Z408	combined	seq.9971.5	Somalogic	proteomics	SomaScan	7k
Plasma	Delta-like protein 3	9974-8	ENSG00000090932	Q9NYJ7	combined	seq.9974.8	Somalogic	proteomics	SomaScan	7k
Plasma	Amphoterin-induced protein 1:Cytoplasmic domain	9979-13	ENSG00000181754	Q86WK6	combined	seq.9979.13	Somalogic	proteomics	SomaScan	7k
Plasma	Protein FAM234B:C-term	9981-18	ENSG00000084444	A2RU67	combined	seq.9981.18	Somalogic	proteomics	SomaScan	7k
Plasma	Inactive serine protease 35	9983-97	ENSG00000146250	Q8N3Z0	combined	seq.9983.97	Somalogic	proteomics	SomaScan	7k
Plasma	Protein YIPF6	9984-12	ENSG00000181704	Q96EC8	combined	seq.9984.12	Somalogic	proteomics	SomaScan	7k
Plasma	Neuropeptide W	9986-14	ENSG00000183971	Q8N729	combined	seq.9986.14	Somalogic	proteomics	SomaScan	7k
Plasma	Leucine-rich repeat-containing protein 25:Cytoplasmic domain	9987-30	ENSG00000175489	Q8N386	combined	seq.9987.30	Somalogic	proteomics	SomaScan	7k
Plasma	Leucine-rich repeat-containing protein 24	9989-12	ENSG00000254402	Q50LG9	combined	seq.9989.12	Somalogic	proteomics	SomaScan	7k
Plasma	EMILIN-3:region 2	9991-112	ENSG00000183798	Q9NT22	combined	seq.9991.112	Somalogic	proteomics	SomaScan	7k
Plasma	Zinc finger protein 264	9993-11	ENSG00000083844	O43296	combined	seq.9993.11	Somalogic	proteomics	SomaScan	7k
Plasma	Potassium-transporting ATPase subunit beta	9994-217	ENSG00000288359|ENSG00000186009	P51164	combined	seq.9994.217	Somalogic	proteomics	SomaScan	7k
Plasma	Deoxyuridine 5'-triphosphate nucleotidohydrolase, mitochondrial	9995-6	ENSG00000128951	P33316	combined	seq.9995.6	Somalogic	proteomics	SomaScan	7k
Plasma	UBX domain-containing protein 4:Cytoplasmic domain 1	9997-12	ENSG00000144224	Q92575	combined	seq.9997.12	Somalogic	proteomics	SomaScan	7k
Plasma	Interferon regulatory factor 6	9999-1	ENSG00000117595	O14896	combined	seq.9999.1	Somalogic	proteomics	SomaScan	7k
