SeqID	Target_Name	UniProt_BELIEVE	UniProt_Literature	UniProt_Match
seq.10000.28	Beta-crystallin B2	P43320	P43320	True
seq.10001.7	RAF proto-oncogene serine/threonine-protein kinase	P04049	P04049	True
seq.10003.15	Zinc finger protein 41	P51814	P51814	True
seq.10006.25	ETS domain-containing protein Elk-1	P19419	P19419	True
seq.10008.43	Guanylyl cyclase-activating protein 1	P43080	P43080	True
seq.10010.10	Beclin-1	Q14457	Q14457	True
seq.10011.65	Inositol polyphosphate 5-phosphatase OCRL-1	Q01968	Q01968	True
seq.10012.5	SAM pointed domain-containing Ets transcription factor	O95238	O95238	True
seq.10014.31	Zinc finger protein SNAI2	O43623	O43623	True
seq.10015.119	Voltage-gated potassium channel subunit beta-2	Q13303	Q13303	True
seq.10022.207	DNA polymerase eta	Q9Y253	Q9Y253	True
seq.10023.32	Vitamin D3 receptor	P11473	P11473	True
seq.10024.44	4-hydroxy-2-oxoglutarate aldolase, mitochondrial	Q86XE5	Q86XE5	True
seq.10025.1	Dihydrolipoyl dehydrogenase, mitochondrial	P09622	P09622	True
seq.10030.8	Adenine DNA glycosylase	Q9UIF7	Q9UIF7	True
seq.10035.6	Dual specificity protein phosphatase 4	Q13115	Q13115	True
seq.10036.201	Zinc fingers and homeoboxes protein 3	Q9H4I2	Q9H4I2	True
seq.10037.98	Sialic acid-binding Ig-like lectin 12:Ig-like V-type 2 domain, Isoform long	Q96PQ1	Q96PQ1	True
seq.10039.32	Purine nucleoside phosphorylase	P00491	P00491	True
seq.10040.63	Tumor protein 63	Q9H3D4	Q9H3D4	True
seq.10041.3	Hepatocyte nuclear factor 4-alpha	P41235	P41235	True
seq.10042.8	Serine/threonine-protein kinase Sgk3	Q96BR1	Q96BR1	True
seq.10043.31	Bromodomain-containing protein 4	O60885	O60885	True
seq.10044.12	Protein Wnt-10a	Q9GZT5	Q9GZT5	True
seq.10045.47	Cullin-3	Q13618	Q13618	True
seq.10046.55	Baculoviral IAP repeat-containing protein 2	Q13490	Q13490	True
seq.10047.12	Neutrophil cytosol factor 2	P19878	P19878	True
seq.10048.7	Core-binding factor subunit beta	Q13951	Q13951	True
seq.10049.112	Telomeric repeat-binding factor 1	P54274	P54274	True
seq.10053.5	Integrin-linked protein kinase	Q13418	Q13418	True
seq.10054.3	Gigaxonin	Q9H2C0	Q9H2C0	True
seq.10056.5	Forkhead box protein M1	Q08050	Q08050	True
seq.10058.1	UV excision repair protein RAD23 homolog A	P54725	P54725	True
seq.10063.10	E3 ubiquitin-protein ligase FANCL	Q9NW38	Q9NW38	True
seq.10064.12	Putative hydrolase RBBP9	O75884	O75884	True
seq.10069.2	Peptidyl-prolyl cis-trans isomerase NIMA-interacting 1	Q13526	Q13526	True
seq.10070.22	1-phosphatidylinositol 4,5-bisphosphate phosphodiesterase gamma-2	P16885	P16885	True
seq.10073.22	Tyrosyl-DNA phosphodiesterase 1	Q9NUW8	Q9NUW8	True
seq.10074.128	Bromodomain-containing protein 2	P25440	P25440	True
seq.10075.75	Acyl-CoA-binding domain-containing protein 6	Q9BR61	Q9BR61	True
seq.10076.1	AP-4 complex subunit mu-1	O00189	O00189	True
seq.10078.5	BAG family molecular chaperone regulator 3	O95817	O95817	True
seq.10080.9	Translation initiation factor eIF-2B subunit alpha	Q14232	Q14232	True
seq.10081.17	DNA-binding protein SATB2	Q9UPW6	Q9UPW6	True
seq.10082.251	Neurofilament light polypeptide	P07196	P07196	True
seq.10085.25	Steroidogenic acute regulatory protein, mitochondrial	P49675	P49675	True
seq.10086.39	Cystathionine beta-synthase	P35520	P35520	True
seq.10087.10	Alpha-crystallin A chain	P02489	P02489	True
seq.10088.37	Adenine phosphoribosyltransferase	P07741	P07741	True
seq.10089.7	N-acetylserotonin O-methyltransferase-like protein	O95671	O95671	True
seq.10336.3	E3 ubiquitin-protein ligase CHIP	Q9UNE7	Q9UNE7	True
seq.10339.48	Gamma-enolase	P09104	P09104	True
seq.10342.55	E3 SUMO-protein ligase PIAS4	Q8N2W9	Q8N2W9	True
seq.10344.334	Interleukin-10 receptor subunit alpha	Q13651	Q13651	True
seq.10346.5	Signal transducer and activator of transcription 3	P40763	P40763	True
seq.10351.51	Interferon regulatory factor 1	P10914	P10914	True
seq.10354.57	Signal transducer and activator of transcription 3	P40763	P40763	True
seq.10356.21	Transcription factor AP-1	P05412	P05412	True
seq.10361.25	2'-5'-oligoadenylate synthase 1	P00973	P00973	True
seq.10362.35	Myc proto-oncogene protein	P01106	P01106	True
seq.10363.13	Mothers against decapentaplegic homolog 3	P84022	P84022	True
seq.10364.6	Mothers against decapentaplegic homolog 2	Q15796	Q15796	True
seq.10365.132	Interleukin-23	P29460|Q9NPF7	P29460|Q9NPF7	True
seq.10366.11	Platelet-derived growth factor receptor alpha	P16234	P16234	True
seq.10367.62	Interleukin-12	P29459|P29460	P29459|P29460	True
seq.10370.21	Signal transducer and activator of transcription 1-alpha/beta	P42224	P42224	True
seq.10372.18	Signal transducer and activator of transcription 6	P42226	P42226	True
seq.10382.1	Angiopoietin-related protein 3	Q9Y5C1	Q9Y5C1	True
seq.10390.21	E3 ubiquitin-protein ligase ZNRF3	Q9ULT6	Q9ULT6	True
seq.10391.1	Angiopoietin-related protein 3	Q9Y5C1	Q9Y5C1	True
seq.10396.6	Induced myeloid leukemia cell differentiation protein Mcl-1	Q07820	Q07820	True
seq.10398.110	Ankyrin repeat domain-containing protein 1	Q15327	Q15327	True
seq.10418.36	Syntaxin-12	Q86Y82	Q86Y82	True
seq.10419.1	Scavenger receptor class A member 5	Q6ZMJ2	Q6ZMJ2	True
seq.10420.30	Fas apoptotic inhibitory molecule 1	Q9NVQ4	Q9NVQ4	True
seq.10424.31	Neural proliferation differentiation and control protein 1	Q9NQX5	Q9NQX5	True
seq.10425.3	Beta-1,4-galactosyltransferase 5	O43286	O43286	True
seq.10426.21	Golgi SNAP receptor complex member 2	O14653	O14653	True
seq.10428.1	Killer cell immunoglobulin-like receptor 2DS2	P43631	P43631	True
seq.10430.31	4F2 cell-surface antigen heavy chain:Cytoplasmic domain	P08195	P08195	True
seq.10432.3	Uncharacterized protein KIAA1644	Q3SXP7	Q3SXP7	True
seq.10435.2	N(4)-(beta-N-acetylglucosaminyl)-L-asparaginase	P20933	P20933	True
seq.10438.19	Granulocyte-macrophage colony-stimulating factor receptor subunit alpha	P15509	P15509	True
seq.10439.57	Alpha-amylase 2B	P19961	P19961	True
seq.10440.26	CXADR-like membrane protein:Extracellular domain	Q9H6B4	Q9H6B4	True
seq.10442.1	Transmembrane protein 190	Q8WZ59	Q8WZ59	True
seq.10445.20	Apolipoprotein M	O95445	O95445	True
seq.10447.18	Polyadenylate-binding protein 3	Q9H361	Q9H361	True
seq.10449.31	Protein shisa-2 homolog	Q6UWI4	Q6UWI4	True
seq.10451.11	Nucleobindin-1	Q02818	Q02818	True
seq.10453.7	Carcinoembryonic antigen-related cell adhesion molecule 20	Q6UY09	Q6UY09	True
seq.10454.99	DnaJ homolog subfamily C member 16	Q9Y2G8	Q9Y2G8	True
seq.10455.196	Interleukin-31	Q6EBC2	Q6EBC2	True
seq.10457.3	Interleukin-18 receptor accessory protein	O95256	O95256	True
seq.10460.1	Chitotriosidase-1	Q13231	Q13231	True
seq.10462.14	Insulin-like peptide INSL5	Q9Y5Q6	Q9Y5Q6	True
seq.10463.23	Intestinal-type alkaline phosphatase	P09923	P09923	True
seq.10464.6	Anthrax toxin receptor 1	Q9H6X2	Q9H6X2	True
seq.10470.34	Thioredoxin domain-containing protein 11:N-term	Q6PKC3	Q6PKC3	True
seq.10472.53	Tumor necrosis factor receptor superfamily member 14	Q92956	Q92956	True
seq.10473.2	Trefoil factor 2	Q03403	Q03403	True
seq.10479.18	Stromelysin-2	P09238	P09238	True
seq.10480.33	CD59 glycoprotein	P13987	P13987	True
seq.10485.56	Melanoma-associated antigen 4	P43358	P43358	True
seq.10490.3	Dolichyl-diphosphooligosaccharide--protein glycosyltransferase subunit 1:Cytoplasmic domain	P04843	P04843	True
seq.10496.11	Calcium-activated chloride channel regulator 1	A8K7I4	A8K7I4	True
seq.10499.1	Transmembrane protein 106A	Q96A25	Q96A25	True
seq.10505.12	E3 ubiquitin-protein ligase RNF43	Q68DV7	Q68DV7	True
seq.10506.53	Membrane-associated progesterone receptor component 2	O15173	O15173	True
seq.10507.166	Acrosomal protein SP-10	P26436	P26436	True
seq.10510.62	SLP adapter and CSK-interacting membrane protein	Q6UWF3	Q6UWF3	True
seq.10511.10	Collagen alpha-3(VI) chain:isoform 3	P12111	P12111	True
seq.10512.13	Cytokine receptor common subunit beta:Extracellular domain	P32927	P32927	True
seq.10513.13	Calsenilin	Q9Y2W7	Q9Y2W7	True
seq.10514.5	Prostaglandin-H2 D-isomerase	P41222	P41222	True
seq.10521.10	Matrix-remodeling-associated protein 8:Extracellular domain	Q9BRK3	Q9BRK3	True
seq.10527.22	ATP-dependent RNA helicase A	Q08211	Q08211	True
seq.10528.2	Dipeptidase 1	P16444	P16444	True
seq.10530.8	Proteasome subunit beta type-6	P28072	P28072	True
seq.10531.18	GTPase NRas	P01111	P01111	True
seq.10534.40	Poly [ADP-ribose] polymerase 1:BRCA1 C-terminal:BRCA1 C-terminus domian	P09874	P09874	True
seq.10535.25	Cytochrome c oxidase subunit 6A2, mitochondrial	Q02221	Q02221	True
seq.10539.30	CD99 antigen-like protein 2	Q8TCZ2	Q8TCZ2	True
seq.10546.2	Thrombospondin-type laminin G domain and EAR repeat-containing protein	Q8WU66	Q8WU66	True
seq.10550.37	Bone morphogenetic protein receptor type-1B	O00238	O00238	True
seq.10551.7	Linker for activation of T-cells family member 1	O43561	O43561	True
seq.10552.88	NKG2-F type II integral membrane protein	O43908	O43908	True
seq.10553.8	Torsin-1A-interacting protein 2	Q8NFQ8	Q8NFQ8	True
seq.10554.23	Beta-galactosidase	P16278	P16278	True
seq.10557.6	Testis-expressed sequence 29 protein	Q8N6K0	Q8N6K0	True
seq.10558.26	Protocadherin-9	Q9HC56	Q9HC56	True
seq.10560.1	Integral membrane protein 2C:N-term	Q9NQX7	Q9NQX7	True
seq.10561.5	Peptidoglycan recognition protein 3	Q96LB9	Q96LB9	True
seq.10562.42	Neuropilin and tolloid-like protein 2	Q8NC67	Q8NC67	True
seq.10563.13	LysM and putative peptidoglycan-binding domain-containing protein 3	Q7Z3D4	Q7Z3D4	True
seq.10565.19	SLIT and NTRK-like protein 3	O94933	O94933	True
seq.10569.28	Microfibrillar-associated protein 2	P55001	P55001	True
seq.10571.14	Alpha-1,3-mannosyl-glycoprotein 2-beta-N-acetylglucosaminyltransferase	P26572	P26572	True
seq.10572.65	Cystatin-8	O60676	O60676	True
seq.10574.10	Beta-2-microglobulin	P61769	P61769	True
seq.10575.31	Poly(U)-binding-splicing factor PUF60	Q9UHX1	Q9UHX1	True
seq.10576.7	Plexin domain-containing protein 2:Extracellular domain	Q6UX71	Q6UX71	True
seq.10580.14	Surfactant-associated protein 2	Q6UW10	Q6UW10	True
seq.10582.36	Protein O-mannose kinase	Q9H5K3	Q9H5K3	True
seq.10583.1	Transmembrane protein 108	Q6UXF1	Q6UXF1	True
seq.10584.7	NADH dehydrogenase [ubiquinone] iron-sulfur protein 4, mitochondrial	O43181	O43181	True
seq.10588.39	Lactosylceramide alpha-2,3-sialyltransferase	Q9UNP4	Q9UNP4	True
seq.10589.7	Retinoic acid early transcript 1L protein	Q5VY80	Q5VY80	True
seq.10600.24	Calmegin	O14967	O14967	True
seq.10603.1	Histatin-3	P15516	P15516	True
seq.10605.22	Adipocyte plasma membrane-associated protein	Q9HDC9	Q9HDC9	True
seq.10606.34	Torsin-1A-interacting protein 1:Perinuclear domain	Q5JTV8	Q5JTV8	True
seq.10608.9	Histatin-1	P15515	P15515	True
seq.10612.18	Procollagen-lysine,2-oxoglutarate 5-dioxygenase 3	O60568	O60568	True
seq.10613.33	Protein CASC4	Q6P4E1	Q6P4E1	True
seq.10615.18	Myelin protein P0	P25189	P25189	True
seq.10616.67	Podocalyxin-like protein 2	Q9NZ53	Q9NZ53	True
seq.10618.190	Low-density lipoprotein receptor-related protein 2	P98164	P98164	True
seq.10620.21	Beta-microseminoprotein	P08118	P08118	True
seq.10621.26	Protein Largen	Q569H4	Q569H4	True
seq.10623.19	Mucin-1:region 1	P15941	P15941	True
seq.10624.45	Serine protease inhibitor Kazal-type 13	Q1W4C9	Q1W4C9	True
seq.10626.116	Alpha-N-acetylgalactosaminide alpha-2,6-sialyltransferase 3	Q8NDV1	Q8NDV1	True
seq.10627.87	Amyloid-like protein 2	Q06481	Q06481	True
seq.10630.5	Oxidoreductase HTATIP2	Q9BUP3	Q9BUP3	True
seq.10631.9	Membrane-associated progesterone receptor component 2	O15173	O15173	True
seq.10636.1	Cell surface glycoprotein CD200 receptor 1:Isoform 4, Cytoplasmic Domain	Q8TD46	Q8TD46	True
seq.10637.50	UPF0577 protein KIAA1324:Extracellular domain	Q6UXG2	Q6UXG2	True
seq.10638.1	TERF1-interacting nuclear factor 2	Q9BSI4	Q9BSI4	True
seq.10643.16	Noelin-3:Isoform 2, C-term	Q96PB7	Q96PB7	True
seq.10647.18	Activating signal cointegrator 1 complex subunit 1	Q8N9N2	Q8N9N2	True
seq.10663.42	Insulin-induced gene 1 protein	O15503	O15503	True
seq.10666.7	N-acetylglucosamine-1-phosphotransferase subunit gamma	Q9UJJ9	Q9UJJ9	True
seq.10667.78	Uncharacterized protein C1orf185	Q5T7R7	Q5T7R7	True
seq.10668.5	Syntaxin-4	Q12846	Q12846	True
seq.10670.26	Semaphorin-3E	O15041	O15041	True
seq.10672.75	Pulmonary surfactant-associated protein B	P07988	P07988	True
seq.10675.223	Thioredoxin-related transmembrane protein 2	Q9Y320	Q9Y320	True
seq.10677.9	NADH dehydrogenase [ubiquinone] 1 beta subcomplex subunit 4	O95168	O95168	True
seq.10693.43	Killer cell lectin-like receptor subfamily G member 2:C-term	A4D1S0	A4D1S0	True
seq.10695.12	Protein WFDC10B	Q8IUB3	Q8IUB3	True
seq.10699.52	Prolow-density lipoprotein receptor-related protein 1	Q07954	Q07954	True
seq.10700.10	Immunoglobulin superfamily member 11:Cytoplasmic domain	Q5DX21	Q5DX21	True
seq.10702.1	Collagen alpha-1(XXVIII) chain	Q2UY09	Q2UY09	True
seq.10703.203	Sin3 histone deacetylase corepressor complex component SDS3	Q9H7L9	Q9H7L9	True
seq.10704.91	Lymphoid-restricted membrane protein	Q12912	Q12912	True
seq.10705.14	Alpha-N-acetylgalactosaminide alpha-2,6-sialyltransferase 3	Q8NDV1	Q8NDV1	True
seq.10708.3	Progonadoliberin-2	O43555	O43555	True
seq.10710.23	Zona pellucida-binding protein 2	Q6X784	Q6X784	True
seq.10713.151	CMRF35-like molecule 7	A8K4G0	A8K4G0	True
seq.10714.7	Angiotensin-converting enzyme	P12821	P12821	True
seq.10716.35	26S proteasome non-ATPase regulatory subunit 5	Q16401	Q16401	True
seq.10721.76	Internal Use Only: Heat shock 70 kDa protein 1A	P0DMV8	P0DMV8	True
seq.10722.13	Tyrosine-protein kinase SYK:Protein kinase domain	P43405	P43405	True
seq.10731.10	Heparan sulfate glucosamine 3-O-sulfotransferase 5	Q8IZT8	Q8IZT8	True
seq.10734.339	Galactose-3-O-sulfotransferase 2	Q9H3Q3	Q9H3Q3	True
seq.10737.96	Leukocyte elastase inhibitor	P30740	P30740	True
seq.10738.11	Fibulin-5	Q9UBX5	Q9UBX5	True
seq.10741.22	Macrophage colony-stimulating factor 1	P09603	P09603	True
seq.10743.13	SLIT and NTRK-like protein 1	Q96PX8	Q96PX8	True
seq.10746.24	Dickkopf-related protein 3	Q9UBP4	Q9UBP4	True
seq.10748.216	Protocadherin beta-2	Q9Y5E7	Q9Y5E7	True
seq.10749.18	Internal Use Only: Heat shock 70 kDa protein 1A	P0DMV8	P0DMV8	True
seq.10752.8	Chromodomain Y-like protein 2	Q8N8U2	Q8N8U2	True
seq.10753.31	Disintegrin and metalloproteinase domain-containing protein 7	Q9H2U9	Q9H2U9	True
seq.10754.113	Prokineticin-2	Q9HC23	Q9HC23	True
seq.10756.34	Urocortin-3	Q969E3	Q969E3	True
seq.10758.2	Keratocan	O60938	O60938	True
seq.10760.107	Glutamate receptor 4	P48058	P48058	True
seq.10761.5	Transmembrane emp24 domain-containing protein 2	Q15363	Q15363	True
seq.10762.2	Killer cell lectin-like receptor subfamily G member 2:N-term	A4D1S0	A4D1S0	True
seq.10767.52	G-protein coupled receptor 64	Q8IZP9	Q8IZP9	True
seq.10772.21	Chondroitin sulfate N-acetylgalactosaminyltransferase 2	Q8N6G5	Q8N6G5	True
seq.10780.10	Ras-related protein Rab-3D	O95716	O95716	True
seq.10781.19	C-type lectin domain family 4 member G	Q6UXB4	Q6UXB4	True
seq.10785.8	Leucine-rich repeat-containing protein 52	Q8N7C0	Q8N7C0	True
seq.10798.4	CMRF35-like molecule 2	Q496F6	Q496F6	True
seq.10800.15	Serpin H1	P50454	P50454	True
seq.10801.11	Ephrin-A2	O43921	O43921	True
seq.10803.22	Internal Use Only: Heat shock 70 kDa protein 1A	P0DMV8	P0DMV8	True
seq.10809.14	Killer cell lectin-like receptor subfamily B member 1	Q12918	Q12918	True
seq.10814.7	T-cell surface glycoprotein CD1a	P06126	P06126	True
seq.10815.2	Intracellular hyaluronan-binding protein 4	Q5JVS0	Q5JVS0	True
seq.10816.150	Paired immunoglobulin-like type 2 receptor alpha isoform FDF03-M14	Q9UKJ1	Q9UKJ1	True
seq.10817.26	TOMM20-like protein 1	Q6UXN7	Q6UXN7	True
seq.10818.36	Sphingomyelin phosphodiesterase	P17405	P17405	True
seq.10819.108	Fibulin-1	P23142	P23142	True
seq.10825.12	V-set and immunoglobulin domain-containing protein 10	Q8N0Z9	Q8N0Z9	True
seq.10827.67	Leucine-rich repeat and immunoglobulin-like domain-containing nogo receptor-interacting protein 3	P0C6S8	P0C6S8	True
seq.10830.5	EF-hand calcium-binding domain-containing protein 14:N-term	O75071	O75071	True
seq.10832.24	Beta-1,4-galactosyltransferase 6	Q9UBX8	Q9UBX8	True
seq.10833.64	Hedgehog-interacting protein	Q96QV1	Q96QV1	True
seq.10835.25	Alpha-1,4-N-acetylglucosaminyltransferase	Q9UNA3	Q9UNA3	True
seq.10842.7	Beta-1,3-galactosyl-O-glycosyl-glycoprotein beta-1,6-N-acetylglucosaminyltransferase 4	Q9P109	Q9P109	True
seq.10847.1	Sialic acid-binding Ig-like lectin 15	Q6ZMC9	Q6ZMC9	True
seq.10848.137	Butyrophilin-like protein 3	Q6UXE8	Q6UXE8	True
seq.10851.77	Interleukin-27 subunit beta	Q14213	Q14213	True
seq.10852.114	Heterogeneous nuclear ribonucleoprotein D-like	O14979	O14979	True
seq.10854.15	Beta-1,3-galactosyl-O-glycosyl-glycoprotein beta-1,6-N-acetylglucosaminyltransferase 4	Q9P109	Q9P109	True
seq.10855.55	Plexin-B2	O15031	O15031	True
seq.10866.60	Serine/threonine-protein phosphatase 4 regulatory subunit 3A	Q6IN85	Q6IN85	True
seq.10870.32	Spastin:Microtubule interacting and trafficking domain	Q9UBP0	Q9UBP0	True
seq.10876.300	BRCA1-associated ATM activator 1	Q6PJG6	Q6PJG6	True
seq.10880.38	Protein FAM163B	P0C2L3	P0C2L3	True
seq.10882.12	Desmocollin-1	Q08554	Q08554	True
seq.10885.36	Bombesin receptor-activated protein C6orf89	Q6UWU4	Q6UWU4	True
seq.10889.2	Melanocortin-2 receptor accessory protein 2	Q96G30	Q96G30	True
seq.10890.135	Lactase-like protein	Q6UWM7	Q6UWM7	True
seq.10892.8	Oncostatin-M-specific receptor subunit beta	Q99650	Q99650	True
seq.10894.25	Secretagogin	O76038	O76038	True
seq.10895.28	Transmembrane protease serine 11B	Q86T26	Q86T26	True
seq.10900.272	Stathmin-2	Q93045	Q93045	True
seq.10902.53	Retroviral-like aspartic protease 1	Q53RT3	Q53RT3	True
seq.10903.50	Syntaxin-8	Q9UNK0	Q9UNK0	True
seq.10907.116	Neurotrimin	Q9P121	Q9P121	True
seq.10908.2	Polypeptide N-acetylgalactosaminyltransferase 13	Q8IUC8	Q8IUC8	True
seq.10910.6	Carcinoembryonic antigen-related cell adhesion molecule 4	O75871	O75871	True
seq.10916.44	Secretory phospholipase A2 receptor	Q13018	Q13018	True
seq.10917.40	Guanine nucleotide-binding protein G(I)/G(S)/G(O) subunit gamma-T2	O14610	O14610	True
seq.10924.258	Neuferricin	Q8WUJ1	Q8WUJ1	True
seq.10933.107	Calcium-binding protein 8	Q9BXU9	Q9BXU9	True
seq.10938.13	Lymphocyte function-associated antigen 3	P19256	P19256	True
seq.10939.16	Pleckstrin homology domain-containing family A member 4	Q9H4M7	Q9H4M7	True
seq.10940.25	Sarcalumenin	Q86TD4	Q86TD4	True
seq.10945.11	Syntaxin-6	O43752	O43752	True
seq.10948.14	Phospholipase D3	Q8IV08	Q8IV08	True
seq.10949.59	60S acidic ribosomal protein P2	P05387	P05387	True
seq.10953.14	C-type lectin domain family 2 member A	Q6UVW9	Q6UVW9	True
seq.10955.4	C-type lectin domain family 10 member A	Q8IUN9	Q8IUN9	True
seq.10956.82	Glycine cleavage system H protein, mitochondrial	P23434	P23434	True
seq.10959.125	BET1-like protein	Q9NYM9	Q9NYM9	True
seq.10961.15	Retinoic acid receptor responder protein 3	Q9UL19	Q9UL19	True
seq.10966.1	Alpha-2-HS-glycoprotein	P02765	P02765	True
seq.10967.12	Prolactin	P01236	P01236	True
seq.10970.3	Ecto-ADP-ribosyltransferase 3	Q13508	Q13508	True
seq.10974.20	Serine protease inhibitor Kazal-type 7	P58062	P58062	True
seq.10975.59	Mucin-like protein 1	Q96DR8	Q96DR8	True
seq.10976.44	Mucin-1:region 3	P15941	P15941	True
seq.10977.55	Unique cartilage matrix-associated protein	Q8WVF2	Q8WVF2	True
seq.10978.39	Growth hormone variant	P01242	P01242	True
seq.10980.11	Acetylcholinesterase	P22303	P22303	True
seq.10981.56	Pro-neuregulin-3, membrane-bound isoform	P56975	P56975	True
seq.10990.21	Leucine-rich repeat serine/threonine-protein kinase 2	Q5S007	Q5S007	True
seq.11067.13	Osteocalcin	P02818	P02818	True
seq.11071.1	Interleukin-5	P05113	P05113	True
seq.11081.1	Glycerol-3-phosphate dehydrogenase [NAD(+)], cytoplasmic	P21695	P21695	True
seq.11083.23	Gamma-enolase	P09104	P09104	True
seq.11089.7	Immunoglobulin A	P01877|P01876	P01877|P01876	True
seq.11094.104	Galectin-10	Q05315	Q05315	True
seq.11096.57	HemK methyltransferase family member 2	Q9Y5N5	Q9Y5N5	True
seq.11098.1	Pyridoxal kinase	O00764	O00764	True
seq.11101.18	Toll-like receptor 4	O00206	O00206	True
seq.11102.22	Regenerating islet-derived protein 4	Q9BYZ8	Q9BYZ8	True
seq.11103.24	Heat shock protein beta-1	P04792	P04792	True
seq.11104.13	Chitinase-3-like protein 1	P36222	P36222	True
seq.11105.171	Alpha-enolase	P06733	P06733	True
seq.11107.25	Teneurin-3	Q9P273	Q9P273	True
seq.11109.56	Sushi, von Willebrand factor type A, EGF and pentraxin domain-containing protein 1:Sushi 15-18	Q4LDE5	Q4LDE5	True
seq.11110.4	Transmembrane protein 119	Q4V9L6	Q4V9L6	True
seq.11112.18	Protein kish-A	Q8TBQ9	Q8TBQ9	True
seq.11116.16	Uncharacterized protein C11orf87	Q6NUJ2	Q6NUJ2	True
seq.11117.2	Spermatogenesis-associated protein 20	Q8TB22	Q8TB22	True
seq.11118.107	Ras-related protein Rab-17	Q9H0T7	Q9H0T7	True
seq.11120.49	N-acetyltransferase 14	Q8WUY8	Q8WUY8	True
seq.11121.56	Brorin	Q2TAL6	Q2TAL6	True
seq.11122.97	Maspardin	Q9NZD8	Q9NZD8	True
seq.11126.102	Triple functional domain protein	O75962	O75962	True
seq.11128.29	Transmembrane protein 132C:Cytoplasmic domain	Q8N3T6	Q8N3T6	True
seq.11129.66	Bone morphogenetic protein 15	O95972	O95972	True
seq.11130.158	Voltage-dependent L-type calcium channel subunit beta-4	O00305	O00305	True
seq.11134.30	Peptide chain release factor 1-like, mitochondrial	Q9UGC7	Q9UGC7	True
seq.11135.5	39S ribosomal protein L55, mitochondrial	Q7Z7F7	Q7Z7F7	True
seq.11137.43	Cytokine receptor common subunit beta:Cytoplasmic domain	P32927	P32927	True
seq.11138.16	Runt-related transcription factor 3	Q13761	Q13761	True
seq.11140.56	Collagen alpha-1(I) chain:C-term propeptide	P02452	P02452	True
seq.11142.11	Angiopoietin-related protein 1:C-Term, Fibrinogen domian	O95841	O95841	True
seq.11143.32	Noelin-3:Isoform 2, N-term	Q96PB7	Q96PB7	True
seq.11144.10	Beta-defensin 116	Q30KQ4	Q30KQ4	True
seq.11145.72	UPF0606 protein KIAA1549L	Q6ZVL6	Q6ZVL6	True
seq.11146.4	T-box transcription factor TBX22	Q9Y458	Q9Y458	True
seq.11147.17	Trem-like transcript 1 protein:immunoreceptor tyrosine-based inhibition motif	Q86YW5	Q86YW5	True
seq.11149.3	Toll-like receptor 1:Cytoplasmic domain	Q15399	Q15399	True
seq.11150.3	Collagen alpha-1(VI) chain	P12109	P12109	True
seq.11152.46	Kallikrein-13	Q9UKR3	Q9UKR3	True
seq.11154.3	Nuclear factor erythroid 2-related factor 1	Q14494	Q14494	True
seq.11155.16	Collagen alpha-5(VI) chain	A8TX70	A8TX70	True
seq.11157.35	Internal Use Only: Heat shock 70 kDa protein 1A	P0DMV8	P0DMV8	True
seq.11158.40	Bicaudal D-related protein 1	Q6ZP65	Q6ZP65	True
seq.11159.14	Mitochondrial ubiquitin ligase activator of NFKB 1:Cytoplasmic domain	Q969V5	Q969V5	True
seq.11160.56	RING finger protein 122	Q9H9V4	Q9H9V4	True
seq.11161.5	Spartin	Q8N0X7	Q8N0X7	True
seq.11162.37	Equatorin	Q9NQ60	Q9NQ60	True
seq.11163.7	Protein FAM162B	Q5T6X4	Q5T6X4	True
seq.11164.7	Teneurin-2	Q9NT68	Q9NT68	True
seq.11167.6	Myotubularin-related protein 1	Q13613	Q13613	True
seq.11168.3	Multiple epidermal growth factor-like domains protein 10	Q96KG7	Q96KG7	True
seq.11171.25	Filamin-A:Calponin Homology 2	P21333	P21333	True
seq.11173.29	Allergin-1	Q7Z6M3	Q7Z6M3	True
seq.11174.8	Thrombospondin type-1 domain-containing protein 7A:Thrombospondin type-1 domain 6	Q9UPZ6	Q9UPZ6	True
seq.11175.45	Lysophosphatidylcholine acyltransferase 2	Q7L5N7	Q7L5N7	True
seq.11177.16	Keratin, type II cytoskeletal 5	P13647	P13647	True
seq.11178.21	Sushi, von Willebrand factor type A, EGF and pentraxin domain-containing protein 1:EGF-like domains 4-6	Q4LDE5	Q4LDE5	True
seq.11179.7	Testis-specific serine/threonine-protein kinase 1	Q9BXA7	Q9BXA7	True
seq.11180.17	SWI/SNF complex subunit SMARCC1	Q92922	Q92922	True
seq.11184.51	Chromogranin-A	P10645	P10645	True
seq.11185.145	GTP cyclohydrolase 1	P30793	P30793	True
seq.11186.12	Transmembrane protein 52	Q8NDY8	Q8NDY8	True
seq.11187.11	C-type lectin domain family 12 member A	Q5QGZ9	Q5QGZ9	True
seq.11190.129	ATP-dependent zinc metalloprotease YME1L1	Q96TA2	Q96TA2	True
seq.11192.168	Tubulointerstitial nephritis antigen-like	Q9GZM7	Q9GZM7	True
seq.11193.27	Hepatocyte nuclear factor 1-alpha	P20823	P20823	True
seq.11194.6	Signaling threshold-regulating transmembrane adapter 1	Q9Y3P8	Q9Y3P8	True
seq.11196.31	Collagen alpha-3(VI) chain:Bovine pancreatic trypsin inhibitor/Kunitz inhibitor domain, isoform 1	P12111	P12111	True
seq.11198.37	Cyclic AMP-responsive element-binding protein 3-like protein 1	Q96BA8	Q96BA8	True
seq.11200.52	Complement component C1q receptor	Q9NPY3	Q9NPY3	True
seq.11201.19	tRNA pseudouridine synthase A, mitochondrial	Q9Y606	Q9Y606	True
seq.11202.70	T-box transcription factor TBX5	Q99593	Q99593	True
seq.11203.97	Pyruvate kinase PKLR	P30613	P30613	True
seq.11204.80	Coxsackievirus and adenovirus receptor	P78310	P78310	True
seq.11205.10	Integrin beta-7	P26010	P26010	True
seq.11207.3	Macrophage scavenger receptor types I and II:Cytoplasmic domain	P21757	P21757	True
seq.11208.15	N-acetylglucosamine-1-phosphodiester alpha-N-acetylglucosaminidase	Q9UK23	Q9UK23	True
seq.11211.7	Tubulin-specific chaperone E	Q15813	Q15813	True
seq.11212.7	Thioredoxin domain-containing protein 5	Q8NBS9	Q8NBS9	True
seq.11214.40	DnaJ homolog subfamily B member 9	Q9UBS3	Q9UBS3	True
seq.11215.6	Cadherin-15:Cytoplasmic domain	P55291	P55291	True
seq.11217.16	C-terminal-binding protein 1	Q13363	Q13363	True
seq.11218.84	Thiopurine S-methyltransferase	P51580	P51580	True
seq.11219.95	Fibroblast growth factor-binding protein 3	Q8TAT2	Q8TAT2	True
seq.11220.53	Uncharacterized protein C10orf105	Q8TEF2	Q8TEF2	True
seq.11223.1	Transmembrane protein 154	Q6P9G4	Q6P9G4	True
seq.11226.16	Ubiquitin-protein ligase E3A	Q05086	Q05086	True
seq.11227.31	Transducin beta-like protein 2	Q9Y4P3	Q9Y4P3	True
seq.11228.37	Protein RIC-3	Q7Z5B4	Q7Z5B4	True
seq.11229.16	Serine/threonine-protein kinase/endoribonuclease IRE1	O75460	O75460	True
seq.11231.12	Adrenodoxin-like protein, mitochondrial	Q6P4F2	Q6P4F2	True
seq.11232.46	Transcobalamin-1	P20061	P20061	True
seq.11237.49	Procollagen C-endopeptidase enhancer 1	Q15113	Q15113	True
seq.11239.49	Transmembrane protease serine 6	Q8IU80	Q8IU80	True
seq.11241.8	Argininosuccinate lyase	P04424	P04424	True
seq.11242.33	Protein-glutamine gamma-glutamyltransferase K	P22735	P22735	True
seq.11243.90	Adhesion G-protein coupled receptor F1	Q5T601	Q5T601	True
seq.11245.43	Filamin-A:Calponin Homology 1	P21333	P21333	True
seq.11246.3	BPI fold-containing family B member 1	Q8TDL5	Q8TDL5	True
seq.11247.20	N-acetylglutamate synthase, mitochondrial	Q8N159	Q8N159	True
seq.11248.43	Uroporphyrinogen-III synthase	P10746	P10746	True
seq.11252.30	Leucine-rich repeat and calponin homology domain-containing protein 4:Calponin Homology	O75427	O75427	True
seq.11254.13	Papilin	O95428	O95428	True
seq.11257.1	Dihydropteridine reductase	P09417	P09417	True
seq.11258.41	Mucosal addressin cell adhesion molecule 1	Q13477	Q13477	True
seq.11260.47	SUN domain-containing protein 5	Q8TC36	Q8TC36	True
seq.11262.39	TraB domain-containing protein	Q9H4I3	Q9H4I3	True
seq.11263.57	Calsequestrin-1	P31415	P31415	True
seq.11264.33	Xanthine dehydrogenase/oxidase	P47989	P47989	True
seq.11265.8	Retinal dehydrogenase 1	P00352	P00352	True
seq.11266.8	P-selectin glycoprotein ligand 1:Extracellular domain	Q14242	Q14242	True
seq.11270.17	Coiled-coil-helix-coiled-coil-helix domain-containing protein 10, mitochondrial	Q8WYQ3	Q8WYQ3	True
seq.11273.176	Glutathione S-transferase theta-2B	P0CG30	P0CG30	True
seq.11275.94	Low-density lipoprotein receptor-related protein 1B	Q9NZR2	Q9NZR2	True
seq.11277.23	Cyclic AMP-dependent transcription factor ATF-6 alpha	P18850	P18850	True
seq.11278.4	Collagen alpha-2(XI) chain	P13942	P13942	True
seq.11279.42	Gamma-aminobutyric acid type B receptor subunit 1	Q9UBS5	Q9UBS5	True
seq.11280.6	Glutamate decarboxylase 1	Q99259	Q99259	True
seq.11281.6	Growth factor receptor-bound protein 7	Q14451	Q14451	True
seq.11282.16	Macrophage scavenger receptor types I and II:Extracellular domain	P21757	P21757	True
seq.11283.13	DDB1- and CUL4-associated factor 5	Q96JK2	Q96JK2	True
seq.11284.24	Leukocyte-associated immunoglobulin-like receptor 1	Q6GTX8	Q6GTX8	True
seq.11285.8	Hematopoietic progenitor cell antigen CD34	P28906	P28906	True
seq.11286.78	Selenoprotein S	Q9BQE4	Q9BQE4	True
seq.11287.14	Cytochrome b5	P00167	P00167	True
seq.11288.26	Cytosolic purine 5'-nucleotidase	P49902	P49902	True
seq.11289.31	Casein kinase I isoform delta	P48730	P48730	True
seq.11292.13	Scavenger receptor class A member 3:region 2	Q6AZY7	Q6AZY7	True
seq.11293.14	Leucine-rich repeat neuronal protein 1:Cytoplasmic domain	Q6UXK5	Q6UXK5	True
seq.11294.7	Transmembrane and coiled-coil domains protein 3:region 2	Q9ULS5	Q9ULS5	True
seq.11297.54	Neurogenic locus notch homolog protein 2	Q04721	Q04721	True
seq.11300.32	Sortilin	Q99523	Q99523	True
seq.11302.237	Tenascin-R	Q92752	Q92752	True
seq.11303.7	Deoxynucleoside triphosphate triphosphohydrolase SAMHD1	Q9Y3Z3	Q9Y3Z3	True
seq.11307.33	NEDD4-like E3 ubiquitin-protein ligase WWP1	Q9H0M0	Q9H0M0	True
seq.11308.8	Cyclic AMP-responsive element-binding protein 3-like protein 4	Q8TEY5	Q8TEY5	True
seq.11310.8	Desmoglein-3	P32926	P32926	True
seq.11311.79	V(D)J recombination-activating protein 1	P15918	P15918	True
seq.11312.40	Mismatch repair endonuclease PMS2	P54278	P54278	True
seq.11313.100	Pterin-4-alpha-carbinolamine dehydratase	P61457	P61457	True
seq.11315.148	Protein phosphatase 1D	O15297	O15297	True
seq.11318.20	Apolipoprotein A-V	Q6Q788	Q6Q788	True
seq.11319.106	Double-strand break repair protein MRE11	P49959	P49959	True
seq.11320.29	E3 ubiquitin-protein ligase CHFR	Q96EP1	Q96EP1	True
seq.11324.3	Peroxidasin-like protein	A1KZ92	A1KZ92	True
seq.11325.8	Protein BTG2	P78543	P78543	True
seq.11327.56	Dual specificity protein kinase CLK2	P49760	P49760	True
seq.11328.9	U6 snRNA phosphodiesterase	Q9BQ65	Q9BQ65	True
seq.11330.15	Casein kinase II subunit beta	P67870	P67870	True
seq.11333.82	Rho GTPase-activating protein 25	P42331	P42331	True
seq.11334.7	Leukocyte immunoglobulin-like receptor subfamily B member 3	O75022	O75022	True
seq.11336.9	Fanconi anemia group F protein	Q9NPI8	Q9NPI8	True
seq.11338.49	Tyrosine-protein kinase BLK	P51451	P51451	True
seq.11342.59	Plexin domain-containing protein 2:Cytoplasmic domain	Q6UX71	Q6UX71	True
seq.11347.9	Transaldolase	P37837	P37837	True
seq.11348.132	Prolyl 4-hydroxylase subunit alpha-2	O15460	O15460	True
seq.11350.30	E3 ubiquitin-protein ligase CHIP	Q9UNE7	Q9UNE7	True
seq.11351.233	Non-homologous end-joining factor 1	Q9H9Q4	Q9H9Q4	True
seq.11352.42	Titin	Q8WZ42	Q8WZ42	True
seq.11353.143	Mothers against decapentaplegic homolog 2	Q15796	Q15796	True
seq.11354.21	1-phosphatidylinositol 4,5-bisphosphate phosphodiesterase beta-1	Q9NQ66	Q9NQ66	True
seq.11355.10	Eukaryotic translation initiation factor 5A-2	Q9GZV4	Q9GZV4	True
seq.11356.19	Protein DGCR14	Q96DF8	Q96DF8	True
seq.11358.15	Growth factor receptor-bound protein 10	Q13322	Q13322	True
seq.11360.39	Ribonucleoside-diphosphate reductase large subunit	P23921	P23921	True
seq.11361.73	Thymidine phosphorylase	P19971	P19971	True
seq.11363.58	Aquaporin-4	P55087	P55087	True
seq.11364.18	Mitofusin-1	Q8IWA4	Q8IWA4	True
seq.11365.17	Teneurin-4	Q6N022	Q6N022	True
seq.11368.32	Adenylate kinase 2, mitochondrial	P54819	P54819	True
seq.11369.23	Alcohol dehydrogenase class-3	P11766	P11766	True
seq.11370.20	72 kDa inositol polyphosphate 5-phosphatase	Q9NRR6	Q9NRR6	True
seq.11371.1	Probable G-protein coupled receptor 101	Q96P66	Q96P66	True
seq.11372.2	Zinc finger protein 18	P17022	P17022	True
seq.11375.49	Forkhead box protein L2	P58012	P58012	True
seq.11377.19	Alcohol dehydrogenase class 4 mu/sigma chain	P40394	P40394	True
seq.11378.37	Tyrosine-protein kinase SYK:Src Homology domain	P43405	P43405	True
seq.11380.84	RNA-binding protein 24	Q9BX46	Q9BX46	True
seq.11381.56	Ribose-phosphate pyrophosphokinase 1	P60891	P60891	True
seq.11382.5	Biliverdin reductase A	P53004	P53004	True
seq.11383.41	Keratin, type II cytoskeletal 7	P08729	P08729	True
seq.11387.3	Cyclic AMP-dependent transcription factor ATF-6 beta	Q99941	Q99941	True
seq.11388.75	WAP four-disulfide core domain protein 2	Q14508	Q14508	True
seq.11390.24	Carbonic anhydrase-related protein	P35219	P35219	True
seq.11391.69	Mevalonate kinase	Q03426	Q03426	True
seq.11395.5	Protein-tyrosine kinase 2-beta:4.1 protein, ezrin, radixin, moesin domain	Q14289	Q14289	True
seq.11396.39	Dynein intermediate chain 1, axonemal	Q9UI46	Q9UI46	True
seq.11401.181	E3 ubiquitin-protein ligase RNF146	Q9NTX7	Q9NTX7	True
seq.11402.17	Histone-lysine N-methyltransferase 2C	Q8NEZ4	Q8NEZ4	True
seq.11405.150	Caspase recruitment domain-containing protein 9	Q9H257	Q9H257	True
seq.11406.82	Isobutyryl-CoA dehydrogenase, mitochondrial	Q9UKU7	Q9UKU7	True
seq.11407.57	Phospholipid scramblase 3	Q9NRY6	Q9NRY6	True
seq.11416.23	F-box/LRR-repeat protein 4:Leucine-rich repeats 4 and 5	Q9UKA2	Q9UKA2	True
seq.11421.10	EH domain-containing protein 4	Q9H223	Q9H223	True
seq.11422.2	Homeobox protein DLX-3	O60479	O60479	True
seq.11424.4	Fumarylacetoacetase	P16930	P16930	True
seq.11425.31	RUN and FYVE domain-containing protein 1	Q96T51	Q96T51	True
seq.11428.31	PDZ and LIM domain protein 1	O00151	O00151	True
seq.11429.80	Heterogeneous nuclear ribonucleoproteins C1/C2	P07910	P07910	True
seq.11430.49	E3 ubiquitin-protein ligase DTX1	Q86Y01	Q86Y01	True
seq.11431.235	ATP-dependent DNA helicase Q1	P46063	P46063	True
seq.11432.11	Polyglutamine-binding protein 1	O60828	O60828	True
seq.11433.11	Tectonic-2	Q96GX1	Q96GX1	True
seq.11436.6	Alpha-internexin	Q16352	Q16352	True
seq.11438.6	DnaJ homolog subfamily B member 2	P25686	P25686	True
seq.11439.88	Rhophilin-2	Q8IUC4	Q8IUC4	True
seq.11440.58	Suppressor of cytokine signaling 3	O14543	O14543	True
seq.11441.11	Glycogen phosphorylase, liver form	P06737	P06737	True
seq.11442.1	Delta and Notch-like epidermal growth factor-related receptor:Cytoplasmic domain	Q8NFT8	Q8NFT8	True
seq.11444.49	DNA-directed RNA polymerase III subunit RPC6	Q9H1D9	Q9H1D9	True
seq.11448.34	Galactokinase	P51570	P51570	True
seq.11449.22	F-actin-capping protein subunit alpha-1	P52907	P52907	True
seq.11450.110	Protein disulfide-isomerase	P07237	P07237	True
seq.11454.87	Eukaryotic translation initiation factor 3 subunit G	O75821	O75821	True
seq.11456.2	Melanoma-associated antigen B10	Q96LZ2	Q96LZ2	True
seq.11457.53	UDP-glucose 4-epimerase	Q14376	Q14376	True
seq.11458.30	Poly(rC)-binding protein 1	Q15365	Q15365	True
seq.11459.81	RNA polymerase II elongation factor ELL	P55199	P55199	True
seq.11462.8	RNA binding protein fox-1 homolog 2	O43251	O43251	True
seq.11464.9	Transcription factor RelB	Q01201	Q01201	True
seq.11465.4	Probable G-protein coupled receptor 135	Q8IZ08	Q8IZ08	True
seq.11468.15	Probable RNA-binding protein 19	Q9Y4C8	Q9Y4C8	True
seq.11476.43	Vacuolar protein sorting-associated protein 4A	Q9UN37	Q9UN37	True
seq.11480.1	Aldehyde dehydrogenase, dimeric NADP-preferring	P30838	P30838	True
seq.11481.25	Hepatitis A virus cellular receptor 2	Q8TDQ0	Q8TDQ0	True
seq.11486.26	Zinc finger protein 174	Q15697	Q15697	True
seq.11487.4	Testican-1	Q08629	Q08629	True
seq.11490.42	Ubiquitin-like protein 4A	P11441	P11441	True
seq.11493.169	Dynein light chain 2, cytoplasmic	Q96FJ2	Q96FJ2	True
seq.11494.4	RNA polymerase II elongation factor ELL2	O00472	O00472	True
seq.11510.31	Apolipoprotein L1	O14791	O14791	True
seq.11510.51	Apolipoprotein L1	O14791	O14791	True
seq.11513.92	ADP-ribosyl cyclase/cyclic ADP-ribose hydrolase 1	P28907	P28907	True
seq.11514.196	CD59 glycoprotein	P13987	P13987	True
seq.11516.7	Fatty acid-binding protein, liver	P07148	P07148	True
seq.11530.37	Porphobilinogen deaminase	P08397	P08397	True
seq.11531.24	V-type immunoglobulin domain-containing suppressor of T-cell activation:Cytoplasmic domain	Q9H7M9	Q9H7M9	True
seq.11534.6	Leucine-rich repeat, immunoglobulin-like domain and transmembrane domain-containing protein 3	Q3SXY7	Q3SXY7	True
seq.11536.9	Histone H2A deubiquitinase MYSM1	Q5VVJ2	Q5VVJ2	True
seq.11537.12	Transferrin receptor protein 2	Q9UP52	Q9UP52	True
seq.11538.216	Malonyl-CoA decarboxylase, mitochondrial	O95822	O95822	True
seq.11539.4	ATP synthase subunit f, mitochondrial	P56134	P56134	True
seq.11540.37	Forkhead box protein O3	O43524	O43524	True
seq.11542.11	Transmembrane protein 230	Q96A57	Q96A57	True
seq.11543.84	LIM domain and actin-binding protein 1	Q9UHB6	Q9UHB6	True
seq.11544.39	PHD finger protein 3	Q92576	Q92576	True
seq.11545.9	Tumor necrosis factor receptor superfamily member 14	Q92956	Q92956	True
seq.11546.7	Cytoglobin	Q8WWM9	Q8WWM9	True
seq.11547.84	Muscle, skeletal receptor tyrosine-protein kinase	O15146	O15146	True
seq.11548.84	M-phase inducer phosphatase 1	P30304	P30304	True
seq.11549.6	Insulin gene enhancer protein ISL-1	P61371	P61371	True
seq.11551.16	SWI/SNF-related matrix-associated actin-dependent regulator of chromatin subfamily E member 1-related	Q9P0W2	Q9P0W2	True
seq.11556.19	ADP-ribosylation factor GTPase-activating protein 1	Q8N6T3	Q8N6T3	True
seq.11557.3	E3 ubiquitin-protein ligase SMURF1	Q9HCE7	Q9HCE7	True
seq.11560.76	Nuclear factor of activated T-cells, cytoplasmic 4	Q14934	Q14934	True
seq.11562.9	DNA polymerase epsilon subunit 2	P56282	P56282	True
seq.11563.51	Synaptotagmin-like protein 4:Ca2+-dependent membrane-targeting module 2	Q96C24	Q96C24	True
seq.11565.58	Zinc finger protein 23	P17027	P17027	True
seq.11566.48	Keratin, type II cytoskeletal 72	Q14CN4	Q14CN4	True
seq.11567.23	Zinc finger protein 10	P21506	P21506	True
seq.11568.2	Peptidyl-prolyl cis-trans isomerase FKBP1B	P68106	P68106	True
seq.11570.94	B-cell receptor-associated protein 29	Q9UHQ4	Q9UHQ4	True
seq.11571.75	NKG2-E type II integral membrane protein:Isoform E, Extracellular domain	Q07444	Q07444	True
seq.11572.4	Dynamin-2	P50570	P50570	True
seq.11573.3	Serine/arginine-rich splicing factor 6	Q13247	Q13247	True
seq.11582.63	DnaJ homolog subfamily A member 2	O60884	O60884	True
seq.11586.2	Leucine-rich repeat neuronal protein 1:Extracellular domain	Q6UXK5	Q6UXK5	True
seq.11587.5	MAX gene-associated protein	Q8IWI9	Q8IWI9	True
seq.11590.5	Probable RNA-binding protein 23	Q86U06	Q86U06	True
seq.11591.43	Protein regulator of cytokinesis 1	O43663	O43663	True
seq.11592.1	ELAV-like protein 1	Q15717	Q15717	True
seq.11593.21	C-X-C motif chemokine 9	Q07325	Q07325	True
seq.11596.47	Zinc finger protein 75D	P51815	P51815	True
seq.11601.26	ATP-dependent RNA helicase DHX8	Q14562	Q14562	True
seq.11602.12	Copine-1:Von Willebrand factor type A domain	Q99829	Q99829	True
seq.11606.22	DnaJ homolog subfamily B member 6	O75190	O75190	True
seq.11607.15	Bromodomain-containing protein 1	O95696	O95696	True
seq.11608.5	Microtubule-associated proteins 1A/1B light chain 3B	Q9GZQ8	Q9GZQ8	True
seq.11614.29	Enhancer of rudimentary homolog	P84090	P84090	True
seq.11615.16	Dual adapter for phosphotyrosine and 3-phosphotyrosine and 3-phosphoinositide	Q9UN19	Q9UN19	True
seq.11616.9	Heat shock factor protein 1	Q00613	Q00613	True
seq.11617.1	Integrin alpha-L	P20701	P20701	True
seq.11618.83	Transcriptional activator Myb	P10242	P10242	True
seq.11626.7	Ubiquitin-conjugating enzyme E2 variant 1	Q13404	Q13404	True
seq.11629.36	TNF receptor-associated factor 4	Q9BUZ4	Q9BUZ4	True
seq.11633.89	Activator of 90 kDa heat shock protein ATPase homolog 1	O95433	O95433	True
seq.11634.32	Regulator of G-protein signaling 10	O43665	O43665	True
seq.11636.33	Transgelin-2	P37802	P37802	True
seq.11638.42	Beta-1,3-galactosyltransferase 2	O43825	O43825	True
seq.11643.73	E3 ubiquitin-protein ligase DTX3L	Q8TDB6	Q8TDB6	True
seq.11645.9	Prolyl 4-hydroxylase subunit alpha-1	P13674	P13674	True
seq.11646.4	Carbohydrate sulfotransferase 9	Q7L1S5	Q7L1S5	True
seq.11647.6	Frizzled-10:Cytoplasmic domain	Q9ULW2	Q9ULW2	True
seq.11649.3	Stromal membrane-associated protein 1	Q8IYB5	Q8IYB5	True
seq.11651.24	Protein argonaute-1	Q9UL18	Q9UL18	True
seq.11653.69	Sodium- and chloride-dependent glycine transporter 1	P48067	P48067	True
seq.11654.77	Neurensin-1	Q8IZ57	Q8IZ57	True
seq.11656.110	Ena/VASP-like protein	Q9UI08	Q9UI08	True
seq.11657.86	Suppressor of cytokine signaling 7	O14512	O14512	True
seq.11659.31	Clathrin interactor 1	Q14677	Q14677	True
seq.11661.11	NACHT, LRR and PYD domains-containing protein 1	Q9C000	Q9C000	True
seq.11664.32	ADP-ribosylation factor GTPase-activating protein 2	Q8N6H7	Q8N6H7	True
seq.11666.72	Regulator of G-protein signaling 8	P57771	P57771	True
seq.11667.29	Tensin-2	Q63HR2	Q63HR2	True
seq.11669.39	Solute carrier organic anion transporter family member 5A1	Q9H2Y9	Q9H2Y9	True
seq.11670.18	Probable G-protein coupled receptor 101	Q96P66	Q96P66	True
seq.11671.19	Peregrin	P55201	P55201	True
seq.11672.17	Kinesin-like protein KIF16B	Q96L93	Q96L93	True
seq.11677.17	Probable palmitoyltransferase ZDHHC14	Q8IZN3	Q8IZN3	True
seq.11678.105	Gap junction delta-2 protein	Q9UKL4	Q9UKL4	True
seq.11681.8	Arf-GAP domain and FG repeat-containing protein 1	P52594	P52594	True
seq.11682.7	Thioredoxin-interacting protein	Q9H3M7	Q9H3M7	True
seq.11683.19	ADP-ribosylation factor-binding protein GGA3	Q9NZ52	Q9NZ52	True
seq.11690.47	Anaphase-promoting complex subunit 7	Q9UJX3	Q9UJX3	True
seq.11692.21	SHC-transforming protein 4	Q6S5L8	Q6S5L8	True
seq.11696.7	Cellular retinoic acid-binding protein 2	P29373	P29373	True
seq.11699.16	Protein tyrosine phosphatase type IVA 2	Q12974	Q12974	True
seq.11708.2	Lipocalin-1	P31025	P31025	True
seq.11709.29	Carnitine O-palmitoyltransferase 1, muscle isoform	Q92523	Q92523	True
seq.11712.207	Protein unc-45 homolog A	Q9H3U1	Q9H3U1	True
seq.11715.1	POU domain, class 2, transcription factor 1	P14859	P14859	True
seq.11716.28	Leucine-rich repeat, immunoglobulin-like domain and transmembrane domain-containing protein 2	A6NDA9	A6NDA9	True
seq.11814.29	Hepatocyte growth factor receptor	P08581	P08581	True
seq.11816.84	Tyrosine-protein kinase JAK2	O60674	O60674	True
seq.11817.1	Ribosomal protein S6 kinase beta-1	P23443	P23443	True
seq.11825.27	Peroxisome proliferator-activated receptor gamma coactivator 1-alpha	Q9UBK2	Q9UBK2	True
seq.11827.7	Nuclear receptor ROR-gamma	P51449	P51449	True
seq.11830.48	Tyrosine-protein phosphatase non-receptor type 11	Q06124	Q06124	True
seq.11833.83	Frataxin, mitochondrial	Q16595	Q16595	True
seq.11836.144	Epithelial discoidin domain-containing receptor 1	Q08345	Q08345	True
seq.11837.7	Tumor necrosis factor receptor superfamily member 18	Q9Y5U5	Q9Y5U5	True
seq.11838.130	Piezo-type mechanosensitive ion channel component 1	Q92508	Q92508	True
seq.11851.21	Triggering receptor expressed on myeloid cells 2	Q9NZC2	Q9NZC2	True
seq.11872.9	Protocadherin gamma-B1	Q9Y5G3	Q9Y5G3	True
seq.11910.27	Homeobox protein DLX-4	Q92988	Q92988	True
seq.11911.13	Leucine-rich repeat-containing protein 4B:Cytoplasmic domain	Q9NT99	Q9NT99	True
seq.11926.23	Alpha- and gamma-adaptin-binding protein p34	Q6PD74	Q6PD74	True
seq.11934.9	Integrator complex subunit 3	Q68E01	Q68E01	True
seq.11949.25	Epidermal growth factor:Cytoplasmic domain	P01133	P01133	True
seq.11952.1	Immunoglobulin superfamily DCC subclass member 3:Cytoplasmic domain	Q8IVU1	Q8IVU1	True
seq.11955.1	Rho GTPase-activating protein 1:Rho-GTPase activating protein domain	Q07960	Q07960	True
seq.11967.23	Cellular retinoic acid-binding protein 1	P29762	P29762	True
seq.11969.5	Protein S100-A2	P29034	P29034	True
seq.11988.24	Receptor-type tyrosine-protein phosphatase H	Q9HD43	Q9HD43	True
seq.11989.35	ER membrane protein complex subunit 1	Q8N766	Q8N766	True
seq.12001.7	Tight junction protein ZO-1	Q07157	Q07157	True
seq.12008.3	T-cell antigen CD7	P09564	P09564	True
seq.12014.19	6-pyruvoyl tetrahydrobiopterin synthase	Q03393	Q03393	True
seq.12016.60	E3 ubiquitin-protein ligase CBL	P22681	P22681	True
seq.12018.84	Thiamin pyrophosphokinase 1	Q9H3S4	Q9H3S4	True
seq.12020.39	Bisphosphoglycerate mutase	P07738	P07738	True
seq.12022.12	Mothers against decapentaplegic homolog 4	Q13485	Q13485	True
seq.12030.82	Desmin	P17661	P17661	True
seq.12033.3	Mitotic checkpoint serine/threonine-protein kinase BUB1	O43683	O43683	True
seq.12034.28	Adenylyl cyclase-associated protein 1	Q01518	Q01518	True
seq.12041.33	Heat shock 70 kDa protein 1-like	P34931	P34931	True
seq.12046.51	TAR DNA-binding protein 43	Q13148	Q13148	True
seq.12077.32	Growth/differentiation factor 8	O14793	O14793	True
seq.12329.21	Ribosomal protein S6 kinase alpha-1	Q15418	Q15418	True
seq.12332.7	Eukaryotic elongation factor 2 kinase	O00418	O00418	True
seq.12333.87	Ribose-5-phosphate isomerase	P49247	P49247	True
seq.12334.25	Serine hydroxymethyltransferase, cytosolic	P34896	P34896	True
seq.12338.27	Pikachurin	Q63HQ2	Q63HQ2	True
seq.12340.17	Alanine--tRNA ligase, cytoplasmic	P49588	P49588	True
seq.12341.8	Dual specificity protein phosphatase 6	Q16828	Q16828	True
seq.12343.14	Arf-GAP with coiled-coil, ANK repeat and PH domain-containing protein 2	Q15057	Q15057	True
seq.12345.4	Anaphase-promoting complex subunit 10	Q9UM13	Q9UM13	True
seq.12347.29	Cerebral cavernous malformations 2 protein	Q9BSQ5	Q9BSQ5	True
seq.12348.46	Serine--tRNA ligase, mitochondrial	Q9NP81	Q9NP81	True
seq.12350.86	Protein C-ets-2	P15036	P15036	True
seq.12351.25	Signal transducer and activator of transcription 1-alpha/beta	P42224	P42224	True
seq.12352.70	Arrestin domain-containing protein 3	Q96B67	Q96B67	True
seq.12355.223	Ribosome-recycling factor, mitochondrial	Q96E11	Q96E11	True
seq.12356.65	Sorcin	P30626	P30626	True
seq.12357.41	Synaptosomal-associated protein 29	O95721	O95721	True
seq.12358.6	Immunoglobulin-binding protein 1	P78318	P78318	True
seq.12361.102	Ras-related protein R-Ras2	P62070	P62070	True
seq.12363.70	Tribbles homolog 2	Q92519	Q92519	True
seq.12365.108	RuvB-like 1	Q9Y265	Q9Y265	True
seq.12366.16	Gamma-crystallin D	P07320	P07320	True
seq.12367.52	Macoilin	Q8N5G2	Q8N5G2	True
seq.12368.18	Histone acetyltransferase KAT2B	Q92831	Q92831	True
seq.12370.30	Apolipoprotein F	Q13790	Q13790	True
seq.12372.50	Tropomyosin alpha-3 chain	P06753	P06753	True
seq.12373.73	Transformer-2 protein homolog beta	P62995	P62995	True
seq.12374.8	Platelet-activating factor acetylhydrolase IB subunit gamma	Q15102	Q15102	True
seq.12376.85	Cyclin-dependent kinase 4 inhibitor D	P55273	P55273	True
seq.12378.71	Tapasin	O15533	O15533	True
seq.12381.26	Carbonyl reductase [NADPH] 1	P16152	P16152	True
seq.12382.2	Probable ATP-dependent RNA helicase DDX58	O95786	O95786	True
seq.12384.92	COP9 signalosome complex subunit 7b	Q9H9Q2	Q9H9Q2	True
seq.12385.4	Calpain-3	P20807	P20807	True
seq.12386.11	Aminopeptidase B	Q9H4A4	Q9H4A4	True
seq.12387.7	PDZ and LIM domain protein 4	P50479	P50479	True
seq.12389.4	Origin recognition complex subunit 6	Q9Y5N6	Q9Y5N6	True
seq.12391.27	PDZ domain-containing protein 7	Q9H5P4	Q9H5P4	True
seq.12392.30	ADP-ribosylation factor-like protein 1	P40616	P40616	True
seq.12394.53	Transmembrane protein C16orf54	Q6UWD8	Q6UWD8	True
seq.12395.86	Aspartate--tRNA ligase, mitochondrial	Q6PI48	Q6PI48	True
seq.12396.19	3-hydroxyisobutyryl-CoA hydrolase, mitochondrial	Q6NVY1	Q6NVY1	True
seq.12398.15	Paired box protein Pax-4	O43316	O43316	True
seq.12399.194	Coiled-coil domain-containing protein 50	Q8IVM0	Q8IVM0	True
seq.12400.25	Ubiquitin-conjugating enzyme E2 T	Q9NPD8	Q9NPD8	True
seq.12401.3	AMSH-like protease	Q96FJ0	Q96FJ0	True
seq.12403.30	Ras-related protein Rab-39B	Q96DA2	Q96DA2	True
seq.12406.119	GTP-binding protein Di-Ras3	O95661	O95661	True
seq.12408.333	Ras-related protein Rab-22A	Q9UL26	Q9UL26	True
seq.12409.90	Ras-related protein Rab-7b	Q96AH8	Q96AH8	True
seq.12411.60	Protein max	P61244	P61244	True
seq.12414.31	14-3-3 protein beta/alpha	P31946	P31946	True
seq.12415.122	Endothelial differentiation-related factor 1	O60869	O60869	True
seq.12417.46	EKC/KEOPS complex subunit TPRKB	Q9Y3C4	Q9Y3C4	True
seq.12420.10	Glycerol-3-phosphate dehydrogenase 1-like protein	Q8N335	Q8N335	True
seq.12422.143	Arachidonate 15-lipoxygenase B	O15296	O15296	True
seq.12423.38	APOBEC1 complementation factor	Q9NQ94	Q9NQ94	True
seq.12424.107	Thymocyte nuclear protein 1	Q9P016	Q9P016	True
seq.12425.104	ADP-ribosylation factor 6	P62330	P62330	True
seq.12426.19	MOB kinase activator 1A	Q9H8S9	Q9H8S9	True
seq.12427.8	M-phase inducer phosphatase 2	P30305	P30305	True
seq.12428.2	Lysophospholipase-like protein 1	Q5VWZ2	Q5VWZ2	True
seq.12430.78	Polyadenylate-binding protein-interacting protein 1	Q9H074	Q9H074	True
seq.12431.13	Protein pelota homolog	Q9BRX2	Q9BRX2	True
seq.12432.23	Calcyclin-binding protein	Q9HB71	Q9HB71	True
seq.12433.8	ADP-ribosylation factor-like protein 11	Q969Q4	Q969Q4	True
seq.12434.25	IST1 homolog	P53990	P53990	True
seq.12436.84	Glutathione S-transferase omega-1	P78417	P78417	True
seq.12437.18	Serine/threonine-protein kinase ULK3	Q6PHR2	Q6PHR2	True
seq.12438.127	DNA-3-methyladenine glycosylase	P29372	P29372	True
seq.12439.67	Interferon regulatory factor 9	Q00978	Q00978	True
seq.12442.4	Rho-related GTP-binding protein RhoD	O00212	O00212	True
seq.12444.39	Nuclear receptor subfamily 5 group A member 2	O00482	O00482	True
seq.12445.50	Ankyrin repeat domain-containing protein 27	Q96NW4	Q96NW4	True
seq.12446.49	Glutathione S-transferase A1	P08263	P08263	True
seq.12448.246	Glycylpeptide N-tetradecanoyltransferase 1	P30419	P30419	True
seq.12449.16	Peptidyl-prolyl cis-trans isomerase H	O43447	O43447	True
seq.12450.42	Phosphomevalonate kinase	Q15126	Q15126	True
seq.12451.62	Transcription regulator protein BACH1	O14867	O14867	True
seq.12452.32	Histone-lysine N-methyltransferase SUV420H2	Q86Y97	Q86Y97	True
seq.12453.161	Nuclear RNA export factor 1	Q9UBU9	Q9UBU9	True
seq.12454.105	N-terminal Xaa-Pro-Lys N-methyltransferase 1	Q9BV86	Q9BV86	True
seq.12455.48	Myoneurin	Q9NPC7	Q9NPC7	True
seq.12456.5	6-phosphofructo-2-kinase/fructose-2,6-bisphosphatase 3	Q16875	Q16875	True
seq.12457.10	1,2-dihydroxy-3-keto-5-methylthiopentene dioxygenase	Q9BV57	Q9BV57	True
seq.12458.79	Calcineurin B homologous protein 1	Q99653	Q99653	True
seq.12459.13	Pleckstrin homology domain-containing family A member 1	Q9HB21	Q9HB21	True
seq.12460.18	Proteasome subunit alpha type-7	O14818	O14818	True
seq.12461.8	NAD-dependent protein deacylase sirtuin-5, mitochondrial	Q9NXA8	Q9NXA8	True
seq.12462.20	Histone-lysine N-methyltransferase SETMAR	Q53H47	Q53H47	True
seq.12463.7	Kelch-like protein 13	Q9P2N7	Q9P2N7	True
seq.12466.7	Heterogeneous nuclear ribonucleoprotein A1	P09651	P09651	True
seq.12469.19	Microtubule-associated protein RP/EB family member 1	Q15691	Q15691	True
seq.12471.47	Double-stranded RNA-binding protein Staufen homolog 1	O95793	O95793	True
seq.12473.48	BTB/POZ domain-containing protein KCTD5	Q9NXV2	Q9NXV2	True
seq.12475.48	Chloride intracellular channel protein 5	Q9NZA1	Q9NZA1	True
seq.12476.50	Fructose-2,6-bisphosphatase TIGAR	Q9NQ88	Q9NQ88	True
seq.12477.42	Translin	Q15631	Q15631	True
seq.12478.15	60S ribosomal protein L30	P62888	P62888	True
seq.12479.50	cAMP-dependent protein kinase type I-beta regulatory subunit	P31321	P31321	True
seq.12480.9	OTU domain-containing protein 5	Q96G74	Q96G74	True
seq.12482.5	Nucleosome-remodeling factor subunit BPTF	Q12830	Q12830	True
seq.12483.62	Nuclear receptor ROR-beta	Q92753	Q92753	True
seq.12484.67	Phosphatidylinositol transfer protein beta isoform	P48739	P48739	True
seq.12486.8	Glutaredoxin-2, mitochondrial	Q9NS18	Q9NS18	True
seq.12488.9	Malignant T-cell-amplified sequence 1	Q9ULC4	Q9ULC4	True
seq.12490.92	Ragulator complex protein LAMTOR3	Q9UHA4	Q9UHA4	True
seq.12491.23	Chloride intracellular channel protein 4	Q9Y696	Q9Y696	True
seq.12493.42	Ubiquitin thioesterase OTUB2	Q96DC9	Q96DC9	True
seq.12494.99	Gamma-aminobutyric acid receptor-associated protein-like 2	P60520	P60520	True
seq.12497.29	Tudor-interacting repair regulator protein	Q9BRJ7	Q9BRJ7	True
seq.12498.12	Tax1-binding protein 3	O14907	O14907	True
seq.12499.108	Endophilin-A1	Q99962	Q99962	True
seq.12500.88	SUMO-activating enzyme subunit 2	Q9UBT2	Q9UBT2	True
seq.12501.10	Tubulin-specific chaperone A	O75347	O75347	True
seq.12503.5	Ovarian cancer G-protein coupled receptor 1	Q15743	Q15743	True
seq.12504.26	Leiomodin-1	P29536	P29536	True
seq.12507.16	Inositol-trisphosphate 3-kinase C	Q96DU7	Q96DU7	True
seq.12508.9	Charged multivesicular body protein 3	Q9Y3E7	Q9Y3E7	True
seq.12509.115	COMM domain-containing protein 1	Q8N668	Q8N668	True
seq.12510.3	Signal-transducing adaptor protein 1	Q9ULZ2	Q9ULZ2	True
seq.12511.83	Solute carrier family 41 member 2	Q96JW4	Q96JW4	True
seq.12513.8	Glycolipid transfer protein	Q9NZD2	Q9NZD2	True
seq.12514.16	tRNA (guanine-N(7)-)-methyltransferase	Q9UBP6	Q9UBP6	True
seq.12515.45	Uridine-cytidine kinase 2	Q9BZX2	Q9BZX2	True
seq.12516.13	Transcriptional enhancer factor TEF-3	Q15561	Q15561	True
seq.12517.52	Programmed cell death protein 5	O14737	O14737	True
seq.12518.289	Protein polybromo-1	Q86U86	Q86U86	True
seq.12521.3	Cyclin-dependent kinase 4 inhibitor C	P42773	P42773	True
seq.12522.6	UV excision repair protein RAD23 homolog B	P54727	P54727	True
seq.12524.18	Diamine acetyltransferase 2	Q96F10	Q96F10	True
seq.12527.50	Thyroid hormone receptor alpha	P10827	P10827	True
seq.12528.40	ATPase WRNIP1	Q96S55	Q96S55	True
seq.12529.32	Inactive peptidyl-prolyl cis-trans isomerase FKBP6	O75344	O75344	True
seq.12530.14	Cyclin-dependent kinases regulatory subunit 1	P61024	P61024	True
seq.12531.5	Endogenous retrovirus group V member 1 Env polyprotein	B6SEH8	B6SEH8	True
seq.12532.28	Ubiquitin-conjugating enzyme E2 R1	P49427	P49427	True
seq.12533.135	Cytohesin-2	Q99418	Q99418	True
seq.12534.10	Calcium-binding and coiled-coil domain-containing protein 2	Q13137	Q13137	True
seq.12535.2	DNA repair protein XRCC1	P18887	P18887	True
seq.12537.88	Transcriptional activator protein Pur-alpha	Q00577	Q00577	True
seq.12538.19	Regulator of G-protein signaling 7	P49802	P49802	True
seq.12540.25	Rho-related GTP-binding protein RhoG	P84095	P84095	True
seq.12543.76	Zinc finger protein 560	Q96MR9	Q96MR9	True
seq.12546.1	Smoothelin	P53814	P53814	True
seq.12548.75	Ras-related GTP-binding protein C	Q9HB90	Q9HB90	True
seq.12549.33	Hematopoietic prostaglandin D synthase	O60760	O60760	True
seq.12551.3	E3 ubiquitin-protein ligase Itchy homolog	Q96J02	Q96J02	True
seq.12553.5	Serine/threonine-protein kinase VRK1	Q99986	Q99986	True
seq.12554.10	DNA repair protein RAD51 homolog 4	O75771	O75771	True
seq.12556.7	Ubiquitin-conjugating enzyme E2 C	O00762	O00762	True
seq.12557.18	RNA-binding protein Nova-1	P51513	P51513	True
seq.12558.3	Ubiquitin-associated and SH3 domain-containing protein B	Q8TF42	Q8TF42	True
seq.12560.9	5'(3')-deoxyribonucleotidase, cytosolic type	Q8TCD5	Q8TCD5	True
seq.12562.1	Serine/threonine-protein kinase N1	Q16512	Q16512	True
seq.12563.2	Tumor necrosis factor alpha-induced protein 8	O95379	O95379	True
seq.12564.9	60S ribosome subunit biogenesis protein NIP7 homolog	Q9Y221	Q9Y221	True
seq.12568.14	Kelch-like ECH-associated protein 1	Q14145	Q14145	True
seq.12569.25	T-complex protein 1 subunit epsilon	P48643	P48643	True
seq.12571.14	ADP-ribosylation factor-like protein 3	P36405	P36405	True
seq.12572.236	Embryonal Fyn-associated substrate	O43281	O43281	True
seq.12573.80	Tripartite motif-containing protein 3	O75382	O75382	True
seq.12574.36	Endothelin-2	P20800	P20800	True
seq.12575.30	C-1-tetrahydrofolate synthase, cytoplasmic	P11586	P11586	True
seq.12576.21	Melanoma-associated antigen 3	P43357	P43357	True
seq.12577.100	Flap endonuclease 1	P39748	P39748	True
seq.12578.13	ADP-ribosylation factor 3	P61204	P61204	True
seq.12580.7	Proteasome subunit beta type-5	P28074	P28074	True
seq.12581.39	Inositol monophosphatase 2	O14732	O14732	True
seq.12583.77	Serine/threonine-protein kinase A-Raf	P10398	P10398	True
seq.12585.39	DNA excision repair protein ERCC-1	P07992	P07992	True
seq.12587.65	ADP-ribosylation factor-like protein 2	P36404	P36404	True
seq.12591.27	Oligophrenin-1	O60890	O60890	True
seq.12593.33	p53 and DNA damage-regulated protein 1	Q9NUG6	Q9NUG6	True
seq.12594.5	Grancalcin	P28676	P28676	True
seq.12595.11	Tropomodulin-1	P28289	P28289	True
seq.12597.68	Autophagy protein 5	Q9H1Y0	Q9H1Y0	True
seq.12599.10	Fermitin family homolog 3	Q86UX7	Q86UX7	True
seq.12603.87	Polyadenylate-binding protein 4	Q13310	Q13310	True
seq.12604.16	Polycomb protein SCMH1	Q96GD3	Q96GD3	True
seq.12605.1	Exosome complex component RRP40	Q9NQT5	Q9NQT5	True
seq.12612.37	Proteasome subunit beta type-1	P20618	P20618	True
seq.12616.45	Nuclear receptor-binding protein	Q9UHY1	Q9UHY1	True
seq.12617.2	Serine/threonine-protein kinase 24	Q9Y6E0	Q9Y6E0	True
seq.12618.50	Aldo-keto reductase family 1 member C1	Q04828	Q04828	True
seq.12619.14	Protein phosphatase 1A	P35813	P35813	True
seq.12620.3	Septin-11	Q9NVA2	Q9NVA2	True
seq.12621.55	Serine/threonine-protein phosphatase 2A 65 kDa regulatory subunit A alpha isoform	P30153	P30153	True
seq.12622.96	Histone-lysine N-methyltransferase ASH1L	Q9NR48	Q9NR48	True
seq.12623.84	Protein Jumonji	Q92833	Q92833	True
seq.12625.138	Kelch-like protein 7	Q8IXQ5	Q8IXQ5	True
seq.12626.6	Sentrin-specific protease 7	Q9BQF6	Q9BQF6	True
seq.12627.97	Ubiquitin-like modifier-activating enzyme ATG7	O95352	O95352	True
seq.12628.31	LanC-like protein 2	Q9NS86	Q9NS86	True
seq.12630.8	Arfaptin-2	P53365	P53365	True
seq.12632.14	Arylamine N-acetyltransferase 1	P18440	P18440	True
seq.12633.3	Tyrosine-protein phosphatase non-receptor type 9	P43378	P43378	True
seq.12634.79	Breast cancer anti-estrogen resistance protein 3:Guanine Nucleotide Exchange Factor Domain	O75815	O75815	True
seq.12635.9	tRNA (cytosine(38)-C(5))-methyltransferase	O14717	O14717	True
seq.12636.113	N-lysine methyltransferase SMYD2	Q9NRG4	Q9NRG4	True
seq.12637.7	Carnitine O-acetyltransferase	P43155	P43155	True
seq.12641.3	Type II inositol 1,4,5-trisphosphate 5-phosphatase	P32019	P32019	True
seq.12643.4	Beta-arrestin-1	P49407	P49407	True
seq.12644.63	Adenylosuccinate synthetase isozyme 2	P30520	P30520	True
seq.12646.2	Ribulose-phosphate 3-epimerase	Q96AT9	Q96AT9	True
seq.12647.52	Histone-lysine N-methyltransferase SETD2	Q9BYW2	Q9BYW2	True
seq.12649.80	Malate dehydrogenase, mitochondrial	P40926	P40926	True
seq.12650.43	Guanine nucleotide-binding protein G(k) subunit alpha	P08754	P08754	True
seq.12651.21	[Pyruvate dehydrogenase (acetyl-transferring)] kinase isozyme 2, mitochondrial	Q15119	Q15119	True
seq.12652.37	Adenosylhomocysteinase 2	O43865	O43865	True
seq.12653.13	Casein kinase I isoform gamma-2	P78368	P78368	True
seq.12655.30	Beta-soluble NSF attachment protein	Q9H115	Q9H115	True
seq.12656.1	Kinesin light chain 1	Q07866	Q07866	True
seq.12657.2	GDP-L-fucose synthase	Q13630	Q13630	True
seq.12658.72	Pantothenate kinase 3	Q9H999	Q9H999	True
seq.12659.13	Obg-like ATPase 1	Q9NTK5	Q9NTK5	True
seq.12661.44	Gamma-aminobutyric acid receptor-associated protein-like 1	Q9H0R8	Q9H0R8	True
seq.12662.82	Delta(3,5)-Delta(2,4)-dienoyl-CoA isomerase, mitochondrial	Q13011	Q13011	True
seq.12663.1	Thiosulfate sulfurtransferase	Q16762	Q16762	True
seq.12664.19	Tyrosine-protein phosphatase non-receptor type 13	Q12923	Q12923	True
seq.12665.16	Interleukin enhancer-binding factor 2	Q12905	Q12905	True
seq.12667.2	Guanine deaminase	Q9Y2T3	Q9Y2T3	True
seq.12668.7	Vacuolar protein sorting-associated protein 4B	O75351	O75351	True
seq.12669.30	E3 ubiquitin-protein ligase HECW1	Q76N89	Q76N89	True
seq.12670.15	Cell cycle checkpoint protein RAD1	O60671	O60671	True
seq.12671.35	Sulfotransferase family cytosolic 1B member 1	O43704	O43704	True
seq.12675.14	Aspartate--tRNA ligase, cytoplasmic	P14868	P14868	True
seq.12676.1	Protein kinase C and casein kinase substrate in neurons protein 1	Q9BY11	Q9BY11	True
seq.12677.164	Protein flightless-1 homolog	Q13045	Q13045	True
seq.12678.66	U1 small nuclear ribonucleoprotein A	P09012	P09012	True
seq.12681.63	Ubiquitin carboxyl-terminal hydrolase 21	Q9UK80	Q9UK80	True
seq.12682.5	Kynurenine--oxoglutarate transaminase 3	Q6YP21	Q6YP21	True
seq.12683.156	Dihydropyrimidinase-related protein 5	Q9BPU6	Q9BPU6	True
seq.12684.5	Adseverin	Q9Y6U3	Q9Y6U3	True
seq.12685.57	Homer protein homolog 2	Q9NSB8	Q9NSB8	True
seq.12686.15	3-mercaptopyruvate sulfurtransferase	P25325	P25325	True
seq.12687.2	2,4-dienoyl-CoA reductase, mitochondrial	Q16698	Q16698	True
seq.12688.115	Ribosomal protein S6 kinase alpha-6	Q9UK32	Q9UK32	True
seq.12689.56	Actin-related protein 2/3 complex subunit 1B	O15143	O15143	True
seq.12690.33	Septin-10	Q9P0V9	Q9P0V9	True
seq.12691.44	Serine hydroxymethyltransferase, mitochondrial	P34897	P34897	True
seq.12692.56	Histone-lysine N-methyltransferase, H3 lysine-79 specific	Q8TEK3	Q8TEK3	True
seq.12693.2	SH3 domain-binding glutamic acid-rich-like protein	O75368	O75368	True
seq.12694.28	Probable dimethyladenosine transferase	Q9UNQ2	Q9UNQ2	True
seq.12695.62	Kelch-like protein 12	Q53G59	Q53G59	True
seq.12696.166	Protein arginine N-methyltransferase 3	O60678	O60678	True
seq.12697.30	Phosphatidylinositol 5-phosphate 4-kinase type-2 alpha	P48426	P48426	True
seq.12698.72	Importin subunit alpha-3	O00629	O00629	True
seq.12699.28	T-complex protein 1 subunit theta	P50990	P50990	True
seq.12700.9	ATP-citrate synthase	P53396	P53396	True
seq.12701.1	Eukaryotic translation initiation factor 1b	O60739	O60739	True
seq.12702.13	E3 ubiquitin-protein ligase pellino homolog 2	Q9HAT8	Q9HAT8	True
seq.12703.6	Serine/threonine-protein kinase Nek7	Q8TDX7	Q8TDX7	True
seq.12704.26	SH2 domain-containing protein 3C	Q8N5H7	Q8N5H7	True
seq.12705.9	Probable E3 ubiquitin-protein ligase HERC1	Q15751	Q15751	True
seq.12706.2	Serine/threonine-protein kinase MRCK alpha	Q5VT25	Q5VT25	True
seq.12707.26	Dihydropyrimidinase-related protein 3	Q14195	Q14195	True
seq.12709.63	Histone H1x	Q92522	Q92522	True
seq.12711.19	Gap junction alpha-8 protein	P48165	P48165	True
seq.12712.9	High mobility group protein 20A	Q9NP66	Q9NP66	True
seq.12713.365	Regulator of G-protein signaling 19	P49795	P49795	True
seq.12714.38	AP-1 complex subunit gamma-like 2	O75843	O75843	True
seq.12715.30	mRNA-decapping enzyme 1B	Q8IZD4	Q8IZD4	True
seq.12716.3	Zinc finger protein 175	Q9Y473	Q9Y473	True
seq.12717.65	TOX high mobility group box family member 3	O15405	O15405	True
seq.12718.43	Peptidyl-prolyl cis-trans isomerase NIMA-interacting 4	Q9Y237	Q9Y237	True
seq.12720.71	Ubiquilin-4	Q9NRR5	Q9NRR5	True
seq.12721.4	Tax1-binding protein 1	Q86VP1	Q86VP1	True
seq.12724.81	Cold-inducible RNA-binding protein	Q14011	Q14011	True
seq.12726.3	Regulatory factor X-associated protein	O00287	O00287	True
seq.12727.7	Prostaglandin F2 receptor negative regulator	Q9P2B2	Q9P2B2	True
seq.12729.12	Proteasome assembly chaperone 3	Q9BT73	Q9BT73	True
seq.12730.3	Kinetochore protein NDC80 homolog	O14777	O14777	True
seq.12731.12	Pleckstrin homology domain-containing family A member 7	Q6IQ23	Q6IQ23	True
seq.12732.13	MAGUK p55 subfamily member 7	Q5T2T1	Q5T2T1	True
seq.12734.112	Kinesin-like protein KIF22	Q14807	Q14807	True
seq.12735.39	Cold shock domain-containing protein E1	O75534	O75534	True
seq.12737.12	Plastin-1	Q14651	Q14651	True
seq.12738.43	Nischarin	Q9Y2I1	Q9Y2I1	True
seq.12740.55	Protein FEV	Q99581	Q99581	True
seq.12742.160	Transmembrane protein 8B	A6NDV4	A6NDV4	True
seq.12743.18	BAG family molecular chaperone regulator 5	Q9UL15	Q9UL15	True
seq.12746.4	Cytohesin-4	Q9UIA0	Q9UIA0	True
seq.12747.89	RNA-binding protein 3	P98179	P98179	True
seq.12748.6	Bromodomain testis-specific protein	Q58F21	Q58F21	True
seq.12750.9	Integrin beta-2	P05107	P05107	True
seq.12751.26	Zinc fingers and homeoboxes protein 1	Q9UKY1	Q9UKY1	True
seq.12753.6	Amyloid beta A4 precursor protein-binding family B member 2:Phosphotyrosine Interaction Domain 1	Q92870	Q92870	True
seq.12754.14	Cold shock domain-containing protein C2	Q9Y534	Q9Y534	True
seq.12756.3	Transcription regulator protein BACH2	Q9BYV9	Q9BYV9	True
seq.12758.47	Glutamate receptor ionotropic, delta-2	O43424	O43424	True
seq.12759.47	Interleukin enhancer-binding factor 3	Q12906	Q12906	True
seq.12760.34	Zinc finger protein 774	Q6NX45	Q6NX45	True
seq.12761.12	Amyloid beta A4 precursor protein-binding family B member 2:Phosphotyrosine Interaction Domain 2	Q92870	Q92870	True
seq.12763.69	Zinc finger protein 334	Q9HCZ1	Q9HCZ1	True
seq.12764.3	Engulfment and cell motility protein 1	Q92556	Q92556	True
seq.12766.33	Probable G-protein coupled receptor 142	Q7Z601	Q7Z601	True
seq.12768.3	Protein phosphatase 1 regulatory subunit 3B	Q86XI6	Q86XI6	True
seq.12771.19	Zinc finger protein 180	Q9UJW8	Q9UJW8	True
seq.12772.8	Nuclear pore complex protein Nup98-Nup96	P52948	P52948	True
seq.12774.12	Potassium/sodium hyperpolarization-activated cyclic nucleotide-gated channel 1	O60741	O60741	True
seq.12775.6	High mobility group protein B3	O15347	O15347	True
seq.12777.11	Splicing factor 1	Q15637	Q15637	True
seq.12779.30	PR domain zinc finger protein 4	Q9UKN5	Q9UKN5	True
seq.12781.2	RISC-loading complex subunit TARBP2	Q15633	Q15633	True
seq.12783.29	Heterogeneous nuclear ribonucleoprotein M	P52272	P52272	True
seq.12784.10	Amyloid beta A4 precursor protein-binding family B member 3:Phosphotyrosine Interaction Domain 1,Isoform II	O95704	O95704	True
seq.12785.49	Transcriptional regulator Kaiso	Q86T24	Q86T24	True
seq.12786.61	Glycerophosphocholine phosphodiesterase GPCPD1	Q9NPB8	Q9NPB8	True
seq.12787.47	Zinc finger protein 134	P52741	P52741	True
seq.12788.6	SAGA-associated factor 29 homolog	Q96ES7	Q96ES7	True
seq.12790.10	Coiled-coil domain-containing protein 51	Q96ER9	Q96ER9	True
seq.12793.4	Piwi-like protein 1	Q96J94	Q96J94	True
seq.12794.6	NACHT, LRR and PYD domains-containing protein 4	Q96MN2	Q96MN2	True
seq.12795.2	Zinc finger protein 566	Q969W8	Q969W8	True
seq.12796.44	Diphosphoinositol polyphosphate phosphohydrolase 1	O95989	O95989	True
seq.12798.46	Electroneutral sodium bicarbonate exchanger 1	Q2Y0W8	Q2Y0W8	True
seq.12799.65	DnaJ homolog subfamily C member 27	Q9NZQ0	Q9NZQ0	True
seq.12800.5	Tubulin polymerization-promoting protein family member 2	P59282	P59282	True
seq.12801.33	Interferon regulatory factor 2	P14316	P14316	True
seq.12803.9	Zinc finger protein 329	Q86UD4	Q86UD4	True
seq.12804.5	Glucocorticoid modulatory element-binding protein 2	Q9UKD1	Q9UKD1	True
seq.12807.89	Rho GTPase-activating protein 30	Q7Z6I6	Q7Z6I6	True
seq.12808.103	Calcium-regulated heat-stable protein 1	Q9Y2V2	Q9Y2V2	True
seq.12811.55	Zinc finger protein 415	Q09FC8	Q09FC8	True
seq.12812.25	Acylphosphatase-2	P14621	P14621	True
seq.12813.18	EH domain-binding protein 1	Q8NDI1	Q8NDI1	True
seq.12814.17	RNA-binding protein 40	Q96LT9	Q96LT9	True
seq.12815.9	Isoleucine--tRNA ligase, cytoplasmic	P41252	P41252	True
seq.12817.1	GTP-binding protein GEM	P55040	P55040	True
seq.12818.159	Urea transporter 2	Q15849	Q15849	True
seq.12820.1	GRB2-related adapter protein	Q13588	Q13588	True
seq.12821.6	NACHT, LRR and PYD domains-containing protein 10	Q86W26	Q86W26	True
seq.12822.34	Amyloid beta A4 precursor protein-binding family B member 1:Phosphotyrosine Interaction Domain 1	O00213	O00213	True
seq.12825.18	DCC-interacting protein 13-alpha	Q9UKG1	Q9UKG1	True
seq.12826.5	Sodium/iodide cotransporter	Q92911	Q92911	True
seq.12827.37	Regulator of G-protein signaling 3	P49796	P49796	True
seq.12830.4	Histone deacetylase complex subunit SAP18	O00422	O00422	True
seq.12831.21	Calcineurin B homologous protein 3	Q96BS2	Q96BS2	True
seq.12832.10	Set1/Ash2 histone methyltransferase complex subunit ASH2	Q9UBL3	Q9UBL3	True
seq.12834.3	Potassium voltage-gated channel subfamily F member 1	Q9H3M0	Q9H3M0	True
seq.12835.101	Pyrin domain-containing protein 1	Q8WXC3	Q8WXC3	True
seq.12838.28	Dual specificity protein phosphatase 15	Q9H1R2	Q9H1R2	True
seq.12842.43	Syntaxin-10	O60499	O60499	True
seq.12843.6	Zinc finger protein 410	Q86VK4	Q86VK4	True
seq.12844.10	BAG family molecular chaperone regulator 4	O95429	O95429	True
seq.12845.18	Sorting nexin-17	Q15036	Q15036	True
seq.12846.3	F-box/LRR-repeat protein 5	Q9UKA1	Q9UKA1	True
seq.12847.27	mRNA-capping enzyme	O60942	O60942	True
seq.12848.9	Rho guanine nucleotide exchange factor 2	Q92974	Q92974	True
seq.12849.25	GSK3-beta interaction protein	Q9P0R6	Q9P0R6	True
seq.12851.5	DNA-directed DNA/RNA polymerase mu	Q9NP87	Q9NP87	True
seq.12853.112	Tropomodulin-2	Q9NZR1	Q9NZR1	True
seq.12854.3	Transcriptional enhancer factor TEF-5	Q99594	Q99594	True
seq.12855.16	Cas scaffolding protein family member 4	Q9NQ75	Q9NQ75	True
seq.12856.14	Transmembrane protein 237	Q96Q45	Q96Q45	True
seq.12859.33	Enoyl-CoA delta isomerase 2, mitochondrial	O75521	O75521	True
seq.12860.7	cAMP-regulated phosphoprotein 21	Q9UBL0	Q9UBL0	True
seq.12861.13	Tropomodulin-3	Q9NYL9	Q9NYL9	True
seq.12862.14	Enhancer of filamentation 1	Q14511	Q14511	True
seq.12864.9	Magnesium transporter NIPA4	Q0D2K0	Q0D2K0	True
seq.12867.40	Dynein light chain Tctex-type 3	P51808	P51808	True
seq.12869.68	Probable ATP-dependent RNA helicase DDX6	P26196	P26196	True
seq.12871.10	Twinfilin-1	Q12792	Q12792	True
seq.12872.35	Cyclic nucleotide-gated olfactory channel	Q16280	Q16280	True
seq.12873.11	Leukosialin	P16150	P16150	True
seq.12875.28	Ubiquitin domain-containing protein 2	Q8WUN7	Q8WUN7	True
seq.12876.39	Sperm flagellar protein 1	Q9Y4P9	Q9Y4P9	True
seq.12878.60	Oxysterol-binding protein-related protein 11	Q9BXB4	Q9BXB4	True
seq.12879.5	Retinoblastoma-like protein 1	P28749	P28749	True
seq.12880.1	Synaptic vesicle glycoprotein 2A	Q7L0J3	Q7L0J3	True
seq.12881.17	Retinol dehydrogenase 16	O75452	O75452	True
seq.12882.7	Poly [ADP-ribose] polymerase 11	Q9NR21	Q9NR21	True
seq.12885.42	Nuclear receptor subfamily 1 group D member 2	Q14995	Q14995	True
seq.12888.18	Histone deacetylase complex subunit SAP30	O75446	O75446	True
seq.12891.1	MICAL-like protein 2	Q8IY33	Q8IY33	True
seq.12892.10	Synaptotagmin-like protein 1	Q8IYJ3	Q8IYJ3	True
seq.12893.159	Gamma-interferon-inducible protein 16:Isoform 2, Hematopoietic expression, interferon-inducible nature, and nuclear localization 2	Q16666	Q16666	True
seq.12894.3	PAX-interacting protein 1	Q6ZW49	Q6ZW49	True
seq.12895.28	Diacylglycerol kinase beta	Q9Y6T7	Q9Y6T7	True
seq.12904.180	cubilin	O60494	O60494	True
seq.12916.3	Protein p13 MTCP-1	P56278	P56278	True
seq.12923.51	Keratin, type I cytoskeletal 17	Q04695	Q04695	True
seq.12925.105	Axin-2	Q9Y2T1	Q9Y2T1	True
seq.12931.16	Mineralocorticoid receptor	P08235	P08235	True
seq.12933.17	Ecto-NOX disulfide-thiol exchanger 1	Q8TC92	Q8TC92	True
seq.12934.1	E3 ISG15--protein ligase HERC5	Q9UII4	Q9UII4	True
seq.12936.38	Retinaldehyde-binding protein 1	P12271	P12271	True
seq.12939.1	DNA-directed RNA polymerases I and III subunit RPAC1	O15160	O15160	True
seq.12940.35	Aldehyde dehydrogenase family 3 member B1	P43353	P43353	True
seq.12945.33	Ras-related protein Rab-18	Q9NP72	Q9NP72	True
seq.12954.71	Peroxisome proliferator-activated receptor alpha	Q07869	Q07869	True
seq.12956.40	KIF1-binding protein	Q96EK5	Q96EK5	True
seq.12957.62	Cytochrome b-c1 complex subunit 7	P14927	P14927	True
seq.12960.9	Glucokinase	P35557	P35557	True
seq.12963.1	Protein GPR107	Q5VW38	Q5VW38	True
seq.12968.2	Cysteine and glycine-rich protein 2	Q16527	Q16527	True
seq.12970.35	Double-stranded RNA-binding protein Staufen homolog 2	Q9NUL3	Q9NUL3	True
seq.12975.11	Keratin, type I cytoskeletal 20	P35900	P35900	True
seq.12976.49	Vinexin b	O60504	O60504	True
seq.12980.31	Pre-mRNA-splicing factor RBM22	Q9NW64	Q9NW64	True
seq.12986.12	Protein lin-7 homolog C	Q9NUP9	Q9NUP9	True
seq.12987.12	Serine/arginine-rich splicing factor 7	Q16629	Q16629	True
seq.12988.49	RNA-binding protein EWS	Q01844	Q01844	True
seq.12990.39	Mitogen-activated protein kinase kinase kinase 3	Q99759	Q99759	True
seq.12991.49	Cullin-9	Q8IWT3	Q8IWT3	True
seq.12993.21	Nuclear protein localization protein 4 homolog	Q8TAT6	Q8TAT6	True
seq.13007.66	Epididymal-specific lipocalin-10	Q6JVE6	Q6JVE6	True
seq.13011.20	40S ribosomal protein S10	P46783	P46783	True
seq.13013.41	E3 ubiquitin-protein ligase parkin	O60260	O60260	True
seq.13022.20	Tumor protein p53-inducible protein 11	O14683	O14683	True
seq.13025.4	Fibroblast growth factor receptor substrate 2	Q8WU20	Q8WU20	True
seq.13027.20	Chromobox protein homolog 7	O95931	O95931	True
seq.13032.1	Beclin-1	Q14457	Q14457	True
seq.13039.1	Nuclear inhibitor of protein phosphatase 1	Q12972	Q12972	True
seq.13041.47	TNF receptor-associated factor 4	Q9BUZ4	Q9BUZ4	True
seq.13042.7	Potassium voltage-gated channel subfamily A member 10	Q16322	Q16322	True
seq.13043.157	ATPase family AAA domain-containing protein 2	Q6PL18	Q6PL18	True
seq.13044.5	Tumor susceptibility gene 101 protein	Q99816	Q99816	True
seq.13053.6	Sodium- and chloride-dependent neutral and basic amino acid transporter B(0+)	Q9UN76	Q9UN76	True
seq.13054.87	Profilin-2	P35080	P35080	True
seq.13055.53	PH and SEC7 domain-containing protein 1	A5PKW4	A5PKW4	True
seq.13056.18	Orphan sodium- and chloride-dependent neurotransmitter transporter NTT5	Q9GZN6	Q9GZN6	True
seq.13059.33	Riboflavin kinase	Q969G6	Q969G6	True
seq.13062.4	Glia maturation factor gamma	O60234	O60234	True
seq.13066.42	Enhancer of mRNA-decapping protein 4	Q6P2E9	Q6P2E9	True
seq.13067.5	cGMP-dependent protein kinase 1, beta isozyme	Q13976	Q13976	True
seq.13068.139	Copper chaperone for superoxide dismutase	O14618	O14618	True
seq.13073.14	Acidic leucine-rich nuclear phosphoprotein 32 family member A	P39687	P39687	True
seq.13076.4	Fragile X mental retardation syndrome-related protein 1	P51114	P51114	True
seq.13078.3	Centrin-2	P41208	P41208	True
seq.13082.9	Protein unc-45 homolog A	Q9H3U1	Q9H3U1	True
seq.13083.18	Valine--tRNA ligase	P26640	P26640	True
seq.13085.18	Glucagon-like peptide 1 receptor:Cytoplasmic domain	P43220	P43220	True
seq.13088.397	Betacellulin	P35070	P35070	True
seq.13089.6	Hypoxia-inducible factor 1-alpha	Q16665	Q16665	True
seq.13090.17	Protein S100-A6	P06703	P06703	True
seq.13093.6	Secreted and transmembrane protein 1	Q8WVN6	Q8WVN6	True
seq.13094.75	R-spondin-3	Q9BXY4	Q9BXY4	True
seq.13095.51	Lithostathine-1-alpha	P05451	P05451	True
seq.13097.11	Bcl-2-like protein 2	Q92843	Q92843	True
seq.13098.93	Vascular endothelial growth factor D	O43915	O43915	True
seq.13101.60	Sclerostin	Q9BQB4	Q9BQB4	True
seq.13102.1	Protein FAM3D	Q96BQ1	Q96BQ1	True
seq.13103.125	Chorionic somatomammotropin hormone	P0DML2|P0DML3	P0DML2|P0DML3	True
seq.13104.32	Ephrin-B1	P98172	P98172	True
seq.13105.7	Synaptosomal-associated protein 25	P60880	P60880	True
seq.13107.9	Ly6/PLAUR domain-containing protein 3	O95274	O95274	True
seq.13109.82	Neuronal growth regulator 1	Q7Z3B1	Q7Z3B1	True
seq.13111.79	B-cell lymphoma 6 protein	P41182	P41182	True
seq.13112.179	Follistatin-related protein 1	Q12841	Q12841	True
seq.13113.7	Osteopontin	P10451	P10451	True
seq.13114.50	Lumican	P51884	P51884	True
seq.13116.25	CD177 antigen	Q8N6Q3	Q8N6Q3	True
seq.13117.232	Choline/ethanolamine kinase	Q9Y259	Q9Y259	True
seq.13118.5	SPARC-related modular calcium-binding protein 1	Q9H4F8	Q9H4F8	True
seq.13119.26	Protein Z-dependent protease inhibitor	Q9UK55	Q9UK55	True
seq.13122.19	Leucine-rich repeat transmembrane protein FLRT2	O43155	O43155	True
seq.13123.3	Leucine-rich repeat transmembrane protein FLRT3:Extracellular domain	Q9NZU0	Q9NZU0	True
seq.13124.20	Immunoglobulin superfamily containing leucine-rich repeat protein 2	Q6UXK2	Q6UXK2	True
seq.13125.45	Vitronectin	P04004	P04004	True
seq.13126.52	Desmocollin-2	Q02487	Q02487	True
seq.13129.40	Low-density lipoprotein receptor	P01130	P01130	True
seq.13130.150	Hexokinase-2	P52789	P52789	True
seq.13131.5	Hexokinase-1	P19367	P19367	True
seq.13132.14	Semaphorin-5A	Q13591	Q13591	True
seq.13133.73	Latent-transforming growth factor beta-binding protein 4	Q8N2S1	Q8N2S1	True
seq.13228.75	E3 ubiquitin-protein ligase Mdm2	Q00987	Q00987	True
seq.13229.20	Protein Mdm4	O15151	O15151	True
seq.13230.174	Ig gamma-2, Kappa	P01859	P01859	True
seq.13231.90	Ig gamma-4, Kappa	P01861	P01861	True
seq.13236.25	Protein Wnt-3a	P56704	P56704	True
seq.13240.170	SH3 and multiple ankyrin repeat domains protein 1	Q9Y566	Q9Y566	True
seq.13242.134	SH3 and multiple ankyrin repeat domains protein 3	Q9BYB0	Q9BYB0	True
seq.13256.21	SH3 and multiple ankyrin repeat domains protein 1	Q9Y566	Q9Y566	True
seq.13268.45	Protein Wnt-5a	P41221	P41221	True
seq.13374.4	Beta-defensin 113	Q30KQ7	Q30KQ7	True
seq.13375.48	Synaptogyrin-3	O43761	O43761	True
seq.13377.3	Cytochrome b561 domain-containing protein 1	Q8N8Q1	Q8N8Q1	True
seq.13378.80	Glutaredoxin-like protein C5orf63	A6NC05	A6NC05	True
seq.13381.49	Beta-1,4-galactosyltransferase 1	P15291	P15291	True
seq.13384.110	Fumarate hydratase, mitochondrial	P07954	P07954	True
seq.13386.248	E3 ubiquitin-protein ligase RNF34	Q969K3	Q969K3	True
seq.13387.55	ETS homologous factor	Q9NZC4	Q9NZC4	True
seq.13388.57	Neuroendocrine convertase 1	P29120	P29120	True
seq.13392.13	Sodium/potassium-transporting ATPase subunit beta-1	P05026	P05026	True
seq.13393.46	Derlin-1	Q9BUN8	Q9BUN8	True
seq.13397.88	Beta-defensin 4A	O15263	O15263	True
seq.13399.33	RELT-like protein 1	Q8IUW5	Q8IUW5	True
seq.13405.61	Serine protease inhibitor Kazal-type 2	P20155	P20155	True
seq.13406.161	CMRF35-like molecule 6	Q08708	Q08708	True
seq.13408.23	WAP, Kazal, immunoglobulin, Kunitz and NTR domain-containing protein 2	Q8TEU8	Q8TEU8	True
seq.13411.21	E3 ubiquitin-protein ligase NRDP1	Q9H4P4	Q9H4P4	True
seq.13412.5	WAP four-disulfide core domain protein 6	Q9BQY6	Q9BQY6	True
seq.13416.8	Transmembrane protein 132D	Q14C87	Q14C87	True
seq.13421.17	Protein kish-B	Q9NRX6	Q9NRX6	True
seq.13422.66	Ecto-NOX disulfide-thiol exchanger 2	Q16206	Q16206	True
seq.13423.94	Redox-regulatory protein FAM213A	Q9BRX8	Q9BRX8	True
seq.13427.66	Mannosyl-oligosaccharide 1,2-alpha-mannosidase IC	Q9NR34	Q9NR34	True
seq.13429.3	WAP four-disulfide core domain protein 10A	Q9H1F0	Q9H1F0	True
seq.13430.50	Urea transporter 1	Q13336	Q13336	True
seq.13431.74	Membrane protein FAM159A	Q6UWV7	Q6UWV7	True
seq.13432.9	Protrudin:Cytoplasmic domain, region 1, isoform 6	Q5T4F4	Q5T4F4	True
seq.13434.172	Alpha-parvin	Q9NVD7	Q9NVD7	True
seq.13435.31	Interleukin-20 receptor subunit beta	Q6UXL0	Q6UXL0	True
seq.13436.54	Myc-associated zinc finger protein	P56270	P56270	True
seq.13438.115	Chordin	Q9H2X0	Q9H2X0	True
seq.13439.6	IQ domain-containing protein F3	P0C7M6	P0C7M6	True
seq.13441.30	Dixin	Q155Q3	Q155Q3	True
seq.13447.42	Shadow of prion protein	Q5BIV9	Q5BIV9	True
seq.13449.25	Splicing factor 3B subunit 4	Q15427	Q15427	True
seq.13450.49	Ubiquitin carboxyl-terminal hydrolase 8	P40818	P40818	True
seq.13451.2	Fibronectin type III domain-containing protein 4	Q9H6D8	Q9H6D8	True
seq.13452.113	Small integral membrane protein 13	P0DJ93	P0DJ93	True
seq.13453.2	39S ribosomal protein L33, mitochondrial	O75394	O75394	True
seq.13457.33	ETS-related transcription factor Elf-5	Q9UKW6	Q9UKW6	True
seq.13459.30	Torsin-4A	Q9NXH8	Q9NXH8	True
seq.13460.4	Chondroadherin	O15335	O15335	True
seq.13463.1	Peroxidasin homolog	Q92626	Q92626	True
seq.13464.8	Nutritionally-regulated adipose and cardiac enriched protein homolog	Q8N912	Q8N912	True
seq.13465.5	Calcipressin-1	P53805	P53805	True
seq.13468.5	Neuralized-like protein 4	Q96JN8	Q96JN8	True
seq.13470.43	Parathyroid hormone/parathyroid hormone-related peptide receptor	Q03431	Q03431	True
seq.13472.35	Haloacid dehalogenase-like hydrolase domain-containing protein 2	Q9H0R4	Q9H0R4	True
seq.13473.55	Inositol-trisphosphate 3-kinase A	P23677	P23677	True
seq.13474.40	Glutathione S-transferase kappa 1	Q9Y2Q3	Q9Y2Q3	True
seq.13475.10	Ubiquitin-conjugating enzyme E2 D4	Q9Y2X8	Q9Y2X8	True
seq.13476.16	DNA/RNA-binding protein KIN17	O60870	O60870	True
seq.13477.65	Leukotriene B4 receptor 1	Q15722	Q15722	True
seq.13479.8	Protein FAM171A2	A8MVW0	A8MVW0	True
seq.13481.24	Transcription elongation factor A protein 2	Q15560	Q15560	True
seq.13482.14	CCR4-NOT transcription complex subunit 1	A5YKK6	A5YKK6	True
seq.13484.69	Collagen alpha-1(I) chain:N-term propeptide	P02452	P02452	True
seq.13485.20	Transmembrane protein 87B	Q96K49	Q96K49	True
seq.13486.9	Polycystin-2:Cytoplasmic domain 1	Q13563	Q13563	True
seq.13487.24	Protein unc-93 homolog B1	Q9H1C4	Q9H1C4	True
seq.13488.3	Arfaptin-1	P53367	P53367	True
seq.13490.1	MAGUK p55 subfamily member 6	Q9NZW5	Q9NZW5	True
seq.13491.40	Retinal rod rhodopsin-sensitive cGMP 3',5'-cyclic phosphodiesterase subunit delta	O43924	O43924	True
seq.13492.44	Stress-70 protein, mitochondrial	P38646	P38646	True
seq.13493.5	Glutamate receptor ionotropic, delta-1	Q9ULK0	Q9ULK0	True
seq.13494.6	Ceramide synthase 5	Q8N5B7	Q8N5B7	True
seq.13495.48	Hydroxycarboxylic acid receptor 2	Q8TDS4	Q8TDS4	True
seq.13496.19	Hydroxymethylglutaryl-CoA synthase, cytoplasmic	Q01581	Q01581	True
seq.13497.34	Eukaryotic translation initiation factor 3 subunit J	O75822	O75822	True
seq.13498.1	Inositol oxygenase	Q9UGB7	Q9UGB7	True
seq.13499.30	Coagulation Factor VIII	P00451	P00451	True
seq.13501.10	Solute carrier family 35 member G2	Q8TBE7	Q8TBE7	True
seq.13502.2	Sodium-independent sulfate anion transporter	Q86WA9	Q86WA9	True
seq.13503.19	PRA1 family protein 3	O75915	O75915	True
seq.13504.147	Heterogeneous nuclear ribonucleoprotein R	O43390	O43390	True
seq.13506.10	tRNA-dihydrouridine(20) synthase [NAD(P)+]-like	Q9NX74	Q9NX74	True
seq.13507.51	Tumor necrosis factor receptor type 1-associated DEATH domain protein	Q15628	Q15628	True
seq.13509.5	Secretory carrier-associated membrane protein 5	Q8TAC9	Q8TAC9	True
seq.13510.7	Sarcoplasmic/endoplasmic reticulum calcium ATPase 3	Q93084	Q93084	True
seq.13511.29	DNA-binding protein SATB1	Q01826	Q01826	True
seq.13512.28	Heterogeneous nuclear ribonucleoprotein R	O43390	O43390	True
seq.13513.174	E3 SUMO-protein ligase PIAS3	Q9Y6X2	Q9Y6X2	True
seq.13514.121	Ras-related protein Rab-35	Q15286	Q15286	True
seq.13515.8	Regulation of nuclear pre-mRNA domain-containing protein 1A	Q96P16	Q96P16	True
seq.13516.46	ER membrane protein complex subunit 4	Q5J8M3	Q5J8M3	True
seq.13517.3	Patched domain-containing protein 3	Q3KNS1	Q3KNS1	True
seq.13518.5	Arf-GAP with SH3 domain, ANK repeat and PH domain-containing protein 2	O43150	O43150	True
seq.13519.112	Rho guanine nucleotide exchange factor 25	Q86VW2	Q86VW2	True
seq.13522.20	Visinin-like protein 1	P62760	P62760	True
seq.13524.25	Heparan-sulfate 6-O-sulfotransferase 2	Q96MM7	Q96MM7	True
seq.13525.17	Potassium voltage-gated channel subfamily G member 4	Q8TDN1	Q8TDN1	True
seq.13526.5	Lupus La protein:RNA recognition motif	P05455	P05455	True
seq.13529.39	Nucleosome assembly protein 1-like 2	Q9ULW6	Q9ULW6	True
seq.13530.5	Urotensin-2 receptor	Q9UKP6	Q9UKP6	True
seq.13532.25	Nuclear envelope phosphatase-regulatory subunit 1	Q8N9A8	Q8N9A8	True
seq.13534.20	Myomesin-2	P54296	P54296	True
seq.13535.2	Collagen type IV alpha-3-binding protein:PH domain	Q9Y5P4	Q9Y5P4	True
seq.13536.56	DNA polymerase iota	Q9UNA4	Q9UNA4	True
seq.13539.131	Small conductance calcium-activated potassium channel protein 1	Q92952	Q92952	True
seq.13540.1	G-protein coupled receptor 26	Q8NDV2	Q8NDV2	True
seq.13541.1	Myc target protein 1	Q8N699	Q8N699	True
seq.13543.7	Prostaglandin reductase 1	Q14914	Q14914	True
seq.13544.9	Rho GTPase-activating protein 45	Q92619	Q92619	True
seq.13545.97	Probable RNA-binding protein EIF1AD	Q8N9N8	Q8N9N8	True
seq.13547.5	5-hydroxytryptamine receptor 7	P34969	P34969	True
seq.13548.53	Phosphatidate phosphatase PPAPDC1A	Q5VZY2	Q5VZY2	True
seq.13549.15	Disintegrin and metalloproteinase domain-containing protein 29	Q9UKF5	Q9UKF5	True
seq.13552.7	Switch-associated protein 70	Q9UH65	Q9UH65	True
seq.13553.4	DCN1-like protein 3	Q8IWE4	Q8IWE4	True
seq.13554.78	Replication initiator 1	Q9BWE0	Q9BWE0	True
seq.13556.28	5-hydroxytryptamine receptor 2A	P28223	P28223	True
seq.13557.3	Nectin-3	Q9NQS3	Q9NQS3	True
seq.13561.5	5-hydroxytryptamine receptor 6	P50406	P50406	True
seq.13563.259	Acyl-CoA-binding domain-containing protein 7	Q8N6N7	Q8N6N7	True
seq.13565.2	Retinoblastoma-like protein 2	Q08999	Q08999	True
seq.13566.2	RNA polymerase II subunit A C-terminal domain phosphatase SSU72	Q9NP77	Q9NP77	True
seq.13567.1	Dihydropyrimidinase-related protein 2	Q16555	Q16555	True
seq.13568.30	26S proteasome non-ATPase regulatory subunit 4	P55036	P55036	True
seq.13570.43	Vigilin	Q00341	Q00341	True
seq.13572.43	26S proteasome non-ATPase regulatory subunit 11	O00231	O00231	True
seq.13573.5	Actin-related protein 2/3 complex subunit 3	O15145	O15145	True
seq.13574.50	Rho-related GTP-binding protein Rho6	Q92730	Q92730	True
seq.13575.40	Segment polarity protein dishevelled homolog DVL-2	O14641	O14641	True
seq.13576.15	Glutathione S-transferase P	P09211	P09211	True
seq.13577.25	Splicing factor U2AF 65 kDa subunit	P26368	P26368	True
seq.13578.98	Actin-binding LIM protein 3	O94929	O94929	True
seq.13580.2	UDP-N-acetylhexosamine pyrophosphorylase	Q16222	Q16222	True
seq.13583.19	Apoptotic protease-activating factor 1	O14727	O14727	True
seq.13587.10	Rac GTPase-activating protein 1	Q9H0H5	Q9H0H5	True
seq.13588.11	Annexin A9	O76027	O76027	True
seq.13589.10	Amyloid beta A4 precursor protein-binding family B member 3:Phosphotyrosine Interaction Domain 2, Isoform IV	O95704	O95704	True
seq.13590.1	Oligoribonuclease, mitochondrial	Q9Y3B8	Q9Y3B8	True
seq.13591.31	DNA primase small subunit	P49642	P49642	True
seq.13594.158	ADP-ribosylation factor-binding protein GGA1	Q9UJY5	Q9UJY5	True
seq.13595.20	Thiamine-triphosphatase	Q9BU02	Q9BU02	True
seq.13596.3	Ras-related protein Rab-27B	O00194	O00194	True
seq.13597.20	Ras-related protein Rab-31	Q13636	Q13636	True
seq.13599.15	Rab9 effector protein with kelch motifs	Q7Z6M1	Q7Z6M1	True
seq.13602.6	NHP2-like protein 1	P55769	P55769	True
seq.13603.7	Rieske domain-containing protein	Q8TAC1	Q8TAC1	True
seq.13604.27	E3 ubiquitin-protein ligase NEURL1	O76050	O76050	True
seq.13605.16	Annexin A10	Q9UJ72	Q9UJ72	True
seq.13609.11	General transcription factor II-I	P78347	P78347	True
seq.13610.9	Melanoma-associated antigen 10	P43363	P43363	True
seq.13612.7	Cytohesin-interacting protein	O60759	O60759	True
seq.13613.23	Adenylate kinase isoenzyme 5	Q9Y6K8	Q9Y6K8	True
seq.13614.6	CREB-binding protein	Q92793	Q92793	True
seq.13615.60	Cytoplasmic protein NCK2	O43639	O43639	True
seq.13618.15	Mitotic spindle assembly checkpoint protein MAD1	Q9Y6D9	Q9Y6D9	True
seq.13620.10	ATPase ASNA1	O43681	O43681	True
seq.13621.31	AP-2 complex subunit alpha-2	O94973	O94973	True
seq.13622.16	Serine/threonine-protein phosphatase 2A 56 kDa regulatory subunit alpha isoform	Q15172	Q15172	True
seq.13623.4	Histone-lysine N-methyltransferase 2D	O14686	O14686	True
seq.13624.17	NAD kinase	O95544	O95544	True
seq.13625.19	Lupus La protein:HTH La-type RNA-binding domain	P05455	P05455	True
seq.13628.58	Growth factor receptor-bound protein 14	Q14449	Q14449	True
seq.13629.25	Cysteine protease ATG4B	Q9Y4P1	Q9Y4P1	True
seq.13631.1	Retinoblastoma-binding protein 5	Q15291	Q15291	True
seq.13632.10	Zyxin	Q15942	Q15942	True
seq.13634.209	Pirin	O00625	O00625	True
seq.13636.20	Nucleosome assembly protein 1-like 1	P55209	P55209	True
seq.13639.101	General vesicular transport factor p115	O60763	O60763	True
seq.13640.5	B-cell lymphoma 6 protein	P41182	P41182	True
seq.13642.90	Interferon-induced protein with tetratricopeptide repeats 3	O14879	O14879	True
seq.13644.30	Hepatocyte growth factor-regulated tyrosine kinase substrate	O14964	O14964	True
seq.13645.14	Pre-mRNA-splicing factor ATP-dependent RNA helicase PRP16	Q92620	Q92620	True
seq.13650.11	Kv channel-interacting protein 1	Q9NZI2	Q9NZI2	True
seq.13651.54	E3 ubiquitin-protein ligase ZFP91	Q96JP5	Q96JP5	True
seq.13652.2	TOM1-like protein 1	O75674	O75674	True
seq.13653.335	O-acetyl-ADP-ribose deacetylase MACROD1	Q9BQ69	Q9BQ69	True
seq.13654.1	Rho-associated protein kinase 2	O75116	O75116	True
seq.13655.34	Nucleolin	P19338	P19338	True
seq.13657.2	Bifunctional polynucleotide phosphatase/kinase	Q96T60	Q96T60	True
seq.13658.31	Platelet-derived growth factor C	Q9NRA1	Q9NRA1	True
seq.13659.36	Manganese-transporting ATPase 13A1	Q9HD20	Q9HD20	True
seq.13660.76	Angiopoietin-2	O15123	O15123	True
seq.13661.193	Cystatin-D	P28325	P28325	True
seq.13663.2	Interleukin-4	P05112	P05112	True
seq.13665.35	Serine/threonine-protein phosphatase 2A regulatory subunit B'' subunit alpha	Q06190	Q06190	True
seq.13666.222	Carbonic anhydrase-related protein 10	Q9NS85	Q9NS85	True
seq.13668.44	Tyrosine-protein kinase receptor TYRO3	Q06418	Q06418	True
seq.13669.6	Fibroblast growth factor receptor 3:Extracellular domain	P22607	P22607	True
seq.13670.81	Group IIE secretory phospholipase A2	Q9NZK7	Q9NZK7	True
seq.13671.40	Neutrophil elastase	P08246	P08246	True
seq.13672.3	Heat shock 70 kDa protein 6	P17066	P17066	True
seq.13673.21	T-complex protein 1 subunit eta	Q99832	Q99832	True
seq.13676.46	Inhibin beta B chain	P09529	P09529	True
seq.13678.169	Complement factor D	P00746	P00746	True
seq.13680.3	NGFI-A-binding protein 2	Q15742	Q15742	True
seq.13681.173	Casein kinase II subunit alpha'	P19784	P19784	True
seq.13682.47	Macrophage colony-stimulating factor 1 receptor	P07333	P07333	True
seq.13683.18	Chloride channel protein ClC-Kb	P51801	P51801	True
seq.13686.2	Interleukin-5 receptor subunit alpha	Q01344	Q01344	True
seq.13687.5	C-C motif chemokine 1	P22362	P22362	True
seq.13688.2	Calcyphosin-like protein	Q8WWF8	Q8WWF8	True
seq.13689.2	Ornithine decarboxylase	P11926	P11926	True
seq.13690.26	Biglycan	P21810	P21810	True
seq.13691.10	Sodium-coupled monocarboxylate transporter 1	Q8N695	Q8N695	True
seq.13692.154	WNT1-inducible-signaling pathway protein 1	O95388	O95388	True
seq.13693.5	Cerebral dopamine neurotrophic factor	Q49AH0	Q49AH0	True
seq.13694.24	Cytokine receptor-like factor 2	Q9HC73	Q9HC73	True
seq.13697.51	Glycerol-3-phosphate dehydrogenase [NAD(+)], cytoplasmic	P21695	P21695	True
seq.13698.28	Dyslexia-associated protein KIAA0319-like protein	Q8IZA0	Q8IZA0	True
seq.13699.6	Prostate-specific antigen	P07288	P07288	True
seq.13700.10	Annexin A2	P07355	P07355	True
seq.13701.2	C-X-C motif chemokine 13	O43927	O43927	True
seq.13704.5	Hydroxymethylglutaryl-CoA synthase, mitochondrial	P54868	P54868	True
seq.13706.12	Interleukin-12 receptor subunit beta-1	P42701	P42701	True
seq.13707.27	SPARC-like protein 1	Q14515	Q14515	True
seq.13708.56	Kallikrein-8	O60259	O60259	True
seq.13710.6	Plasma protease C1 inhibitor	P05155	P05155	True
seq.13711.10	Clathrin heavy chain 1	Q00610	Q00610	True
seq.13712.104	Granzyme A	P12544	P12544	True
seq.13713.164	Vesicle-trafficking protein SEC22a	Q96IW7	Q96IW7	True
seq.13717.15	Ficolin-2	Q15485	Q15485	True
seq.13719.19	Serine/threonine-protein kinase PAK 4	O96013	O96013	True
seq.13720.95	Myeloblastin	P24158	P24158	True
seq.13722.105	Complement component C9	P02748	P02748	True
seq.13723.6	Interleukin-10	P22301	P22301	True
seq.13724.27	Fibroblast growth factor 19	O95750	O95750	True
seq.13725.3	Fibroblast growth factor 16	O43320	O43320	True
seq.13726.4	T-lymphocyte activation antigen CD80	P33681	P33681	True
seq.13727.44	Speckle-type POZ protein	O43791	O43791	True
seq.13728.19	Endoplasmic reticulum resident protein 29	P30040	P30040	True
seq.13729.26	Sideroflexin-5	Q8TD22	Q8TD22	True
seq.13730.18	Dipeptidyl peptidase 1	P53634	P53634	True
seq.13731.14	Complement component C7	P10643	P10643	True
seq.13732.79	Cardiotrophin-1	Q16619	Q16619	True
seq.13733.5	Interleukin-12 subunit beta	P29460	P29460	True
seq.13734.22	Interferon lambda-1	Q8IU54	Q8IU54	True
seq.13735.1	Rap1 GTPase-activating protein 1	P47736	P47736	True
seq.13738.8	Inhibin beta A chain	P08476	P08476	True
seq.13739.3	Leucine-rich repeat transmembrane protein FLRT1	Q9NZU1	Q9NZU1	True
seq.13740.51	Secreted frizzled-related protein 3	Q92765	Q92765	True
seq.13741.36	Insulin-like growth factor-binding protein 1	P08833	P08833	True
seq.13742.66	Interleukin-22	Q9GZX6	Q9GZX6	True
seq.13743.56	Cullin-4B	Q13620	Q13620	True
seq.13744.37	Interleukin-3 receptor subunit alpha	P26951	P26951	True
seq.13745.10	Polycystin-2:Cytoplasmic domain 4	Q13563	Q13563	True
seq.13747.9	Carbonic anhydrase 6	P23280	P23280	True
seq.13748.4	C-C motif chemokine 8	P80075	P80075	True
seq.13924.13	Myocardial zonula adherens protein	P0CAP1	P0CAP1	True
seq.13926.1	RecQ-mediated genome instability protein 1	Q9H9A7	Q9H9A7	True
seq.13929.27	Peroxisomal carnitine O-octanoyltransferase	Q9UKG9	Q9UKG9	True
seq.13930.3	DNA dC->dU-editing enzyme APOBEC-3G	Q9HC16	Q9HC16	True
seq.13931.22	26S proteasome non-ATPase regulatory subunit 9	O00233	O00233	True
seq.13932.45	Rho guanine nucleotide exchange factor 7	Q14155	Q14155	True
seq.13933.276	NGFI-A-binding protein 1	Q13506	Q13506	True
seq.13934.3	Guanine nucleotide exchange factor DBS	O15068	O15068	True
seq.13936.24	Phosphoglycerate kinase 2	P07205	P07205	True
seq.13937.75	Cullin-associated NEDD8-dissociated protein 1	Q86VP6	Q86VP6	True
seq.13939.14	UTP--glucose-1-phosphate uridylyltransferase	Q16851	Q16851	True
seq.13940.19	Gamma-interferon-inducible protein 16:Isoform 2, Hematopoietic expression, interferon-inducible nature, and nuclear localization 1	Q16666	Q16666	True
seq.13941.82	Phenylalanine--tRNA ligase, mitochondrial	O95363	O95363	True
seq.13942.140	SPRY domain-containing SOCS box protein 1	Q96BD6	Q96BD6	True
seq.13943.38	Protein dpy-30 homolog	Q9C005	Q9C005	True
seq.13944.3	Sulfotransferase 1A3	P0DMM9	P0DMM9	True
seq.13946.8	Probable ATP-dependent RNA helicase DDX23	Q9BUQ8	Q9BUQ8	True
seq.13947.371	Peroxisomal NADH pyrophosphatase NUDT12	Q9BQG2	Q9BQG2	True
seq.13948.50	Gamma-aminobutyric acid type B receptor subunit 2:Extracellular domain	O75899	O75899	True
seq.13950.9	Collagen type IV alpha-3-binding protein:StAR-related lipid-transfer domain, isoform 2	Q9Y5P4	Q9Y5P4	True
seq.13954.9	Glucosamine 6-phosphate N-acetyltransferase	Q96EK6	Q96EK6	True
seq.13955.33	Death-associated protein kinase 1	P53355	P53355	True
seq.13958.5	Probable RNA-binding protein 46	Q8TBY0	Q8TBY0	True
seq.13959.7	Cytosol aminopeptidase	P28838	P28838	True
seq.13960.15	Arf-GAP with GTPase, ANK repeat and PH domain-containing protein 3	Q96P47	Q96P47	True
seq.13961.18	Kinesin-like protein KIF3A	Q9Y496	Q9Y496	True
seq.13963.7	Toll-interacting protein	Q9H0E2	Q9H0E2	True
seq.13966.30	Myomesin-3	Q5VTT5	Q5VTT5	True
seq.13967.14	Thioredoxin reductase 1, cytoplasmic	Q16881	Q16881	True
seq.13969.24	Importin subunit alpha-7	O60684	O60684	True
seq.13972.4	17-beta-hydroxysteroid dehydrogenase 14	Q9BPX1	Q9BPX1	True
seq.13973.62	Tubulin--tyrosine ligase	Q8NG68	Q8NG68	True
seq.13975.56	Liprin-alpha-1	Q13136	Q13136	True
seq.13976.9	Rho guanine nucleotide exchange factor 1	Q92888	Q92888	True
seq.13977.28	BRCA1-associated RING domain protein 1	Q99728	Q99728	True
seq.13978.122	T-box transcription factor TBX3	O15119	O15119	True
seq.13979.3	Anion exchange transporter	Q8TE54	Q8TE54	True
seq.13982.33	Regulator of G-protein signaling 18	Q9NS28	Q9NS28	True
seq.13983.27	Quinone oxidoreductase	Q08257	Q08257	True
seq.13984.23	ATP-dependent RNA helicase DDX25	Q9UHL0	Q9UHL0	True
seq.13985.12	E3 ubiquitin-protein ligase SMURF2	Q9HAU4	Q9HAU4	True
seq.13986.6	LanC-like protein 1	O43813	O43813	True
seq.13988.67	NmrA-like family domain-containing protein 1	Q9HBL8	Q9HBL8	True
seq.13990.1	Pyruvate carboxylase, mitochondrial	P11498	P11498	True
seq.13991.47	Eukaryotic translation initiation factor 4 gamma 3	O43432	O43432	True
seq.13992.12	Vesicle-fusing ATPase	P46459	P46459	True
seq.13993.20	Band 4.1-like protein 1	Q9H4G0	Q9H4G0	True
seq.13994.1	rRNA 2'-O-methyltransferase fibrillarin	P22087	P22087	True
seq.13996.16	Phosphopantothenoylcysteine decarboxylase	Q96CD2	Q96CD2	True
seq.13998.26	Adenylosuccinate synthetase isozyme 1	Q8N142	Q8N142	True
seq.14002.18	Dedicator of cytokinesis protein 9	Q9BZ29	Q9BZ29	True
seq.14005.2	Chromodomain-helicase-DNA-binding protein 7	Q9P2D1	Q9P2D1	True
seq.14006.36	Glycine N-methyltransferase	Q14749	Q14749	True
seq.14007.22	Bifunctional 3'-phosphoadenosine 5'-phosphosulfate synthase 1	O43252	O43252	True
seq.14008.22	mRNA-decapping enzyme 1A	Q9NPI6	Q9NPI6	True
seq.14009.65	Tumor necrosis factor alpha-induced protein 3	P21580	P21580	True
seq.14011.17	Protein S100-A11	P31949	P31949	True
seq.14012.17	Probable ATP-dependent RNA helicase DHX58	Q96C10	Q96C10	True
seq.14013.11	TRAF family member-associated NF-kappa-B activator	Q92844	Q92844	True
seq.14019.73	Envoplakin	Q92817	Q92817	True
seq.14021.81	Mediator of RNA polymerase II transcription subunit 4	Q9NPJ6	Q9NPJ6	True
seq.14022.17	Interleukin-17B	Q9UHF5	Q9UHF5	True
seq.14023.84	Bone sialoprotein 2	P21815	P21815	True
seq.14024.196	Ectodysplasin-A, secreted form	Q92838	Q92838	True
seq.14025.18	Tumor necrosis factor receptor superfamily member 9	Q07011	Q07011	True
seq.14026.24	Interleukin-17F	Q96PD4	Q96PD4	True
seq.14028.22	Phosphatidylinositol 4-phosphate 3-kinase C2 domain-containing subunit alpha	O00443	O00443	True
seq.14029.42	COP9 signalosome complex subunit 2	P61201	P61201	True
seq.14030.21	Tumor necrosis factor ligand superfamily member 4	P23510	P23510	True
seq.14031.18	Fibroblast growth factor 7	P21781	P21781	True
seq.14032.2	Vascular endothelial growth factor A, isoform 121	P15692	P15692	True
seq.14034.22	Tumor-associated calcium signal transducer 2	P09758	P09758	True
seq.14035.13	T-lymphoma invasion and metastasis-inducing protein 1	Q13009	Q13009	True
seq.14036.116	Multiple PDZ domain protein	O75970	O75970	True
seq.14037.18	Ran-binding protein 3	Q9H6Z4	Q9H6Z4	True
seq.14038.130	Cystatin-F	O76096	O76096	True
seq.14039.33	Kallikrein-5	Q9Y337	Q9Y337	True
seq.14041.13	Granzyme B	P10144	P10144	True
seq.14042.11	Secreted frizzled-related protein 1	Q8N474	Q8N474	True
seq.14043.12	Early endosome antigen 1	Q15075	Q15075	True
seq.14045.12	Nuclear receptor coactivator 2	Q15596	Q15596	True
seq.14047.78	Brain-derived neurotrophic factor	P23560	P23560	True
seq.14048.7	Interleukin-1 Receptor accessory protein	Q9NPH3	Q9NPH3	True
seq.14049.17	Interleukin-7	P13232	P13232	True
seq.14050.61	Ephrin-A4	P52798	P52798	True
seq.14051.54	Forkhead box protein C2	Q99958	Q99958	True
seq.14052.26	Protein unc-13 homolog A	Q9UPW8	Q9UPW8	True
seq.14054.17	Interleukin-15 receptor subunit alpha	Q13261	Q13261	True
seq.14056.4	Glycoprotein hormones alpha chain	P01215	P01215	True
seq.14057.68	Tumor necrosis factor ligand superfamily member 15	O95150	O95150	True
seq.14060.67	Neutrophil cytosol factor 4	Q15080	Q15080	True
seq.14061.48	Tumor necrosis factor ligand superfamily member 11	O14788	O14788	True
seq.14063.17	Oncostatin-M	P13725	P13725	True
seq.14064.21	Peptidoglycan recognition protein 1	O75594	O75594	True
seq.14065.11	T-cell surface glycoprotein CD5:Cytoplasmic domain	P06127	P06127	True
seq.14066.49	Membrane-associated guanylate kinase, WW and PDZ domain-containing protein 2	Q86UL8	Q86UL8	True
seq.14067.6	Plakophilin-2	Q99959	Q99959	True
seq.14068.29	C-C motif chemokine 25	O15444	O15444	True
seq.14069.61	Carbonic anhydrase 4	P22748	P22748	True
seq.14070.56	Intersectin-1	Q15811	Q15811	True
seq.14072.9	Translationally-controlled tumor protein	P13693	P13693	True
seq.14073.31	Hemopexin	P02790	P02790	True
seq.14074.2	SHC-transforming protein 2	P98077	P98077	True
seq.14076.74	Cystatin-S	P01036	P01036	True
seq.14077.6	Ficolin-3	O75636	O75636	True
seq.14078.69	Lymphotactin	P47992	P47992	True
seq.14079.14	Interleukin-18 receptor 1	Q13478	Q13478	True
seq.14081.5	NKG2D ligand 1	Q9BZM6	Q9BZM6	True
seq.14082.56	Talin-2	Q9Y4G6	Q9Y4G6	True
seq.14083.25	Selenide, water dikinase 1	P49903	P49903	True
seq.14085.28	Interleukin-13	P35225	P35225	True
seq.14086.11	Acid sphingomyelinase-like phosphodiesterase 3a	Q92484	Q92484	True
seq.14088.38	Insulin-like growth factor-binding protein 6	P24592	P24592	True
seq.14090.23	Differentially expressed in FDCP 6 homolog	Q9H4E7	Q9H4E7	True
seq.14091.42	Carbonyl reductase [NADPH] 3	O75828	O75828	True
seq.14093.10	Fms-related tyrosine kinase 3 ligand	P49771	P49771	True
seq.14094.29	Heparin-binding EGF-like growth factor	Q99075	Q99075	True
seq.14095.1	NKG2-D type II integral membrane protein	P26718	P26718	True
seq.14097.86	Carbohydrate sulfotransferase 15	Q7LFX5	Q7LFX5	True
seq.14098.28	Cysteine--tRNA ligase, cytoplasmic	P49589	P49589	True
seq.14099.20	Proteasome subunit alpha type-4	P25789	P25789	True
seq.14100.63	Complement C1q subcomponent subunit C	P02747	P02747	True
seq.14101.2	Ciliary neurotrophic factor receptor subunit alpha	P26992	P26992	True
seq.14102.6	Granulysin	P22749	P22749	True
seq.14103.12	Tryptase gamma	Q9NRR2	Q9NRR2	True
seq.14104.1	TLR4 interactor with leucine rich repeats:Cytoplasmic domain	Q7L0X0	Q7L0X0	True
seq.14105.5	Kallistatin	P29622	P29622	True
seq.14106.46	Rap1 GTPase-GDP dissociation stimulator 1	P52306	P52306	True
seq.14107.1	5-formyltetrahydrofolate cyclo-ligase	P49914	P49914	True
seq.14108.15	Transforming growth factor beta-1	P01137	P01137	True
seq.14109.15	C-C motif chemokine 15	Q16663	Q16663	True
seq.14110.200	SPARC	P09486	P09486	True
seq.14111.15	Thrombospondin-2	P35442	P35442	True
seq.14112.40	Tumor necrosis factor receptor superfamily member 19L	Q969Z4	Q969Z4	True
seq.14114.18	PILR alpha-associated neural protein	Q8IYJ0	Q8IYJ0	True
seq.14115.34	Adrenomedullin	P35318	P35318	True
seq.14116.129	Protein S100-A4	P26447	P26447	True
seq.14120.2	E3 ubiquitin-protein ligase RNF43	Q68DV7	Q68DV7	True
seq.14121.24	Tumor necrosis factor receptor superfamily member 10D	Q9UBN6	Q9UBN6	True
seq.14122.132	E3 ubiquitin-protein ligase ZNRF3	Q9ULT6	Q9ULT6	True
seq.14123.34	V-type immunoglobulin domain-containing suppressor of T-cell activation:Extracellular domain	Q9H7M9	Q9H7M9	True
seq.14124.6	Ephrin-A2	O43921	O43921	True
seq.14125.5	Apolipoprotein M	O95445	O95445	True
seq.14127.240	Interferon beta	P01574	P01574	True
seq.14128.121	Interferon alpha-10	P01566	P01566	True
seq.14129.1	Interferon alpha-7	P01567	P01567	True
seq.14131.37	Ephrin-B2:Extracellular domain	P52799	P52799	True
seq.14132.21	HERV-H LTR-associating protein 2	Q9UM44	Q9UM44	True
seq.14133.93	Interleukin-1 receptor type 2	P27930	P27930	True
seq.14134.49	Amphoterin-induced protein 2	Q86SJ2	Q86SJ2	True
seq.14135.3	Relaxin receptor 1	Q9HBX9	Q9HBX9	True
seq.14136.234	Complement component C1q receptor	Q9NPY3	Q9NPY3	True
seq.14139.16	Neuregulin-4	Q8WWG1	Q8WWG1	True
seq.14143.8	Histone H2B type 2-E	Q16778	Q16778	True
seq.14144.3	Histone H2A type 3	Q7L7L0	Q7L7L0	True
seq.14146.92	Histone H3.1	P68431	P68431	True
seq.14148.2	Ubiquitin-like protein ISG15	P05161	P05161	True
seq.14149.9	Interleukin-36 beta	Q9NZH7	Q9NZH7	True
seq.14150.7	Interleukin-36 alpha	Q9UHA7	Q9UHA7	True
seq.14151.4	Ubiquitin-like protein ISG15	P05161	P05161	True
seq.14153.8	Ephrin-A3	P52797	P52797	True
seq.14156.33	14-3-3 protein beta/alpha	P31946	P31946	True
seq.14157.21	14-3-3 protein epsilon	P62258	P62258	True
seq.14158.17	Annexin A5	P08758	P08758	True
seq.14175.78	SCP2 sterol-binding domain-containing protein 1	Q9UJQ7	Q9UJQ7	True
seq.14178.18	Cyclin-dependent kinase inhibitor 3	Q16667	Q16667	True
seq.14186.13	E3 ubiquitin-protein ligase rififylin	Q8WZ73	Q8WZ73	True
seq.14192.31	Phosducin-like protein 2	Q8N4E4	Q8N4E4	True
seq.14197.2	PR domain zinc finger protein 1	O75626	O75626	True
seq.14203.3	Annexin A7	P20073	P20073	True
seq.14204.55	Forkhead box protein J2	Q9P0K8	Q9P0K8	True
seq.14205.6	Protein HEXIM2	Q96MH2	Q96MH2	True
seq.14206.28	Amyloid beta A4 precursor protein-binding family B member 1:Phosphotyrosine Interaction Domain 2	O00213	O00213	True
seq.14208.3	Retinoid-binding protein 7	Q96R05	Q96R05	True
seq.14216.35	Probable ATP-dependent RNA helicase DDX46	Q7L014	Q7L014	True
seq.14226.120	S-methylmethionine--homocysteine S-methyltransferase BHMT2	Q9H2M3	Q9H2M3	True
seq.14227.21	Myosin light chain 6B	P14649	P14649	True
seq.14229.5	Adenylyltransferase and sulfurtransferase MOCS3	O95396	O95396	True
seq.14237.1	Internal Use Only: Heat shock 70 kDa protein 1A	P0DMV8	P0DMV8	True
seq.14245.195	Sorting nexin-7	Q9UNH6	Q9UNH6	True
seq.14246.50	Docking protein 2	O60496	O60496	True
seq.14249.68	Probable E3 ubiquitin-protein ligase MID2	Q9UJV3	Q9UJV3	True
seq.14250.115	Bleomycin hydrolase	Q13867	Q13867	True
seq.14254.27	Tyrosine-protein phosphatase non-receptor type 4	P29074	P29074	True
seq.14260.112	Neuroepithelial cell-transforming gene 1 protein	Q7Z628	Q7Z628	True
seq.14268.4	Sulfiredoxin-1	Q9BYN0	Q9BYN0	True
seq.14271.23	Ras-related protein Rab-6B	Q9NRW1	Q9NRW1	True
seq.14273.19	Prolyl endopeptidase	P48147	P48147	True
seq.14283.12	Ras-related protein Rab-14	P61106	P61106	True
seq.14284.23	eIF-2-alpha kinase GCN2	Q9P2K8	Q9P2K8	True
seq.14286.2	Nuclear factor of activated T-cells, cytoplasmic 1	O95644	O95644	True
seq.14287.6	Ras-related protein Rab-5C	P51148	P51148	True
seq.14291.53	Arf-GAP with GTPase, ANK repeat and PH domain-containing protein 2	Q99490	Q99490	True
seq.14294.61	Methyl-CpG-binding domain protein 1	Q9UIS9	Q9UIS9	True
seq.14309.8	Heterogeneous nuclear ribonucleoprotein H	P31943	P31943	True
seq.14314.6	Peptidyl-prolyl cis-trans isomerase-like 2	Q13356	Q13356	True
seq.14318.1	Vacuolar protein sorting-associated protein 29	Q9UBQ0	Q9UBQ0	True
seq.14324.52	Structural maintenance of chromosomes protein 3	Q9UQE7	Q9UQE7	True
seq.14326.4	Ubiquitin-conjugating enzyme E2 E1	P51965	P51965	True
seq.14329.4	Death-inducer obliterator 1	Q9BTC0	Q9BTC0	True
seq.14331.262	Dynein light chain Tctex-type 1	P63172	P63172	True
seq.14332.3	Ras-related protein Ral-A	P11233	P11233	True
seq.14334.3	Recoverin	P35243	P35243	True
seq.14337.1	Trafficking protein particle complex subunit 3	O43617	O43617	True
seq.14341.8	Protein FAM69C	Q0P6D2	Q0P6D2	True
seq.14583.49	Growth/differentiation factor 8	O14793	O14793	True
seq.14587.16	Growth/differentiation factor 11	O95390	O95390	True
seq.14593.152	Protein FAM210A	Q96ND0	Q96ND0	True
seq.14597.5	Semaphorin-6C, cytoplasmic	Q9H3T2	Q9H3T2	True
seq.14599.18	Stabilin-1	Q9NY15	Q9NY15	True
seq.14614.41	Noncompact myelin-associated protein	Q5T1S8	Q5T1S8	True
seq.14615.46	Keratin-associated protein 2-4	Q9BYR9	Q9BYR9	True
seq.14616.16	Zinc finger protein 382	Q96SR6	Q96SR6	True
seq.14618.26	Vesicular, overexpressed in cancer, prosurvival protein 1	Q96AW1	Q96AW1	True
seq.14619.8	Zinc finger protein 526	Q8TF50	Q8TF50	True
seq.14623.26	Small ubiquitin-related modifier 3	P55854	P55854	True
seq.14624.51	Transcriptional repressor CTCF	P49711	P49711	True
seq.14628.72	F-box only protein 3	Q9UK99	Q9UK99	True
seq.14631.22	Dual specificity protein phosphatase 16	Q9BY84	Q9BY84	True
seq.14633.26	Transmembrane protein 185A	Q8NFB2	Q8NFB2	True
seq.14634.13	Lutropin-choriogonadotropic hormone receptor	P22888	P22888	True
seq.14636.25	Ribonuclease UK114	P52758	P52758	True
seq.14645.253	Glutathione S-transferase A4	O15217	O15217	True
seq.14655.1	DnaJ homolog subfamily C member 17	Q9NVM6	Q9NVM6	True
seq.14662.6	Myeloid zinc finger 1	P28698	P28698	True
seq.14663.44	E3 ubiquitin-protein ligase RNF8	O76064	O76064	True
seq.14670.1	Ski-like protein	P12757	P12757	True
seq.14674.63	Protein kinase C and casein kinase substrate in neurons protein 3	Q9UKS6	Q9UKS6	True
seq.14675.20	Eukaryotic translation initiation factor 4B	P23588	P23588	True
seq.14684.17	Calpain-2 catalytic subunit	P17655	P17655	True
seq.14685.17	RAC-beta serine/threonine-protein kinase	P31751	P31751	True
seq.14687.6	Perilipin-3	O60664	O60664	True
seq.14688.6	Tyrosine-protein phosphatase non-receptor type 7	P35236	P35236	True
seq.14689.3	Protein SEC13 homolog	P55735	P55735	True
seq.14692.3	Zinc finger protein 276	Q8N554	Q8N554	True
seq.14696.45	Tryptase beta-2	P20231	P20231	True
seq.14703.6	Prokineticin-1	P58294	P58294	True
seq.14705.1	Vascular endothelial growth factor D	O43915	O43915	True
seq.14708.59	Complement component C8 gamma chain	P07360	P07360	True
seq.14711.27	Cystatin-M	Q15828	Q15828	True
seq.14713.46	Azurocidin	P20160	P20160	True
seq.14747.9	Cytokine receptor-like factor 1	O75462	O75462	True
seq.14748.31	Rho GTPase-activating protein 5	Q13017	Q13017	True
seq.14755.4	Lactotransferrin	P02788	P02788	True
seq.14756.29	Intercellular adhesion molecule 2	P13598	P13598	True
seq.14757.144	Fibroblast growth factor 8 isoform B	P55075	P55075	True
seq.14759.149	Cadherin-1	P12830	P12830	True
seq.15295.81	Insulin-like growth factor II:Mature	P01344	P01344	True
seq.15297.3	Protein S100-A3	P33764	P33764	True
seq.15298.199	Neuropilin and tolloid-like protein 1	Q8TDF5	Q8TDF5	True
seq.15299.102	LDLR chaperone MESD	Q14696	Q14696	True
seq.15300.66	Coiled-coil domain-containing protein 134	Q9H6E4	Q9H6E4	True
seq.15301.24	Acrosomal protein SP-10	P26436	P26436	True
seq.15303.63	Protein S100-A5	P33763	P33763	True
seq.15304.1	Regenerating islet-derived protein 3-alpha	Q06141	Q06141	True
seq.15305.7	Secretagogin	O76038	O76038	True
seq.15306.20	Immunoglobulin J chain	P01591	P01591	True
seq.15308.108	Brorin	Q2TAL6	Q2TAL6	True
seq.15310.61	Protein regulator of cytokinesis 1	O43663	O43663	True
seq.15312.14	Protein argonaute-1	Q9UL18	Q9UL18	True
seq.15313.28	Mitotic spindle assembly checkpoint protein MAD2A	Q13257	Q13257	True
seq.15314.49	Chloride intracellular channel protein 4	Q9Y696	Q9Y696	True
seq.15315.64	Copper homeostasis protein cutC homolog	Q9NTM9	Q9NTM9	True
seq.15316.262	Thioredoxin-like protein 4B	Q9NX01	Q9NX01	True
seq.15318.75	Protein S100-A10	P60903	P60903	True
seq.15319.226	Cyclin-A1	P78396	P78396	True
seq.15321.8	Complexin-2	Q6PUV4	Q6PUV4	True
seq.15322.35	Death domain-containing protein CRADD	P78560	P78560	True
seq.15323.112	Protein argonaute-3	Q9H9G7	Q9H9G7	True
seq.15324.58	Ferritin light chain	P02792	P02792	True
seq.15325.14	Neuromodulin	P17677	P17677	True
seq.15326.64	Guanylate-binding protein 1	P32455	P32455	True
seq.15329.167	Ragulator complex protein LAMTOR2	Q9Y2Q5	Q9Y2Q5	True
seq.15331.47	Histone-binding protein RBBP4	Q09028	Q09028	True
seq.15333.11	Stromal cell-derived factor 2	Q99470	Q99470	True
seq.15336.7	Selenoprotein M	Q8WWX9	Q8WWX9	True
seq.15339.32	Cofilin-2	Q9Y281	Q9Y281	True
seq.15343.337	Kininogen, HMW, Two Chain	P01042	P01042	True
seq.15346.31	Interferon gamma	P01579	P01579	True
seq.15347.12	Hemopexin	P02790	P02790	True
seq.15358.28	Neuroendocrine protein 7B2	P05408	P05408	True
seq.15361.37	Ankyrin repeat domain-containing protein 1	Q15327	Q15327	True
seq.15363.32	Apolipoprotein A-V	Q6Q788	Q6Q788	True
seq.15364.101	Apolipoprotein C-I	P02654	P02654	True
seq.15365.41	Adhesion G protein-coupled receptor B3	O60242	O60242	True
seq.15367.38	BPI fold-containing family B member 1	Q8TDL5	Q8TDL5	True
seq.15368.3	BMP-binding endothelial regulator protein	Q8N8U9	Q8N8U9	True
seq.15370.5	BolA-like protein 1	Q9Y3E2	Q9Y3E2	True
seq.15372.43	Bromodomain-containing protein 2	P25440	P25440	True
seq.15375.49	Carboxypeptidase B	P15086	P15086	True
seq.15376.134	Cathepsin E	P14091	P14091	True
seq.15381.45	Discoidin domain-containing receptor 2	Q16832	Q16832	True
seq.15383.200	Endothelin-3	P14138	P14138	True
seq.15384.15	Klotho	Q9UEF7	Q9UEF7	True
seq.15385.116	Fatty acid-binding protein, intestinal	P12104	P12104	True
seq.15386.7	Fatty acid-binding protein, adipocyte	P15090	P15090	True
seq.15387.44	Neuropilin-2	O60462	O60462	True
seq.15388.24	Low affinity immunoglobulin gamma Fc region receptor III-A	P08637	P08637	True
seq.15389.1	Frataxin, mitochondrial	Q16595	Q16595	True
seq.15390.3	Galanin	P22466	P22466	True
seq.15391.114	Growth arrest-specific protein 6	Q14393	Q14393	True
seq.15394.79	Netrin receptor UNC5B	Q8IZJ1	Q8IZJ1	True
seq.15395.15	Glutathione S-transferase Mu 1	P09488	P09488	True
seq.15398.2	FAD-linked sulfhydryl oxidase ALR	P55789	P55789	True
seq.15402.2	DNA-binding protein inhibitor ID-1	P41134	P41134	True
seq.15403.53	DNA-binding protein inhibitor ID-2	Q02363	Q02363	True
seq.15404.3	Interferon alpha-21	P01568	P01568	True
seq.15405.23	Interferon alpha-4	P05014	P05014	True
seq.15412.40	Baculoviral IAP repeat-containing protein 7	Q96CA5	Q96CA5	True
seq.15413.3	Phosphatidylcholine-sterol acyltransferase	P04180	P04180	True
seq.15414.316	L-lactate dehydrogenase A chain	P00338	P00338	True
seq.15416.54	Lysozyme g-like protein 2	Q86SG7	Q86SG7	True
seq.15417.3	Serpin B5	P36952	P36952	True
seq.15418.25	Mitogen-activated protein kinase 10	P53779	P53779	True
seq.15419.15	Matrix metalloproteinase-20	O60882	O60882	True
seq.15422.12	Myelin P2 protein	P02689	P02689	True
seq.15426.5	Sialidase-1	Q99519	Q99519	True
seq.15427.35	Lysyl oxidase homolog 3	P58215	P58215	True
seq.15430.165	Opticin	Q9UBM4	Q9UBM4	True
seq.15431.31	Ornithine carbamoyltransferase, mitochondrial	P00480	P00480	True
seq.15432.1	Otoraplin	Q9NRC9	Q9NRC9	True
seq.15433.4	Proto-oncogene tyrosine-protein kinase Src	P12931	P12931	True
seq.15434.5	Prepronociceptin	Q13519	Q13519	True
seq.15435.4	Purine nucleoside phosphorylase	P00491	P00491	True
seq.15436.40	Receptor activity-modifying protein 1	O60894	O60894	True
seq.15437.11	Receptor activity-modifying protein 3	O60896	O60896	True
seq.15439.21	Rho-related GTP-binding protein RhoE	P61587	P61587	True
seq.15440.57	Neuroendocrine convertase 2	P16519	P16519	True
seq.15441.6	Ganglioside GM2 activator	P17900	P17900	True
seq.15444.45	Serpin B4	P48594	P48594	True
seq.15446.25	Neuregulin-1, sensory and motor neuron-derived factor isoform	Q02297	Q02297	True
seq.15447.45	Sorbitol dehydrogenase	Q00796	Q00796	True
seq.15448.47	Sequestosome-1	Q13501	Q13501	True
seq.15449.33	T-cell immunoglobulin and mucin domain-containing protein 4	Q96H15	Q96H15	True
seq.15452.5	5'-Nucleotidase	P21589	P21589	True
seq.15453.3	Alpha-1-microglobulin	P02760	P02760	True
seq.15455.40	Disintegrin and metalloproteinase domain-containing protein 15:Extracellular domain	Q13444	Q13444	True
seq.15457.14	Aminopeptidase N	P15144	P15144	True
seq.15460.9	Dipeptidyl peptidase 4	P27487	P27487	True
seq.15462.28	T-cell surface glycoprotein CD8 alpha chain	P01732	P01732	True
seq.15465.79	Protein canopy homolog 4	Q8N129	Q8N129	True
seq.15466.30	Collagen alpha-1(IX) chain	P20849	P20849	True
seq.15467.10	Collagen triple helix repeat-containing protein 1	Q96CG8	Q96CG8	True
seq.15468.14	Complement factor H-related protein 1	Q03591	Q03591	True
seq.15470.11	Beta-hexosaminidase subunit beta	P07686	P07686	True
seq.15471.29	Pancreatic lipase-related protein 2	P54317	P54317	True
seq.15472.16	Low-density lipoprotein receptor-related protein 11	Q86VZ4	Q86VZ4	True
seq.15474.7	Peptidyl-prolyl cis-trans isomerase NIMA-interacting 1	Q13526	Q13526	True
seq.15475.4	Phospholipid transfer protein	P55058	P55058	True
seq.15476.6	Regenerating islet-derived protein 3-gamma	Q6UW15	Q6UW15	True
seq.15480.2	Vascular non-inflammatory molecule 2	O95498	O95498	True
seq.15481.45	Antibacterial protein LL-37	P49913	P49913	True
seq.15482.12	Alpha-2-macroglobulin-like protein 1	A8K2U0	A8K2U0	True
seq.15483.377	Agrin	O00468	O00468	True
seq.15486.126	Amiloride-sensitive amine oxidase [copper-containing]	P19801	P19801	True
seq.15487.164	Liver carboxylesterase 1	P23141	P23141	True
seq.15491.20	Endosialin	Q9HCU0	Q9HCU0	True
seq.15492.1	Cysteine-rich motor neuron 1 protein:Extracellular domain	Q9NZV1	Q9NZV1	True
seq.15494.11	Fibroblast growth factor-binding protein 1	Q14512	Q14512	True
seq.15495.9	Folate receptor gamma	P41439	P41439	True
seq.15497.9	Heparan sulfate glucosamine 3-O-sulfotransferase 1	O14792	O14792	True
seq.15499.11	Attractin	O75882	O75882	True
seq.15503.15	Left-right determination factor 2	O00292	O00292	True
seq.15503.20	Left-right determination factor 2	O00292	O00292	True
seq.15504.39	Baculoviral IAP repeat-containing protein 7 Isoform beta	Q96CA5	Q96CA5	True
seq.15506.34	Low-density lipoprotein receptor-related protein 12	Q9Y561	Q9Y561	True
seq.15509.2	Alpha-N-acetylglucosaminidase	P54802	P54802	True
seq.15511.37	Neuronal pentraxin receptor	O95502	O95502	True
seq.15513.108	Prostasin	Q16651	Q16651	True
seq.15514.26	Cholinesterase	P06276	P06276	True
seq.15515.2	Serum amyloid A-1 protein	P0DJI8	P0DJI8	True
seq.15516.12	Serum amyloid A-4 protein	P35542	P35542	True
seq.15521.4	Calsyntenin-1	O94985	O94985	True
seq.15522.2	Golgi-associated plant pathogenesis-related protein 1	Q9H4G4	Q9H4G4	True
seq.15523.9	Delta-aminolevulinic acid dehydratase	P13716	P13716	True
seq.15524.30	Phosphoglycerate mutase 2	P15259	P15259	True
seq.15525.294	Alcohol dehydrogenase 1C	P00326	P00326	True
seq.15526.33	Glutathione synthetase	P48637	P48637	True
seq.15527.90	Dihydrolipoyl dehydrogenase, mitochondrial	P09622	P09622	True
seq.15529.33	Cysteine and glycine-rich protein 1	P21291	P21291	True
seq.15530.33	Ephrin type-B receptor 4	P54760	P54760	True
seq.15533.97	Macrophage scavenger receptor types I and II:Extracellular domain	P21757	P21757	True
seq.15534.26	Malate dehydrogenase, mitochondrial	P40926	P40926	True
seq.15535.3	Serine protease 27	Q9BQR3	Q9BQR3	True
seq.15539.15	SLIT and NTRK-like protein 1	Q96PX8	Q96PX8	True
seq.15540.6	Vimentin	P08670	P08670	True
seq.15542.19	Creatine kinase U-type, mitochondrial	P12532	P12532	True
seq.15544.25	Kallikrein-14	Q9P0G3	Q9P0G3	True
seq.15545.13	Calcineurin subunit B type 1	P63098	P63098	True
seq.15548.35	D-3-phosphoglycerate dehydrogenase	O43175	O43175	True
seq.15553.22	Acetylcholinesterase	P22303	P22303	True
seq.15556.49	Alpha-amylase 2B	P19961	P19961	True
seq.15558.63	Glutamyl aminopeptidase	Q07075	Q07075	True
seq.15559.5	Anthrax toxin receptor 2	P58335	P58335	True
seq.15560.52	Transcobalamin-2	P20062	P20062	True
seq.15562.24	Beta-glucuronidase	P08236	P08236	True
seq.15565.102	Mucin-16	Q8WXI7	Q8WXI7	True
seq.15566.10	Calponin-1	P51911	P51911	True
seq.15567.2	T-cell surface glycoprotein CD3 zeta chain	P20963	P20963	True
seq.15569.15	Collagen Type II	P02458	P02458	True
seq.15570.99	Complement receptor type 2	P20023	P20023	True
seq.15573.110	Neurocan core protein	O14594	O14594	True
seq.15574.37	Cyclin-A2	P20248	P20248	True
seq.15576.158	Eosinophil cationic protein	P12724	P12724	True
seq.15579.26	Ectonucleotide pyrophosphatase/phosphodiesterase family member 6	Q6UWR7	Q6UWR7	True
seq.15580.2	Ephrin type-A receptor 7	Q15375	Q15375	True
seq.15581.16	Fibronectin type 3 and ankyrin repeat domains protein 1	Q8TC84	Q8TC84	True
seq.15582.25	Ficolin-1	O00602	O00602	True
seq.15583.18	Fc receptor-like B	Q6BAA4	Q6BAA4	True
seq.15584.9	Complement factor H-related protein 2	P36980	P36980	True
seq.15585.304	Fibulin-5	Q9UBX5	Q9UBX5	True
seq.15587.20	Folate receptor beta	P14207	P14207	True
seq.15588.17	Alpha-galactosidase A	P06280	P06280	True
seq.15589.1	Vitamin D-binding protein	P02774	P02774	True
seq.15591.28	Glutathione peroxidase 1	P07203	P07203	True
seq.15594.47	Serine protease HTRA1	Q92743	Q92743	True
seq.15596.7	Protein HEXIM1	O94992	O94992	True
seq.15602.43	Interleukin-6 receptor subunit alpha	P08887	P08887	True
seq.15603.20	Integrin alpha-2	P17301	P17301	True
seq.15604.18	Mitogen-activated protein kinase 9	P45984	P45984	True
seq.15606.19	Keratin, type I cytoskeletal 19	P08727	P08727	True
seq.15607.56	Pyruvate kinase PKLR	P30613	P30613	True
seq.15608.5	Ribosomal protein S6 kinase beta-1	P23443	P23443	True
seq.15610.72	Cytosol aminopeptidase	P28838	P28838	True
seq.15612.5	Protein lin-7 homolog B	Q9HAP6	Q9HAP6	True
seq.15613.16	Pancreatic triacylglycerol lipase	P16233	P16233	True
seq.15614.168	Leukocyte immunoglobulin-like receptor subfamily A member 2	Q8N149	Q8N149	True
seq.15615.8	Leukocyte immunoglobulin-like receptor subfamily B member 3	O75022	O75022	True
seq.15617.8	Cytokine SCM-1 beta	Q9UBD3	Q9UBD3	True
seq.15619.49	Myelin-oligodendrocyte glycoprotein	Q16653	Q16653	True
seq.15620.4	Neuroligin-1	Q8N2Q7	Q8N2Q7	True
seq.15622.13	Opioid-binding protein/cell adhesion molecule	Q14982	Q14982	True
seq.15623.1	Programmed cell death protein 1	Q15116	Q15116	True
seq.15626.223	Basement membrane-specific heparan sulfate proteoglycan core protein	P98160	P98160	True
seq.15627.83	RAC-alpha serine/threonine-protein kinase	P31749	P31749	True
seq.15631.18	Pregnancy-specific beta-1-glycoprotein 1	P11464	P11464	True
seq.15633.6	Retinol-binding protein 4	P02753	P02753	True
seq.15634.139	Slit homolog 1 protein	O75093	O75093	True
seq.15635.4	SPARC-related modular calcium-binding protein 2	Q9H3U7	Q9H3U7	True
seq.15636.49	VPS10 domain-containing receptor SorCS1	Q8WY21	Q8WY21	True
seq.15637.38	VPS10 domain-containing receptor SorCS3	Q9UPU3	Q9UPU3	True
seq.15640.54	Transgelin	Q01995	Q01995	True
seq.15641.20	Tomoregulin-1	Q8IYR6	Q8IYR6	True
seq.15644.1	Biotinidase	P43251	P43251	True
seq.15653.9	Collagen alpha-1(X) chain	Q03692	Q03692	True
seq.15666.21	Bone morphogenetic protein 2	P12643	P12643	True
seq.15667.39	Bone morphogenetic protein 4	P12644	P12644	True
seq.15668.19	Bone morphogenetic protein 8B	P34820	P34820	True
seq.15669.7	Serine/threonine-protein kinase B-raf	P15056	P15056	True
seq.15670.15	Complement C1q-like protein 2	Q7Z5L3	Q7Z5L3	True
seq.15674.3	B-cell antigen receptor complex-associated protein alpha chain	P11912	P11912	True
seq.15675.3	CCAAT/enhancer-binding protein beta	P17676	P17676	True
seq.15678.71	Dickkopf-related protein 2	Q9UBU2	Q9UBU2	True
seq.15686.49	Inhibin beta C chain	P55103	P55103	True
seq.15688.30	Protein ERGIC-53	P49257	P49257	True
seq.15692.300	Nodal homolog	Q96S42	Q96S42	True
seq.15693.9	Progesterone receptor	P06401	P06401	True
seq.15698.6	Alpha-taxilin	P40222	P40222	True
seq.16015.19	Alanine aminotransferase 1	P24298	P24298	True
seq.16021.30	Cadherin-8	P55286	P55286	True
seq.16035.8	Vascular endothelial growth factor receptor 3	P35916	P35916	True
seq.16043.30	SHC-transforming protein 1:Phosphotyrosine Interaction Domain	P29353	P29353	True
seq.16049.43	Oxidized low-density lipoprotein receptor 1	P78380	P78380	True
seq.16055.3	Complement factor H-related protein 5	Q9BXR6	Q9BXR6	True
seq.16057.6	Cation-independent mannose-6-phosphate receptor	P11717	P11717	True
seq.16060.99	Nidogen-2	Q14112	Q14112	True
seq.16070.7	Wnt inhibitory factor 1	Q9Y5W5	Q9Y5W5	True
seq.16074.12	GRB2-related adapter protein 2	O75791	O75791	True
seq.16079.2	Tyrosine-protein kinase Tec	P42680	P42680	True
seq.16081.38	Aldo-keto reductase family 1 member B10	O60218	O60218	True
seq.16288.17	Ephrin type-A receptor 4	P54764	P54764	True
seq.16292.288	Gastric inhibitory polypeptide	P09681	P09681	True
seq.16293.1	Somatoliberin	P01286	P01286	True
seq.16296.43	Leucine-rich repeat-containing G-protein coupled receptor 5	O75473	O75473	True
seq.16297.14	Roundabout homolog 4	Q8WZ75	Q8WZ75	True
seq.16298.84	Group IID secretory phospholipase A2	Q9UNK4	Q9UNK4	True
seq.16299.13	T-cell immunoreceptor with Ig and ITIM domains	Q495A1	Q495A1	True
seq.16300.4	Triggering receptor expressed on myeloid cells 2	Q9NZC2	Q9NZC2	True
seq.16302.11	BPI fold-containing family A member 2	Q96DR5	Q96DR5	True
seq.16304.6	Leucine-rich repeat-containing G-protein coupled receptor 4	Q9BXB1	Q9BXB1	True
seq.16305.10	Cadherin-11:Extracellular domain	P55287	P55287	True
seq.16307.22	Netrin receptor UNC5D	Q6UXZ4	Q6UXZ4	True
seq.16308.14	B- and T-lymphocyte attenuator	Q7Z6A9	Q7Z6A9	True
seq.16309.30	Dickkopf-like protein 1	Q9UK85	Q9UK85	True
seq.16312.45	Cadherin-6	P55285	P55285	True
seq.16315.105	Vascular endothelial growth factor receptor 1	P17948	P17948	True
seq.16317.20	Desmoglein-3	P32926	P32926	True
seq.16318.12	Serine/threonine-protein kinase receptor R3	P37023	P37023	True
seq.16320.139	CD320 antigen	Q9NPF0	Q9NPF0	True
seq.16322.10	Marginal zone B- and B1-cell-specific protein	Q8WU39	Q8WU39	True
seq.16323.8	Neurexin-3	Q9Y4C0	Q9Y4C0	True
seq.16324.38	Toll-like receptor 1:Extracellular domain	Q15399	Q15399	True
seq.16536.3	High mobility group protein HMG-I/HMG-Y	P17096	P17096	True
seq.16551.14	Signal transducer and activator of transcription 5B	P51692	P51692	True
seq.16558.2	Myocilin	Q99972	Q99972	True
seq.16561.9	Alpha-1B-glycoprotein	P04217	P04217	True
seq.16583.8	Bis(5'-nucleosyl)-tetraphosphatase [asymmetrical]	P50583	P50583	True
seq.16585.16	N-acetyllactosaminide beta-1,3-N-acetylglucosaminyltransferase 4	Q9C0J1	Q9C0J1	True
seq.16587.1	Beta-casein	P05814	P05814	True
seq.16588.10	78 kDa glucose-regulated protein	P11021	P11021	True
seq.16591.71	Acidic mammalian chitinase	Q9BZP6	Q9BZP6	True
seq.16593.3	FAS-associated death domain protein	Q13158	Q13158	True
seq.16594.44	Fas apoptotic inhibitory molecule 1	Q9NVQ4	Q9NVQ4	True
seq.16596.25	Glutaredoxin-3	O76003	O76003	True
seq.16597.11	Glutaredoxin-related protein 5, mitochondrial	Q86SX6	Q86SX6	True
seq.16599.38	GPN-loop GTPase 1	Q9HCN4	Q9HCN4	True
seq.16605.2	Complement C1q and tumor necrosis factor-related protein 9A	P0C862	P0C862	True
seq.16606.85	Aldose reductase	P15121	P15121	True
seq.16607.78	Gelsolin	P06396	P06396	True
seq.16609.106	Kin of IRRE-like protein 2	Q6UWL6	Q6UWL6	True
seq.16610.13	Low-density lipoprotein receptor-related protein 10	Q7Z4F1	Q7Z4F1	True
seq.16612.28	Syndecan-3	O75056	O75056	True
seq.16613.3	Cadherin-17	Q12864	Q12864	True
seq.16614.27	R-spondin-1	Q2MKA7	Q2MKA7	True
seq.16616.137	Beta-enolase	P13929	P13929	True
seq.16618.7	Early activation antigen CD69	Q07108	Q07108	True
seq.16620.26	Lymphocyte antigen 75	O60449	O60449	True
seq.16621.77	NAD(P)H-hydrate epimerase	Q8NCW5	Q8NCW5	True
seq.16746.12	Activin B	P09529	P09529	True
seq.16748.1	Bone morphogenetic protein 3	P12645	P12645	True
seq.16749.79	Growth/differentiation factor 10	P55107	P55107	True
seq.16751.15	Natriuretic peptides B	P16860	P16860	True
seq.16753.46	Collagen alpha-2(VI) chain	P12110	P12110	True
seq.16754.40	Peripheral plasma membrane protein CASK	O14936	O14936	True
seq.16755.195	Growth/differentiation factor 3	Q9NR23	Q9NR23	True
seq.16756.30	Growth/differentiation factor 7	Q7Z4P5	Q7Z4P5	True
seq.16758.96	Hepatoma-derived growth factor	P51858	P51858	True
seq.16760.2	Interleukin-26	Q9NPH9	Q9NPH9	True
seq.16763.11	Leukocyte cell-derived chemotaxin-2	O14960	O14960	True
seq.16765.52	Platelet basic protein	P02775	P02775	True
seq.16768.3	Junction plakoglobin	P14923	P14923	True
seq.16769.20	Ras-related C3 botulinum toxin substrate 3	P60763	P60763	True
seq.16770.3	Lithostathine-1-beta	P48304	P48304	True
seq.16773.29	Signal peptide, CUB and EGF-like domain-containing protein 3	Q8IX30	Q8IX30	True
seq.16780.6	Internal Use Only: Heat shock 70 kDa protein 1A	P0DMV8	P0DMV8	True
seq.16781.2	Cytosolic endo-beta-N-acetylglucosaminidase	Q8NFI3	Q8NFI3	True
seq.16785.45	Defensin-5	Q01523	Q01523	True
seq.16792.4	Sialic acid-binding Ig-like lectin 5	O15389	O15389	True
seq.16802.31	OCIA domain-containing protein 1	Q9NX40	Q9NX40	True
seq.16803.4	Calretinin	P22676	P22676	True
seq.16805.5	cGMP-specific 3',5'-cyclic phosphodiesterase	O76074	O76074	True
seq.16807.35	Troponin T, fast skeletal muscle	P45378	P45378	True
seq.16809.1	Nucleoside diphosphate kinase, mitochondrial	O00746	O00746	True
seq.16810.3	Rab GDP dissociation inhibitor alpha	P31150	P31150	True
seq.16814.13	Four and a half LIM domains protein 1	Q13642	Q13642	True
seq.16818.200	CUB domain-containing protein 1	Q9H5V8	Q9H5V8	True
seq.16823.75	Apolipoprotein L3	O95236	O95236	True
seq.16825.20	Ataxin-3	P54252	P54252	True
seq.16828.8	Collagen alpha-1(VI) chain	P12109	P12109	True
seq.16831.7	Docking protein 1	Q99704	Q99704	True
seq.16836.1	Complement factor H-related protein 3	Q02985	Q02985	True
seq.16837.20	CASP8 and FADD-like apoptosis regulator	O15519	O15519	True
seq.16845.15	Myelin protein zero-like protein 1	O95297	O95297	True
seq.16847.39	Ras-related protein Rab-3B	P20337	P20337	True
seq.16850.5	Regulator of G-protein signaling 5	O15539	O15539	True
seq.16851.50	Protein SCO2 homolog, mitochondrial	O43819	O43819	True
seq.16852.10	Na(+)/H(+) exchange regulatory cofactor NHE-RF3	Q5T2W1	Q5T2W1	True
seq.16853.5	Nicotinamide riboside kinase 1	Q9NWW6	Q9NWW6	True
seq.16854.17	U6 snRNA-associated Sm-like protein LSm4	Q9Y4Z0	Q9Y4Z0	True
seq.16856.79	Microtubule-associated protein RP/EB family member 2	Q15555	Q15555	True
seq.16857.2	Ras-related protein Rab-2A	P61019	P61019	True
seq.16858.384	Reticulocalbin-3	Q96D15	Q96D15	True
seq.16859.100	Endophilin-B1	Q9Y371	Q9Y371	True
seq.16863.47	N-acylneuraminate-9-phosphatase	Q8TBE9	Q8TBE9	True
seq.16865.62	TATA-binding protein-associated factor 2N	Q92804	Q92804	True
seq.16867.76	Cyclin-dependent kinase 16	Q00536	Q00536	True
seq.16872.248	Maleylacetoacetate isomerase	O43708	O43708	True
seq.16875.13	Protein mago nashi homolog 2	Q96A72	Q96A72	True
seq.16877.19	Methionine-R-sulfoxide reductase B2, mitochondrial	Q9Y3D2	Q9Y3D2	True
seq.16882.27	14 kDa phosphohistidine phosphatase	Q9NRX4	Q9NRX4	True
seq.16883.57	Ras-related protein Rab-4A	P20338	P20338	True
seq.16885.49	Microtubule-associated protein RP/EB family member 3	Q9UPY8	Q9UPY8	True
seq.16887.29	Peptidyl-tRNA hydrolase 2, mitochondrial	Q9Y3E5	Q9Y3E5	True
seq.16890.37	ADAMTS-like protein 1	Q8N6G6	Q8N6G6	True
seq.16892.23	Ectonucleotide pyrophosphatase/phosphodiesterase family member 2	Q13822	Q13822	True
seq.16899.59	Oxysterol-binding protein-related protein 9	Q96SU4	Q96SU4	True
seq.16900.29	MAM domain-containing glycosylphosphatidylinositol anchor protein 1	Q8NFP4	Q8NFP4	True
seq.16902.17	Lysosome-associated membrane glycoprotein 1	P11279	P11279	True
seq.16907.3	Cell adhesion molecule 2	Q8N3J6	Q8N3J6	True
seq.16908.5	Oligodendrocyte-myelin glycoprotein	P23515	P23515	True
seq.16913.8	Ribonuclease T2	O00584	O00584	True
seq.16914.104	Monocyte differentiation antigen CD14, soluble	P08571	P08571	True
seq.16915.153	Semaphorin-4A	Q9H3S1	Q9H3S1	True
seq.16916.19	SLIT and NTRK-like protein 6	Q9H5Y7	Q9H5Y7	True
seq.16918.198	Toll-like receptor 3	O15455	O15455	True
seq.16919.1	Acyl-CoA-binding protein	P07108	P07108	True
seq.16922.53	Plexin-B3	Q9ULL4	Q9ULL4	True
seq.16923.20	Profilin-2	P35080	P35080	True
seq.16926.44	Alkaline phosphatase, tissue-nonspecific isozyme	P05186	P05186	True
seq.16927.9	Coagulation factor XIII	P05160|P00488	P05160|P00488	True
seq.16932.5	Estrogen sulfotransferase	P49888	P49888	True
seq.17137.160	Hemoglobin subunit beta	P68871	P68871	True
seq.17138.8	Glutathione S-transferase A1	P08263	P08263	True
seq.17140.57	Platelet-derived growth factor D	Q9GZP0	Q9GZP0	True
seq.17145.1	Protein S100-A8/A9 heterodimer	P06702|P05109	P06702|P05109	True
seq.17148.7	Flavin reductase (NADPH)	P30043	P30043	True
seq.17150.8	10 kDa heat shock protein, mitochondrial	P61604	P61604	True
seq.17151.84	Interferon regulatory factor 3	Q14653	Q14653	True
seq.17152.10	Killer cell immunoglobulin-like receptor 2DS4	P43632	P43632	True
seq.17153.46	Killer cell immunoglobulin-like receptor 2DL3	P43628	P43628	True
seq.17154.2	Prostaglandin E synthase 3	Q15185	Q15185	True
seq.17155.1	Vacuolar protein sorting-associated protein 28 homolog	Q9UK41	Q9UK41	True
seq.17156.72	Serine/threonine-protein kinase DCLK1	O15075	O15075	True
seq.17158.17	Ubiquitin-conjugating enzyme E2 G1	P62253	P62253	True
seq.17161.1	Dolichyl-diphosphooligosaccharide--protein glycosyltransferase 48 kDa subunit	P39656	P39656	True
seq.17163.117	Annexin A3	P12429	P12429	True
seq.17164.15	Annexin A4	P09525	P09525	True
seq.17165.1	Beta-thromboglobulin	P02775	P02775	True
seq.17166.4	Fibroblast growth factor 8 isoform F	P55075	P55075	True
seq.17170.15	Calcitonin gene-related peptide 2	P10092	P10092	True
seq.17172.19	Statherin	P02808	P02808	True
seq.17175.5	Dual specificity mitogen-activated protein kinase kinase 6	P52564	P52564	True
seq.17176.13	PC4 and SFRS1-interacting protein	O75475	O75475	True
seq.17195.43	BAG family molecular chaperone regulator 1	Q99933	Q99933	True
seq.17196.5	ATP-dependent Clp protease proteolytic subunit, mitochondrial	Q16740	Q16740	True
seq.17199.43	Hypoxia-inducible factor 1-alpha inhibitor	Q9NWT6	Q9NWT6	True
seq.17200.50	Killer cell immunoglobulin-like receptor 2DL1	P43626	P43626	True
seq.17202.37	Programmed cell death protein 4	Q53EL6	Q53EL6	True
seq.17204.17	Phenylethanolamine N-methyltransferase	P11086	P11086	True
seq.17205.21	Ras-related protein Rab-5A	P20339	P20339	True
seq.17209.27	Sulfotransferase family cytosolic 2B member 1	O00204	O00204	True
seq.17210.2	T-cell leukemia/lymphoma protein 1A	P56279	P56279	True
seq.17224.12	Mimecan	P20774	P20774	True
seq.17231.1	Plastin-2	P13796	P13796	True
seq.17319.1	Selenoprotein H	Q8IZQ5	Q8IZQ5	True
seq.17320.19	L-aminoadipate-semialdehyde dehydrogenase-phosphopantetheinyl transferase	Q9NRN7	Q9NRN7	True
seq.17325.10	Guanylate kinase	Q16774	Q16774	True
seq.17326.44	Dual specificity protein phosphatase 23	Q9BVJ7	Q9BVJ7	True
seq.17327.3	Protein canopy homolog 3	Q9BT09	Q9BT09	True
seq.17329.2	3-hydroxybutyrate dehydrogenase type 2	Q9BUT1	Q9BUT1	True
seq.17331.138	Kremen protein 1	Q96MU8	Q96MU8	True
seq.17332.3	Poly(ADP-ribose) glycohydrolase ARH3	Q9NX46	Q9NX46	True
seq.17333.20	Medium-chain specific acyl-CoA dehydrogenase, mitochondrial	P11310	P11310	True
seq.17335.18	Vesicle-associated membrane protein 2	P63027	P63027	True
seq.17336.54	Cyclic AMP-responsive element-binding protein 3-like protein 2	Q70SY1	Q70SY1	True
seq.17337.1	Transcriptional repressor protein YY1	P25490	P25490	True
seq.17341.89	Acetyl-CoA acetyltransferase, cytosolic	Q9BWD1	Q9BWD1	True
seq.17342.13	Anterior gradient protein 3	Q8TD06	Q8TD06	True
seq.17343.6	Syntaphilin	O15079	O15079	True
seq.17344.23	Stomatin-like protein 1	Q9UBI4	Q9UBI4	True
seq.17345.12	Prostaglandin reductase 3	Q8N4Q0	Q8N4Q0	True
seq.17346.61	Follicular dendritic cell secreted peptide	Q8NFU4	Q8NFU4	True
seq.17347.80	Axin interactor, dorsalization-associated protein	Q96BJ3	Q96BJ3	True
seq.17348.5	Synaptojanin-2-binding protein	P57105	P57105	True
seq.17350.13	Charged multivesicular body protein 2b	Q9UQN3	Q9UQN3	True
seq.17355.56	Synaptotagmin-4	Q9H2B2	Q9H2B2	True
seq.17356.34	Interleukin-1 family member 10	Q8WWZ1	Q8WWZ1	True
seq.17357.33	O-phosphoseryl-tRNA(Sec) selenium transferase	Q9HD40	Q9HD40	True
seq.17362.5	Von Hippel-Lindau disease tumor suppressor	P40337	P40337	True
seq.17364.8	U2 small nuclear ribonucleoprotein B''	P08579	P08579	True
seq.17365.7	Kynurenine--oxoglutarate transaminase 1	Q16773	Q16773	True
seq.17366.6	DCN1-like protein 1	Q96GG9	Q96GG9	True
seq.17367.5	Stathmin	P16949	P16949	True
seq.17370.186	Mycophenolic acid acyl-glucuronide esterase, mitochondrial	Q9NUJ1	Q9NUJ1	True
seq.17372.5	Eukaryotic translation initiation factor 4E-binding protein 1	Q13541	Q13541	True
seq.17377.1	Aldo-keto reductase family 1 member C3	P42330	P42330	True
seq.17380.2	Ubiquitin-conjugating enzyme E2 K	P61086	P61086	True
seq.17383.4	StAR-related lipid transfer protein 5	Q9NSY2	Q9NSY2	True
seq.17384.110	ATP-dependent 6-phosphofructokinase, muscle type	P08237	P08237	True
seq.17387.27	NF-kappa-B inhibitor beta	Q15653	Q15653	True
seq.17391.10	Splicing factor 45	Q96I25	Q96I25	True
seq.17393.13	Short-chain specific acyl-CoA dehydrogenase, mitochondrial	P16219	P16219	True
seq.17396.23	Alcohol dehydrogenase 1A	P07327	P07327	True
seq.17397.8	Estradiol 17-beta-dehydrogenase 11	Q8NBQ5	Q8NBQ5	True
seq.17398.55	Heme oxygenase 1	P09601	P09601	True
seq.17400.71	Acyl-coenzyme A thioesterase 8	O14734	O14734	True
seq.17403.14	Short/branched chain specific acyl-CoA dehydrogenase, mitochondrial	P45954	P45954	True
seq.17404.5	ADP-ribosylation factor-like protein 5B	Q96KC2	Q96KC2	True
seq.17405.2	Ubiquitin carboxyl-terminal hydrolase isozyme L5	Q9Y5K5	Q9Y5K5	True
seq.17408.2	Phosphomannomutase 1	Q92871	Q92871	True
seq.17410.5	Centrin-3	O15182	O15182	True
seq.17411.55	Ubiquitin recognition factor in ER-associated degradation protein 1	Q92890	Q92890	True
seq.17419.17	Testin	Q9UGI8	Q9UGI8	True
seq.17427.26	Neuroligin-3	Q9NZ94	Q9NZ94	True
seq.17432.25	Adenylate kinase 4, mitochondrial	P27144	P27144	True
seq.17435.43	Electron transfer flavoprotein subunit alpha, mitochondrial	P13804	P13804	True
seq.17436.193	Casein kinase I isoform gamma-2	P78368	P78368	True
seq.17441.4	Intestinal-type alkaline phosphatase	P09923	P09923	True
seq.17447.52	Secreted frizzled-related protein 4	Q6FHJ7	Q6FHJ7	True
seq.17449.23	CD9 antigen	P21926	P21926	True
seq.17450.51	Histidine--tRNA ligase, cytoplasmic	P12081	P12081	True
seq.17451.13	Bcl-2-like protein 11	O43521	O43521	True
seq.17453.34	Ceruloplasmin	P00450	P00450	True
seq.17454.15	Epidermal growth factor-like protein 6	Q8IUX8	Q8IUX8	True
seq.17455.42	Folate receptor alpha	P15328	P15328	True
seq.17456.53	Golgi membrane protein 1	Q8NBJ4	Q8NBJ4	True
seq.17460.51	Interferon-induced GTP-binding protein Mx1	P20591	P20591	True
seq.17462.19	Interferon regulatory factor 1	P10914	P10914	True
seq.17466.72	Acyl-CoA synthetase family member 2, mitochondrial	Q96CM8	Q96CM8	True
seq.17467.1	Dehydrogenase/reductase SDR family member 9	Q9BPW9	Q9BPW9	True
seq.17468.1	Suppressor of fused homolog	Q9UMX1	Q9UMX1	True
seq.17474.106	YEATS domain-containing protein 4	O95619	O95619	True
seq.17475.18	Lymphokine-activated killer T-cell-originated protein kinase	Q96KB5	Q96KB5	True
seq.17490.4	SH3 domain-binding glutamic acid-rich-like protein 3	Q9H299	Q9H299	True
seq.17495.141	NAD-dependent protein deacetylase sirtuin-3, mitochondrial	Q9NTG7	Q9NTG7	True
seq.17505.125	N-acetylated-alpha-linked acidic dipeptidase-like protein	Q9UQQ1	Q9UQQ1	True
seq.17509.6	4-hydroxyphenylpyruvate dioxygenase	P32754	P32754	True
seq.17510.7	Signal recognition particle 14 kDa protein	P37108	P37108	True
seq.17511.10	Ribonuclease P protein subunit p30	P78346	P78346	True
seq.17512.2	N-myc-interactor	Q13287	Q13287	True
seq.17513.11	Annexin A11	P50995	P50995	True
seq.17514.48	Ras-related protein Rab-21	Q9UL25	Q9UL25	True
seq.17515.6	Heat shock 70 kDa protein 13	P48723	P48723	True
seq.17516.7	Ras-related protein Rab-3A	P20336	P20336	True
seq.17671.58	Inhibitor of growth protein 4	Q9UNL4	Q9UNL4	True
seq.17672.184	Gastric intrinsic factor	P27352	P27352	True
seq.17673.34	Carbonic anhydrase 5B, mitochondrial	Q9Y2D0	Q9Y2D0	True
seq.17675.17	Acyl-coenzyme A thioesterase 13	Q9NPJ3	Q9NPJ3	True
seq.17676.13	Cdc42-interacting protein 4	Q15642	Q15642	True
seq.17677.47	CD160 antigen	O95971	O95971	True
seq.17678.28	V-set and immunoglobulin domain-containing protein 4	Q9Y279	Q9Y279	True
seq.17680.12	Ephrin type-B receptor 1	P54762	P54762	True
seq.17682.1	Membrane cofactor protein	P15529	P15529	True
seq.17683.2	COMM domain-containing protein 9	Q9P000	Q9P000	True
seq.17685.9	Apolipoprotein A-IV	P06727	P06727	True
seq.17686.27	Tubulin-folding cofactor B	Q99426	Q99426	True
seq.17691.1	Tripeptidyl-peptidase 1	O14773	O14773	True
seq.17692.2	Butyrophilin subfamily 3 member A3	O00478	O00478	True
seq.17693.2	Septin-6	Q14141	Q14141	True
seq.17694.32	Proteasome activator complex subunit 2	Q9UL46	Q9UL46	True
seq.17696.1	TIR domain-containing adapter molecule 2	Q86XR7	Q86XR7	True
seq.17697.2	Esterase OVCA2	Q8WZ82	Q8WZ82	True
seq.17698.15	WW domain-binding protein 2	Q969T9	Q969T9	True
seq.17699.43	Protein timeless homolog	Q9UNS1	Q9UNS1	True
seq.17702.53	UDP-glucuronosyltransferase 1-1	P22309	P22309	True
seq.17703.40	Geminin	O75496	O75496	True
seq.17704.74	Heat shock protein 105 kDa	Q92598	Q92598	True
seq.17706.4	Protein phosphatase 1 regulatory subunit 1A	Q13522	Q13522	True
seq.17710.40	Tumor protein D53	Q16890	Q16890	True
seq.17711.13	Vesicle-associated membrane protein 1	P23763	P23763	True
seq.17712.7	Isopentenyl-diphosphate Delta-isomerase 1	Q13907	Q13907	True
seq.17721.82	Growth arrest-specific protein 7	O60861	O60861	True
seq.17722.5	Peptidyl-prolyl cis-trans isomerase FKBP4	Q02790	Q02790	True
seq.17724.3	WW domain-containing oxidoreductase	Q9NZC7	Q9NZC7	True
seq.17725.37	Harmonin	Q9Y6N9	Q9Y6N9	True
seq.17726.3	GTP-binding protein SAR1a	Q9NR31	Q9NR31	True
seq.17727.1	Securin	O95997	O95997	True
seq.17728.61	Charged multivesicular body protein 2a	O43633	O43633	True
seq.17729.20	Ubiquitin-conjugating enzyme E2 S	Q16763	Q16763	True
seq.17734.13	Alpha-endosulfine	O43768	O43768	True
seq.17735.130	Gamma-aminobutyric acid receptor-associated protein	O95166	O95166	True
seq.17736.105	Aprataxin	Q7Z2E3	Q7Z2E3	True
seq.17737.7	Isovaleryl-CoA dehydrogenase, mitochondrial	P26440	P26440	True
seq.17738.7	Cornulin	Q9UBG3	Q9UBG3	True
seq.17739.1	Hydroxyacyl-coenzyme A dehydrogenase, mitochondrial	Q16836	Q16836	True
seq.17742.2	Ras-related protein R-Ras	P10301	P10301	True
seq.17743.14	Ubiquitin-conjugating enzyme E2 A	P49459	P49459	True
seq.17744.31	Ras-related protein Rab-11A	P62491	P62491	True
seq.17746.77	Mitochondrial fission 1 protein	Q9Y3D6	Q9Y3D6	True
seq.17747.45	TNF receptor-associated factor 1	Q13077	Q13077	True
seq.17748.21	Quinone oxidoreductase PIG3	Q53FA7	Q53FA7	True
seq.17750.8	Ribonucleoside-diphosphate reductase subunit M2	P31350	P31350	True
seq.17751.68	Beta-crystallin B1	P53674	P53674	True
seq.17752.24	Arginase-2, mitochondrial	P78540	P78540	True
seq.17755.5	UDP-glucose 6-dehydrogenase	O60701	O60701	True
seq.17756.69	Deoxycytidylate deaminase	P32321	P32321	True
seq.17757.86	Calcium-binding protein 39	Q9Y376	Q9Y376	True
seq.17758.79	L-xylulose reductase	Q7Z4W1	Q7Z4W1	True
seq.17760.128	WD repeat-containing protein 5	P61964	P61964	True
seq.17761.2	ADP-sugar pyrophosphatase	Q9UKK9	Q9UKK9	True
seq.17764.108	Rho-related GTP-binding protein RhoC	P08134	P08134	True
seq.17765.3	Snurportin-1	O95149	O95149	True
seq.17766.5	Neutrophil cytosol factor 1	P14598	P14598	True
seq.17768.50	Hydroxyacid oxidase 1	Q9UJM8	Q9UJM8	True
seq.17769.28	PEST proteolytic signal-containing nuclear protein	Q8WW12	Q8WW12	True
seq.17770.42	ER membrane protein complex subunit 8	O43402	O43402	True
seq.17771.35	DNA-directed RNA polymerase III subunit RPC9	O75575	O75575	True
seq.17772.7	Ubiquitin D	O15205	O15205	True
seq.17773.26	Gamma-soluble NSF attachment protein	Q99747	Q99747	True
seq.17774.38	Small nuclear ribonucleoprotein Sm D3	P62318	P62318	True
seq.17775.8	Transgelin-3	Q9UI15	Q9UI15	True
seq.17776.15	Peroxisomal trans-2-enoyl-CoA reductase	Q9BY49	Q9BY49	True
seq.17777.31	Serine dehydratase-like	Q96GA7	Q96GA7	True
seq.17778.19	Ras-related protein Rab-32	Q13637	Q13637	True
seq.17781.191	Microtubule-associated proteins 1A/1B light chain 3A	Q9H492	Q9H492	True
seq.17782.23	3-ketoacyl-CoA thiolase, peroxisomal	P09110	P09110	True
seq.17783.9	Cob(I)yrinic acid a,c-diamide adenosyltransferase, mitochondrial	Q96EY8	Q96EY8	True
seq.17784.23	Glia maturation factor beta	P60983	P60983	True
seq.17785.11	2'-deoxynucleoside 5'-phosphate N-hydrolase 1	O43598	O43598	True
seq.17786.5	Geranylgeranyl pyrophosphate synthase	O95749	O95749	True
seq.17787.1	Enoyl-CoA hydratase, mitochondrial	P30084	P30084	True
seq.17789.1	Nicotinate-nucleotide pyrophosphorylase [carboxylating]	Q15274	Q15274	True
seq.17791.25	Hippocalcin-like protein 1	P37235	P37235	True
seq.17792.158	Succinate-semialdehyde dehydrogenase, mitochondrial	P51649	P51649	True
seq.17793.4	GTP-binding protein Di-Ras1	O95057	O95057	True
seq.17794.6	Phosphomannomutase 2	O15305	O15305	True
seq.17795.176	U6 snRNA-associated Sm-like protein LSm1	O15116	O15116	True
seq.17796.15	Inositol monophosphatase 1	P29218	P29218	True
seq.17797.1	Cullin-1	Q13616	Q13616	True
seq.17799.9	6-phosphogluconolactonase	O95336	O95336	True
seq.17800.33	SCAN domain-containing protein 1	P57086	P57086	True
seq.17802.4	Sialic acid synthase	Q9NR45	Q9NR45	True
seq.17804.102	Pyridoxine-5'-phosphate oxidase	Q9NVS9	Q9NVS9	True
seq.17805.35	Survival of motor neuron-related-splicing factor 30	O75940	O75940	True
seq.17806.6	Syntenin-1	O00560	O00560	True
seq.17808.37	Omega-amidase NIT2	Q9NQR4	Q9NQR4	True
seq.17811.78	Sulfotransferase 1C2	O00338	O00338	True
seq.17812.2	Protein tyrosine phosphatase type IVA 1	Q93096	Q93096	True
seq.17813.21	Valacyclovir hydrolase	Q86WA6	Q86WA6	True
seq.17814.8	3'(2'),5'-bisphosphate nucleotidase 1	O95861	O95861	True
seq.17816.58	Neurocalcin-delta	P61601	P61601	True
seq.17817.22	DNA damage-inducible transcript 4 protein	Q9NX09	Q9NX09	True
seq.17818.22	Protein SGT1 homolog	Q9Y2Z0	Q9Y2Z0	True
seq.17819.30	Acylpyruvase FAHD1, mitochondrial	Q6P587	Q6P587	True
seq.17820.170	Myeloid leukemia factor 1	P58340	P58340	True
seq.17821.20	Glycylpeptide N-tetradecanoyltransferase 2	O60551	O60551	True
seq.17822.57	Ras-related and estrogen-regulated growth inhibitor	Q96A58	Q96A58	True
seq.17823.40	Small nuclear ribonucleoprotein Sm D2	P62316	P62316	True
seq.17826.341	Elongation factor 1-delta	P29692	P29692	True
seq.17827.53	Dynein light chain roadblock-type 2	Q8TF09	Q8TF09	True
seq.17828.3	Protein S100-A14	Q9HCY8	Q9HCY8	True
seq.17829.2	Three prime repair exonuclease 2	Q9BQ50	Q9BQ50	True
seq.17832.12	Isopentenyl-diphosphate delta-isomerase 2	Q9BXS1	Q9BXS1	True
seq.17835.28	Annexin A13	P27216	P27216	True
seq.17836.17	Protein S100-A16	Q96FQ6	Q96FQ6	True
seq.17837.5	Chloride intracellular channel protein 2	O15247	O15247	True
seq.17843.30	Phosphopantothenate--cysteine ligase	Q9HAB8	Q9HAB8	True
seq.17849.6	Developmentally-regulated GTP-binding protein 1	Q9Y295	Q9Y295	True
seq.17850.42	Krueppel-like factor 4	O43474	O43474	True
seq.17852.5	Protein phosphatase methylesterase 1	Q9Y570	Q9Y570	True
seq.17854.33	N-alpha-acetyltransferase 10	P41227	P41227	True
seq.17855.28	Regulator of G-protein signaling 4	P49798	P49798	True
seq.17856.23	5'(3')-deoxyribonucleotidase, mitochondrial	Q9NPB1	Q9NPB1	True
seq.17857.6	Long-chain specific acyl-CoA dehydrogenase, mitochondrial	P28330	P28330	True
seq.18156.7	Ubiquitin-like-conjugating enzyme ATG3	Q9NT62	Q9NT62	True
seq.18158.45	Caspase-8	Q14790	Q14790	True
seq.18160.2	Protein-L-isoaspartate(D-aspartate) O-methyltransferase	P22061	P22061	True
seq.18162.167	Interleukin-1 receptor-associated kinase 4	Q9NWZ3	Q9NWZ3	True
seq.18165.181	Ubiquitin-conjugating enzyme E2 variant 2	Q15819	Q15819	True
seq.18166.4	Rho-related GTP-binding protein RhoB	P62745	P62745	True
seq.18170.46	Pyrroline-5-carboxylate reductase 1, mitochondrial	P32322	P32322	True
seq.18171.25	C-X-C motif chemokine 11	O14625	O14625	True
seq.18172.71	Histone chaperone ASF1A	Q9Y294	Q9Y294	True
seq.18173.11	Aflatoxin B1 aldehyde reductase member 3	O95154	O95154	True
seq.18174.79	Programmed cell death 6-interacting protein	Q8WUM4	Q8WUM4	True
seq.18175.65	Synaptic vesicle membrane protein VAT-1 homolog	Q99536	Q99536	True
seq.18177.49	NEDD8-activating enzyme E1 regulatory subunit	Q13564	Q13564	True
seq.18178.13	Serine--tRNA ligase, cytoplasmic	P49591	P49591	True
seq.18179.56	Spermine synthase	P52788	P52788	True
seq.18180.58	Reticulon-4-interacting protein 1, mitochondrial	Q8WWV3	Q8WWV3	True
seq.18181.2	Protein TSSC4	Q9Y5U2	Q9Y5U2	True
seq.18182.24	Phosphoenolpyruvate carboxykinase, cytosolic [GTP]	P35558	P35558	True
seq.18183.3	Low density lipoprotein receptor adapter protein 1	Q5SW96	Q5SW96	True
seq.18184.28	GMP synthase [glutamine-hydrolyzing]	P49915	P49915	True
seq.18185.118	Fructose-bisphosphate aldolase B	P05062	P05062	True
seq.18186.15	Threonine--tRNA ligase, cytoplasmic	P26639	P26639	True
seq.18187.16	Aspartoacylase	P45381	P45381	True
seq.18188.12	Glycine amidinotransferase, mitochondrial	P50440	P50440	True
seq.18189.12	Vacuolar protein-sorting-associated protein 25	Q9BRG1	Q9BRG1	True
seq.18190.15	Caspase recruitment domain-containing protein 18	P57730	P57730	True
seq.18191.23	Ran-specific GTPase-activating protein	P43487	P43487	True
seq.18192.69	Melanoma-associated antigen 5	P43359	P43359	True
seq.18193.165	Mortality factor 4-like protein 1	Q9UBU8	Q9UBU8	True
seq.18194.18	Fatty acid-binding protein 9	Q0Z7S8	Q0Z7S8	True
seq.18195.3	Oral cancer-overexpressed protein 1	Q8WV07	Q8WV07	True
seq.18196.8	Afamin	P43652	P43652	True
seq.18197.97	Creatine kinase S-type, mitochondrial	P17540	P17540	True
seq.18198.51	Hemoglobin subunit theta-1	P09105	P09105	True
seq.18202.22	Leukocyte antigen CD37	P11049	P11049	True
seq.18203.9	Gamma-crystallin C	P07315	P07315	True
seq.18204.1	Transcription elongation factor A protein 1	P23193	P23193	True
seq.18205.123	Melanoma-associated antigen 6	P43360	P43360	True
seq.18206.18	Alcohol dehydrogenase 6	P28332	P28332	True
seq.18207.6	Charged multivesicular body protein 1b	Q7LBR1	Q7LBR1	True
seq.18208.3	G2/mitotic-specific cyclin-B2	O95067	O95067	True
seq.18210.12	Spindlin-1	Q9Y657	Q9Y657	True
seq.18212.43	Glutathione S-transferase Mu 5	P46439	P46439	True
seq.18213.30	NEDD8-conjugating enzyme UBE2F	Q969M7	Q969M7	True
seq.18214.2	Glutamate--cysteine ligase regulatory subunit	P48507	P48507	True
seq.18215.5	Probable tRNA(His) guanylyltransferase	Q9NWX6	Q9NWX6	True
seq.18216.22	Interleukin-11 receptor subunit alpha	Q14626	Q14626	True
seq.18218.48	CB1 cannabinoid receptor-interacting protein 1	Q96F85	Q96F85	True
seq.18220.141	Steroid receptor RNA activator 1	Q9HD15	Q9HD15	True
seq.18222.34	Endophilin-B2	Q9NR46	Q9NR46	True
seq.18224.11	Charged multivesicular body protein 1a	Q9HD42	Q9HD42	True
seq.18225.13	Heme-binding protein 1	Q9NRV9	Q9NRV9	True
seq.18226.148	Cytochrome c oxidase subunit 5A, mitochondrial	P20674	P20674	True
seq.18227.3	Cyclin-dependent kinase 2-associated protein 2	O75956	O75956	True
seq.18228.30	Nucleolar protein 16	Q9Y3C1	Q9Y3C1	True
seq.18231.147	Prion-like protein doppel	Q9UKY0	Q9UKY0	True
seq.18232.42	Phosphatidylinositol 5-phosphate 4-kinase type-2 beta	P78356	P78356	True
seq.18233.10	Aspartate aminotransferase, mitochondrial	P00505	P00505	True
seq.18235.16	Glycerol-3-phosphate phosphatase	A6NDG6	A6NDG6	True
seq.18236.3	Galectin-related protein	Q3ZCW2	Q3ZCW2	True
seq.18237.29	Nuclear receptor-interacting protein 3	Q9NQ35	Q9NQ35	True
seq.18240.6	Olfactory marker protein	P47874	P47874	True
seq.18241.18	Oxygen-dependent coproporphyrinogen-III oxidase, mitochondrial	P36551	P36551	True
seq.18242.8	Sperm surface protein Sp17	Q15506	Q15506	True
seq.18243.9	UMP-CMP kinase	P30085	P30085	True
seq.18244.1	Annexin A7	P20073	P20073	True
seq.18253.8	Single-stranded DNA-binding protein, mitochondrial	Q04837	Q04837	True
seq.18255.6	NADH-cytochrome b5 reductase 1	Q9UHQ9	Q9UHQ9	True
seq.18257.64	Signal recognition particle 19 kDa protein	P09132	P09132	True
seq.18259.15	Homeobox protein MOX-2	P50222	P50222	True
seq.18261.34	Protein NATD1	Q8N6N6	Q8N6N6	True
seq.18264.12	Coiled-coil domain-containing protein 25	Q86WR0	Q86WR0	True
seq.18265.18	Zinc finger protein 34	Q8IZ26	Q8IZ26	True
seq.18267.74	Caspase recruitment domain-containing protein 17	Q5XLA6	Q5XLA6	True
seq.18268.5	G antigen 2A	Q6NT46	Q6NT46	True
seq.18270.10	Transcription initiation factor TFIID subunit 10	Q12962	Q12962	True
seq.18271.43	3-oxoacyl-[acyl-carrier-protein] synthase, mitochondrial	Q9NWU1	Q9NWU1	True
seq.18273.14	G antigen 2D	Q9UEU5	Q9UEU5	True
seq.18274.2	Small EDRK-rich factor 2	P84101	P84101	True
seq.18275.5	Cysteine-rich protein 1	P50238	P50238	True
seq.18276.34	T-cell leukemia/lymphoma protein 1B	O95988	O95988	True
seq.18277.28	TP53-regulated inhibitor of apoptosis 1	O43715	O43715	True
seq.18280.29	Putative D-tyrosyl-tRNA(Tyr) deacylase 2	Q96FN9	Q96FN9	True
seq.18282.1	Guanine nucleotide-binding protein G(I)/G(S)/G(O) subunit gamma-11	P61952	P61952	True
seq.18284.77	Protein KIBRA	Q8IX03	Q8IX03	True
seq.18285.6	Small VCP/p97-interacting protein	Q8NHG7	Q8NHG7	True
seq.18286.3	ZW10 interactor	O95229	O95229	True
seq.18289.16	C-C motif chemokine 15	Q16663	Q16663	True
seq.18290.6	Annexin A8	P13928	P13928	True
seq.18291.8	Cyclin-dependent kinase inhibitor 1	P38936	P38936	True
seq.18294.26	Transcription factor SOX-2	P48431	P48431	True
seq.18295.102	Glyoxylate reductase/hydroxypyruvate reductase	Q9UBQ7	Q9UBQ7	True
seq.18297.8	Ras-related protein M-Ras	O14807	O14807	True
seq.18299.13	Calpain small subunit 1	P04632	P04632	True
seq.18300.39	Transcriptional activator protein Pur-beta	Q96QR8	Q96QR8	True
seq.18301.10	Nuclear apoptosis-inducing factor 1	Q69YI7	Q69YI7	True
seq.18302.204	Protein zwilch homolog	Q9H900	Q9H900	True
seq.18303.39	Neurogranin	Q92686	Q92686	True
seq.18304.19	BRCA2 and CDKN1A-interacting protein	Q9P287	Q9P287	True
seq.18306.1	Paralemmin-1	O75781	O75781	True
seq.18307.71	Inorganic pyrophosphatase 2, mitochondrial	Q9H2U2	Q9H2U2	True
seq.18308.30	Syntaxin-binding protein 6	Q8NFX7	Q8NFX7	True
seq.18309.18	Citrate synthase, mitochondrial	O75390	O75390	True
seq.18310.26	Selenoprotein W	P63302	P63302	True
seq.18311.44	Dynactin subunit 6	O00399	O00399	True
seq.18312.68	Protein NDRG3	Q9UGV2	Q9UGV2	True
seq.18313.4	Isoaspartyl peptidase/L-asparaginase	Q7L266	Q7L266	True
seq.18314.88	Paired box protein Pax-8	Q06710	Q06710	True
seq.18315.38	Receptor-transporting protein 4	Q96DX8	Q96DX8	True
seq.18316.75	Neuronal-specific septin-3	Q9UH03	Q9UH03	True
seq.18317.111	AN1-type zinc finger protein 5	O76080	O76080	True
seq.18318.98	Endophilin-A3	Q99963	Q99963	True
seq.18319.7	Pyruvate dehydrogenase protein X component, mitochondrial	O00330	O00330	True
seq.18321.38	Bifunctional methylenetetrahydrofolate dehydrogenase/cyclohydrolase, mitochondrial	P13995	P13995	True
seq.18322.15	Bifunctional arginine demethylase and lysyl-hydroxylase JMJD6	Q6NYC1	Q6NYC1	True
seq.18323.39	Dihydropyrimidinase-related protein 1	Q14194	Q14194	True
seq.18324.61	Sulfite oxidase, mitochondrial	P51687	P51687	True
seq.18326.50	Melanoma-associated antigen 8	P43361	P43361	True
seq.18327.6	Sorting nexin-5	Q9Y5X3	Q9Y5X3	True
seq.18328.36	Pyrroline-5-carboxylate reductase 2	Q96C36	Q96C36	True
seq.18329.4	Ribose-phosphate pyrophosphokinase 2	P11908	P11908	True
seq.18330.7	Phosphoglucomutase-2	Q96G03	Q96G03	True
seq.18331.3	Glucosylceramidase	P04062	P04062	True
seq.18332.17	Complexin-1	O14810	O14810	True
seq.18336.31	Cytidine deaminase	P32320	P32320	True
seq.18337.4	GDP-mannose 4,6 dehydratase	O60547	O60547	True
seq.18338.26	Isocitrate dehydrogenase [NADP] cytoplasmic	O75874	O75874	True
seq.18339.207	Proteasome subunit beta type-3	P49720	P49720	True
seq.18340.2	Proteasome subunit beta type-4	P28070	P28070	True
seq.18342.2	Phosphoserine aminotransferase	Q9Y617	Q9Y617	True
seq.18343.10	Peroxisomal 2,4-dienoyl-CoA reductase	Q9NUI1	Q9NUI1	True
seq.18347.15	Laminin-2	P11047|P07942|P24043	P11047|P07942|P24043	True
seq.18348.89	Heterogeneous nuclear ribonucleoprotein D0	Q14103	Q14103	True
seq.18373.13	Radixin	P35241	P35241	True
seq.18375.28	Interleukin-36 receptor antagonist protein	Q9UBH0	Q9UBH0	True
seq.18376.19	Myosin light chain 3	P08590	P08590	True
seq.18380.78	Serum albumin	P02768	P02768	True
seq.18381.16	Aldehyde dehydrogenase, mitochondrial	P05091	P05091	True
seq.18382.109	Catechol O-methyltransferase	P21964	P21964	True
seq.18383.9	Peptidyl-prolyl cis-trans isomerase FKBP3	Q00688	Q00688	True
seq.18385.4	26S proteasome non-ATPase regulatory subunit 10	O75832	O75832	True
seq.18386.36	Glutaredoxin-1	P35754	P35754	True
seq.18387.7	Hsc70-interacting protein	P50502	P50502	True
seq.18389.11	Interferon alpha-1/13	P01562	P01562	True
seq.18392.19	Methionine adenosyltransferase 2 subunit beta	Q9NZL9	Q9NZL9	True
seq.18395.5	[Protein ADP-ribosylarginine] hydrolase	P54922	P54922	True
seq.18396.10	Amino-terminal enhancer of split	Q08117	Q08117	True
seq.18397.5	Aldo-keto reductase family 1 member C4	P17516	P17516	True
seq.18398.1	3-oxo-5-beta-steroid 4-dehydrogenase	P51857	P51857	True
seq.18399.1	A-kinase anchor protein 7 isoforms alpha and beta	O43687	O43687	True
seq.18400.52	DNA oxidative demethylase ALKBH2	Q6NS38	Q6NS38	True
seq.18401.18	Alpha-ketoglutarate-dependent dioxygenase alkB homolog 3	Q96Q83	Q96Q83	True
seq.18402.1	AMMECR1-like protein	Q6DCA0	Q6DCA0	True
seq.18403.25	AMP deaminase 2	Q01433	Q01433	True
seq.18404.22	Ankyrin repeat domain-containing protein 54	Q6NXT1	Q6NXT1	True
seq.18405.117	AP-1 complex subunit sigma-2	P56377	P56377	True
seq.18407.36	ADP-ribosylation factor-like protein 2-binding protein	Q9Y2Y0	Q9Y2Y0	True
seq.18408.26	ADP-ribosylation factor 4	P18085	P18085	True
seq.18409.61	ADP-ribosylation factor 5	P84085	P84085	True
seq.18411.83	ADP-ribosylation factor-like protein 15	Q9NXU5	Q9NXU5	True
seq.18413.24	ADP-ribosylation factor-like protein 4D	P49703	P49703	True
seq.18414.26	ADP-ribosylation factor-like protein 5A	Q9Y689	Q9Y689	True
seq.18415.16	ADP-ribosylation factor-like protein 6	Q9H0F7	Q9H0F7	True
seq.18416.3	ADP-ribosylation factor-like protein 9	Q6T311	Q6T311	True
seq.18417.3	Arsenite methyltransferase	Q9HBK9	Q9HBK9	True
seq.18419.20	Actin-related protein 2/3 complex subunit 5	O15511	O15511	True
seq.18422.41	Diphosphomevalonate decarboxylase	P53602	P53602	True
seq.18429.10	Cadherin-1	P12830	P12830	True
seq.18432.32	Ras-related protein Ral-B	P11234	P11234	True
seq.18434.141	TATA box-binding protein-like protein 1	P62380	P62380	True
seq.18435.40	UBX domain-containing protein 2B	Q14CS0	Q14CS0	True
seq.18449.33	Peptidyl-prolyl cis-trans isomerase G	Q13427	Q13427	True
seq.18458.4	Prostaglandin E synthase 2	Q9H7Z7	Q9H7Z7	True
seq.18813.15	ATP-dependent RNA helicase DDX19A	Q9NUU7	Q9NUU7	True
seq.18814.21	Inhibin beta A chain:Inhibin beta C chain heterodimer	P08476|P55103	P08476|P55103	True
seq.18817.50	Chromobox protein homolog 1	P83916	P83916	True
seq.18819.21	Peptidyl-prolyl cis-trans isomerase C	P45877	P45877	True
seq.18821.9	C4a anaphylatoxin	P0C0L5|P0C0L4	P0C0L5|P0C0L4	True
seq.18823.52	Histone H2B type 3-B	Q8N257	Q8N257	True
seq.18824.7	Eukaryotic initiation factor 4A-II	Q14240	Q14240	True
seq.18829.4	Eukaryotic initiation factor 4A-I	P60842	P60842	True
seq.18830.1	Intelectin-1	Q8WWA0	Q8WWA0	True
seq.18831.6	Leucine-rich repeats and immunoglobulin-like domains protein 1	Q96JA1	Q96JA1	True
seq.18832.65	Serum amyloid A-2 protein	P0DJI9	P0DJI9	True
seq.18833.76	Astrocytic phosphoprotein PEA-15	Q15121	Q15121	True
seq.18837.9	Small glutamine-rich tetratricopeptide repeat-containing protein beta	Q96EQ0	Q96EQ0	True
seq.18839.24	Thyroglobulin	P01266	P01266	True
seq.18840.205	SH2 domain-containing protein 1B	O14796	O14796	True
seq.18841.1	Serpin B13	Q9UIV8	Q9UIV8	True
seq.18842.24	Ubiquitin-conjugating enzyme E2 D2	P62837	P62837	True
seq.18859.7	Eukaryotic translation initiation factor 4E-binding protein 3	O60516	O60516	True
seq.18860.2	Calcium/calmodulin-dependent protein kinase kinase 1	Q8N5S9	Q8N5S9	True
seq.18863.176	Carbohydrate sulfotransferase 2	Q9Y4C5	Q9Y4C5	True
seq.18864.7	Trypsin-3	P35030	P35030	True
seq.18866.8	Calcineurin subunit B type 2	Q96LZ3	Q96LZ3	True
seq.18868.7	Chromobox protein homolog 3	Q13185	Q13185	True
seq.18870.1	T-cell surface glycoprotein CD3 epsilon chain	P07766	P07766	True
seq.18871.24	Allograft inflammatory factor 1-like	Q9BQI0	Q9BQI0	True
seq.18873.8	Carcinoembryonic antigen-related cell adhesion molecule 8	P31997	P31997	True
seq.18874.66	CCAAT/enhancer-binding protein alpha	P49715	P49715	True
seq.18875.125	Chondrocalcin	P02458	P02458	True
seq.18876.77	Carbohydrate sulfotransferase 4	Q8NCG5	Q8NCG5	True
seq.18877.15	Calponin-2	Q99439	Q99439	True
seq.18878.15	Gremlin-1	O60565	O60565	True
seq.18880.81	Collagen Type III	P02461	P02461	True
seq.18881.7	CD97 antigen	P48960	P48960	True
seq.18882.7	Calsyntenin-2	Q9H4D0	Q9H4D0	True
seq.18883.4	Destrin	P60981	P60981	True
seq.18884.22	DnaJ homolog subfamily B member 4	Q9UDY4	Q9UDY4	True
seq.18886.28	Down syndrome cell adhesion molecule-like protein 1	Q8TD84	Q8TD84	True
seq.18887.7	Ectonucleoside triphosphate diphosphohydrolase 2	Q9Y5L3	Q9Y5L3	True
seq.18888.37	Fatty acid-binding protein 12	A6NFH5	A6NFH5	True
seq.18890.227	Fibrinogen beta chain	P02675	P02675	True
seq.18891.98	Guanylate-binding protein 2	P32456	P32456	True
seq.18892.48	Glypican-4	O75487	O75487	True
seq.18893.26	Adhesion G-protein coupled receptor G1	Q9Y653	Q9Y653	True
seq.18894.1	Glutathione peroxidase 2	P18283	P18283	True
seq.18895.54	Glutathione S-transferase Mu 4	Q03013	Q03013	True
seq.18896.23	Heparan-sulfate 6-O-sulfotransferase 3	Q8IZP7	Q8IZP7	True
seq.18897.31	Histone deacetylase 2	Q92769	Q92769	True
seq.18898.36	Hepatoma-derived growth factor-like protein 1	Q5TGJ6	Q5TGJ6	True
seq.18899.82	Hepatoma-derived growth factor-related protein 3	Q9Y3E1	Q9Y3E1	True
seq.18900.37	GTPase HRas	P01112	P01112	True
seq.18901.26	Heat shock 70 kDa protein 1B	P0DMV9	P0DMV9	True
seq.18904.23	Calcium/calmodulin-dependent protein kinase type IV	Q16566	Q16566	True
seq.18905.5	Keratin, type I cytoskeletal 16	P08779	P08779	True
seq.18907.97	Killer cell immunoglobulin-like receptor 3DL1	P43629	P43629	True
seq.18909.11	Exosome complex component RRP43	Q96B26	Q96B26	True
seq.18910.45	Protein lin-7 homolog A	O14910	O14910	True
seq.18913.3	Cyclin-H	P51946	P51946	True
seq.18914.188	Platelet-activating factor acetylhydrolase 2, cytoplasmic	Q99487	Q99487	True
seq.18916.25	Inosine triphosphate pyrophosphatase	Q9BY32	Q9BY32	True
seq.18917.53	Pancreatic alpha-amylase	P04746	P04746	True
seq.18918.86	cAMP-specific 3',5'-cyclic phosphodiesterase 4A	P27815	P27815	True
seq.18921.30	Phosphate-regulating neutral endopeptidase	P78562	P78562	True
seq.18922.27	Macrosialin	P34810	P34810	True
seq.18925.24	Proteasome subunit alpha type-5	P28066	P28066	True
seq.18926.7	Proteasome subunit alpha type-3	P25788	P25788	True
seq.18927.14	Retinoic acid early transcript 1G protein	Q6H3X3	Q6H3X3	True
seq.18928.10	Protein S100-Z	Q8WXG8	Q8WXG8	True
seq.18930.28	Slit homolog 2 protein	O94813	O94813	True
seq.18931.40	Slit homolog 3 protein	O75094	O75094	True
seq.18932.84	Nicotinamide/nicotinic acid mononucleotide adenylyltransferase 1	Q9HAN9	Q9HAN9	True
seq.18933.4	Protein-glutamine gamma-glutamyltransferase 4	P49221	P49221	True
seq.18934.50	Protein-glutamine gamma-glutamyltransferase 2	P21980	P21980	True
seq.18935.14	Toll-like receptor 5	O60602	O60602	True
seq.18938.3	Very low-density lipoprotein receptor	P98155	P98155	True
seq.18942.11	Proteasome subunit beta type-9	P28065	P28065	True
seq.18943.4	Prostaglandin reductase 2	Q8N8N7	Q8N8N7	True
seq.18945.11	Regulator of G-protein signaling 1	Q08116	Q08116	True
seq.18947.3	Leucine-rich repeat-containing protein 3B	Q96PB8	Q96PB8	True
seq.18950.13	Ras-related C3 botulinum toxin substrate 2	P15153	P15153	True
seq.19108.50	Methyl-CpG-binding protein 2	P51608	P51608	True
seq.19109.32	Transcription elongation factor A protein-like 8	Q8IYN2	Q8IYN2	True
seq.19110.6	Protein MEMO1	Q9Y316	Q9Y316	True
seq.19111.10	NEDD8-conjugating enzyme Ubc12	P61081	P61081	True
seq.19112.2	Transcription elongation factor A protein-like 3	Q969E4	Q969E4	True
seq.19113.66	SH3 domain-binding glutamic acid-rich-like protein 2	Q9UJC5	Q9UJC5	True
seq.19114.8	Thymidine kinase 2, mitochondrial	O00142	O00142	True
seq.19115.13	Carboxymethylenebutenolidase homolog	Q96DG6	Q96DG6	True
seq.19116.1	Biogenesis of lysosome-related organelles complex 1 subunit 5	Q8TDH9	Q8TDH9	True
seq.19117.3	Protein phosphatase 1 regulatory subunit 14A	Q96A00	Q96A00	True
seq.19118.47	Osteoclast-stimulating factor 1	Q92882	Q92882	True
seq.19119.10	DNA damage-inducible transcript 3 protein	P35638	P35638	True
seq.19120.33	D-amino-acid oxidase	P14920	P14920	True
seq.19121.3	Ubiquilin-2	Q9UHD9	Q9UHD9	True
seq.19122.47	Myosin regulatory light chain 12B	O14950	O14950	True
seq.19123.6	NF-kappa-B inhibitor delta	Q8NI38	Q8NI38	True
seq.19124.9	Ubiquitin-like domain-containing CTD phosphatase 1	Q8WVY7	Q8WVY7	True
seq.19125.26	cAMP-dependent protein kinase type II-alpha regulatory subunit	P13861	P13861	True
seq.19126.4	Regulation of nuclear pre-mRNA domain-containing protein 1B	Q9NQG5	Q9NQG5	True
seq.19127.1	Heat shock protein beta-6	O14558	O14558	True
seq.19129.15	Methenyltetrahydrofolate synthase domain-containing protein	Q2M296	Q2M296	True
seq.19130.81	Serpin B8	P50452	P50452	True
seq.19131.184	Nucleolysin TIAR	Q01085	Q01085	True
seq.19132.1	39S ribosomal protein L2, mitochondrial	Q5T653	Q5T653	True
seq.19134.66	DNA-directed RNA polymerases I, II, and III subunit RPABC4	P53803	P53803	True
seq.19135.5	7-methylguanosine phosphate-specific 5'-nucleotidase	Q969T7	Q969T7	True
seq.19136.22	Methylmalonate-semialdehyde dehydrogenase [acylating], mitochondrial	Q02252	Q02252	True
seq.19139.3	Heat shock factor 2-binding protein	O75031	O75031	True
seq.19141.22	Death-associated protein 1	P51397	P51397	True
seq.19142.39	DNA (cytosine-5)-methyltransferase 3-like	Q9UJW3	Q9UJW3	True
seq.19143.38	NADH-cytochrome b5 reductase 2	Q6BCY4	Q6BCY4	True
seq.19144.9	Transcription factor 4	P15884	P15884	True
seq.19145.4	Melanoregulin	Q8N565	Q8N565	True
seq.19147.6	Galactoside-binding soluble lectin 13	Q9UHV8	Q9UHV8	True
seq.19148.58	Mitochondrial import inner membrane translocase subunit Tim8 A	O60220	O60220	True
seq.19150.20	Phosphoribosyl pyrophosphate synthase-associated protein 2	O60256	O60256	True
seq.19152.4	Protein phosphatase inhibitor 2	P41236	P41236	True
seq.19153.53	Metallophosphoesterase MPPED2	Q15777	Q15777	True
seq.19154.41	Glia-derived nexin	P07093	P07093	True
seq.19158.1	PCNA-associated factor	Q15004	Q15004	True
seq.19159.9	DNA polymerase delta subunit 4	Q9HCU8	Q9HCU8	True
seq.19161.1	Ubiquitin carboxyl-terminal hydrolase 15	Q9Y4E8	Q9Y4E8	True
seq.19163.26	Leucine-rich repeat-containing protein 59	Q96AG4	Q96AG4	True
seq.19166.15	40S ribosomal protein S19	P39019	P39019	True
seq.19168.71	Proline-serine-threonine phosphatase-interacting protein 1	O43586	O43586	True
seq.19169.88	Acidic fibroblast growth factor intracellular-binding protein	O43427	O43427	True
seq.19170.25	DNA polymerase epsilon subunit 3	Q9NRF9	Q9NRF9	True
seq.19173.5	AN1-type zinc finger protein 1	Q8TCF1	Q8TCF1	True
seq.19174.141	Golgin subfamily A member 7	Q7Z5G4	Q7Z5G4	True
seq.19175.18	MARCKS-related protein	P49006	P49006	True
seq.19176.27	Protein FAM49B	Q9NUQ9	Q9NUQ9	True
seq.19177.7	MOB kinase activator 1B	Q7L9L4	Q7L9L4	True
seq.19180.38	PTB domain-containing engulfment adapter protein 1	Q9UBP9	Q9UBP9	True
seq.19183.164	60S ribosomal protein L12	P30050	P30050	True
seq.19187.21	STAM-binding protein	O95630	O95630	True
seq.19188.21	nucleosome assembly protein 1-like 4	Q99733	Q99733	True
seq.19189.2	Ubiquitin carboxyl-terminal hydrolase 14	P54578	P54578	True
seq.19190.4	Ubiquitin/ISG15-conjugating enzyme E2 L6	O14933	O14933	True
seq.19193.18	Prefoldin subunit 3	P61758	P61758	True
seq.19194.9	D-tyrosyl-tRNA(Tyr) deacylase 1	Q8TEA8	Q8TEA8	True
seq.19195.85	40S ribosomal protein S5	P46782	P46782	True
seq.19196.73	Homeodomain-only protein	Q9BPY8	Q9BPY8	True
seq.19197.95	Acetyl-CoA acetyltransferase, mitochondrial	P24752	P24752	True
seq.19199.3	DNA-directed RNA polymerase II subunit RPB11-a	P52435	P52435	True
seq.19200.16	NADH dehydrogenase [ubiquinone] 1 alpha subcomplex subunit 5	Q16718	Q16718	True
seq.19202.10	Tyrosine-protein kinase BTK	Q06187	Q06187	True
seq.19206.20	7,8-dihydro-8-oxoguanine triphosphatase	P36639	P36639	True
seq.19207.119	Adenosine kinase	P55263	P55263	True
seq.19208.8	Activin receptor type-2A	P27037	P27037	True
seq.19209.6	NF-kappa-B inhibitor alpha	P25963	P25963	True
seq.19212.4	Deleted in malignant brain tumors 1 protein	Q9UGM3	Q9UGM3	True
seq.19213.1	Serine protease inhibitor Kazal-type 4	O60575	O60575	True
seq.19215.7	Protein NDRG1	Q92597	Q92597	True
seq.19219.71	Nuclear transport factor 2	P61970	P61970	True
seq.19222.124	Ras-related protein Rab-5B	P61020	P61020	True
seq.19223.6	Ras-related protein Rab-1A	P62820	P62820	True
seq.19224.5	Eukaryotic translation initiation factor 1A, Y-chromosomal	O14602	O14602	True
seq.19225.11	B-cell linker protein	Q8WV28	Q8WV28	True
seq.19227.18	Basic leucine zipper transcriptional factor ATF-like	Q16520	Q16520	True
seq.19228.11	BAG family molecular chaperone regulator 2	O95816	O95816	True
seq.19229.92	Homer protein homolog 1	Q86YM7	Q86YM7	True
seq.19230.12	Glutathione S-transferase theta-1	P30711	P30711	True
seq.19231.22	Protein tyrosine phosphatase type IVA 3	O75365	O75365	True
seq.19233.75	Copper transport protein ATOX1	O00244	O00244	True
seq.19236.24	Activated RNA polymerase II transcriptional coactivator p15	P53999	P53999	True
seq.19237.17	D-dopachrome decarboxylase	P30046	P30046	True
seq.19238.12	Glutamine synthetase	P15104	P15104	True
seq.19239.5	ADP-ribosylation factor 1	P84077	P84077	True
seq.19240.265	28 kDa heat- and acid-stable phosphoprotein	Q13442	Q13442	True
seq.19241.31	Retinol-binding protein 5	P82980	P82980	True
seq.19242.21	Prefoldin subunit 1	O60925	O60925	True
seq.19243.2	Prefoldin subunit 2	Q9UHV9	Q9UHV9	True
seq.19247.1	Ubiquitin-conjugating enzyme E2 D1	P51668	P51668	True
seq.19249.18	Lysine--tRNA ligase	Q15046	Q15046	True
seq.19250.50	C-Myc-binding protein	Q99417	Q99417	True
seq.19251.56	Serglycin	P10124	P10124	True
seq.19252.67	Proteasome subunit beta type-2	P49721	P49721	True
seq.19253.82	Ras-related protein Rab-2B	Q8WUD1	Q8WUD1	True
seq.19254.125	GMP reductase 1	P36959	P36959	True
seq.19255.124	NTF2-related export protein 2	Q9NPJ8	Q9NPJ8	True
seq.19257.11	Clathrin light chain A	P09496	P09496	True
seq.19258.24	Glutaryl-CoA dehydrogenase, mitochondrial	Q92947	Q92947	True
seq.19259.176	Eukaryotic translation initiation factor 2 subunit 1	P05198	P05198	True
seq.19260.4	PDZ domain-containing protein GIPC1	O14908	O14908	True
seq.19261.12	Syntenin-2	Q9H190	Q9H190	True
seq.19262.219	Very long-chain specific acyl-CoA dehydrogenase, mitochondrial	P49748	P49748	True
seq.19263.147	Eukaryotic translation initiation factor 4E	P06730	P06730	True
seq.19264.6	Replication protein A 32 kDa subunit	P15927	P15927	True
seq.19265.9	T-complex protein 1 subunit alpha	P17987	P17987	True
seq.19266.35	Ras GTPase-activating protein-binding protein 1	Q13283	Q13283	True
seq.19267.14	Hydroxyacylglutathione hydrolase, mitochondrial	Q16775	Q16775	True
seq.19270.26	Tyrosine--tRNA ligase, cytoplasmic	P54577	P54577	True
seq.19271.64	Guanine nucleotide-binding protein G(i) subunit alpha-1	P63096	P63096	True
seq.19272.9	Peflin	Q9UBV8	Q9UBV8	True
seq.19273.3	Glutathione reductase, mitochondrial	P00390	P00390	True
seq.19274.80	Alpha-1-syntrophin	Q13424	Q13424	True
seq.19275.68	Isocitrate dehydrogenase [NAD] subunit gamma, mitochondrial	P51553	P51553	True
seq.19276.124	Small nuclear ribonucleoprotein G	P62308	P62308	True
seq.19277.4	Thiosulfate sulfurtransferase/rhodanese-like domain-containing protein 1	Q8NFU3	Q8NFU3	True
seq.19278.19	Ras-related protein Rab-1B	Q9H0U4	Q9H0U4	True
seq.19279.42	Retinol-binding protein 1	P09455	P09455	True
seq.19280.29	Ubiquitin-conjugating enzyme E2 D3	P61077	P61077	True
seq.19281.86	Transcription factor MafG	O15525	O15525	True
seq.19282.3	Ras-related protein Rab-13	P51153	P51153	True
seq.19286.30	Myosin light chain 5	Q02045	Q02045	True
seq.19287.59	Density-regulated protein	O43583	O43583	True
seq.19289.29	Uroporphyrinogen decarboxylase	P06132	P06132	True
seq.19290.5	Hypoxanthine-guanine phosphoribosyltransferase	P00492	P00492	True
seq.19291.2	Calsequestrin-2	O14958	O14958	True
seq.19293.6	Vacuolar protein sorting-associated protein 26A	O75436	O75436	True
seq.19294.26	Cysteine-rich PDZ-binding protein	Q9P021	Q9P021	True
seq.19295.32	Serine/threonine-protein phosphatase PP1-gamma catalytic subunit	P36873	P36873	True
seq.19296.51	Myosin regulatory light chain 2, atrial isoform	Q01449	Q01449	True
seq.19297.4	Glucose-6-phosphate 1-dehydrogenase	P11413	P11413	True
seq.19302.7	GTPase IMAP family member 6	Q6P9H5	Q6P9H5	True
seq.19303.64	Protein PET117 homolog, mitochondrial	Q6UWS5	Q6UWS5	True
seq.19310.81	Coatomer subunit epsilon	O14579	O14579	True
seq.19311.15	Beta-crystallin S	P22914	P22914	True
seq.19316.2	Iron-sulfur cluster co-chaperone protein HscB, mitochondrial	Q8IWL3	Q8IWL3	True
seq.19317.114	Prostatic acid phosphatase	P15309	P15309	True
seq.19323.1	Receptor-binding cancer antigen expressed on SiSo cells	O00559	O00559	True
seq.19325.21	Protein ABHD14B	Q96IU4	Q96IU4	True
seq.19327.31	Histone acetyltransferase type B catalytic subunit	O14929	O14929	True
seq.19328.51	Serine/threonine-protein kinase Chk2	O96017	O96017	True
seq.19329.31	Homeodomain-interacting protein kinase 3	Q9H422	Q9H422	True
seq.19331.18	Brain-specific angiogenesis inhibitor 1-associated protein 2	Q9UQB8	Q9UQB8	True
seq.19332.1	MOB-like protein phocein	Q9Y3A3	Q9Y3A3	True
seq.19333.4	Heterogeneous nuclear ribonucleoprotein K	P61978	P61978	True
seq.19334.62	Thioredoxin domain-containing protein 12	O95881	O95881	True
seq.19335.2	Hematological and neurological expressed 1 protein	Q9UK76	Q9UK76	True
seq.19338.3	Protein LZIC	Q8WZA0	Q8WZA0	True
seq.19341.36	Acyl-CoA-binding domain-containing protein 6	Q9BR61	Q9BR61	True
seq.19347.37	Carbonic anhydrase 12	O43570	O43570	True
seq.19353.25	Osteopetrosis-associated transmembrane protein 1	Q86WC4	Q86WC4	True
seq.19356.20	TOM1-like protein 2	Q6ZVM7	Q6ZVM7	True
seq.19357.11	Vesicle-associated membrane protein 7	P51809	P51809	True
seq.19360.22	Leucine-rich repeat transmembrane neuronal protein 1	Q86UE6	Q86UE6	True
seq.19361.78	Matrilin-3	O15232	O15232	True
seq.19364.163	Proliferating cell nuclear antigen	P12004	P12004	True
seq.19365.11	Branched-chain-amino-acid aminotransferase, mitochondrial	O15382	O15382	True
seq.19367.34	Enoyl-CoA delta isomerase 1, mitochondrial	P42126	P42126	True
seq.19369.17	Histone acetyltransferase KAT2A	Q92830	Q92830	True
seq.19370.30	Heparan sulfate glucosamine 3-O-sulfotransferase 4	Q9Y661	Q9Y661	True
seq.19371.18	Microtubule-associated protein RP/EB family member 1	Q15691	Q15691	True
seq.19372.7	MAM domain-containing glycosylphosphatidylinositol anchor protein 2	Q7Z553	Q7Z553	True
seq.19373.3	Myosin regulatory light chain 12A	P19105	P19105	True
seq.19374.72	Protein p13 MTCP-1	P56278	P56278	True
seq.19376.74	Nicotinamide N-methyltransferase	P40261	P40261	True
seq.19377.14	Noelin-2	O95897	O95897	True
seq.19379.154	Ras-related protein Rab-3D	O95716	O95716	True
seq.19381.7	Regulator of G-protein signaling 21	Q2M5E4	Q2M5E4	True
seq.19383.131	Cyclin-dependent kinase 2-interacting protein	Q9BW66	Q9BW66	True
seq.19388.2	Cadherin-12:Extracellular domain	P55289	P55289	True
seq.19392.6	N(G),N(G)-dimethylarginine dimethylaminohydrolase 1	O94760	O94760	True
seq.19437.61	Isoform L-VEGF165	P15692	P15692	True
seq.19438.68	Pre-mRNA-splicing factor SYF2	O95926	O95926	True
seq.19446.1	GMP reductase 2	Q9P2T1	Q9P2T1	True
seq.19448.104	Uridine phosphorylase 1	Q16831	Q16831	True
seq.19467.3	Ribokinase	Q9H477	Q9H477	True
seq.19483.16	3-ketodihydrosphingosine reductase	Q06136	Q06136	True
seq.19488.1	Programmed cell death protein 6	O75340	O75340	True
seq.19491.11	Estradiol 17-beta-dehydrogenase 8	Q92506	Q92506	True
seq.19492.5	Kidney-associated antigen 1	Q9UBP8	Q9UBP8	True
seq.19496.1	N-acetylneuraminate lyase	Q9BXD5	Q9BXD5	True
seq.19503.2	Sorting nexin-3	O60493	O60493	True
seq.19504.22	Thymidylate kinase	P23919	P23919	True
seq.19511.8	DCN1-like protein 2	Q6PH85	Q6PH85	True
seq.19516.10	High mobility group protein HMGI-C	P52926	P52926	True
seq.19518.12	Hexokinase-3	P52790	P52790	True
seq.19523.215	Protein DJ-1	Q99497	Q99497	True
seq.19545.145	Oxidized Protein deglycase DJ-1	Q99497	Q99497	True
seq.19553.14	Syntaxin-1A	Q16623	Q16623	True
seq.19555.1	Small ubiquitin-related modifier 2	P61956	P61956	True
seq.19556.12	Complement receptor type 1	P17927	P17927	True
seq.19557.3	Beta-klotho	Q86Z14	Q86Z14	True
seq.19558.10	Low-density lipoprotein receptor-related protein 4	O75096	O75096	True
seq.19560.23	Plexin-A4	Q9HCM2	Q9HCM2	True
seq.19561.216	Plexin-D1	Q9Y4D7	Q9Y4D7	True
seq.19562.8	Ubiquitin carboxyl-terminal hydrolase 28	Q96RU2	Q96RU2	True
seq.19563.3	Seizure 6-like protein	Q9BYH1	Q9BYH1	True
seq.19564.61	Interferon regulatory factor 4	Q15306	Q15306	True
seq.19567.1	Epidermal growth factor receptor variant III	P00533	P00533	True
seq.19568.17	Interleukin-15	P40933	P40933	True
seq.19570.12	Fibroblast growth factor 8	P55075	P55075	True
seq.19572.10	CCAAT/enhancer-binding protein gamma	P53567	P53567	True
seq.19574.5	Integrin alpha-IIb: beta-3 complex	P05106|P08514	P05106|P08514	True
seq.19575.4	Erythropoietin receptor	P19235	P19235	True
seq.19578.19	Docking protein 2	O60496	O60496	True
seq.19579.5	Neutrophil defensin 1	P59665	P59665	True
seq.19581.15	Insulin-like growth factor-binding protein 5	P24593	P24593	True
seq.19584.33	Fibroblast growth factor 9	P31371	P31371	True
seq.19586.89	Ras-related protein Rab-3C	Q96E17	Q96E17	True
seq.19587.12	Importin subunit alpha-5	P52294	P52294	True
seq.19590.46	Pulmonary surfactant-associated protein D	P35247	P35247	True
seq.19596.18	Transcription factor IIIB 90 kDa subunit	Q92994	Q92994	True
seq.19601.15	Ankyrin repeat and SOCS box protein 9	Q96DX5	Q96DX5	True
seq.19602.36	Transcription factor jun-D	P17535	P17535	True
seq.19606.28	Indian hedgehog protein	Q14623	Q14623	True
seq.19612.3	CD81 antigen	P60033	P60033	True
seq.19613.16	Retinol dehydrogenase 10	Q8IZV5	Q8IZV5	True
seq.19614.8	Transcobalamin-1	P20061	P20061	True
seq.19615.213	Cytosolic 5'-nucleotidase 3A	Q9H0P0	Q9H0P0	True
seq.19616.100	EF-hand domain-containing protein D1	Q9BUP0	Q9BUP0	True
seq.19617.5	Prostaglandin reductase 1	Q14914	Q14914	True
seq.19620.16	Disks large homolog 2	Q15700	Q15700	True
seq.19622.7	Activin A	P08476	P08476	True
seq.19623.26	40S ribosomal protein SA	P08865	P08865	True
seq.19630.2	Gamma-synuclein	O76070	O76070	True
seq.19631.13	Kininostatin	P01042	P01042	True
seq.19635.69	Fibroleukin	Q14314	Q14314	True
seq.19636.23	HLA class I histocompatibility antigen, alpha chain G	P17693	P17693	True
seq.19637.9	Corticoliberin	P06850	P06850	True
seq.19638.9	Dynorphin A (1-17)	P01213	P01213	True
seq.19639.53	Islet amyloid polypeptide	P10997	P10997	True
seq.19640.2	Parathyroid Hormone1-34	P01270	P01270	True
seq.19742.3	Septin-5	Q99719	Q99719	True
seq.19743.12	V-set and transmembrane domain-containing protein 1	Q6UX27	Q6UX27	True
seq.19748.3	Diphosphomevalonate decarboxylase	P53602	P53602	True
seq.19751.21	Adenosine deaminase	P00813	P00813	True
seq.19752.197	Methionine aminopeptidase 1D, mitochondrial	Q6UB28	Q6UB28	True
seq.19755.38	ATPase inhibitor, mitochondrial	Q9UII2	Q9UII2	True
seq.19760.26	Carboxypeptidase A1	P15085	P15085	True
seq.19765.17	C-type lectin domain family 4 member G	Q6UXB4	Q6UXB4	True
seq.19768.13	Cystatin B	P04080	P04080	True
seq.19774.8	Hemoglobin subunit gamma-2	P69892	P69892	True
seq.19784.16	Lymphocyte antigen 6D	Q14210	Q14210	True
seq.19786.26	Meprin A subunit alpha	Q16819	Q16819	True
seq.19787.14	Proto-oncogene tyrosine-protein kinase MER	Q12866	Q12866	True
seq.19788.6	S-adenosylmethionine synthetase isoform type-2	P31153	P31153	True
seq.19794.10	Uridine diphosphate glucose pyrophosphatase	O95848	O95848	True
seq.19797.4	Histone acetyltransferase KAT2A	Q92830	Q92830	True
seq.19799.2	Probable phosphoglycerate mutase 4	Q8N0Y7	Q8N0Y7	True
seq.19802.22	Receptor-binding cancer antigen expressed on SiSo cells	O00559	O00559	True
seq.19803.34	Retinol-binding protein 2	P50120	P50120	True
seq.19808.26	Ras-related protein Rab-3D	O95716	O95716	True
seq.19809.47	DNA-directed RNA polymerase II subunit RPB9	P36954	P36954	True
seq.19819.7	Regulator of G-protein signaling 21	Q2M5E4	Q2M5E4	True
seq.19821.10	Peptidoglycan recognition protein I-beta	Q96LB8	Q96LB8	True
seq.19823.75	NAD-dependent protein deacetylase sirtuin-1	Q96EB6	Q96EB6	True
seq.20054.28	Cytoplasmic aconitate hydratase	P21399	P21399	True
seq.20055.40	Retinal dehydrogenase 2	O94788	O94788	True
seq.20056.7	Frizzled-10:Frizzled domain	Q9ULW2	Q9ULW2	True
seq.20057.177	Histone chaperone ASF1B	Q9NVP2	Q9NVP2	True
seq.20064.24	Fibronectin-1 Fragment 2	P02751	P02751	True
seq.20066.19	Frizzled-5	Q13467	Q13467	True
seq.20067.26	Factor seven-activating protease	Q14520	Q14520	True
seq.20068.61	G antigen 12F	P0CL80	P0CL80	True
seq.20069.23	Glycine N-acyltransferase-like protein 2	Q8WU03	Q8WU03	True
seq.20071.53	I-kappa-B-epsilon	O00221	O00221	True
seq.20073.22	GTPase KRas	P01116	P01116	True
seq.20074.3	Laminin subunit alpha-3	Q16787	Q16787	True
seq.20075.130	Melanoma-associated antigen 4	P43358	P43358	True
seq.20076.7	Myeloid cell nuclear differentiation antigen	P41218	P41218	True
seq.20078.6	Myosin light chain 6B	P14649	P14649	True
seq.20079.6	Phosphoenolpyruvate carboxykinase [GTP], mitochondrial	Q16822	Q16822	True
seq.20081.14	Serine/threonine-protein kinase Pim-2	Q9P1W9	Q9P1W9	True
seq.20083.1	Ras-related protein Rab-6A	P20340	P20340	True
seq.20086.5	Ras-related protein Rab-11B	Q15907	Q15907	True
seq.20087.3	15 kDa selenoprotein	O60613	O60613	True
seq.20089.172	Sulfotransferase 1C4	O75897	O75897	True
seq.20090.63	Ubiquitin-conjugating enzyme E2 E3	Q969T4	Q969T4	True
seq.20091.138	Ephrin-A1	P20827	P20827	True
seq.20093.9	Vascular cell adhesion protein 1	P19320	P19320	True
seq.20103.176	N-glycosylase/DNA lyase	O15527	O15527	True
seq.20105.7	Myosin light polypeptide 6	P60660	P60660	True
seq.20106.80	Scavenger mRNA-decapping enzyme DcpS	Q96C86	Q96C86	True
seq.20107.11	Myosin light polypeptide 4	P12829	P12829	True
seq.20110.25	Hematological and neurological expressed 1-like protein	Q9H910	Q9H910	True
seq.20111.5	Brain acid soluble protein 1	P80723	P80723	True
seq.20116.30	Serine/threonine-protein kinase OSR1	O95747	O95747	True
seq.20117.5	Eukaryotic translation initiation factor 4E-binding protein 2	Q13542	Q13542	True
seq.20120.101	Amphoterin-induced protein 1:Extracellular domain	Q86WK6	Q86WK6	True
seq.20126.19	Glial fibrillary acidic protein	P14136	P14136	True
seq.20127.102	Hephaestin	Q9BQS7	Q9BQS7	True
seq.20128.1	cAMP response element-binding protein	P16220	P16220	True
seq.20130.144	Casein kinase I isoform gamma-1	Q9HCP0	Q9HCP0	True
seq.20133.1	Melanoma-associated antigen 3	P43357	P43357	True
seq.20134.27	Macrophage receptor MARCO	Q9UEW3	Q9UEW3	True
seq.20135.85	mRNA-capping enzyme	O60942	O60942	True
seq.20137.49	Heterogeneous nuclear ribonucleoprotein A1	P09651	P09651	True
seq.20139.57	Endophilin-A1	Q99962	Q99962	True
seq.20141.42	Transcription elongation factor A protein 2	Q15560	Q15560	True
seq.20142.42	Ubiquitin-conjugating enzyme E2 C	O00762	O00762	True
seq.20159.1	Neuritin-like protein	Q496H8	Q496H8	True
seq.20161.41	Neural cell adhesion molecule 1	P13591	P13591	True
seq.20165.4	Dihydropyrimidinase	Q14117	Q14117	True
seq.20167.6	Ras-related protein Rab-8B	Q92930	Q92930	True
seq.20173.39	Calpain-9	O14815	O14815	True
seq.20175.17	Collagen alpha-3(IX) chain	Q14050	Q14050	True
seq.20181.17	Integrin alpha-11	Q9UKX5	Q9UKX5	True
seq.20183.48	Homeobox protein MOX-1	P50221	P50221	True
seq.20185.44	Dihydrolipoyllysine-residue acetyltransferase component of pyruvate dehydrogenase complex, mitochondrial	P10515	P10515	True
seq.20187.10	Integrin alpha V beta 3	P05106|P06756	P05106|P06756	True
seq.20189.28	Integrin alpha V beta 6	P06756|P18564	P06756|P18564	True
seq.20189.4	Integrin alpha V beta 6	P18564|P06756	P18564|P06756	True
seq.20191.13	Integrin alpha V beta 8	P06756|P26012	P06756|P26012	True
seq.20195.13	Interferon-induced helicase C domain-containing protein 1	Q9BYX4	Q9BYX4	True
seq.20197.14	Visinin-like protein 1	P62760	P62760	True
seq.20203.45	Complement C1s subcomponent	P09871	P09871	True
seq.20205.55	Dual specificity tyrosine-phosphorylation-regulated kinase 2	Q92630	Q92630	True
seq.20211.75	Guanylate-binding protein 5	Q96PP8	Q96PP8	True
seq.20213.82	Heat shock 70 kDa protein 6	P17066	P17066	True
seq.20215.45	Integrin alpha-V: beta-1 complex	P05556|P06756	P05556|P06756	True
seq.20217.26	Lamin-B2	Q03252	Q03252	True
seq.20219.25	Neprilysin	P08473	P08473	True
seq.20221.26	cAMP-specific 3',5'-cyclic phosphodiesterase 4C	Q08493	Q08493	True
seq.20225.119	Signal transducer and activator of transcription 5A	P42229	P42229	True
seq.20229.67	TM2 domain-containing protein 1	Q9BX74	Q9BX74	True
seq.20231.23	Uridine phosphorylase 2	O95045	O95045	True
seq.20237.38	Ornithine aminotransferase, mitochondrial	P04181	P04181	True
seq.20241.9	Synaptosomal-associated protein 23	O00161	O00161	True
seq.20243.26	Profilin-1	P07737	P07737	True
seq.20245.13	Retinoic acid receptor RXR-alpha	P19793	P19793	True
seq.20247.17	Dihydropyrimidinase-related protein 4	O14531	O14531	True
seq.20367.6	L-amino-acid oxidase	Q96RQ9	Q96RQ9	True
seq.20370.6	Acylphosphatase-1	P07311	P07311	True
seq.20373.141	Glucose-induced degradation protein 8 homolog	Q9NWU2	Q9NWU2	True
seq.20374.41	Ubiquinone biosynthesis protein COQ9, mitochondrial	O75208	O75208	True
seq.20376.64	Putative deoxyribonuclease TATDN1	Q6P1N9	Q6P1N9	True
seq.20378.110	Leucine zipper transcription factor-like protein 1	Q9NQ48	Q9NQ48	True
seq.20379.59	Small vasohibin-binding protein	Q8N300	Q8N300	True
seq.20380.50	Protein LSM12 homolog	Q3MHD2	Q3MHD2	True
seq.20381.21	PIH1 domain-containing protein 2	Q8WWB5	Q8WWB5	True
seq.20382.8	Motile sperm domain-containing protein 1	Q9UJG1	Q9UJG1	True
seq.20383.31	Probable RNA-binding protein 18	Q96H35	Q96H35	True
seq.20385.21	Ceramide-1-phosphate transfer protein	Q5TA50	Q5TA50	True
seq.20386.15	Putative peptidyl-tRNA hydrolase PTRHD1	Q6GMV3	Q6GMV3	True
seq.20387.277	Coiled-coil-helix-coiled-coil-helix domain-containing protein 7	Q9BUK0	Q9BUK0	True
seq.20388.8	Pre-rRNA-processing protein TSR2 homolog	Q969E8	Q969E8	True
seq.20389.36	Mitochondrial inner membrane protease subunit 2	Q96T52	Q96T52	True
seq.20390.4	High mobility group nucleosome-binding domain-containing protein 3	Q15651	Q15651	True
seq.20393.10	Retinal cone rhodopsin-sensitive cGMP 3',5'-cyclic phosphodiesterase subunit gamma	Q13956	Q13956	True
seq.20396.70	COMM domain-containing protein 6	Q7Z4G1	Q7Z4G1	True
seq.20398.60	Ribonuclease P protein subunit p20	O75817	O75817	True
seq.20399.7	Oxidoreductase-like domain-containing protein 1	Q5BKU9	Q5BKU9	True
seq.20401.19	Protein BUD31 homolog	P41223	P41223	True
seq.20402.11	Trafficking protein particle complex subunit 2	P0DI81	P0DI81	True
seq.20408.11	Mitochondrial import receptor subunit TOM20 homolog	Q15388	Q15388	True
seq.20411.52	Tetratricopeptide repeat protein 33	Q6PID6	Q6PID6	True
seq.20423.40	Calcium and integrin-binding protein 1	Q99828	Q99828	True
seq.20425.12	Hematopoietically-expressed homeobox protein HHEX	Q03014	Q03014	True
seq.20426.34	Protein FAM84A	Q96KN4	Q96KN4	True
seq.20427.18	Mediator of RNA polymerase II transcription subunit 20	Q9H944	Q9H944	True
seq.20428.5	Phosphoethanolamine/phosphocholine phosphatase	Q8TCT1	Q8TCT1	True
seq.20430.8	C-type natriuretic peptide	P23582	P23582	True
seq.20432.6	Pyroglutamyl-peptidase 1	Q9NXJ5	Q9NXJ5	True
seq.20433.19	39S ribosomal protein L1, mitochondrial	Q9BYD6	Q9BYD6	True
seq.20434.23	Purkinje cell protein 4-like protein 1	A6NKN8	A6NKN8	True
seq.20435.41	ER membrane protein complex subunit 2	Q15006	Q15006	True
seq.20436.93	Tubulin polyglutamylase complex subunit 2	Q68CL5	Q68CL5	True
seq.20437.9	Axonemal dynein light intermediate polypeptide 1	O14645	O14645	True
seq.20439.14	Proline synthase co-transcribed bacterial homolog protein	O94903	O94903	True
seq.20440.36	Tetratricopeptide repeat protein 32	Q5I0X7	Q5I0X7	True
seq.20441.35	DNA-directed RNA polymerases I, II, and III subunit RPABC1	P19388	P19388	True
seq.20442.12	Calcipressin-3	Q9UKA8	Q9UKA8	True
seq.20443.37	CST complex subunit TEN1	Q86WV5	Q86WV5	True
seq.20444.12	Tubulin polymerization-promoting protein family member 3	Q9BW30	Q9BW30	True
seq.20445.29	AP-1 complex-associated regulatory protein	Q63HQ0	Q63HQ0	True
seq.20447.11	Homeobox protein TGIF2LY	Q8IUE0	Q8IUE0	True
seq.20448.7	DNA-directed RNA polymerases I, II, and III subunit RPABC2	P61218	P61218	True
seq.20449.72	Josephin-1	Q15040	Q15040	True
seq.20451.126	Intraflagellar transport protein 22 homolog	Q9H7X7	Q9H7X7	True
seq.20453.9	Non-structural maintenance of chromosomes element 1 homolog	Q8WV22	Q8WV22	True
seq.20454.24	SOSS complex subunit B2	Q96AH0	Q96AH0	True
seq.20457.13	Cytochrome c oxidase assembly factor 4 homolog, mitochondrial	Q9NYJ1	Q9NYJ1	True
seq.20458.22	NADH dehydrogenase [ubiquinone] 1 alpha subcomplex subunit 2	O43678	O43678	True
seq.20460.22	Intraflagellar transport protein 20 homolog	Q8IY31	Q8IY31	True
seq.20461.58	Protein FAM50A	Q14320	Q14320	True
seq.20463.315	Protein IMPACT	Q9P2X3	Q9P2X3	True
seq.20464.7	Putative KHDC1-like protein	Q5JSQ8	Q5JSQ8	True
seq.20511.3	Junctional adhesion molecule A	Q9Y624	Q9Y624	True
seq.20512.2	Melanoma-associated antigen MUC18	P43121	P43121	True
seq.20514.8	BMP and activin membrane-bound inhibitor homolog:Extracellular domain	Q13145	Q13145	True
seq.20516.11	Sodium channel subunit beta-3	Q9NY72	Q9NY72	True
seq.20517.1	Desmoglein-2	Q14126	Q14126	True
seq.20518.11	Tumor necrosis factor receptor superfamily member 25	Q93038	Q93038	True
seq.20519.7	CD6	P30203	P30203	True
seq.20520.14	Protein FAM3C	Q92520	Q92520	True
seq.20521.83	CD28	P10747	P10747	True
seq.20522.2	Interleukin-1 receptor accessory protein-like 1	Q9NZN1	Q9NZN1	True
seq.20524.38	Pro-neuregulin-3, membrane-bound isoform	P56975	P56975	True
seq.20525.200	Protein disulfide-isomerase A4	P13667	P13667	True
seq.20526.3	Retinoic acid early transcript 1L protein	Q5VY80	Q5VY80	True
seq.20527.47	Semaphorin-5B	Q9P283	Q9P283	True
seq.20528.23	Macrosialin	P34810	P34810	True
seq.20529.7	Cadherin-10	Q9Y6N8	Q9Y6N8	True
seq.20530.2	Semaphorin-6D	Q8NFY4	Q8NFY4	True
seq.20531.5	SLAM family member 9	Q96A28	Q96A28	True
seq.20533.39	Interleukin-35	P29459|Q14213	P29459|Q14213	True
seq.20534.6	Scavenger receptor class B member 1	Q8WTV0	Q8WTV0	True
seq.20535.68	Interleukin-17 receptor E	Q8NFR9	Q8NFR9	True
seq.20536.11	Endothelial cell-selective adhesion molecule	Q96AP7	Q96AP7	True
seq.20538.71	Sialic acid-binding Ig-like lectin 11:Extracellular domain, Isoform 1	Q96RL6	Q96RL6	True
seq.20539.4	Neutrophil defensin 3	P59666	P59666	True
seq.20540.65	Semaphorin-4G	Q9NTN9	Q9NTN9	True
seq.20541.73	T-cell surface glycoprotein CD1b	P29016	P29016	True
seq.20542.47	Calcitonin receptor	P30988	P30988	True
seq.20543.19	Beta-defensin 127	Q9H1M4	Q9H1M4	True
seq.20544.103	Glutamate receptor ionotropic, kainate 2	Q13002	Q13002	True
seq.20545.17	Microfibril-associated glycoprotein 3	P55082	P55082	True
seq.20546.71	Reticulon-4 receptor-like 1	Q86UN2	Q86UN2	True
seq.20547.5	Neuronal acetylcholine receptor subunit beta-3	Q05901	Q05901	True
seq.20549.1	Izumo sperm-egg fusion protein 4	Q1ZYL8	Q1ZYL8	True
seq.20550.38	Neurotrimin	Q9P121	Q9P121	True
seq.20553.2	Phosphoinositide-3-kinase-interacting protein 1	Q96FE7	Q96FE7	True
seq.20557.19	V-set and immunoglobulin domain-containing protein 8	P0DPA2	P0DPA2	True
seq.20558.4	Ephrin type-A receptor 8	P29322	P29322	True
seq.20561.15	Contactin-6	Q9UQ52	Q9UQ52	True
seq.20562.78	Killer cell lectin-like receptor subfamily B member 1	Q12918	Q12918	True
seq.20563.48	Toll-like receptor 10	Q9BXR5	Q9BXR5	True
seq.20564.53	Thy-1 membrane glycoprotein	P04216	P04216	True
seq.20568.3	FRAS1-related extracellular matrix protein 1	Q5H8C1	Q5H8C1	True
seq.20570.18	V-set and transmembrane domain-containing protein 1	Q6UX27	Q6UX27	True
seq.20572.6	Proto-oncogene tyrosine-protein kinase MER	Q12866	Q12866	True
seq.20574.8	CD81 antigen	P60033	P60033	True
seq.20575.82	C-type lectin domain family 9 member A	Q6UXN8	Q6UXN8	True
seq.20576.71	Frizzled-7	O75084	O75084	True
seq.20577.5	Frizzled-8	Q9H461	Q9H461	True
seq.20578.10	Latrophilin-3	Q9HAR2	Q9HAR2	True
seq.20579.50	Myelin-associated glycoprotein	P20916	P20916	True
seq.20581.42	Glucagon-like peptide 1 receptor:Extracellular domain	P43220	P43220	True
seq.20584.4	Nectin-1, isoform gamma:Extracellular domain	Q15223	Q15223	True
seq.20585.5	CMRF35-like molecule 9	Q6UXG3	Q6UXG3	True
seq.20585.9	CMRF35-like molecule 9	Q6UXG3	Q6UXG3	True
seq.20586.18	Contactin-3	Q9P232	Q9P232	True
seq.20589.5	Cadherin-4	P55283	P55283	True
seq.20590.13	Neuropeptide Y	P01303	P01303	True
seq.20591.48	Gliomedin	Q6ZMI3	Q6ZMI3	True
seq.20592.8	Latexin	Q9BS40	Q9BS40	True
seq.20593.10	Beta-1,3-galactosyltransferase 5	Q9Y2C3	Q9Y2C3	True
seq.20912.10	Pseudouridine-5'-phosphatase	Q08623	Q08623	True
seq.20913.27	Eukaryotic translation initiation factor 1	P41567	P41567	True
seq.20915.68	Adaptin ear-binding coat-associated protein 2	Q9NVZ3	Q9NVZ3	True
seq.20918.28	U1 small nuclear ribonucleoprotein C	P09234	P09234	True
seq.20921.1	PDZ domain-containing protein GIPC2	Q8TF65	Q8TF65	True
seq.20922.4	Profilin-4	Q8NHR9	Q8NHR9	True
seq.20923.10	Magnesium-dependent phosphatase 1	Q86V88	Q86V88	True
seq.20924.85	Transcription elongation factor A protein-like 1	Q15170	Q15170	True
seq.20926.31	Cyclic AMP-dependent transcription factor ATF-1	P18846	P18846	True
seq.20927.43	General transcription factor IIF subunit 2	P13984	P13984	True
seq.20928.39	Transcription elongation factor A protein-like 7	Q9BRU2	Q9BRU2	True
seq.20929.4	CTD small phosphatase-like protein	O15194	O15194	True
seq.20931.156	Methylglutaconyl-CoA hydratase, mitochondrial	Q13825	Q13825	True
seq.20932.10	Coiled-coil domain-containing protein 69	A6NI79	A6NI79	True
seq.20934.13	Ras-related protein Rab-24	Q969Q5	Q969Q5	True
seq.20935.4	Phosducin-like protein 3	Q9H2J4	Q9H2J4	True
seq.20936.8	Putative deoxyribonuclease TATDN3	Q17R31	Q17R31	True
seq.20937.43	Ribosomal RNA small subunit methyltransferase NEP1	Q92979	Q92979	True
seq.20939.113	H/ACA ribonucleoprotein complex subunit 2	Q9NX24	Q9NX24	True
seq.20941.7	Ubiquitin-like protein 3	O95164	O95164	True
seq.20942.4	DnaJ homolog subfamily B member 8	Q8NHS0	Q8NHS0	True
seq.20943.14	N-alpha-acetyltransferase 50	Q9GZZ1	Q9GZZ1	True
seq.20946.41	Gametocyte-specific factor 1	Q8WW33	Q8WW33	True
seq.20947.50	Protein Dr1	Q01658	Q01658	True
seq.20948.16	U8 snoRNA-decapping enzyme	Q96DE0	Q96DE0	True
seq.20950.159	Phosphoribosyltransferase domain-containing protein 1	Q9NRG1	Q9NRG1	True
seq.20952.15	Ethylmalonyl-CoA decarboxylase	Q9NTX5	Q9NTX5	True
seq.20953.34	Methylmalonic aciduria and homocystinuria type C protein	Q9Y4U1	Q9Y4U1	True
seq.20954.27	Protein LDOC1L	Q6ICC9	Q6ICC9	True
seq.20955.20	tRNA-specific adenosine deaminase 2	Q7Z6V5	Q7Z6V5	True
seq.20956.13	Prefoldin subunit 4	Q9NQP4	Q9NQP4	True
seq.20957.57	Diphosphoinositol polyphosphate phosphohydrolase 3-alpha	Q8NFP7	Q8NFP7	True
seq.20958.13	Ras-related protein Rab-23	Q9ULC3	Q9ULC3	True
seq.20959.12	Dual specificity protein phosphatase 18	Q8NEJ0	Q8NEJ0	True
seq.20960.47	Far upstream element-binding protein 1	Q96AE4	Q96AE4	True
seq.20964.13	40S ribosomal protein S14	P62263	P62263	True
seq.20965.18	Microtubule-associated proteins 1A/1B light chain 3 beta 2	A6NCE7	A6NCE7	True
seq.20966.7	Sentrin-specific protease 8	Q96LD8	Q96LD8	True
seq.20967.137	Proteasome assembly chaperone 4	Q5JS54	Q5JS54	True
seq.20968.22	Exosome complex component RRP46	Q9NQT4	Q9NQT4	True
seq.20969.114	RING1 and YY1-binding protein	Q8N488	Q8N488	True
seq.20970.14	Dysbindin domain-containing protein 1	Q9H9R9	Q9H9R9	True
seq.20971.1	Methionine-R-sulfoxide reductase B1	Q9NZV6	Q9NZV6	True
seq.20972.37	Cleavage and polyadenylation specificity factor subunit 5	O43809	O43809	True
seq.20975.2	Calcipressin-2	Q14206	Q14206	True
seq.20976.19	U6 snRNA-associated Sm-like protein LSm3	P62310	P62310	True
seq.20977.2	Phosducin-like protein	Q13371	Q13371	True
seq.20979.86	Transcription initiation factor IIB	Q00403	Q00403	True
seq.20982.29	U11/U12 small nuclear ribonucleoprotein 25 kDa protein	Q9BV90	Q9BV90	True
seq.20984.142	Dual specificity protein phosphatase 19	Q8WTR2	Q8WTR2	True
seq.20986.58	Egl nine homolog 3	Q9H6Z9	Q9H6Z9	True
seq.20987.21	Homeobox protein SIX6	O95475	O95475	True
seq.20988.63	Retinitis pigmentosa 9 protein	Q8TA86	Q8TA86	True
seq.20990.48	Thyrotroph embryonic factor	Q10587	Q10587	True
seq.20991.2	LIM domain-containing protein 2	Q9BT23	Q9BT23	True
seq.20993.13	BEN domain-containing protein 6	Q5SZJ8	Q5SZJ8	True
seq.20994.37	Pleckstrin homology domain-containing family F member 2	Q9H8W4	Q9H8W4	True
seq.20995.47	DNA-directed RNA polymerase II subunit RPB3	P19387	P19387	True
seq.20996.107	Succinate dehydrogenase assembly factor 1, mitochondrial	A6NFY7	A6NFY7	True
seq.20998.19	Nicotinamide riboside kinase 2	Q9NPI5	Q9NPI5	True
seq.20999.12	60S ribosomal protein L5	P46777	P46777	True
seq.21000.40	DNA-directed RNA polymerase II subunit RPB11-b1	Q9GZM3	Q9GZM3	True
seq.21001.393	Protein BRICK1	Q8WUW1	Q8WUW1	True
seq.21002.1	NudC domain-containing protein 2	Q8WVJ2	Q8WVJ2	True
seq.21008.113	Protein mago nashi homolog	P61326	P61326	True
seq.21009.28	Sentan	A6NMZ2	A6NMZ2	True
seq.21104.37	Ubiquitin-like protein 5	Q9BZL1	Q9BZL1	True
seq.21105.23	Protein unc-119 homolog B	A6NIH7	A6NIH7	True
seq.21106.206	Centrin-1	Q12798	Q12798	True
seq.21107.5	Complex I intermediate-associated protein 30, mitochondrial	Q9Y375	Q9Y375	True
seq.21108.5	Uncharacterized metallophosphoesterase CSTP1	Q9BRF8	Q9BRF8	True
seq.21109.1	Cilia- and flagella-associated protein 36	Q96G28	Q96G28	True
seq.21110.5	Ubiquitin-conjugating enzyme E2 Z	Q9H832	Q9H832	True
seq.21111.49	Hsp70-binding protein 1	Q9NZL4	Q9NZL4	True
seq.21112.6	Myosin regulatory light chain 2, skeletal muscle isoform	Q96A32	Q96A32	True
seq.21113.3	TRAF-interacting protein with FHA domain-containing protein A	Q96CG3	Q96CG3	True
seq.21114.18	DnaJ homolog subfamily C member 12	Q9UKB3	Q9UKB3	True
seq.21115.48	Pre-miRNA 5'-monophosphate methyltransferase	Q7Z5W3	Q7Z5W3	True
seq.21116.13	Polycomb protein EED	O75530	O75530	True
seq.21117.18	Zinc finger C4H2 domain-containing protein	Q9NQZ6	Q9NQZ6	True
seq.21118.48	GTP cyclohydrolase I feedback regulatory protein	P30047	P30047	True
seq.21119.1	Carbonyl reductase family member 4	Q8N4T8	Q8N4T8	True
seq.21120.3	Mimitin, mitochondrial	Q8N183	Q8N183	True
seq.21121.31	NEDD8-activating enzyme E1 catalytic subunit	Q8TBC4	Q8TBC4	True
seq.21122.3	Dysbindin domain-containing protein 2	Q9BQY9	Q9BQY9	True
seq.21123.1	39S ribosomal protein L28, mitochondrial	Q13084	Q13084	True
seq.21124.17	Yae1 domain-containing protein 1	Q9NRH1	Q9NRH1	True
seq.21126.27	Glutamine--fructose-6-phosphate aminotransferase [isomerizing] 1	Q06210	Q06210	True
seq.21128.2	CDK2	P24941	P24941	True
seq.21129.95	MAD2L1-binding protein	Q15013	Q15013	True
seq.21130.82	Inositol-tetrakisphosphate 1-kinase	Q13572	Q13572	True
seq.21131.109	tRNA wybutosine-synthesizing protein 5	A2RUC4	A2RUC4	True
seq.21132.9	Synaptotagmin-13	Q7L8C5	Q7L8C5	True
seq.21133.33	Cx9C motif-containing protein 4	P56277	P56277	True
seq.21134.9	CREB/ATF bZIP transcription factor	Q9NS37	Q9NS37	True
seq.21135.16	Splicing factor 3B subunit 6	Q9Y3B4	Q9Y3B4	True
seq.21136.1	Proteasome assembly chaperone 2	Q969U7	Q969U7	True
seq.21138.2	Nucleoplasmin-2	Q86SE8	Q86SE8	True
seq.21140.19	Calcium signal-modulating cyclophilin ligand	P49069	P49069	True
seq.21141.9	Protein FAM84B	Q96KN1	Q96KN1	True
seq.21143.10	Calcyphosin	Q13938	Q13938	True
seq.21144.160	Serine/threonine-protein kinase Sgk1	O00141	O00141	True
seq.21146.187	Tubby-related protein 1	O00294	O00294	True
seq.21147.9	Fructosamine-3-kinase	Q9H479	Q9H479	True
seq.21149.27	CUE domain-containing protein 1	Q9NWM3	Q9NWM3	True
seq.21152.25	Eyes absent homolog 2	O00167	O00167	True
seq.21153.5	Chromatin complexes subunit BAP18	Q8IXM2	Q8IXM2	True
seq.21154.8	Calcium-binding protein 39-like	Q9H9S4	Q9H9S4	True
seq.21156.5	Putative glutathione-specific gamma-glutamylcyclotransferase 2	Q8WUX2	Q8WUX2	True
seq.21157.6	Hydroxylysine kinase	A2RU49	A2RU49	True
seq.21160.4	Charged multivesicular body protein 6	Q96FZ7	Q96FZ7	True
seq.21161.16	rRNA methyltransferase 2, mitochondrial	Q9UI43	Q9UI43	True
seq.21162.30	Tubulin-specific chaperone cofactor E-like protein	Q5QJ74	Q5QJ74	True
seq.21163.21	TBC1 domain family member 13	Q9NVG8	Q9NVG8	True
seq.21164.83	Homeobox protein TGIF2LX	Q8IUE1	Q8IUE1	True
seq.21166.1	Carboxy-terminal domain RNA polymerase II polypeptide A small phosphatase 1	Q9GZU7	Q9GZU7	True
seq.21167.33	Phosphatidylglycerophosphatase and protein-tyrosine phosphatase 1	Q8WUK0	Q8WUK0	True
seq.21172.11	Mesoderm development candidate 1	Q9H1K6	Q9H1K6	True
seq.21173.25	ELAV-like protein 2	Q12926	Q12926	True
seq.21178.8	Probable cytosolic iron-sulfur protein assembly protein CIAO1	O76071	O76071	True
seq.21180.16	PI-PLC X domain-containing protein 3	Q63HM9	Q63HM9	True
seq.21181.10	LRP2-binding protein	Q9P2M1	Q9P2M1	True
seq.21182.8	tRNA-splicing endonuclease subunit Sen15	Q8WW01	Q8WW01	True
seq.21183.1	Dual specificity protein phosphatase 10	Q9Y6W6	Q9Y6W6	True
seq.21184.1	Biogenesis of lysosome-related organelles complex 1 subunit 2	Q6QNY1	Q6QNY1	True
seq.21188.38	RWD domain-containing protein 4	Q6NW29	Q6NW29	True
seq.21189.9	Nucleotide-binding protein 1	P53384	P53384	True
seq.21190.4	Ubiquitin-conjugating enzyme E2 W	Q96B02	Q96B02	True
seq.21191.24	Dual specificity protein phosphatase 21	Q9H596	Q9H596	True
seq.21193.1	Dimethyladenosine transferase 2, mitochondrial	Q9H5Q4	Q9H5Q4	True
seq.21194.39	POU domain, class 6, transcription factor 1	Q14863	Q14863	True
seq.21196.29	SAM domain-containing protein SAMSN-1	Q9NSI8	Q9NSI8	True
seq.21203.14	MORF4 family-associated protein 1-like 1	Q96HT8	Q96HT8	True
seq.21204.70	Desumoylating isopeptidase 1	Q6ICB0	Q6ICB0	True
seq.21206.218	HCLS1-associated protein X-1	O00165	O00165	True
seq.21207.1	Bifunctional coenzyme A synthase	Q13057	Q13057	True
seq.21208.163	CCAAT/enhancer-binding protein epsilon	Q15744	Q15744	True
seq.21210.33	DNA polymerase beta	P06746	P06746	True
seq.21217.20	Prohibitin-2	Q99623	Q99623	True
seq.21219.7	RPA-interacting protein	Q86UA6	Q86UA6	True
seq.21220.11	GTP-binding protein SAR1b	Q9Y6B6	Q9Y6B6	True
seq.21221.67	Serpin B9	P50453	P50453	True
seq.21227.18	SULT 1A1*2	P50225	P50225	True
seq.21229.5	Transmembrane and immunoglobulin domain-containing protein 2	Q96BF3	Q96BF3	True
seq.21231.3	Neuronal acetylcholine receptor subunit alpha-5	P30532	P30532	True
seq.21232.39	Benign Prostate specific Antigen	P07288	P07288	True
seq.21234.7	Ankyrin repeat and SOCS box protein 13	Q8WXK3	Q8WXK3	True
seq.21235.11	Importin subunit alpha-6	O15131	O15131	True
seq.21236.12	Transmembrane emp24 domain-containing protein 9	Q9BVK6	Q9BVK6	True
seq.21237.24	Protein-arginine deiminase type-4	Q9UM07	Q9UM07	True
seq.21238.40	CDK5 regulatory subunit-associated protein 3	Q96JB5	Q96JB5	True
seq.21239.31	Cytohesin-1	Q15438	Q15438	True
seq.21240.6	Aminomethyltransferase, mitochondrial	P48728	P48728	True
seq.21241.1	N-acetyltransferase 6	Q93015	Q93015	True
seq.21244.57	Nucleophosmin	P06748	P06748	True
seq.21247.16	S-adenosylmethionine synthase isoform type-1	Q00266	Q00266	True
seq.21249.115	DNA fragmentation factor subunit alpha	O00273	O00273	True
seq.21255.2	Regulator of G-protein signaling 16	O15492	O15492	True
seq.21260.74	Small nuclear ribonucleoprotein E	P62304	P62304	True
seq.21269.198	Epoxide hydrolase 2	P34913	P34913	True
seq.21271.53	Aldo-keto reductase family 1 member C2	P52895	P52895	True
seq.21272.100	UPF0568 protein C14orf166	Q9Y224	Q9Y224	True
seq.21276.11	CD133 antigen	O43490	O43490	True
seq.21280.13	TSC22 domain family protein 3	Q99576	Q99576	True
seq.21281.13	Calcium/calmodulin-dependent protein kinase II inhibitor 2	Q96S95	Q96S95	True
seq.21282.21	TNFAIP3-interacting protein 1	Q15025	Q15025	True
seq.21286.29	60S ribosomal protein L11	P62913	P62913	True
seq.21289.36	Sperm-associated antigen 7	O75391	O75391	True
seq.21290.66	Checkpoint protein HUS1	O60921	O60921	True
seq.21306.7	HAUS augmin-like complex subunit 1	Q96CS2	Q96CS2	True
seq.21308.44	Dehydrogenase/reductase SDR family member 4	Q9BTZ2	Q9BTZ2	True
seq.21310.37	mRNA turnover protein 4 homolog	Q9UKD2	Q9UKD2	True
seq.21311.22	Jun dimerization protein 2	Q8WYK2	Q8WYK2	True
seq.21314.11	Ubiquitin-like modifier-activating enzyme 5	Q9GZZ9	Q9GZZ9	True
seq.21317.25	NF-kappa-B inhibitor-interacting Ras-like protein 1	Q9NYS0	Q9NYS0	True
seq.21319.196	rRNA methyltransferase 1, mitochondrial	Q6IN84	Q6IN84	True
seq.21321.2	U2 small nuclear ribonucleoprotein A'	P09661	P09661	True
seq.21322.60	Transcription initiation factor IIE subunit beta	P29084	P29084	True
seq.21323.2	RWD domain-containing protein 1	Q9H446	Q9H446	True
seq.21326.28	Tubulin-specific chaperone C	Q15814	Q15814	True
seq.21327.12	Modulator of retrovirus infection homolog	Q9BWK5	Q9BWK5	True
seq.21328.2	Synaptotagmin-1	P21579	P21579	True
seq.21329.66	Pyridoxal phosphate phosphatase PHOSPHO2	Q8TCD6	Q8TCD6	True
seq.21330.13	Tyrosyl-tRNA synthetase, mitochondrial	Q9Y2Z4	Q9Y2Z4	True
seq.21331.19	B-cell CLL/lymphoma 7 protein family member A	Q4VC05	Q4VC05	True
seq.21338.44	Nucleotide exchange factor SIL1	Q9H173	Q9H173	True
seq.21339.19	Alanine aminotransferase 2	Q8TD30	Q8TD30	True
seq.21340.38	Hepatic leukemia factor	Q16534	Q16534	True
seq.21341.19	Charged multivesicular body protein 4a	Q9BY43	Q9BY43	True
seq.21342.25	Regulator of G-protein signaling 14	O43566	O43566	True
seq.21343.3	Activity-regulated cytoskeleton-associated protein	Q7LC44	Q7LC44	True
seq.21344.31	Dimethyladenosine transferase 1, mitochondrial	Q8WVM0	Q8WVM0	True
seq.21345.93	Retinol dehydrogenase 12	Q96NR8	Q96NR8	True
seq.21346.71	Dihydroorotate dehydrogenase (quinone), mitochondrial	Q02127	Q02127	True
seq.21348.22	tRNA 2'-phosphotransferase 1	Q86TN4	Q86TN4	True
seq.21349.2	Serine/threonine/tyrosine-interacting protein	Q8WUJ0	Q8WUJ0	True
seq.21350.29	Protein lin-28 homolog B	Q6ZN17	Q6ZN17	True
seq.21351.8	Glycyl t-RNA synthetase	P41250	P41250	True
seq.21354.92	Uracil phosphoribosyltransferase homolog	Q96BW1	Q96BW1	True
seq.21355.4	Upstream stimulatory factor 1	P22415	P22415	True
seq.21356.6	B9 domain-containing protein 2	Q9BPU9	Q9BPU9	True
seq.21357.12	Filamin-binding LIM protein 1	Q8WUP2	Q8WUP2	True
seq.21359.17	Neuronal regeneration-related protein	Q16612	Q16612	True
seq.21360.27	Sperm antigen with calponin homology and coiled-coil domains 1	Q5M775	Q5M775	True
seq.21361.8	Protein TXNRD3NB	Q6F5E7	Q6F5E7	True
seq.21365.5	Cytohesin-3	O43739	O43739	True
seq.21366.7	RNA-binding protein Musashi homolog 2	Q96DH6	Q96DH6	True
seq.21367.63	Nuclear receptor-binding factor 2	Q96F24	Q96F24	True
seq.21368.46	DNA-directed RNA polymerase III subunit RPC10	Q9Y2Y1	Q9Y2Y1	True
seq.21369.15	RNA 3'-terminal phosphate cyclase	O00442	O00442	True
seq.21370.45	Spindle and kinetochore-associated protein 1	Q96BD8	Q96BD8	True
seq.21371.12	Bifunctional lysine-specific demethylase and histidyl-hydroxylase MINA	Q8IUF8	Q8IUF8	True
seq.21373.8	Queuine tRNA-ribosyltransferase subunit QTRTD1	Q9H974	Q9H974	True
seq.21375.34	Guanine nucleotide exchange factor for Rab-3A	Q8TBN0	Q8TBN0	True
seq.21378.7	Polyribonucleotide nucleotidyltransferase 1, mitochondrial	Q8TCS8	Q8TCS8	True
seq.21379.30	Ethanolamine kinase 2	Q9NVF9	Q9NVF9	True
seq.21380.77	Queuine tRNA-ribosyltransferase	Q9BXR0	Q9BXR0	True
seq.21381.73	TBC1 domain family member 22B	Q9NU19	Q9NU19	True
seq.21382.70	Zinc phosphodiesterase ELAC protein 1	Q9H777	Q9H777	True
seq.21383.37	Asparaginyl-tRNA synthetase, cytoplasmic	O43776	O43776	True
seq.21384.2	Alpha-L-fucoside fucohydrolase	P04066	P04066	True
seq.21385.5	SLIT and NTRK-like protein 2	Q9H156	Q9H156	True
seq.21387.64	Meprin A subunit alpha	Q16819	Q16819	True
seq.21389.32	Serine/threonine-protein kinase 3	Q13188	Q13188	True
seq.21390.68	L-dopachrome tautomerase	P40126	P40126	True
seq.21391.17	Choriogonadotropin subunit beta 3	P0DN86	P0DN86	True
seq.21392.15	Melanoma-associated antigen D1	Q9Y5V3	Q9Y5V3	True
seq.21393.62	Adenosylhomocysteinase	P23526	P23526	True
seq.21395.23	Protocadherin-17	O14917	O14917	True
seq.21397.21	Protogenin	Q2VWP7	Q2VWP7	True
seq.21403.39	Tuberin	P49815	P49815	True
seq.21406.25	Mitogen-activated protein kinase kinase kinase 11	Q16584	Q16584	True
seq.21415.212	Mitogen-activated protein kinase kinase kinase 3	Q99759	Q99759	True
seq.21426.88	Ceramide-1-phosphate transfer protein	Q5TA50	Q5TA50	True
seq.21429.50	Thimet oligopeptidase	P52888	P52888	True
seq.21430.4	Cytosolic phospholipase A2 alpha	P47712	P47712	True
seq.21433.3	Butyrophilin subfamily 3 member A2	P78410	P78410	True
seq.21435.143	Serine/threonine-protein kinase SRPK2	P78362	P78362	True
seq.21436.56	Cysteine protease ATG4A	Q8WYN0	Q8WYN0	True
seq.21437.77	Methylated-DNA--protein-cysteine methyltransferase	P16455	P16455	True
seq.21438.45	Tripartite motif-containing protein 5	Q9C035	Q9C035	True
seq.21439.37	Hematopoietic lineage cell-specific protein	P14317	P14317	True
seq.21440.9	ADAM 8	P78325	P78325	True
seq.21441.20	gp75	P17643	P17643	True
seq.21444.40	Kallikrein 2	P20151	P20151	True
seq.21445.40	Ubiquitin-like protein Nedd8	Q15843	Q15843	True
seq.21450.333	Caspase-10:region 2	Q92851	Q92851	True
seq.21452.3	Dynamin-1-like protein	O00429	O00429	True
seq.21457.141	Coenzyme Q-binding protein COQ10 homolog A, mitochondrial	Q96MF6	Q96MF6	True
seq.21464.2	Baculoviral IAP repeat-containing protein 2	Q13490	Q13490	True
seq.21475.137	Thioredoxin-like protein 1	O43396	O43396	True
seq.21476.43	Endonuclease 8-like 2	Q969S2	Q969S2	True
seq.21477.105	Macrophage erythroblast attacher	Q7L5Y9	Q7L5Y9	True
seq.21478.20	SMAD5	Q99717	Q99717	True
seq.21480.2	CD82 antigen	P27701	P27701	True
seq.21483.155	cAMP-dependent protein kinase type I-alpha regulatory subunit	P10644	P10644	True
seq.21487.20	Biogenesis of lysosome-related organelles complex 1 subunit 6	Q9UL45	Q9UL45	True
seq.21491.7	Vascular adhesion protein-1	Q16853	Q16853	True
seq.21492.19	Clusterin-like protein 1	Q15846	Q15846	True
seq.21495.134	Prosaposin receptor GPR37	O15354	O15354	True
seq.21497.32	Hypoxia up-regulated protein 1	Q9Y4L1	Q9Y4L1	True
seq.21498.3	Alpha-aminoadipic semialdehyde dehydrogenase	P49419	P49419	True
seq.21499.17	5-demethoxyubiquinone hydroxylase, mitochondrial	Q99807	Q99807	True
seq.21501.30	Farnesyl pyrophosphate synthetase	P14324	P14324	True
seq.21503.12	Thyrotropin receptor	P16473	P16473	True
seq.21504.41	Eukaryotic translation initiation factor 2C 2	Q9UKV8	Q9UKV8	True
seq.21507.48	COMM domain-containing protein 8	Q9NX08	Q9NX08	True
seq.21508.7	Alpha-N-acetylneuraminide alpha-2,8-sialyltransferase	Q92185	Q92185	True
seq.21509.29	Glycosyltransferase 8 domain-containing protein 2	Q9H1C3	Q9H1C3	True
seq.21510.24	G protein-coupled receptor kinase 5	P34947	P34947	True
seq.21512.6	ER degradation-enhancing alpha-mannosidase-like 2	Q9BV94	Q9BV94	True
seq.21513.1	Caspase-7	P55210	P55210	True
seq.21514.1	Platelet glycoprotein Ib beta chain	P13224	P13224	True
seq.21515.61	Acetoacetyl-CoA synthetase	Q86V21	Q86V21	True
seq.21521.17	Tryptophan 5-hydroxylase 1	P17752	P17752	True
seq.21523.71	Integrin-linked kinase-associated serine/threonine phosphatase 2C	Q9H0C8	Q9H0C8	True
seq.21524.14	Ubiquitin carboxyl-terminal hydrolase 5	P45974	P45974	True
seq.21526.88	Izumo sperm-egg fusion protein 1	Q8IYV9	Q8IYV9	True
seq.21528.12	Bcl-2-modifying factor	Q96LC9	Q96LC9	True
seq.21529.6	Ubiquitin-associated and SH3 domain-containing protein A	P57075	P57075	True
seq.21533.51	Lymphocyte-specific protein 1	P33241	P33241	True
seq.21535.5	Alanyl-tRNA editing protein Aarsd1	Q9BTE6	Q9BTE6	True
seq.21536.65	Complexin-3	Q8WVH0	Q8WVH0	True
seq.21537.33	Selenocysteine lyase	Q96I15	Q96I15	True
seq.21539.139	Synaptotagmin-6	Q5T7P8	Q5T7P8	True
seq.21540.73	Bridging integrator 2	Q9UBW5	Q9UBW5	True
seq.21544.4	Atlastin-3	Q6DD88	Q6DD88	True
seq.21545.51	Musculoskeletal embryonic nuclear protein 1	Q8IVN3	Q8IVN3	True
seq.21546.20	Adhesion G-protein coupled receptor D1	Q6QNK2	Q6QNK2	True
seq.21547.6	Dentin matrix protein 4	Q8IXL6	Q8IXL6	True
seq.21548.20	Gamma-glutamyltransferase 5	P36269	P36269	True
seq.21549.144	Beta-tectorin	Q96PL2	Q96PL2	True
seq.21552.9	Peroxisomal acyl-coenzyme A oxidase 1	Q15067	Q15067	True
seq.21555.17	Protein FAM3A	P98173	P98173	True
seq.21562.3	Secretoglobin family 1D member 1	O95968	O95968	True
seq.21563.3	sPLA(2)-XII	Q9BZM1	Q9BZM1	True
seq.21567.214	Complement C1q tumor necrosis factor-related protein 4	Q9BXJ3	Q9BXJ3	True
seq.21569.49	Serine/threonine kinase 10	O94804	O94804	True
seq.21572.91	Xylosyltransferase 2	Q9H1B5	Q9H1B5	True
seq.21574.106	S100 calcium-binding protein A15	Q86SG5	Q86SG5	True
seq.21577.35	FK506-binding protein 5	Q13451	Q13451	True
seq.21579.35	Myosin-binding protein C, cardiac-type	Q14896	Q14896	True
seq.21581.87	Cyclin-dependent kinase 15	Q96Q40	Q96Q40	True
seq.21583.14	60S ribosomal protein L26-like 1	Q9UNX3	Q9UNX3	True
seq.21588.4	BTB/POZ domain-containing protein KCTD4	Q8WVF5	Q8WVF5	True
seq.21589.80	Developmental pluripotency-associated protein 4	Q7L190	Q7L190	True
seq.21590.9	Ankyrin repeat family A protein 2	Q9H9E1	Q9H9E1	True
seq.21592.8	Cytosolic beta-glucosidase	Q9H227	Q9H227	True
seq.21595.8	Coiled-coil domain-containing protein 43	Q96MW1	Q96MW1	True
seq.21599.6	Cystathionine gamma-lyase	P32929	P32929	True
seq.21600.10	Beta-catenin-interacting protein 1	Q9NSA3	Q9NSA3	True
seq.21604.2	Protein CutA	O60888	O60888	True
seq.21614.2	Gem-associated protein 6	Q8WXD5	Q8WXD5	True
seq.21624.64	NF-kappa-B inhibitor-interacting Ras-like protein 2	Q9NYR9	Q9NYR9	True
seq.21628.6	Eukaryotic translation elongation factor 1 epsilon-1	O43324	O43324	True
seq.21636.63	Nuclear cap-binding protein subunit 2	P52298	P52298	True
seq.21638.5	Peptidyl-prolyl cis-trans isomerase-like 3	Q9H2H8	Q9H2H8	True
seq.21643.8	40S ribosomal protein S20	P60866	P60866	True
seq.21645.6	Smad nuclear-interacting protein 1	Q8TAD8	Q8TAD8	True
seq.21647.9	Spermidine synthase	P19623	P19623	True
seq.21649.12	Syntaxin-17	P56962	P56962	True
seq.21651.9	Thioredoxin-like protein 4A	P83876	P83876	True
seq.21653.205	Ubiquitin-related modifier 1	Q9BTM9	Q9BTM9	True
seq.21655.18	LisH domain-containing protein FOPNL	Q96NB1	Q96NB1	True
seq.21658.15	Prohibitin-2	Q99623	Q99623	True
seq.21660.4	GTP-binding protein SAR1b	Q9Y6B6	Q9Y6B6	True
seq.21661.82	Dentin matrix protein 4	Q8IXL6	Q8IXL6	True
seq.21662.121	Dual specificity tyrosine-phosphorylation-regulated kinase 3	O43781	O43781	True
seq.21663.149	Alpha-N-acetylneuraminide alpha-2,8-sialyltransferase	Q92185	Q92185	True
seq.21664.6	Core histone macro-H2A.1	O75367	O75367	True
seq.21667.57	Calcium/calmodulin-dependent 3',5'-cyclic nucleotide phosphodiesterase 1B	Q01064	Q01064	True
seq.21670.52	NEDD4-like E3 ubiquitin-protein ligase WWP2	O00308	O00308	True
seq.21674.132	Butyrophilin subfamily 1 member A1	Q13410	Q13410	True
seq.21676.17	PAI-2	P05120	P05120	True
seq.21679.16	Cadherin-20	Q9HBT6	Q9HBT6	True
seq.21681.10	ADAM 28	Q9UKQ2	Q9UKQ2	True
seq.21685.29	DCC	P43146	P43146	True
seq.21687.3	Protein phosphatase 1 regulatory subunit 29	Q5R3F8	Q5R3F8	True
seq.21688.50	Very Late Antigen-4	P13612|P05556	P13612|P05556	True
seq.21690.31	Leucine-rich repeat-containing protein 4	Q9HBW1	Q9HBW1	True
seq.21691.27	Leucine-rich repeat and fibronectin type-III domain-containing protein 3	Q9BTN0	Q9BTN0	True
seq.21692.12	CD8A/CD8B Complex	P10966|P01732	P10966|P01732	True
seq.21693.14	Cadherin-13	P55290	P55290	True
seq.21696.80	Leucine-rich repeat and fibronectin type-III domain-containing protein 4	Q6PJG9	Q6PJG9	True
seq.21697.57	Adhesion G-protein coupled receptor F2	Q8IZF7	Q8IZF7	True
seq.21698.11	Integrin a11b1	P05556|Q9UKX5	P05556|Q9UKX5	True
seq.21703.31	Activin RIA	Q04771	Q04771	True
seq.21704.8	Protocadherin-12	Q9NPG4	Q9NPG4	True
seq.21705.33	Meteorin-like protein	Q641Q3	Q641Q3	True
seq.21706.29	Leukocyte immunoglobulin-like receptor subfamily A member 1	O75019	O75019	True
seq.21707.15	Complement C1q-like protein 3	Q5VWW1	Q5VWW1	True
seq.21708.149	IgG receptor FcRn large subunit p51	P55899	P55899	True
seq.21710.16	Neuroligin-4, Y-linked	Q8NFZ3	Q8NFZ3	True
seq.21711.86	Brain-specific angiogenesis inhibitor 1	O14514	O14514	True
seq.21713.11	Reelin	P78509	P78509	True
seq.21715.40	Sentrin-specific protease 1	Q9P0U3	Q9P0U3	True
seq.21716.29	Alpha-(1,3)-fucosyltransferase	Q11130	Q11130	True
seq.21717.44	Ubiquitin-conjugating enzyme E2 Q2	Q8WVN8	Q8WVN8	True
seq.21718.150	Hyaluronidase-4	Q2M3T9	Q2M3T9	True
seq.21720.13	Alpha-(1,3)-fucosyltransferase 11	Q495W5	Q495W5	True
seq.21721.6	Carbohydrate sulfotransferase 10	O43529	O43529	True
seq.21722.21	Polypeptide N-acetylgalactosaminyltransferase 4	Q8N4A0	Q8N4A0	True
seq.21724.22	N-acetylgalactosamine-6-sulfatase	P34059	P34059	True
seq.21726.73	Alpha-N-acetyl-neuraminyl-2,3-beta-galactosyl-1,3-N-acetyl-galactosaminide alpha-2,6-sialyltransferase	Q9H4F1	Q9H4F1	True
seq.21727.15	Ubiquitin-conjugating enzyme E2 Q1	Q7Z7E8	Q7Z7E8	True
seq.21728.4	Ubiquitin carboxyl-terminal hydrolase 2	O75604	O75604	True
seq.21730.56	Ubiquitin carboxyl-terminal hydrolase 19	O94966	O94966	True
seq.21732.78	Ubiquitin-conjugating enzyme E2 Q1	Q7Z7E8	Q7Z7E8	True
seq.21733.11	UDP-N-acetylglucosamine--peptide N-acetylglucosaminyltransferase 110 kDa subunit	O15294	O15294	True
seq.21734.36	C1GLT/C1GLC Complex	Q96EU7|Q9NS00	Q96EU7|Q9NS00	True
seq.21736.60	Heparan sulfate 2-O-sulfotransferase 1	Q7LGA3	Q7LGA3	True
seq.21737.20	Beta-galactoside alpha-2,6-sialyltransferase 2	Q96JF0	Q96JF0	True
seq.21739.7	Bifunctional UDP-N-acetylglucosamine 2-epimerase/N-acetylmannosamine kinase	Q9Y223	Q9Y223	True
seq.21740.26	Ubiquitin carboxyl-terminal hydrolase 1	O94782	O94782	True
seq.21742.43	OTU domain-containing protein 7B	Q6GQQ9	Q6GQQ9	True
seq.21743.1	WD repeat-containing protein 48	Q8TAF3	Q8TAF3	True
seq.21746.13	Ubiquitin carboxyl-terminal hydrolase 10	Q14694	Q14694	True
seq.21747.114	UBE2N (Ubc13)/Uev1a Complex	P61088|Q13404	P61088|Q13404	True
seq.21747.8	UBE2N (Ubc13)/Uev1a Complex	Q13404|P61088	Q13404|P61088	True
seq.21748.36	UBP46/WDR48 Complex	P62068|Q8TAF3	P62068|Q8TAF3	True
seq.21750.25	Ubiquitin carboxyl-terminal hydrolase BAP1	Q92560	Q92560	True
seq.21751.6	USP12/WDR48 Complex	Q8TAF3|O75317	Q8TAF3|O75317	True
seq.21752.10	Mitochondrial Rho GTPase 1	Q8IXI2	Q8IXI2	True
seq.21754.5	Ubiquitin thioesterase ZRANB1	Q9UGI0	Q9UGI0	True
seq.21755.27	Ubiquitin carboxyl-terminal hydrolase 12	O75317	O75317	True
seq.21756.5	UBE2N/UBE2V2 Complex	Q15819|P61088	Q15819|P61088	True
seq.21757.49	Ubiquitin carboxyl-terminal hydrolase 22	Q9UPT9	Q9UPT9	True
seq.21758.65	Sentrin-specific protease 2	Q9HC62	Q9HC62	True
seq.21759.23	UBP1/WDR48 Complex	O94782|Q8TAF3	O94782|Q8TAF3	True
seq.21760.22	Ubiquitin-activating enzyme E1	P22314	P22314	True
seq.21761.213	Ubiquitin carboxyl-terminal hydrolase 46	P62068	P62068	True
seq.21762.32	Ubiquitin carboxyl-terminal hydrolase 11	P51784	P51784	True
seq.21763.46	Ubiquitin carboxyl-terminal hydrolase 4	Q13107	Q13107	True
seq.21764.99	Ubiquitin carboxyl-terminal hydrolase 30	Q70CQ3	Q70CQ3	True
seq.21765.10	Ubiquitin carboxyl-terminal hydrolase CYLD	Q9NQC7	Q9NQC7	True
seq.21766.50	N-sulphoglucosamine sulphohydrolase	P51688	P51688	True
seq.21767.129	Polypeptide N-acetylgalactosaminyltransferase 14	Q96FL9	Q96FL9	True
seq.21768.9	Alpha-1,6-mannosylglycoprotein 6-beta-N-acetylglucosaminyltransferase A	Q09328	Q09328	True
seq.21769.10	Xylulose kinase	O75191	O75191	True
seq.21770.18	Galactosylgalactosylxylosylprotein 3-beta-glucuronosyltransferase 1	Q9P2W7	Q9P2W7	True
seq.21771.47	Beta-1,4-mannosyl-glycoprotein 4-beta-N-acetylglucosaminyltransferase	Q09327	Q09327	True
seq.21780.15	Protein ABHD4	Q8TB40	Q8TB40	True
seq.21781.9	Aspartoacylase-2	Q96HD9	Q96HD9	True
seq.21786.25	Cyclin-dependent kinase-like 2	Q92772	Q92772	True
seq.21793.4	FGFR1 oncogene partner	O95684	O95684	True
seq.21796.43	Glutathione peroxidase 3	P22352	P22352	True
seq.21797.4	HLA-C	P10321	P10321	True
seq.21799.15	Homer protein homolog 3	Q9NSC5	Q9NSC5	True
seq.21802.53	Endonuclease 8-like 1	Q96FI4	Q96FI4	True
seq.21804.15	Putative KHDC1-like protein	Q5JSQ8	Q5JSQ8	True
seq.21810.50	MART-1	Q16655	Q16655	True
seq.21811.20	Nucleolar protein of 40 kDa	Q9NP64	Q9NP64	True
seq.21813.171	Alpha-1,6-mannosylglycoprotein 6-beta-N-acetylglucosaminyltransferase A	Q09328	Q09328	True
seq.21814.13	Methylmalonic aciduria and homocystinuria type D protein, mitochondrial	Q9H3L0	Q9H3L0	True
seq.21815.7	MOB kinase activator 3B	Q86TA1	Q86TA1	True
seq.21817.5	Myosin, light chain 9, regulatory	P24844	P24844	True
seq.21819.9	Negative elongation factor E	P18615	P18615	True
seq.2182.54	Complement C4b	P0C0L5|P0C0L4	P0C0L5|P0C0L4	True
seq.21821.9	Peptidyl-prolyl cis-trans isomerase A-like 4D	F5H284	F5H284	True
seq.21823.5	Protein phosphatase 1G	O15355	O15355	True
seq.21827.7	Rho-related GTP-binding protein RhoQ	P17081	P17081	True
seq.21828.6	Ribophorin II	P04844	P04844	True
seq.21829.8	40S ribosomal protein S12	P25398	P25398	True
seq.21832.31	Squamous cell carcinoma antigen 1	P29508	P29508	True
seq.21833.6	silent mating type information regulation 2 homolog	Q8N6T7	Q8N6T7	True
seq.21836.9	Somatostatin receptor type 1	P30872	P30872	True
seq.21837.3	Translocon-associated protein subunit beta	P43308	P43308	True
seq.21839.3	POU domain class 2-associating factor 1	Q16633	Q16633	True
seq.21848.18	Ubiquitin-conjugating enzyme E2 R2	Q712K3	Q712K3	True
seq.21849.2	Ubiquilin-3	Q9H347	Q9H347	True
seq.21853.3	CLEC-1	Q8NC01	Q8NC01	True
seq.21856.59	Ketohexokinase	P50053	P50053	True
seq.21857.26	Guanine nucleotide-binding protein subunit beta-2-like 1	P63244	P63244	True
seq.21858.25	E3 ubiquitin-protein ligase SIAH1	Q8IUQ4	Q8IUQ4	True
seq.21861.8	Proteasome subunit beta type-10	P40306	P40306	True
seq.21862.145	LIM and SH3 domain protein 1	Q14847	Q14847	True
seq.21863.11	Cytosolic Fe-S cluster assembly factor NUBP2	Q9Y5Y2	Q9Y5Y2	True
seq.21864.20	Protein MAK16 homolog	Q9BXY0	Q9BXY0	True
seq.21875.31	AN1-type zinc finger protein 3	Q9H8U3	Q9H8U3	True
seq.21876.266	PRKCA-binding protein	Q9NRD5	Q9NRD5	True
seq.21883.17	Bone morphogenetic protein 5	P22003	P22003	True
seq.21885.196	Nucleolysin TIA-1 isoform p40	P31483	P31483	True
seq.21887.2	Cerebellin-2	Q8IUK8	Q8IUK8	True
seq.21889.2	Uncharacterized protein C7orf24	O75223	O75223	True
seq.21891.31	Fibulin-7	Q53RD9	Q53RD9	True
seq.21895.36	Interferon lambda-4	K9M1U5	K9M1U5	True
seq.21897.4	IL-17/IL-17F	Q96PD4|Q16552	Q96PD4|Q16552	True
seq.21899.36	inhibin A	P08476|P05111	P08476|P05111	True
seq.2190.55	Coagulation Factor XI	P03951	P03951	True
seq.21901.14	Integrin a3b1	P26006|P05556	P26006|P05556	True
seq.21903.6	Integrin alpha L beta 2	P05107|P20701	P05107|P20701	True
seq.21905.10	Integrin alpha-2/b1	P05556|P17301	P05556|P17301	True
seq.21909.10	Integrin a5b1	P05556|P08648	P05556|P08648	True
seq.21909.2	Integrin a5b1	P08648|P05556	P08648|P05556	True
seq.21911.17	Norrin	Q00604	Q00604	True
seq.21913.5	Transcription factor YY2	O15391	O15391	True
seq.21915.2	OTU domain-containing protein 3	Q5T2D3	Q5T2D3	True
seq.21916.82	Ubiquitin thioesterase otulin	Q96BN8	Q96BN8	True
seq.2192.63	C-C motif chemokine 27	Q9Y4X3	Q9Y4X3	True
seq.21923.24	SAE1/SAE2	Q9UBT2|Q9UBE0	Q9UBT2|Q9UBE0	True
seq.21925.15	Transforming growth factor beta-1	P01137	P01137	True
seq.21926.24	UB2D1/PolyUbiquitin K48	P0CG47|P51668	P0CG47|P51668	True
seq.21929.53	UB2D3/PolyUbiquitin K48	P61077|P0CG47	P61077|P0CG47	True
seq.21931.16	UB2L3/PolyUbiquitin K48	P68036|P0CG47	P68036|P0CG47	True
seq.21931.27	UB2L3/PolyUbiquitin K48	P68036|P0CG47	P68036|P0CG47	True
seq.21933.7	Ubiquitin-like modifier-activating enzyme 7	P41226	P41226	True
seq.21935.16	Ubiquitin-conjugating enzyme E2 H	P62256	P62256	True
seq.21939.6	ULA1/UBA3	Q8TBC4|Q13564	Q8TBC4|Q13564	True
seq.21940.12	Protein Wnt-10b	O00744	O00744	True
seq.21942.14	Protein Wnt-16	Q9UBV4	Q9UBV4	True
seq.21943.170	Protein Wnt-16	Q9UBV4	Q9UBV4	True
seq.21945.4	Protein Wnt-5b	Q9H1J7	Q9H1J7	True
seq.21946.79	IL-6/IL-6 sRa Complex	P08887|P05231	P08887|P05231	True
seq.21949.4	Amyloid beta A4 precursor protein-binding family B member 1-interacting protein	Q7Z5R6	Q7Z5R6	True
seq.21951.32	Aryl hydrocarbon receptor nuclear translocator	P27540	P27540	True
seq.21955.36	Large proline-rich protein BAT3	P46379	P46379	True
seq.21957.12	Phosphoinositide 3-kinase adapter protein 1	Q6ZUJ8	Q6ZUJ8	True
seq.21958.4	Active breakpoint cluster region-related protein	Q12979	Q12979	True
seq.21961.14	CD2-associated protein	Q9Y5K6	Q9Y5K6	True
seq.21963.48	Disabled homolog 2	P98082	P98082	True
seq.21967.20	Corticosteroid 11-beta-dehydrogenase isozyme 1	P28845	P28845	True
seq.21969.5	Dipeptidyl aminopeptidase-like protein 6	P42658	P42658	True
seq.21971.47	Friend leukemia integration 1 transcription factor	Q01543	Q01543	True
seq.21975.22	Islet cell autoantigen 1	Q05084	Q05084	True
seq.21976.4	I-kappa-B kinase gamma	Q9Y6K9	Q9Y6K9	True
seq.21979.12	Integrin alpha-6	P23229	P23229	True
seq.21979.8	Integrin alpha-6	P23229	P23229	True
seq.21981.2	Integrin alpha-M	P11215	P11215	True
seq.21985.61	Integrin beta-1-binding protein 2	Q9UKP3	Q9UKP3	True
seq.21987.76	Lipoprotein lipase	P06858	P06858	True
seq.21989.12	Mitogen-activated protein kinase kinase kinase kinase 5	Q9Y4K4	Q9Y4K4	True
seq.21991.79	Neurabin-2	Q96SB3	Q96SB3	True
seq.21995.20	NOS	P29474	P29474	True
seq.21996.28	NEDD8 ultimate buster 1	Q9Y5A7	Q9Y5A7	True
seq.21999.61	Nucleobindin-2	P80303	P80303	True
seq.22001.23	Protein-arginine deiminase type-2	Q9Y2J8	Q9Y2J8	True
seq.22003.4	Paraoxonase 2	Q15165	Q15165	True
seq.22005.8	[Pyruvate dehydrogenase [acetyl-transferring]]-phosphatase 1, mitochondrial	Q9P0J1	Q9P0J1	True
seq.22007.1	Resistin-like beta	Q9BQ08	Q9BQ08	True
seq.22009.1	Protein phosphatase 1B	O75688	O75688	True
seq.2201.17	Endostatin	P39060	P39060	True
seq.22010.36	Interferon-inducible double-stranded RNA-dependent protein kinase activator A	O75569	O75569	True
seq.22013.6	Ras association domain-containing protein 2	P50749	P50749	True
seq.22015.2	E3 ubiquitin-protein ligase TRIM21	P19474	P19474	True
seq.22019.21	SH2B adapter protein 3	Q9UQQ2	Q9UQQ2	True
seq.22023.3	Kynurenine/alpha-aminoadipate aminotransferase, mitochondrial	Q8N5Z0	Q8N5Z0	True
seq.22027.13	Transforming acidic coiled-coil-containing protein 3	Q9Y6A5	Q9Y6A5	True
seq.22033.32	Wiskott-Aldrich syndrome protein	P42768	P42768	True
seq.22033.7	Wiskott-Aldrich syndrome protein	P42768	P42768	True
seq.22034.61	Zinc finger and BTB domain-containing protein 16	Q05516	Q05516	True
seq.22037.47	EF-hand domain-containing protein D2	Q96C19	Q96C19	True
seq.22041.26	Dual specificity mitogen-activated protein kinase kinase 5	Q13163	Q13163	True
seq.22043.174	Heat shock-related 70 kDa protein 2	P54652	P54652	True
seq.22045.8	Small ubiquitin-related modifier 4	Q6EEV6	Q6EEV6	True
seq.22047.46	Collagen alpha-1(V) chain	P20908	P20908	True
seq.22049.24	14-3-3 protein eta	Q04917	Q04917	True
seq.22050.19	KxDL motif-containing protein 1	Q9BQD3	Q9BQD3	True
seq.22055.31	Forkhead box protein O1A	Q12778	Q12778	True
seq.22057.9	Aldehyde dehydrogenase X, mitochondrial	P30837	P30837	True
seq.22059.56	Palmdelphin	Q9NP74	Q9NP74	True
seq.22063.20	Calpain small subunit 2	Q96L46	Q96L46	True
seq.22065.32	Interferon regulatory factor 8	Q02556	Q02556	True
seq.22068.5	Serine/threonine-protein phosphatase 2A 56 kDa regulatory subunit delta isoform	Q14738	Q14738	True
seq.22070.5	Rho guanine nucleotide exchange factor 16	Q5VV41	Q5VV41	True
seq.22071.38	Ankyrin repeat and SOCS box protein 8	Q9H765	Q9H765	True
seq.22073.47	ATP synthase B chain, mitochondrial	P24539	P24539	True
seq.22074.35	Ataxin-2-binding protein 1	Q9NWB1	Q9NWB1	True
seq.22075.16	Cyclic AMP-dependent transcription factor ATF-3	P18847	P18847	True
seq.22076.34	Protein atonal homolog 1	Q92858	Q92858	True
seq.22077.46	Mitochondrial inner membrane protease ATP23 homolog	Q9Y6H3	Q9Y6H3	True
seq.22078.4	Tyrosine aminotransferase	P17735	P17735	True
seq.22080.22	BTB/POZ domain-containing adapter for CUL3-mediated RhoA degradation protein 1	Q8WZ19	Q8WZ19	True
seq.22082.25	Protein BEX2	Q9BXY8	Q9BXY8	True
seq.22083.60	Protein BEX5	Q5H9J7	Q5H9J7	True
seq.22085.86	Polycomb complex protein BMI-1	P35226	P35226	True
seq.22086.2	Breast cancer metastasis-suppressor 1-like protein	Q5PSV4	Q5PSV4	True
seq.22088.3	Protein BTG1	P62324	P62324	True
seq.22089.13	Protein BTG4	Q9NY30	Q9NY30	True
seq.22091.14	Beta-ureidopropionase	Q9UBR1	Q9UBR1	True
seq.22092.43	Caspase-4	P49662	P49662	True
seq.22094.15	Uncharacterized protein C2orf73	Q8N5S3	Q8N5S3	True
seq.22095.29	Chromobox protein homolog 2	Q14781	Q14781	True
seq.22098.10	Cyclin-Y-like protein 1	Q8N7R7	Q8N7R7	True
seq.22099.1	Uncharacterized protein C4orf36	Q96KX1	Q96KX1	True
seq.22103.25	Cyclin-dependent kinase 20	Q8IZL9	Q8IZL9	True
seq.22104.39	Homeobox protein CDX-1	P47902	P47902	True
seq.2211.9	Metalloproteinase inhibitor 1	P01033	P01033	True
seq.22112.30	2-methoxy-6-polyprenyl-1,4-benzoquinol methylase, mitochondrial	Q5HYK3	Q5HYK3	True
seq.22113.2	Ubiquinone biosynthesis monooxygenase COQ6, mitochondrial	Q9Y2Z9	Q9Y2Z9	True
seq.22114.4	Uncharacterized protein C18orf54	Q8IYD9	Q8IYD9	True
seq.22115.2	cAMP-responsive element-binding protein-like 2	O60519	O60519	True
seq.22116.9	cAMP-responsive element modulator	Q03060	Q03060	True
seq.22118.7	Chondrosarcoma-associated gene 2/3 protein	Q9Y5P2	Q9Y5P2	True
seq.22119.18	COP9 signalosome complex subunit 8	Q99627	Q99627	True
seq.2212.69	Tissue-type plasminogen activator	P00750	P00750	True
seq.22120.4	DDB1- and CUL4-associated factor 11	Q8TEB1	Q8TEB1	True
seq.22121.43	DDB1- and CUL4-associated factor 12	Q5T6F0	Q5T6F0	True
seq.22123.15	Homeobox protein DLX-2	Q07687	Q07687	True
seq.22124.94	Dystrotelin	A2CJ06	A2CJ06	True
seq.22125.9	E2F5	Q15329	Q15329	True
seq.22128.8	ETS domain-containing protein Elk-4	P28324	P28324	True
seq.22129.55	RNA polymerase II elongation factor ELL3	Q9HB65	Q9HB65	True
seq.22136.9	Nuclease EXOG, mitochondrial	Q9Y2C4	Q9Y2C4	True
seq.22137.3	Protein FAM102B	Q5T8I3	Q5T8I3	True
seq.22140.6	Protein FAM204A	Q9H8W3	Q9H8W3	True
seq.22141.59	6-phosphofructo-2-kinase/fructose-2,6-bisphosphatase 1	P16118	P16118	True
seq.22142.4	Putative protein N-methyltransferase FAM86B1	Q8N7N1	Q8N7N1	True
seq.22143.6	F-box only protein 28	Q9NVF7	Q9NVF7	True
seq.22144.65	F-box only protein 48	Q5FWF7	Q5FWF7	True
seq.22146.20	Fos-related antigen 2	P15408	P15408	True
seq.22147.19	Forkhead box protein O4	P98177	P98177	True
seq.22148.135	Forkhead box protein P3	Q9BZS1	Q9BZS1	True
seq.22149.2	FUN14 domain-containing protein 1	Q8IVP5	Q8IVP5	True
seq.22150.2	GA-binding protein subunit beta-1	Q06547	Q06547	True
seq.22151.48	Homeobox protein goosecoid-2	O15499	O15499	True
seq.22152.162	Polypeptide N-acetylgalactosaminyltransferase 9	Q9HCQ5	Q9HCQ5	True
seq.22154.37	GATA zinc finger domain-containing protein 1	Q8WUU5	Q8WUU5	True
seq.22155.44	Gem-associated protein 7	Q9H840	Q9H840	True
seq.22363.31	tRNA-specific adenosine deaminase 1	Q9BUB4	Q9BUB4	True
seq.22365.52	Cyclic AMP-dependent transcription factor ATF-5	Q9Y2D1	Q9Y2D1	True
seq.22367.17	UPF0705 protein C11orf49	Q9H6J7	Q9H6J7	True
seq.22369.12	Doublesex- and mab-3-related transcription factor C2	Q8IXT2	Q8IXT2	True
seq.22371.46	Protein FAM110A	Q9BQ89	Q9BQ89	True
seq.22374.56	Hairy/enhancer-of-split related with YRPW motif protein 1	Q9Y5J3	Q9Y5J3	True
seq.22375.15	Homeobox protein Hox-A11	P31270	P31270	True
seq.22376.95	Homeobox protein Hox-A5	P20719	P20719	True
seq.22377.27	Immediate early response gene 2 protein	Q9BTL4	Q9BTL4	True
seq.22378.2	Keratin 34	O76011	O76011	True
seq.22381.1	Endoribonuclease LACTB2	Q53H82	Q53H82	True
seq.22383.21	MITF	O75030	O75030	True
seq.22385.2	PWWP domain-containing protein MUM1	Q2TAK8	Q2TAK8	True
seq.22386.11	Homeobox protein OTX1	P32242	P32242	True
seq.22387.26	Pituitary homeobox 3	O75364	O75364	True
seq.22391.34	Histone deacetylase complex subunit SAP30L	Q9HAJ7	Q9HAJ7	True
seq.22392.5	SERTA domain-containing protein 3	Q9UJW9	Q9UJW9	True
seq.22393.130	Thyroid transcription factor 1-associated protein 26	Q9P031	Q9P031	True
seq.22394.8	Transcription factor 21	O43680	O43680	True
seq.22395.7	Tristetraproline	P26651	P26651	True
seq.22397.2	X-box-binding protein 1	P17861	P17861	True
seq.22398.5	Acidic leucine-rich nuclear phosphoprotein 32 family member C	O43423	O43423	True
seq.22401.26	Guanylyl cyclase-activating protein 2	Q9UMX6	Q9UMX6	True
seq.22402.12	Histone H2A type 1-A	Q96QV6	Q96QV6	True
seq.22403.13	Histone H2B type 1-K	O60814	O60814	True
seq.22404.4	Inositol hexakisphosphate kinase 1	Q92551	Q92551	True
seq.22405.61	Phosphoenolpyruvate carboxykinase [GTP], mitochondrial	Q16822	Q16822	True
seq.22414.127	Serine/threonine-protein kinase tousled-like 1	Q9UKI8	Q9UKI8	True
seq.22417.10	E3 ubiquitin-protein ligase CBL-C	Q9ULV8	Q9ULV8	True
seq.22421.79	E3 ubiquitin-protein ligase pellino homolog 1	Q96FA3	Q96FA3	True
seq.22429.13	Lysine-specific histone demethylase 1A	O60341	O60341	True
seq.22430.15	N-chimaerin	P15882	P15882	True
seq.22431.164	Serum response factor-binding protein 1	Q8NEF9	Q8NEF9	True
seq.22432.83	Serine/threonine-protein kinase SRPK1	Q96SB4	Q96SB4	True
seq.22445.2	Calcium-binding protein 5	Q9NP86	Q9NP86	True
seq.22465.43	Transcription factor HES-1	Q14469	Q14469	True
seq.22466.27	Transcription factor HES-5	Q5TA89	Q5TA89	True
seq.22467.94	HERV-H LTR-associating protein 3	Q9XRX5	Q9XRX5	True
seq.22468.54	Histone H2A type 1	P0C0S8	P0C0S8	True
seq.22469.103	Homeobox protein HMX2	A2RU54	A2RU54	True
seq.2247.20	Prokineticin-1	P58294	P58294	True
seq.22472.4	Transcription factor 12	Q99081	Q99081	True
seq.22474.28	Homeobox protein Hox-C11	O43248	O43248	True
seq.22476.115	Homeobox protein Hox-D4	P09016	P09016	True
seq.22479.64	Inositol hexakisphosphate kinase 2	Q9UHH9	Q9UHH9	True
seq.22481.15	IQ domain-containing protein D	Q96DY2	Q96DY2	True
seq.22482.87	Keratin, type I cytoskeletal 14	P02533	P02533	True
seq.22483.109	Keratin, type II cytoskeletal 71	Q3SY84	Q3SY84	True
seq.22484.17	Casein kinase I isoform alpha-like	Q8N752	Q8N752	True
seq.22485.1	BTB/POZ domain-containing protein KCTD7	Q96MP8	Q96MP8	True
seq.22486.58	Keratin, type II cytoskeletal 6A	P02538	P02538	True
seq.22488.17	Krueppel-like factor 9	Q13886	Q13886	True
seq.22490.16	Lipocalin-like 1 protein	Q6ZST4	Q6ZST4	True
seq.22491.10	LIM domain-binding protein 2	O43679	O43679	True
seq.22492.108	LIM domain only protein 3	Q8TAP4	Q8TAP4	True
seq.22496.21	LYR motif-containing protein 1	O43325	O43325	True
seq.22499.15	Mediator of RNA polymerase II transcription subunit 28	Q9H204	Q9H204	True
seq.22500.9	Mediator of RNA polymerase II transcription subunit 11	Q9P086	Q9P086	True
seq.22503.24	Homeobox protein Mohawk	Q8IYA7	Q8IYA7	True
seq.22504.3	NEDD4-binding protein 2-like 2	Q92802	Q92802	True
seq.22505.24	NAD kinase 2, mitochondrial	Q4G0N4	Q4G0N4	True
seq.22506.25	N-acetyltransferase 5	P61599	P61599	True
seq.22508.2	NADH dehydrogenase	O96000	O96000	True
seq.22509.9	Arginine-hydroxylase NDUFAF5, mitochondrial	Q5TEU4	Q5TEU4	True
seq.22510.6	Nuclear factor erythroid 2-related factor 2	Q16236	Q16236	True
seq.22511.28	Nuclear transcription factor Y subunit alpha	P23511	P23511	True
seq.22512.18	Neuroguidin	Q8NEJ9	Q8NEJ9	True
seq.22514.12	Protein naked cuticle homolog 2	Q969F2	Q969F2	True
seq.22516.30	Neural retina-specific leucine zipper protein	P54845	P54845	True
seq.22517.106	E3 SUMO-protein ligase NSE2	Q96MF7	Q96MF7	True
seq.22518.54	Kinetochore-associated protein NSL1 homolog	Q96IY1	Q96IY1	True
seq.22521.13	Homeobox protein OTX2	P32243	P32243	True
seq.22523.4	Polyadenylate-binding protein 5	Q96DU9	Q96DU9	True
seq.22525.9	Paired box protein Pax-3	P23760	P23760	True
seq.22526.81	Pyruvate dehydrogenase E1 component beta subunit	P11177	P11177	True
seq.22527.4	PDZ and LIM domain protein 3	Q53GG5	Q53GG5	True
seq.22528.1	PHD finger protein 11	Q9UIL8	Q9UIL8	True
seq.22529.31	PHD finger protein 6	Q8IWS0	Q8IWS0	True
seq.22530.111	Phytanoyl-CoA dioxygenase domain-containing protein 1	Q5SRE7	Q5SRE7	True
seq.22531.44	Pituitary homeobox 2	Q99697	Q99697	True
seq.22533.95	Serine/threonine-protein phosphatase 1 regulatory subunit 10	Q96QC0	Q96QC0	True
seq.22534.14	Serine/threonine-protein phosphatase 4 catalytic subunit	P60510	P60510	True
seq.22536.1	Protein phosphatase 1 regulatory subunit 42	Q7Z4L9	Q7Z4L9	True
seq.22537.5	Protein phosphatase PTC7 homolog	Q8NI37	Q8NI37	True
seq.22540.129	Proteasome subunit beta type 7	Q99436	Q99436	True
seq.22541.46	DNA replication complex GINS protein PSF1	Q14691	Q14691	True
seq.22544.10	DNA repair protein RAD51 homolog 3	O43502	O43502	True
seq.22545.20	RNA-binding Raly-like protein	Q86SE5	Q86SE5	True
seq.22547.17	RNA-binding motif, single-stranded-interacting protein 1	P29558	P29558	True
seq.22548.18	Regulator of G-protein signaling 13	O14921	O14921	True
seq.22549.73	RIP	Q13546	Q13546	True
seq.22553.4	60S ribosomal protein L38	P63173	P63173	True
seq.22554.101	39S ribosomal protein L10, mitochondrial	Q7Z7H8	Q7Z7H8	True
seq.22557.68	39S ribosomal protein L50, mitochondrial	Q8N5N7	Q8N5N7	True
seq.22560.1	Protein EVI2A	P22794	P22794	True
seq.22561.3	Uncharacterized protein UNQ511/PRO1026	Q6UX82	Q6UX82	True
seq.22563.4	Kin of IRRE-like protein 1	Q96J84	Q96J84	True
seq.22564.5	Low-density lipoprotein receptor class A domain-containing protein 3	Q86YD5	Q86YD5	True
seq.22566.53	Pituitary adenylate cyclase-activating polypeptide type I receptor	P41586	P41586	True
seq.22568.7	Desmoglein-4	Q86SJ6	Q86SJ6	True
seq.22569.55	TGF-beta receptor type-1	P36897	P36897	True
seq.22572.19	Pepsin A-4	P0DJD7	P0DJD7	True
seq.22576.1	CD209 antigen	Q9NNX6	Q9NNX6	True
seq.22576.2	CD209 antigen	Q9NNX6	Q9NNX6	True
seq.22577.24	Sialic acid-binding Ig-like lectin 14	Q08ET2	Q08ET2	True
seq.22578.17	Roundabout homolog 2	Q9HCK4	Q9HCK4	True
seq.22579.93	Neurexin-1-beta	P58400	P58400	True
seq.22580.29	Ephrin-A2	O43921	O43921	True
seq.22583.47	NKG2D ligand 2	Q9BZM5	Q9BZM5	True
seq.22584.2	Low-density lipoprotein receptor-related protein 6	O75581	O75581	True
seq.22585.5	Frizzled-4	Q9ULV1	Q9ULV1	True
seq.22586.24	Butyrophilin subfamily 2 member A2	Q8WVV5	Q8WVV5	True
seq.22587.37	Ephrin type-A receptor 6	Q9UF33	Q9UF33	True
seq.22588.35	Adhesion G protein-coupled receptor B2	O60241	O60241	True
seq.22589.3	Frizzled-2	Q14332	Q14332	True
seq.22590.68	Frizzled-1	Q9UP38	Q9UP38	True
seq.22591.4	Frizzled-9	O00144	O00144	True
seq.22770.22	Solute carrier family 25 member 38	Q96DW6	Q96DW6	True
seq.22771.6	Sterile alpha motif domain-containing protein 12	Q8N8I0	Q8N8I0	True
seq.22772.125	Sorting and assembly machinery component 50 homolog	Q9Y512	Q9Y512	True
seq.22773.69	Succinate dehydrogenase [ubiquinone] iron-sulfur subunit, mitochondrial	P21912	P21912	True
seq.22774.20	tRNA-splicing endonuclease subunit Sen34	Q9BSV6	Q9BSV6	True
seq.22776.40	Nuclear receptor 0B2	Q15466	Q15466	True
seq.22777.46	S-phase kinase-associated protein 2	Q13309	Q13309	True
seq.22779.75	Single-pass membrane and coiled-coil domain-containing protein 1	Q147U7	Q147U7	True
seq.2278.61	Metalloproteinase inhibitor 2	P16035	P16035	True
seq.22782.80	Kinetochore protein Spc25	Q9HBM1	Q9HBM1	True
seq.22783.40	Transcription factor PU.1	P17947	P17947	True
seq.22784.4	Spermatogenesis-associated protein 22	Q8NHS9	Q8NHS9	True
seq.22786.57	Spermatogenesis-associated protein 46	Q5T0L3	Q5T0L3	True
seq.22787.39	Sperm protein associated with the nucleus on the X chromosome N3	Q5MJ09	Q5MJ09	True
seq.22788.10	Sulfotransferase 6B1	Q6IMI4	Q6IMI4	True
seq.22792.21	Tryptophan--tRNA ligase, mitochondrial	Q9UGM6	Q9UGM6	True
seq.22793.110	Transcription initiation factor IIA subunit 2	P52657	P52657	True
seq.22795.17	Transcriptional adapter 2-alpha	O75478	O75478	True
seq.22796.17	Transcriptional adapter 1	Q96BN2	Q96BN2	True
seq.22797.20	Transcription initiation factor TFIID subunit 12	Q16514	Q16514	True
seq.22798.111	Transcription initiation factor TFIID subunit 8	Q7Z7C8	Q7Z7C8	True
seq.22799.17	TBC1 domain family member 28	Q2M2D7	Q2M2D7	True
seq.22800.24	Telethonin	O15273	O15273	True
seq.22801.83	Telomere repeats-binding bouquet formation protein 2	Q8NHR7	Q8NHR7	True
seq.22802.13	Testis-expressed protein 30	Q5JUR7	Q5JUR7	True
seq.22805.18	THAP domain-containing protein 11	Q96EK4	Q96EK4	True
seq.22806.1	THAP domain-containing protein 2	Q9H0W7	Q9H0W7	True
seq.22808.59	Thyroid hormone receptor beta	P10828	P10828	True
seq.22809.32	Mitochondrial import inner membrane translocase subunit Tim23	O14925	O14925	True
seq.22810.41	TIMELESS-interacting protein	Q9BVW5	Q9BVW5	True
seq.22811.5	Translation machinery-associated protein 16	Q96EY4	Q96EY4	True
seq.22812.4	Trafficking protein particle complex subunit 6B	Q86SZ2	Q86SZ2	True
seq.22813.5	TPT1-like protein	Q56UQ5	Q56UQ5	True
seq.22814.1	Zinc finger protein RFP	P14373	P14373	True
seq.22815.4	Tripartite motif-containing protein 40	Q6P9F5	Q6P9F5	True
seq.22816.4	Tripartite motif-containing protein 54	Q9BYV2	Q9BYV2	True
seq.22817.126	E3 ubiquitin-protein ligase TRIM9	Q9C026	Q9C026	True
seq.22818.4	Tricarboxylate transport protein, mitochondrial	P53007	P53007	True
seq.22821.50	Uracil-DNA glycosylase	P13051	P13051	True
seq.22824.53	V-type proton ATPase subunit C 2	Q8NEY4	Q8NEY4	True
seq.22826.2	Von Hippel-Lindau-like protein	Q6RSH7	Q6RSH7	True
seq.22831.11	Z-DNA-binding protein 1	Q9H171	Q9H171	True
seq.22832.9	Zinc finger CCCH domain-containing protein 8	Q8N5P1	Q8N5P1	True
seq.22833.74	Zinc finger CCHC domain-containing protein 18	P0CG32	P0CG32	True
seq.22834.21	Probable palmitoyltransferase ZDHHC4	Q9NPG8	Q9NPG8	True
seq.22838.39	Zinc finger protein 230	Q9UIE0	Q9UIE0	True
seq.22839.23	Zinc finger protein 263	O14978	O14978	True
seq.22841.16	Zinc finger protein 696	Q9H7X3	Q9H7X3	True
seq.22842.85	Zinc finger protein 69	Q9UC07	Q9UC07	True
seq.22844.4	Zinc finger SWIM domain-containing protein 7	Q19AV6	Q19AV6	True
seq.22845.3	28S ribosomal protein S14, mitochondrial	O60783	O60783	True
seq.22847.18	Serine/threonine-protein kinase 4	Q13043	Q13043	True
seq.22857.5	BTB/POZ domain-containing protein KCTD7	Q96MP8	Q96MP8	True
seq.22858.3	Mitogen-activated protein kinase 6	Q16659	Q16659	True
seq.22862.44	Protein phosphatase 1M	Q96MI6	Q96MI6	True
seq.22946.55	Alpha-1-syntrophin	Q13424	Q13424	True
seq.22948.13	Bone morphogenetic protein 3	P12645	P12645	True
seq.22950.6	Butyrophilin subfamily 3 member A3	O00478	O00478	True
seq.22952.28	Cyclin-dependent kinase 2-associated protein 2	O75956	O75956	True
seq.22953.85	CCAAT/enhancer-binding protein beta	P17676	P17676	True
seq.22954.10	Chloride intracellular channel protein 2	O15247	O15247	True
seq.22955.28	Retinol-binding protein 1	P09455	P09455	True
seq.22958.6	Destrin	P60981	P60981	True
seq.22959.32	Dickkopf-related protein 4	Q9UBT3	Q9UBT3	True
seq.22960.8	Low affinity immunoglobulin gamma Fc region receptor II-b	P31994	P31994	True
seq.22961.7	Ficolin-1	O00602	O00602	True
seq.22963.3	Vesicle-associated membrane protein 2	P63027	P63027	True
seq.22966.20	Gamma-aminobutyric acid receptor-associated protein	O95166	O95166	True
seq.22967.15	Growth/differentiation factor 7	Q7Z4P5	Q7Z4P5	True
seq.22968.9	G antigen 2D	Q9UEU5	Q9UEU5	True
seq.22969.12	C-C motif chemokine 7	P80098	P80098	True
seq.22970.8	PDZ domain-containing protein GIPC1	O14908	O14908	True
seq.22972.26	Gro-beta	P19875	P19875	True
seq.22973.8	Gro-gamma	P19876	P19876	True
seq.22974.25	Histone H2B type 2-E	Q16778	Q16778	True
seq.22977.18	Protein HEXIM1	O94992	O94992	True
seq.22978.13	High mobility group protein B2	P26583	P26583	True
seq.22980.37	Homer protein homolog 1	Q86YM7	Q86YM7	True
seq.22981.3	Hippocalcin-like protein 1	P37235	P37235	True
seq.22984.10	Eukaryotic initiation factor 4A-II	Q14240	Q14240	True
seq.22985.160	Insulin-like growth factor-binding protein 2	P18065	P18065	True
seq.22987.69	Mitogen-activated protein kinase 9	P45984	P45984	True
seq.22989.24	Protein lin-7 homolog A	O14910	O14910	True
seq.22990.20	Protein lin-7 homolog B	Q9HAP6	Q9HAP6	True
seq.22991.9	Melanoma-associated antigen 6	P43360	P43360	True
seq.22992.6	Microtubule-associated protein RP/EB family member 3	Q9UPY8	Q9UPY8	True
seq.22993.9	C-C motif chemokine 22	O00626	O00626	True
seq.23000.22	Neuroligin-1	Q8N2Q7	Q8N2Q7	True
seq.23002.27	Neurexophilin-1	P58417	P58417	True
seq.23006.19	Phosphatidylinositol 5-phosphate 4-kinase type-2 beta	P78356	P78356	True
seq.23007.8	Junction plakoglobin	P14923	P14923	True
seq.23008.4	Ras-related protein Rab-2A	P61019	P61019	True
seq.23016.24	TATA-binding protein-associated factor 2N	Q92804	Q92804	True
seq.23017.17	Reticulocalbin-3	Q96D15	Q96D15	True
seq.23018.4	Lithostathine-1-beta	P48304	P48304	True
seq.23020.18	Regulator of G-protein signaling 4	P49798	P49798	True
seq.23022.5	Rab GDP dissociation inhibitor alpha	P31150	P31150	True
seq.23023.21	Protein S100-A14	Q9HCY8	Q9HCY8	True
seq.23024.25	GTP-binding protein SAR1a	Q9NR31	Q9NR31	True
seq.23028.49	Syntenin-2	Q9H190	Q9H190	True
seq.23029.3	Endophilin-A3	Q99963	Q99963	True
seq.23030.4	Sialic acid-binding Ig-like lectin 5	O15389	O15389	True
seq.23031.6	NAD-dependent protein deacetylase sirtuin-2	Q8IXJ6	Q8IXJ6	True
seq.23034.13	VPS10 domain-containing receptor SorCS3	Q9UPU3	Q9UPU3	True
seq.23037.37	Ubiquitin-conjugating enzyme E2 D3	P61077	P61077	True
seq.23038.63	Netrin receptor UNC5B	Q8IZJ1	Q8IZJ1	True
seq.23039.56	Homeobox protein MOX-2	P50222	P50222	True
seq.23148.100	Endothelial cell-derived lipase	Q9Y5X9	Q9Y5X9	True
seq.23152.49	BTB/POZ domain-containing adapter for CUL3-mediated RhoA degradation protein 2	Q13829	Q13829	True
seq.23153.14	BIK	Q13323	Q13323	True
seq.23156.146	Caspase-10:region 2	Q92851	Q92851	True
seq.23161.3	BTB/POZ domain-containing protein KCTD6	Q8NC69	Q8NC69	True
seq.23162.36	Mitogen-activated protein kinase kinase kinase 10	Q02779	Q02779	True
seq.23164.8	Mitochondrial pyruvate carrier 1	Q9Y5U8	Q9Y5U8	True
seq.23173.3	Metalloproteinase inhibitor 1	P01033	P01033	True
seq.23176.17	Beta-dystroglycan	Q14118	Q14118	True
seq.23178.95	Histamine N-methyltransferase	P50135	P50135	True
seq.23181.2	Leukocyte tyrosine kinase receptor	P29376	P29376	True
seq.23183.6	E3 ubiquitin-protein ligase RNF31	Q96EP0	Q96EP0	True
seq.23187.9	Deubiquitinating protein VCIP135	Q96JH7	Q96JH7	True
seq.23200.25	Complement C1q tumor necrosis factor-related protein 4	Q9BXJ3	Q9BXJ3	True
seq.23202.78	Ecto-ADP-ribosyltransferase 5	Q96L15	Q96L15	True
seq.23203.3	Retinoid-inducible serine carboxypeptidase	Q9HB40	Q9HB40	True
seq.23210.4	ETS translocation variant 2	O00321	O00321	True
seq.23212.8	Protein EURL homolog	Q9NYK6	Q9NYK6	True
seq.23213.21	Uncharacterized protein C11orf70	Q9BRQ4	Q9BRQ4	True
seq.23224.11	Regucalcin	Q15493	Q15493	True
seq.23225.26	E3 ubiquitin-protein ligase TRIM62	Q9BVG3	Q9BVG3	True
seq.23226.42	ATP synthase B chain, mitochondrial	P24539	P24539	True
seq.23228.2	Uncharacterized protein C12orf76	Q8N812	Q8N812	True
seq.23241.27	Mitochondrial import inner membrane translocase subunit Tim10 B	Q9Y5J6	Q9Y5J6	True
seq.23242.2	Sjoegren syndrome nuclear autoantigen 1	O43805	O43805	True
seq.23243.120	40S ribosomal protein S25	P62851	P62851	True
seq.23245.5	Speriolin-like protein	Q9H0A9	Q9H0A9	True
seq.23246.67	Biogenesis of lysosome-related organelles complex 1 subunit 1	P78537	P78537	True
seq.23248.1	X antigen family member 2	Q96GT9	Q96GT9	True
seq.23250.3	Transcription elongation factor A protein-like 4	Q96EI5	Q96EI5	True
seq.23252.4	DnaJ homolog subfamily B member 3	Q8WWF6	Q8WWF6	True
seq.23253.5	Catechol O-methyltransferase domain-containing protein 1	Q86VU5	Q86VU5	True
seq.23254.31	NADH dehydrogenase [ubiquinone] 1 alpha subcomplex assembly factor 3	Q9BU61	Q9BU61	True
seq.23255.7	Ras-related protein Rab-33A	Q14088	Q14088	True
seq.23256.21	TLD domain-containing protein 2	A0PJX2	A0PJX2	True
seq.23257.14	COMM domain-containing protein 10	Q9Y6G5	Q9Y6G5	True
seq.23258.56	Cytochrome c oxidase assembly factor 7	Q96BR5	Q96BR5	True
seq.23259.23	EEF1A lysine methyltransferase 1	Q8WVE0	Q8WVE0	True
seq.23261.27	Uncharacterized protein C1orf50	Q9BV19	Q9BV19	True
seq.23262.11	Beta-crystallin B3	P26998	P26998	True
seq.23263.9	BTB/POZ domain-containing protein KCTD15	Q96SI1	Q96SI1	True
seq.23264.42	Mediator of RNA polymerase II transcription subunit 10	Q9BTT4	Q9BTT4	True
seq.23265.15	Tumor protein D54	O43399	O43399	True
seq.23266.62	MIT domain-containing protein 1	Q8WV92	Q8WV92	True
seq.23267.5	BTB/POZ domain-containing protein KCTD6	Q8NC69	Q8NC69	True
seq.23268.15	Protein FRG1	Q14331	Q14331	True
seq.23269.40	CKLF-like MARVEL transmembrane domain-containing protein 4	Q8IZR5	Q8IZR5	True
seq.23270.14	Spermatogenesis-associated protein 33	Q96N06	Q96N06	True
seq.23271.20	3-beta-hydroxysteroid-Delta(8),Delta(7)-isomerase	Q15125	Q15125	True
seq.23272.8	Protein DPCD	Q9BVM2	Q9BVM2	True
seq.23273.42	UPF0193 protein EVG1	Q9BZE7	Q9BZE7	True
seq.23274.27	EF-hand calcium-binding domain-containing protein 1	Q9HAE3	Q9HAE3	True
seq.23275.9	Sarcospan	Q14714	Q14714	True
seq.23276.14	UPF0561 protein C2orf68	Q2NKX9	Q2NKX9	True
seq.23278.13	39S ribosomal protein L12, mitochondrial	P52815	P52815	True
seq.23280.9	Akirin-2	Q53H80	Q53H80	True
seq.23281.29	ADP-ribosylation factor-like protein 8A	Q96BM9	Q96BM9	True
seq.23282.19	Ras-related protein Rab-37	Q96AX2	Q96AX2	True
seq.23283.9	Ras-related protein Rab-43	Q86YS6	Q86YS6	True
seq.23284.5	LIM domain only transcription factor protein 4	P61968	P61968	True
seq.23285.51	BTB/POZ domain-containing protein KCTD2	Q14681	Q14681	True
seq.23286.2	RING finger protein 141	Q8WVD5	Q8WVD5	True
seq.23287.109	NADH dehydrogenase	O95139	O95139	True
seq.23288.28	Leucine-rich repeat-containing protein 20	Q8TCA0	Q8TCA0	True
seq.23289.25	Neurogenin-1	Q92886	Q92886	True
seq.23290.3	Survival motor neuron protein	Q16637	Q16637	True
seq.23291.18	PTB-containing, cubilin and LRP1-interacting protein	Q7Z2X4	Q7Z2X4	True
seq.23292.1	Centrosomal protein of 112 kDa	Q8N8E3	Q8N8E3	True
seq.23293.15	Glutathione-specific gamma-glutamylcyclotransferase 1	Q9BUX1	Q9BUX1	True
seq.23294.19	Max-like protein X	Q9UH92	Q9UH92	True
seq.23296.29	SARP-3	Q5T4F7	Q5T4F7	True
seq.23298.148	Acyl-coenzyme A thioesterase THEM4	Q5T1C6	Q5T1C6	True
seq.23299.52	Tubulin polymerization-promoting protein	O94811	O94811	True
seq.2330.2	Stromal cell-derived factor 1	P48061	P48061	True
seq.23300.3	RNA-binding protein with multiple splicing 2	Q6ZRY4	Q6ZRY4	True
seq.23301.2	MSX-2	P35548	P35548	True
seq.23302.19	Proline-rich AKT1 substrate 1	Q96B36	Q96B36	True
seq.23303.131	Thioredoxin domain-containing protein 9	O14530	O14530	True
seq.23304.1	Protein NipSnap homolog 3B	Q9BS92	Q9BS92	True
seq.23305.38	Receptor expression-enhancing protein 2	Q9BRK0	Q9BRK0	True
seq.23306.37	Polyamine-modulated factor 1	Q6P1K2	Q6P1K2	True
seq.23307.7	Clusterin-associated protein 1	Q96AJ1	Q96AJ1	True
seq.23308.31	BTB/POZ domain-containing protein KCTD1	Q719H9	Q719H9	True
seq.23309.11	Homologous-pairing protein 2 homolog	Q9P2W1	Q9P2W1	True
seq.23310.51	Ras-related protein Rab-38	P57729	P57729	True
seq.23311.19	Ribonuclease P protein subunit p25	Q9BUL9	Q9BUL9	True
seq.23312.16	Rab-like protein 3	Q5HYI8	Q5HYI8	True
seq.23314.46	Coiled-coil domain-containing protein 103	Q8IW40	Q8IW40	True
seq.23315.30	Protein FAM9B	Q8IZU0	Q8IZU0	True
seq.23317.10	Dehydrogenase/reductase SDR family member 11	Q6UWP2	Q6UWP2	True
seq.23318.60	Phosphatidylcholine transfer protein	Q9UKL6	Q9UKL6	True
seq.23319.6	AN1-type zinc finger protein 2B	Q8WV99	Q8WV99	True
seq.23320.11	Multivesicular body subunit 12B	Q9H7P6	Q9H7P6	True
seq.23321.42	Coiled-coil domain-containing protein 95	Q8NBZ0	Q8NBZ0	True
seq.23322.2	Musculin	O60682	O60682	True
seq.23323.25	Dual specificity phosphatase DUPD1	Q68J44	Q68J44	True
seq.23324.6	Heat shock protein beta-3	Q12988	Q12988	True
seq.23325.18	Uncharacterized protein C16orf45	Q96MC5	Q96MC5	True
seq.23326.10	Glutathione S-transferase A2	P09210	P09210	True
seq.23327.1	BLOC-1-related complex subunit 5	Q969J3	Q969J3	True
seq.23329.52	Ras-related protein Rab-4B	P61018	P61018	True
seq.2333.72	Transforming growth factor beta-1	P01137	P01137	True
seq.23330.12	Uncharacterized protein C22orf13	Q96NT3	Q96NT3	True
seq.23334.21	Late cornified envelope protein 3C	Q5T5A8	Q5T5A8	True
seq.23335.31	Protein FAM229A	H3BQW9	H3BQW9	True
seq.23336.2	Putative potassium channel regulatory protein	Q8N5I3	Q8N5I3	True
seq.23337.54	BTB/POZ domain-containing adapter for CUL3-mediated RhoA degradation protein 3	Q9H3F6	Q9H3F6	True
seq.23339.46	Transcription factor 24	Q7RTU0	Q7RTU0	True
seq.23340.37	Methylthioribose-1-phosphate isomerase	Q9BV20	Q9BV20	True
seq.23341.16	Meiotic recombination protein DMC1/LIM15 homolog	Q14565	Q14565	True
seq.23342.4	Arrestin domain-containing protein 5	A6NEK1	A6NEK1	True
seq.23343.6	Protein rogdi homolog	Q9GZN7	Q9GZN7	True
seq.23345.2	N-terminal EF-hand calcium-binding protein 1	Q8N987	Q8N987	True
seq.23349.5	Choline-phosphate cytidylyltransferase A	P49585	P49585	True
seq.23350.66	Protein FAM118B	Q9BPY3	Q9BPY3	True
seq.23351.59	Protein arginine N-methyltransferase 1	Q99873	Q99873	True
seq.23352.9	Dysbindin	Q96EV8	Q96EV8	True
seq.23354.12	Beta-crystallin A2	P53672	P53672	True
seq.23356.32	Coiled-coil domain-containing protein 24	Q8N4L8	Q8N4L8	True
seq.23358.42	Protein FAM118A	Q9NWS6	Q9NWS6	True
seq.23359.25	Pre-mRNA-splicing regulator WTAP	Q15007	Q15007	True
seq.23361.20	RNA-binding protein 4	Q9BWF3	Q9BWF3	True
seq.23362.26	Cytosolic 5'-nucleotidase 1A	Q9BXI3	Q9BXI3	True
seq.23363.41	Poly(rC)-binding protein 2	Q15366	Q15366	True
seq.23364.3	Uridine-cytidine kinase 1	Q9HA47	Q9HA47	True
seq.23365.7	Fibronectin type III domain-containing protein 8	Q8TC99	Q8TC99	True
seq.23366.15	Ubiquitin-like protein 7	Q96S82	Q96S82	True
seq.23367.8	Ankyrin repeat domain-containing protein 40	Q6AI12	Q6AI12	True
seq.23369.17	Phytanoyl-CoA dioxygenase, peroxisomal	O14832	O14832	True
seq.23370.39	Voltage-gated potassium channel subunit beta-3	O43448	O43448	True
seq.23371.5	NIF3-like protein 1	Q9GZT8	Q9GZT8	True
seq.23373.77	Diphthine methyl ester synthase	Q9H2P9	Q9H2P9	True
seq.23374.42	N-terminal EF-hand calcium-binding protein 3	Q96P71	Q96P71	True
seq.23375.4	Ret finger protein-like 3	O75679	O75679	True
seq.23376.56	Actin-related protein 2/3 complex subunit 2	O15144	O15144	True
seq.23378.29	CGG triplet repeat-binding protein 1	Q9UFW8	Q9UFW8	True
seq.23379.60	UPF0472 protein C16orf72	Q14CZ0	Q14CZ0	True
seq.23380.16	Trans-3-hydroxy-L-proline dehydratase	Q96EM0	Q96EM0	True
seq.23381.8	Septin-1	Q8WYJ6	Q8WYJ6	True
seq.23382.30	Variable charge X-linked protein 3	Q9NNX9	Q9NNX9	True
seq.23384.19	BTB/POZ domain-containing protein KCTD17	Q8N5Z5	Q8N5Z5	True
seq.23385.18	Cytosolic arginine sensor for mTORC1 subunit 1	Q8WTX7	Q8WTX7	True
seq.23386.38	T-complex protein 10A homolog 2	B9ZVM9	B9ZVM9	True
seq.23387.18	TIP41-like protein	O75663	O75663	True
seq.23389.28	Fumarylacetoacetate hydrolase domain-containing protein 2A	Q96GK7	Q96GK7	True
seq.23390.6	Coiled-coil domain-containing protein 107	Q8WV48	Q8WV48	True
seq.23391.20	Protein XRP2	O75695	O75695	True
seq.23392.41	Pleckstrin homology domain-containing family A member 3	Q9HB20	Q9HB20	True
seq.23393.56	1-acylglycerol-3-phosphate O-acyltransferase ABHD5	Q8WTS1	Q8WTS1	True
seq.23394.125	Growth arrest-specific protein 2	O43903	O43903	True
seq.23395.5	KH domain-containing, RNA-binding, signal transduction-associated protein 2	Q5VWX1	Q5VWX1	True
seq.23396.21	Twinfilin-2	Q6IBS0	Q6IBS0	True
seq.23398.1	DNA-directed RNA polymerase II subunit GRINL1A	P0CAP2	P0CAP2	True
seq.23399.35	Nucleoporin NUP53	Q8NFH5	Q8NFH5	True
seq.23401.3	DAZ-associated protein 1	Q96EP5	Q96EP5	True
seq.23402.147	Ganglioside-induced differentiation-associated protein 1-like 1	Q96MZ0	Q96MZ0	True
seq.23403.64	Cdc42 effector protein 4	Q9H3Q1	Q9H3Q1	True
seq.23404.16	Mitotic spindle assembly checkpoint protein MAD2B	Q9UI95	Q9UI95	True
seq.23405.33	HORMA domain-containing protein 2	Q8N7B1	Q8N7B1	True
seq.23406.3	Ras association domain-containing protein 5	Q8WWW0	Q8WWW0	True
seq.23407.9	S-acyl fatty acid synthase thioesterase, medium chain	Q9NV23	Q9NV23	True
seq.23408.1	Sorting nexin 16	P57768	P57768	True
seq.23409.83	Synapse-associated protein 1	Q96A49	Q96A49	True
seq.23410.46	Eukaryotic translation initiation factor 3 subunit M	Q7L2H7	Q7L2H7	True
seq.23411.108	Paraneoplastic antigen Ma2	Q9UL42	Q9UL42	True
seq.23413.38	Ankyrin repeat domain-containing protein 45	Q5TZF3	Q5TZF3	True
seq.23414.12	Zinc finger protein 483	Q8TF39	Q8TF39	True
seq.23416.47	Sorting nexin-15	Q9NRS6	Q9NRS6	True
seq.23418.66	Coiled-coil domain-containing protein 92	Q53HC0	Q53HC0	True
seq.23422.47	Replication factor C 37 kDa subunit	P35249	P35249	True
seq.23424.4	Ankyrin repeat domain-containing protein 63	C9JTQ0	C9JTQ0	True
seq.23425.19	Ermin	Q8TAM6	Q8TAM6	True
seq.23426.1	Variable charge X-linked protein 1	Q9H320	Q9H320	True
seq.23518.7	Protein FAM151B	Q6UXP7	Q6UXP7	True
seq.23519.91	Transmembrane protein 221	A6NGB7	A6NGB7	True
seq.23520.60	Beta-lactamase-like protein FLJ75971	Q68D91	Q68D91	True
seq.23521.29	Nucleoside diphosphate kinase 7	Q9Y5B8	Q9Y5B8	True
seq.23522.1	GTPase IMAP family member GIMD1	P0DJR0	P0DJR0	True
seq.23523.14	Protein FAM49A	Q9H0Q0	Q9H0Q0	True
seq.23524.2	Protein N-terminal asparagine amidohydrolase	Q96AB6	Q96AB6	True
seq.23525.27	Nitric oxide synthase-interacting protein	Q9Y314	Q9Y314	True
seq.23526.25	Protein KTI12 homolog	Q96EK9	Q96EK9	True
seq.23528.199	Phytanoyl-CoA hydroxylase-interacting protein-like	Q96FC7	Q96FC7	True
seq.23529.11	StAR-related lipid transfer protein 7, mitochondrial	Q9NQZ5	Q9NQZ5	True
seq.23530.3	Tropomodulin-4	Q9NZQ9	Q9NZQ9	True
seq.23531.79	Hematopoietic SH2 domain-containing protein	Q96JZ2	Q96JZ2	True
seq.23534.27	Protein RTF2 homolog	Q9BY42	Q9BY42	True
seq.23535.3	Protein FAM45A	Q8TCE6	Q8TCE6	True
seq.23536.14	Uncharacterized protein C19orf84	I3L1E1	I3L1E1	True
seq.23537.4	Transcription factor Sp6	Q3SY56	Q3SY56	True
seq.23540.3	CDK-activating kinase assembly factor MAT1	P51948	P51948	True
seq.23541.61	Citrate lyase subunit beta-like protein, mitochondrial	Q8N0X4	Q8N0X4	True
seq.23542.8	Golgi phosphoprotein 3-like	Q9H4A5	Q9H4A5	True
seq.23543.92	Probable tRNA pseudouridine synthase 1	Q8WWH5	Q8WWH5	True
seq.23544.10	T-complex protein 10A homolog	Q12799	Q12799	True
seq.23545.6	Nuclear distribution protein nudE-like 1	Q9GZM8	Q9GZM8	True
seq.23546.9	Hydroxyacylglutathione hydrolase-like protein	Q6PII5	Q6PII5	True
seq.23547.21	Transcription elongation factor A protein 3	O75764	O75764	True
seq.23550.10	Keratinocyte differentiation factor 1	Q8NAX2	Q8NAX2	True
seq.23551.15	Transcriptional adapter 3	O75528	O75528	True
seq.23553.1	ABI gene family member 3	Q9P2A4	Q9P2A4	True
seq.23554.2	SH2 domain-containing adapter protein D	Q96IW2	Q96IW2	True
seq.23555.11	GTP-binding protein RAD	P55042	P55042	True
seq.23556.4	Transcription cofactor vestigial-like protein 4	Q14135	Q14135	True
seq.23557.110	F-actin-capping protein subunit beta	P47756	P47756	True
seq.23558.33	Methyltransferase-like protein 2B	Q6P1Q9	Q6P1Q9	True
seq.23559.10	DDRGK domain-containing protein 1	Q96HY6	Q96HY6	True
seq.23560.154	Centrosomal protein of 41 kDa	Q9BYV8	Q9BYV8	True
seq.23561.4	Coiled-coil domain-containing protein 97	Q96F63	Q96F63	True
seq.23564.83	Protein-lysine methyltransferase METTL21C	Q5VZV1	Q5VZV1	True
seq.23566.6	Apolipoprotein-L2	Q9BQE5	Q9BQE5	True
seq.23567.37	Guanine nucleotide-binding protein G(q) subunit alpha	P50148	P50148	True
seq.23568.41	Homeobox protein Meis2	O14770	O14770	True
seq.23569.53	START domain-containing protein 10	Q9Y365	Q9Y365	True
seq.23570.87	Zinc finger protein with KRAB and SCAN domains 7	Q9P0L1	Q9P0L1	True
seq.23571.93	Coiled-coil domain-containing protein 94	Q9BW85	Q9BW85	True
seq.23572.186	tRNA wybutosine-synthesizing protein 3 homolog	Q6IPR3	Q6IPR3	True
seq.23575.58	Cytochrome c oxidase assembly protein COX19	Q49B96	Q49B96	True
seq.23576.46	Protein BEX4	Q9NWD9	Q9NWD9	True
seq.23578.6	Small integral membrane protein 3	Q9BZL3	Q9BZL3	True
seq.23579.3	Kita-kyushu lung cancer antigen 1	Q5H943	Q5H943	True
seq.2358.19	Vascular endothelial growth factor receptor 3	P35916	P35916	True
seq.23580.2	Proline-rich protein 15	Q8IV56	Q8IV56	True
seq.23581.131	Obestatin	Q9UBU3	Q9UBU3	True
seq.23584.2	Nucleotide triphosphate diphosphatase NUDT15	Q9NV35	Q9NV35	True
seq.23586.32	Cancer/testis antigen 1B	P78358	P78358	True
seq.23588.9	Hydroxysteroid dehydrogenase-like protein 2	Q6YN16	Q6YN16	True
seq.23589.21	Protein phosphatase 1 regulatory subunit 27	Q86WC6	Q86WC6	True
seq.23591.9	piRNA biogenesis protein EXD1	Q8NHP7	Q8NHP7	True
seq.23593.14	Protein MB21D2	Q8IYB1	Q8IYB1	True
seq.23594.2	Nuclear receptor 2C2-associated protein	Q86WQ0	Q86WQ0	True
seq.23595.6	Laccase domain-containing protein 1	Q8IV20	Q8IV20	True
seq.23596.17	Coiled-coil domain-containing protein 89	Q8N998	Q8N998	True
seq.23597.11	Arf-GAP domain and FG repeat-containing protein 2	O95081	O95081	True
seq.23601.43	Acyl-coenzyme A thioesterase 12	Q8WYK0	Q8WYK0	True
seq.23602.35	N-acyl-phosphatidylethanolamine-hydrolyzing phospholipase D	Q6IQ20	Q6IQ20	True
seq.23605.3	T-complex protein 11-like protein 1	Q9NUJ3	Q9NUJ3	True
seq.23606.18	Sterile alpha motif domain-containing protein 4B	Q5PRF9	Q5PRF9	True
seq.23607.1	Uncharacterized protein C16orf71	Q8IYS4	Q8IYS4	True
seq.23611.16	MARVEL domain-containing protein 2	Q8N4S9	Q8N4S9	True
seq.23615.4	TRM112-like protein	Q9UI30	Q9UI30	True
seq.23616.4	Protein-arginine deiminase type-1	Q9ULC6	Q9ULC6	True
seq.23617.15	Huntingtin-interacting protein K	Q9NX55	Q9NX55	True
seq.23618.23	Zinc finger protein 593	O00488	O00488	True
seq.23619.235	Leydig cell tumor 10 kDa protein homolog	Q9UNZ5	Q9UNZ5	True
seq.23620.16	CapZ-interacting protein	Q6JBY9	Q6JBY9	True
seq.23621.326	Mitochondrial import inner membrane translocase subunit Tim13	Q9Y5L4	Q9Y5L4	True
seq.23622.128	SOSS complex subunit C	Q9NRY2	Q9NRY2	True
seq.23623.48	Diphosphoinositol polyphosphate phosphohydrolase 3-beta	Q96G61	Q96G61	True
seq.23624.34	Gamma-secretase subunit PEN-2	Q9NZ42	Q9NZ42	True
seq.23625.44	Uncharacterized protein KIAA1143	Q96AT1	Q96AT1	True
seq.23627.3	UPF0369 protein C6orf57	Q5VUM1	Q5VUM1	True
seq.23629.4	Vimentin-type intermediate filament-associated coiled-coil protein	Q2NL98	Q2NL98	True
seq.23631.1	N-acetylgalactosamine kinase	Q01415	Q01415	True
seq.23632.22	Schlafen-like protein 1	Q499Z3	Q499Z3	True
seq.23637.55	E3 ubiquitin-protein ligase RNF25	Q96BH1	Q96BH1	True
seq.23638.3	Carnosine N-methyltransferase	Q8N4J0	Q8N4J0	True
seq.23639.93	Probable aminopeptidase NPEPL1	Q8NDH3	Q8NDH3	True
seq.23640.10	EH domain-containing protein 2	Q9NZN4	Q9NZN4	True
seq.23644.19	Dihydroxyacetone kinase	Q3LXA3	Q3LXA3	True
seq.23645.49	2-hydroxyacyl-CoA lyase 1	Q9UJ83	Q9UJ83	True
seq.23646.5	Aryl-hydrocarbon-interacting protein-like 1	Q9NZN9	Q9NZN9	True
seq.23648.36	Protein DDI1 homolog 1	Q8WTU0	Q8WTU0	True
seq.23649.6	Kelch-like protein 2	O95198	O95198	True
seq.23650.2	Dematin	Q08495	Q08495	True
seq.23652.15	Peroxisomal sarcosine oxidase	Q9P0Z9	Q9P0Z9	True
seq.23654.6	Alpha-1,3-mannosyltransferase ALG2	Q9H553	Q9H553	True
seq.23656.9	Pseudouridylate synthase 7 homolog	Q96PZ0	Q96PZ0	True
seq.23657.102	Heterogeneous nuclear ribonucleoprotein L-like	Q8WVV9	Q8WVV9	True
seq.23658.1	Probable asparagine--tRNA ligase, mitochondrial	Q96I59	Q96I59	True
seq.23659.2	Basic leucine zipper and W2 domain-containing protein 2	Q9Y6E2	Q9Y6E2	True
seq.23660.112	Kelch-like protein 41	O60662	O60662	True
seq.23661.61	Probable Xaa-Pro aminopeptidase 3	Q9NQH7	Q9NQH7	True
seq.23662.10	SH3 domain-binding protein 5	O60239	O60239	True
seq.23663.28	Vacuolar ATP synthase subunit C 1	P21283	P21283	True
seq.23664.17	Rhotekin	Q9BST9	Q9BST9	True
seq.23665.35	26S protease regulatory subunit 6A	P17980	P17980	True
seq.23666.35	Bifunctional purine biosynthesis protein PURH	P31939	P31939	True
seq.23668.281	Mitochondrial dynamics protein MID51	Q9NQG6	Q9NQG6	True
seq.23669.20	Glutamine--fructose-6-phosphate aminotransferase [isomerizing] 2	O94808	O94808	True
seq.23670.11	2-(3-amino-3-carboxypropyl)histidine synthase subunit 2	Q9BQC3	Q9BQC3	True
seq.23671.11	Protein Spindly	Q96EA4	Q96EA4	True
seq.23672.10	26S proteasome non-ATPase regulatory subunit 6	Q15008	Q15008	True
seq.23673.9	Lipoamide acyltransferase component of branched-chain alpha-keto acid dehydrogenase complex, mitochondrial	P11182	P11182	True
seq.23675.16	Centrosomal protein of 76 kDa	Q8TAP6	Q8TAP6	True
seq.23677.30	NCK-interacting protein with SH3 domain	Q9NZQ3	Q9NZQ3	True
seq.23678.132	Transcription factor SOX-10	P56693	P56693	True
seq.23679.43	Sister chromatid cohesion protein DCC1	Q9BVC3	Q9BVC3	True
seq.23680.1	MCP-1 Induced Protein	Q5D1E8	Q5D1E8	True
seq.23682.79	Small RNA 2'-O-methyltransferase	Q5T8I9	Q5T8I9	True
seq.23683.79	Tripartite motif-containing protein 55	Q9BYV6	Q9BYV6	True
seq.23685.132	Meiosis 1 arrest protein	Q8TC57	Q8TC57	True
seq.23686.44	CWF19-like protein 1	Q69YN2	Q69YN2	True
seq.23687.27	TBC1 domain family member 20	Q96BZ9	Q96BZ9	True
seq.23689.52	Copine-6	O95741	O95741	True
seq.23690.228	RNA-binding protein 41	Q96IZ5	Q96IZ5	True
seq.23691.2	Tubulin--tyrosine ligase-like protein 12	Q14166	Q14166	True
seq.23693.4	MAP kinase-interacting serine/threonine-protein kinase 1	Q9BUB5	Q9BUB5	True
seq.23694.3	Asparagine synthetase	P08243	P08243	True
seq.23695.1	Fibronectin type III and SPRY domain-containing protein 1	Q9BTV5	Q9BTV5	True
seq.23696.256	tRNA (adenine(58)-N(1))-methyltransferase non-catalytic subunit TRM6	Q9UJA5	Q9UJA5	True
seq.23699.61	Dihydrolipoyllysine-residue succinyltransferase component of 2-oxoglutarate dehydrogenase complex, mitochondrial	P36957	P36957	True
seq.23700.42	ATP-binding cassette sub-family F member 3	Q9NUQ8	Q9NUQ8	True
seq.23702.98	SH3KBP1-binding protein 1	Q8TBC3	Q8TBC3	True
seq.23703.8	PDZ and LIM domain protein 5	Q96HC4	Q96HC4	True
seq.23704.11	Transmembrane protein 24	O14523	O14523	True
seq.23705.42	CTP synthase 1	P17812	P17812	True
seq.23706.13	tRNA (adenine(58)-N(1))-methyltransferase, mitochondrial	Q9BVS5	Q9BVS5	True
seq.23767.1	UPF0705 protein C11orf49	Q9H6J7	Q9H6J7	True
seq.23771.17	Cyclic AMP-dependent transcription factor ATF-5	Q9Y2D1	Q9Y2D1	True
seq.23783.22	Protein FAM110A	Q9BQ89	Q9BQ89	True
seq.2381.52	Complement C5	P01031	P01031	True
seq.23903.3	Aspartate aminotransferase, mitochondrial	P00505	P00505	True
seq.23915.18	Ras-related protein Rab-7	P51149	P51149	True
seq.23923.26	Protein phosphatase 1F	P49593	P49593	True
seq.23929.159	Proline-rich transmembrane protein 2	Q7Z6L0	Q7Z6L0	True
seq.23967.8	PAXIP1-associated protein 1	Q9BTK6	Q9BTK6	True
seq.23981.172	Carboxypeptidase A1	P15085	P15085	True
seq.24011.27	V-set and immunoglobulin domain-containing protein 10-like	Q86VR7	Q86VR7	True
seq.24013.6	Metabotropic glutamate receptor 4	Q14833	Q14833	True
seq.24023.35	soluble Endothelial protein C receptor	Q9UNN8	Q9UNN8	True
seq.24027.32	Interferon epsilon-1	Q86WN2	Q86WN2	True
seq.24050.26	Glycogen synthase kinase-3 beta	P49841	P49841	True
seq.24055.44	Cleavage stimulation factor 50 kDa subunit	Q05048	Q05048	True
seq.24111.10	Elongation factor 1-gamma	P26641	P26641	True
seq.24179.48	Phosphotriesterase-related protein	Q96BW5	Q96BW5	True
seq.2418.55	Apolipoprotein E	P02649	P02649	True
seq.24201.86	G antigen family C member 1	O60829	O60829	True
seq.2421.7	Brain-derived neurotrophic factor	P23560	P23560	True
seq.24211.25	Hydroxymethylglutaryl-CoA lyase, mitochondrial	P35914	P35914	True
seq.24215.8	Paired mesoderm homeobox protein 1	P54821	P54821	True
seq.24216.30	Mth938 domain-containing protein	Q9H7C9	Q9H7C9	True
seq.24217.2	Calgranulin A	P05109	P05109	True
seq.24221.3	Peroxisome proliferator activated receptor gamma	P37231	P37231	True
seq.24222.10	Negative elongation factor A	Q9H3P2	Q9H3P2	True
seq.24223.5	Glutathione S-transferase theta-2	P0CG29	P0CG29	True
seq.24226.30	Fascin	Q16658	Q16658	True
seq.24235.2	EH domain-containing protein 1	Q9H4M9	Q9H4M9	True
seq.24236.46	Synaptic vesicle membrane protein VAT-1 homolog-like	Q9HCJ6	Q9HCJ6	True
seq.24237.115	Voltage-dependent L-type calcium channel subunit beta-3	P54284	P54284	True
seq.24244.81	Rab-interacting lysosomal protein	Q96NA2	Q96NA2	True
seq.24247.13	UPF0235 protein C15orf40	Q8WUR7	Q8WUR7	True
seq.24251.44	Ribonuclease P protein subunit p25-like protein	Q8N5L8	Q8N5L8	True
seq.24252.85	Probable peptide chain release factor C12orf65, mitochondrial	Q9H3J6	Q9H3J6	True
seq.24253.5	Eukaryotic peptide chain release factor GTP-binding subunit ERF3B	Q8IYD1	Q8IYD1	True
seq.24255.38	Epsin-1	Q9Y6I3	Q9Y6I3	True
seq.24256.7	Kelch-like protein 40	Q2TBA0	Q2TBA0	True
seq.24259.24	Forkhead box protein P4	Q8IVH2	Q8IVH2	True
seq.24260.4	Histone-lysine N-methyltransferase setd3	Q86TU7	Q86TU7	True
seq.24261.202	Death-associated protein kinase 3	O43293	O43293	True
seq.24263.6	Occludin	Q16625	Q16625	True
seq.24265.6	MAGUK p55 subfamily member 2	Q14168	Q14168	True
seq.24266.2	Myocyte-specific enhancer factor 2D	Q14814	Q14814	True
seq.24267.24	PWWP domain-containing protein 2B	Q6NUJ5	Q6NUJ5	True
seq.24268.21	GRB2-associated-binding protein 1	Q13480	Q13480	True
seq.24271.9	Mannose-1-phosphate guanyltransferase alpha	Q96IJ6	Q96IJ6	True
seq.24273.43	Thioredoxin domain-containing protein 3	Q8N427	Q8N427	True
seq.24276.171	Tetratricopeptide repeat protein 25	Q96NG3	Q96NG3	True
seq.24277.22	Copine-7	Q9UBL6	Q9UBL6	True
seq.24278.4	Ubiquitin carboxyl-terminal hydrolase 3	Q9Y6I4	Q9Y6I4	True
seq.24279.30	U3 small nucleolar RNA-associated protein 6 homolog	Q9NYH9	Q9NYH9	True
seq.24286.48	Meiosis expressed gene 1 protein homolog	Q5JSS6	Q5JSS6	True
seq.24289.1	Coiled-coil domain-containing transmembrane protein C7orf53	Q8N8F7	Q8N8F7	True
seq.2429.27	Complement component C8	P07360|P07358|P07357	P07360|P07358|P07357	True
seq.24290.5	Uncharacterized protein C20orf202	A1L168	A1L168	True
seq.24293.39	Nonspecific lipid-transfer protein:isoform 6	P22307	P22307	True
seq.24294.13	Chromosome transmission fidelity protein 8 homolog	P0CG13	P0CG13	True
seq.24299.1	Carcinoembryonic antigen-related cell adhesion molecule 16	Q2WEN9	Q2WEN9	True
seq.24304.3	EF-hand calcium-binding domain-containing protein 4B	Q9BSW2	Q9BSW2	True
seq.24307.22	Lysine-specific demethylase 8	Q8N371	Q8N371	True
seq.24309.14	Synaptotagmin-like protein 2	Q9HCH5	Q9HCH5	True
seq.2431.17	Cathepsin G	P08311	P08311	True
seq.24314.9	Trafficking protein particle complex subunit 13	A5PLN9	A5PLN9	True
seq.24316.10	Probable methyltransferase BMT2 homolog	Q1RMZ1	Q1RMZ1	True
seq.24318.13	FYVE, RhoGEF and PH domain-containing protein 2	Q7Z6J4	Q7Z6J4	True
seq.24319.19	D-ribitol-5-phosphate cytidylyltransferase	A4D126	A4D126	True
seq.24320.3	Tripartite motif-containing protein 72	Q6ZMU5	Q6ZMU5	True
seq.24321.67	Nuclear prelamin A recognition factor	Q9UHQ1	Q9UHQ1	True
seq.24322.1	General transcription factor IIE subunit 1	P29083	P29083	True
seq.24323.43	BRO1 domain-containing protein BROX	Q5VW32	Q5VW32	True
seq.2436.49	C-X-C motif chemokine 16	Q9H2A7	Q9H2A7	True
seq.24407.31	Kinesin-like protein KIF3C	O14782	O14782	True
seq.24408.30	Muscleblind-like protein 1	Q9NR56	Q9NR56	True
seq.24409.2	Retinol dehydrogenase 13	Q8NBN7	Q8NBN7	True
seq.2441.2	Fibroblast growth factor 10	O15520	O15520	True
seq.24411.144	E3 ubiquitin-protein ligase LRSAM1	Q6UWE0	Q6UWE0	True
seq.24412.1	Synaptonemal complex central element protein 1-like	A8MT33	A8MT33	True
seq.24413.96	Peroxisomal coenzyme A diphosphatase NUDT7	P0C024	P0C024	True
seq.24414.3	Glycogen phosphorylase, brain form	P11216	P11216	True
seq.24416.20	Staphylococcal nuclease domain-containing protein 1	Q7KZF4	Q7KZF4	True
seq.24417.22	Rab GTPase-binding effector protein 1	Q15276	Q15276	True
seq.24418.14	Homeobox protein HMX3	A6NHT5	A6NHT5	True
seq.24419.3	Molybdenum cofactor sulfurase	Q96EN8	Q96EN8	True
seq.24420.57	Deoxyhypusine hydroxylase	Q9BU89	Q9BU89	True
seq.24422.36	Spermatogenesis-associated protein 24	Q86W54	Q86W54	True
seq.24423.9	Protein phosphatase 1 regulatory subunit 3G	B7ZBB8	B7ZBB8	True
seq.24424.25	TBC1 domain family member 25	Q3MII6	Q3MII6	True
seq.24425.8	Methionyl-tRNA synthetase, cytoplasmic	P56192	P56192	True
seq.24426.15	Catenin alpha-1	P35221	P35221	True
seq.24426.191	Catenin alpha-1	P35221	P35221	True
seq.24427.33	Type II inositol-3,4-bisphosphate 4-phosphatase	O15327	O15327	True
seq.24428.76	Lysophospholipase D GDPD1	Q8N9F7	Q8N9F7	True
seq.2443.10	Fibroblast growth factor 8 isoform B	P55075	P55075	True
seq.24430.11	Zinc finger protein 580	Q9UK33	Q9UK33	True
seq.24431.32	Cap-specific mRNA (nucleoside-2'-O-)-methyltransferase 1	Q8N1G2	Q8N1G2	True
seq.24432.3	GRIP1-associated protein 1	Q4V328	Q4V328	True
seq.24434.16	Phytanoyl-CoA hydroxylase-interacting protein	Q92561	Q92561	True
seq.24435.1	Dynamin-1	Q05193	Q05193	True
seq.24436.23	Disks large-associated protein 4	Q9Y2H0	Q9Y2H0	True
seq.24437.6	YjeF N-terminal domain-containing protein 3	A6XGL0	A6XGL0	True
seq.24440.11	BTB/POZ domain-containing protein KCTD3	Q9Y597	Q9Y597	True
seq.24441.7	Nuclear cap-binding protein subunit 1	Q09161	Q09161	True
seq.24443.8	Mortality factor 4-like protein 2	Q15014	Q15014	True
seq.24444.10	Tetratricopeptide repeat protein 27	Q6P3X3	Q6P3X3	True
seq.24445.38	Actin filament-associated protein 1-like 2	Q8N4X5	Q8N4X5	True
seq.24446.65	Muscleblind-like protein 2	Q5VZF2	Q5VZF2	True
seq.24447.26	Protein FAM221A	A4D161	A4D161	True
seq.24449.11	Gamma-crystallin A	P11844	P11844	True
seq.24450.96	UPF0692 protein C19orf54	Q5BKX5	Q5BKX5	True
seq.24453.75	Cytochrome c-type heme lyase	P53701	P53701	True
seq.24454.27	Probable bifunctional methylenetetrahydrofolate dehydrogenase/cyclohydrolase 2	Q9H903	Q9H903	True
seq.24455.2	Arf-GAP with SH3 domain, ANK repeat and PH domain-containing protein 3	Q8TDY4	Q8TDY4	True
seq.24456.3	Visual system homeobox 1	Q9NZR4	Q9NZR4	True
seq.24457.12	USF2	Q15853	Q15853	True
seq.24459.15	Coatomer subunit beta'	P35606	P35606	True
seq.24462.4	Cyclic nucleotide-gated cation channel beta-1	Q14028	Q14028	True
seq.24463.1	Protein NDRG2	Q9UN36	Q9UN36	True
seq.24465.28	synovial sarcoma, X breakpoint 4	O60224	O60224	True
seq.24468.36	Beta-adducin	P35612	P35612	True
seq.24469.10	Phosphatidate phosphatase LPIN1	Q14693	Q14693	True
seq.2447.7	Group IIE secretory phospholipase A2	Q9NZK7	Q9NZK7	True
seq.24470.20	Poly(rC)-binding protein 3	P57721	P57721	True
seq.24471.2	SET-binding protein	Q9Y6X0	Q9Y6X0	True
seq.24472.28	Sharpin	Q9H0F6	Q9H0F6	True
seq.24473.11	Cancer/testis antigen family 45 member A3	Q8NHU0	Q8NHU0	True
seq.24474.12	Tetratricopeptide repeat protein 9A	Q92623	Q92623	True
seq.24475.45	Sorting nexin-12	Q9UMY4	Q9UMY4	True
seq.24476.18	Activating signal cointegrator 1 complex subunit 2	Q9H1I8	Q9H1I8	True
seq.24479.25	Transmembrane protein 225B	P0DP42	P0DP42	True
seq.24485.32	B-cell receptor-associated protein 31	P51572	P51572	True
seq.24486.1	B-cell lymphoma/leukemia 11A	Q9H165	Q9H165	True
seq.24487.95	Biogenesis of lysosome-related organelles complex 1 subunit 3	Q6QNY0	Q6QNY0	True
seq.24488.8	Protein HID1	Q8IV36	Q8IV36	True
seq.24489.34	Transcription factor HES-3	Q5TGS1	Q5TGS1	True
seq.2449.1	Calcium-dependent phospholipase A2	P39877	P39877	True
seq.24490.16	THAP domain-containing protein 4	Q8WY91	Q8WY91	True
seq.24493.10	Myotubularin-related protein 7	Q9Y216	Q9Y216	True
seq.24494.67	Katanin p60 ATPase-containing subunit A-like 1	Q9BW62	Q9BW62	True
seq.24496.26	RILP-like protein 1	Q5EBL4	Q5EBL4	True
seq.24497.8	Probable E3 ubiquitin-protein ligase TRIML1	Q8N9V2	Q8N9V2	True
seq.24499.36	Lengsin	Q5TDP6	Q5TDP6	True
seq.24634.1	Protein ripply3	P57055	P57055	True
seq.24635.25	Trafficking protein particle complex subunit 6A	O75865	O75865	True
seq.24636.9	Dr1-associated corepressor	Q14919	Q14919	True
seq.24637.3	Transcription elongation factor A protein-like 5	Q5H9L2	Q5H9L2	True
seq.24638.3	Leucine repeat adapter protein 25	Q8N5H3	Q8N5H3	True
seq.24640.63	Hairy/enhancer-of-split related with YRPW motif protein 1	Q9Y5J3	Q9Y5J3	True
seq.24641.10	Claudin-1	O95832	O95832	True
seq.24642.21	Protein FAM92A	A1XBS5	A1XBS5	True
seq.24643.21	Lambda-crystallin homolog	Q9Y2S2	Q9Y2S2	True
seq.24645.2	Bridging integrator 3	Q9NQY0	Q9NQY0	True
seq.24646.47	Serine--pyruvate aminotransferase	P21549	P21549	True
seq.24647.3	C->U-editing enzyme APOBEC-2	Q9Y235	Q9Y235	True
seq.24648.8	Histone RNA hairpin-binding protein	Q14493	Q14493	True
seq.24649.11	Protein N-terminal glutamine amidohydrolase	Q96HA8	Q96HA8	True
seq.24651.1	Reticulon-1	Q16799	Q16799	True
seq.24654.13	Transcription cofactor HES-6	Q96HZ4	Q96HZ4	True
seq.24655.23	RILP-like protein 2	Q969X0	Q969X0	True
seq.24656.6	Sesquipedalian-2	Q6ICB4	Q6ICB4	True
seq.24658.98	Coiled-coil domain-containing protein 115	Q96NT0	Q96NT0	True
seq.24659.6	DnaJ homolog subfamily B member 13	P59910	P59910	True
seq.24661.4	MAP6 domain-containing protein 1	Q9H9H5	Q9H9H5	True
seq.24662.78	Tetratricopeptide repeat protein 36	A6NLP5	A6NLP5	True
seq.24664.3	UPF0510 protein INM02	Q5UCC4	Q5UCC4	True
seq.24665.48	GTP-binding protein REM 1	O75628	O75628	True
seq.24667.27	Cancer/testis antigen family 45 member A1	Q5HYN5	Q5HYN5	True
seq.24669.12	DnaJ homolog subfamily C member 5B	Q9UF47	Q9UF47	True
seq.24670.1	PIH1 domain-containing protein 1	Q9NWS0	Q9NWS0	True
seq.24671.15	Apoptosis-associated speck-like protein containing a CARD	Q9ULZ3	Q9ULZ3	True
seq.24674.22	Egl nine homolog 2	Q96KS0	Q96KS0	True
seq.24675.2	Microtubule-associated serine/threonine-protein kinase 4	O15021	O15021	True
seq.24676.105	Uncharacterized protein C21orf59	P57076	P57076	True
seq.24677.106	Protein RER1	O15258	O15258	True
seq.24678.10	Cell death regulator Aven	Q9NQS1	Q9NQS1	True
seq.24679.35	Transcription factor ETV7	Q9Y603	Q9Y603	True
seq.2468.62	C-C motif chemokine 20	P78556	P78556	True
seq.24680.51	Thioredoxin domain-containing protein 1	Q9H3N1	Q9H3N1	True
seq.24681.2	Phosphoserine phosphatase	P78330	P78330	True
seq.24683.11	GTPase IMAP family member 7	Q8NHV1	Q8NHV1	True
seq.24684.7	GTPase IMAP family member 4	Q9NUV9	Q9NUV9	True
seq.24685.12	Sorting nexin-11	Q9Y5W9	Q9Y5W9	True
seq.24686.19	Acyl-CoA-binding domain-containing protein 4	Q8NC06	Q8NC06	True
seq.24687.18	Alpha-tocopherol transfer protein-like	Q9BTX7	Q9BTX7	True
seq.24688.9	Doublesex- and mab-3-related transcription factor B1	Q96MA1	Q96MA1	True
seq.24689.9	Polymerase I and transcript release factor	Q6NZI2	Q6NZI2	True
seq.24690.1	Calcium-binding protein 2	Q9NPB3	Q9NPB3	True
seq.24693.5	Chloride intracellular channel protein 3	O95833	O95833	True
seq.24694.158	Ezrin-radixin-moesin-binding phosphoprotein 50	O14745	O14745	True
seq.24695.8	Pleckstrin homology domain-containing family B member 1	Q9UF11	Q9UF11	True
seq.24696.14	PDZ domain-containing protein MAGIX	Q9H6Y5	Q9H6Y5	True
seq.24697.48	Heterogeneous nuclear ribonucleoprotein A0	Q13151	Q13151	True
seq.24698.12	Pre-mRNA-splicing factor 18	Q99633	Q99633	True
seq.24699.20	ADP-ribosylation factor-like protein 6-interacting protein 1	Q15041	Q15041	True
seq.24701.21	Dystrobrevin alpha	Q9Y4J8	Q9Y4J8	True
seq.24702.31	Coiled-coil domain-containing protein 149	Q6ZUS6	Q6ZUS6	True
seq.24704.38	COMM domain-containing protein 5	Q9GZQ3	Q9GZQ3	True
seq.24706.73	Craniofacial development protein 1	Q9UEE9	Q9UEE9	True
seq.24707.6	Uncharacterized protein CXorf38	Q8TB03	Q8TB03	True
seq.24708.7	Short-chain dehydrogenase/reductase 3	O75911	O75911	True
seq.24710.1	Microtubule-associated tumor suppressor candidate 2	Q5JR59	Q5JR59	True
seq.24711.21	Short stature homeobox protein	O15266	O15266	True
seq.24712.6	GTP-binding protein 10	A4D1E9	A4D1E9	True
seq.24713.4	PDZ domain-containing protein MAGIX	Q9H6Y5	Q9H6Y5	True
seq.24717.26	Serine/threonine-protein phosphatase 2A regulatory subunit B'	Q15257	Q15257	True
seq.24718.8	Leucine-rich repeat-containing protein 75A	Q8NAA5	Q8NAA5	True
seq.24720.10	Ankyrin repeat domain-containing protein 16	Q6P6B7	Q6P6B7	True
seq.24721.17	Golgi phosphoprotein 3	Q9H4A6	Q9H4A6	True
seq.24722.13	Spindlin-3	Q5JUX0	Q5JUX0	True
seq.24723.58	Eukaryotic translation initiation factor 2 subunit 2	P20042	P20042	True
seq.24724.4	Vacuolar protein sorting-associated protein 26B	Q4G0F5	Q4G0F5	True
seq.24725.4	COP9 signalosome complex subunit 5	Q92905	Q92905	True
seq.2474.54	Serum amyloid P-component	P02743	P02743	True
seq.2475.1	Mast/stem cell growth factor receptor Kit	P10721	P10721	True
seq.2480.58	Metalloproteinase inhibitor 3	P35625	P35625	True
seq.24891.54	Epidermal growth factor receptor kinase substrate 8-like protein 2	Q9H6S3	Q9H6S3	True
seq.24892.8	Testicular spindle-associated protein SHCBP1L	Q9BZQ2	Q9BZQ2	True
seq.24895.25	F-BAR and double SH3 domains protein 1	Q86WN1	Q86WN1	True
seq.24896.5	Menin	O00255	O00255	True
seq.24898.39	Sec1 family domain-containing protein 1	Q8WVM8	Q8WVM8	True
seq.24899.13	Epidermal growth factor receptor kinase substrate 8-like protein 1	Q8TE68	Q8TE68	True
seq.24900.46	VPS9 domain-containing protein 1	Q9Y2B5	Q9Y2B5	True
seq.24901.4	Villin-1	P09327	P09327	True
seq.24902.84	Gephyrin	Q9NQX3	Q9NQX3	True
seq.24903.7	Kelch-like protein 14	Q9P2G3	Q9P2G3	True
seq.24904.121	Syntaxin-binding protein 4	Q6ZWJ1	Q6ZWJ1	True
seq.24905.22	Protein CXorf40A	Q8TE69	Q8TE69	True
seq.24907.3	Mitochondrial-processing peptidase subunit alpha	Q10713	Q10713	True
seq.24908.19	Amphiphysin	P49418	P49418	True
seq.24909.40	1-phosphatidylinositol-4,5-bisphosphate phosphodiesterase delta-1	P51178	P51178	True
seq.24910.18	Non-POU domain-containing octamer-binding protein	Q15233	Q15233	True
seq.24911.57	LRP	Q14764	Q14764	True
seq.24912.40	WD repeat-containing protein 26	Q9H7D7	Q9H7D7	True
seq.24914.10	Enhancer of zeste homolog 2	Q15910	Q15910	True
seq.24915.123	Calpain-13	Q6MZZ7	Q6MZZ7	True
seq.24917.95	DnaJ homolog subfamily C member 1	Q96KC8	Q96KC8	True
seq.24920.6	Glutaminase kidney isoform, mitochondrial	O94925	O94925	True
seq.24921.73	HIRA-interacting protein 3	Q9BW71	Q9BW71	True
seq.24922.19	NHL repeat-containing protein 2	Q8NBF2	Q8NBF2	True
seq.24923.27	Secernin-3	Q0VDG4	Q0VDG4	True
seq.24926.9	Far upstream element-binding protein 2	Q92945	Q92945	True
seq.24928.20	Mitotic-spindle organizing protein 2A	Q6P582	Q6P582	True
seq.24929.26	Transcription factor SOX-6	P35712	P35712	True
seq.24931.9	Epidermal growth factor receptor kinase substrate 8-like protein 3	Q8TE67	Q8TE67	True
seq.24934.96	Opioid growth factor receptor	Q9NZT2	Q9NZT2	True
seq.24935.62	Forkhead box protein P1	Q9H334	Q9H334	True
seq.24937.7	Rho GTPase-activating protein 26	Q9UNA1	Q9UNA1	True
seq.24938.7	AP-2 complex subunit beta-1	P63010	P63010	True
seq.24940.3	Inhibitor of nuclear factor kappa B kinase beta subunit	O14920	O14920	True
seq.24941.14	Clustered mitochondria protein homolog	O75153	O75153	True
seq.24942.22	Protein unc-13 homolog D	Q70J99	Q70J99	True
seq.24944.12	RalBP1-associated Eps domain-containing protein 2	Q8NFH8	Q8NFH8	True
seq.24945.16	Sorting nexin-27	Q96L92	Q96L92	True
seq.24946.9	Rho GTPase-activating protein 22	Q7Z5H3	Q7Z5H3	True
seq.24947.40	Numb-like protein	Q9Y6R0	Q9Y6R0	True
seq.24948.79	Paraspeckle component 1	Q8WXF1	Q8WXF1	True
seq.24950.21	Specifically androgen-regulated gene protein	Q9BW04	Q9BW04	True
seq.24951.3	Protein VAC14 homolog	Q08AM6	Q08AM6	True
seq.24952.28	Far upstream element-binding protein 3	Q96I24	Q96I24	True
seq.24953.27	Kinesin-like protein KIF3B	O15066	O15066	True
seq.24954.83	AP-1 complex subunit beta-1	Q10567	Q10567	True
seq.24955.116	Zinc fingers and homeoboxes protein 2	Q9Y6X8	Q9Y6X8	True
seq.24956.1	N6-adenosine-methyltransferase 70 kDa subunit	Q86U44	Q86U44	True
seq.24957.6	Espin	B1AK53	B1AK53	True
seq.24958.3	DNA-binding protein RFX5	P48382	P48382	True
seq.24959.20	Cytochrome b5 reductase 4	Q7L1T6	Q7L1T6	True
seq.24960.48	Huntingtin-interacting protein 1-related protein	O75146	O75146	True
seq.24962.7	SH3 domain-containing kinase-binding protein 1	Q96B97	Q96B97	True
seq.24963.1	Armadillo repeat-containing protein 3	Q5W041	Q5W041	True
seq.24967.4	Protocadherin-1	Q08174	Q08174	True
seq.24968.10	T-lymphoma invasion and metastasis-inducing protein 2	Q8IVF5	Q8IVF5	True
seq.24970.117	Serrate RNA effector molecule homolog	Q9BXP5	Q9BXP5	True
seq.24971.2	Phosphatidylinositide phosphatase SAC2	Q9Y2H2	Q9Y2H2	True
seq.24973.11	MICAL-like protein 1	Q8N3F8	Q8N3F8	True
seq.24975.3	Fc receptor-like A	Q7L513	Q7L513	True
seq.24977.18	Villin-like protein	O15195	O15195	True
seq.24979.17	Eukaryotic translation initiation factor 3 subunit B	P55884	P55884	True
seq.24981.8	Cytoplasmic dynein 1 light intermediate chain 1	Q9Y6G9	Q9Y6G9	True
seq.24982.33	MAGUK p55 subfamily member 5	Q8N3R9	Q8N3R9	True
seq.24983.119	ELKS/RAB6-interacting/CAST family member 1	Q8IUD2	Q8IUD2	True
seq.2500.2	Angiopoietin-4	Q9Y264	Q9Y264	True
seq.2501.51	Cadherin-1	P12830	P12830	True
seq.25033.194	Transitional endoplasmic reticulum ATPase	P55072	P55072	True
seq.25036.10	Ran GTPase-activating protein 1	P46060	P46060	True
seq.25037.4	Aspartyl aminopeptidase	Q9ULA0	Q9ULA0	True
seq.25038.5	Wee1-like protein kinase 2	P0C1S8	P0C1S8	True
seq.25039.10	Kelch-like protein 3	Q9UH77	Q9UH77	True
seq.25041.11	6-phosphofructo-2-kinase/fructose-2,6-bisphosphatase 4	Q16877	Q16877	True
seq.25042.3	NAD-dependent malic enzyme, mitochondrial	P23368	P23368	True
seq.25043.74	Succinyl-CoA:3-ketoacid-coenzyme A transferase 1, mitochondrial	P55809	P55809	True
seq.25048.30	Protein kinase C and casein kinase substrate in neurons protein 2	Q9UNF0	Q9UNF0	True
seq.25049.8	Nonspecific lipid-transfer protein:isoform SCPx	P22307	P22307	True
seq.2505.49	GDNF family receptor alpha-3	O60609	O60609	True
seq.25050.82	Tripeptidyl-peptidase 2	P29144	P29144	True
seq.25051.104	Fat mass and obesity-associated protein	Q9C0B1	Q9C0B1	True
seq.25052.3	Cytokine receptor-like factor 3	Q8IUI8	Q8IUI8	True
seq.25053.1	Cytoplasmic dynein 1 light intermediate chain 2	O43237	O43237	True
seq.25054.15	Pre-mRNA-processing factor 19	Q9UMS4	Q9UMS4	True
seq.25055.56	Oxysterol-binding protein 1	P22059	P22059	True
seq.25057.2	Alpha-actinin-4	O43707	O43707	True
seq.25058.23	Membrane-associated phosphatidylinositol transfer protein 3	Q9BZ71	Q9BZ71	True
seq.25059.18	Histone deacetylase 6	Q9UBN7	Q9UBN7	True
seq.25060.18	NADP-dependent malic enzyme	P48163	P48163	True
seq.25061.8	Engulfment and cell motility protein 2	Q96JJ3	Q96JJ3	True
seq.25064.34	Type I inositol-3,4-bisphosphate 4-phosphatase	Q96PE3	Q96PE3	True
seq.25065.22	Myosin-binding protein H	Q13203	Q13203	True
seq.25066.32	Glycogenin-2	O15488	O15488	True
seq.25068.131	Glutamate dehydrogenase 2, mitochondrial	P49448	P49448	True
seq.25070.18	Protein-methionine sulfoxide oxidase MICAL1	Q8TDZ2	Q8TDZ2	True
seq.25072.11	Chromodomain-helicase-DNA-binding protein 1-like	Q86WJ1	Q86WJ1	True
seq.25073.13	Ubiquitin conjugation factor E4 A	Q14139	Q14139	True
seq.25074.119	Putative glycerol kinase 5	Q6ZS86	Q6ZS86	True
seq.25075.2	Zinc finger and BTB domain-containing protein 10	Q96DT7	Q96DT7	True
seq.25076.2	Selenium-binding protein 1	Q13228	Q13228	True
seq.25078.13	Cysteine protease ATG4C	Q96DT6	Q96DT6	True
seq.25080.16	UDP-glucuronosyltransferase 2B15	P54855	P54855	True
seq.25081.6	Protein FAM160B1	Q5W0V3	Q5W0V3	True
seq.25082.3	Neural Wiskott-Aldrich syndrome protein	O00401	O00401	True
seq.25083.26	Protein diaphanous homolog 1	O60610	O60610	True
seq.25085.37	Tether containing UBX domain for GLUT4	Q9BZE9	Q9BZE9	True
seq.25086.83	GRAM domain-containing protein 2B	Q96HH9	Q96HH9	True
seq.25087.11	Dystrobrevin alpha	Q9Y4J8	Q9Y4J8	True
seq.25088.42	Phosphorylase b kinase regulatory subunit alpha, skeletal muscle isoform	P46020	P46020	True
seq.25089.21	Transcription intermediary factor 1-beta	Q13263	Q13263	True
seq.25091.83	SLIT-ROBO Rho GTPase-activating protein 2	O75044	O75044	True
seq.25092.32	ATP-dependent RNA helicase DDX1	Q92499	Q92499	True
seq.25093.96	Vang-like protein 1	Q8TAA9	Q8TAA9	True
seq.25094.9	Acetyl-coenzyme A synthetase, cytoplasmic	Q9NR19	Q9NR19	True
seq.25095.1	Synphilin-1	Q9Y6H5	Q9Y6H5	True
seq.25096.58	Myosin-binding protein C, fast-type	Q14324	Q14324	True
seq.25099.4	Calcium-dependent secretion activator 2	Q86UW7	Q86UW7	True
seq.25100.11	C-Maf-inducing protein	Q8IY22	Q8IY22	True
seq.25102.23	Elongator complex protein 1	O95163	O95163	True
seq.25103.45	Vacuolar protein sorting-associated protein 53 homolog	Q5VIR6	Q5VIR6	True
seq.25104.10	Transcription factor CP2-like protein 1	Q9NZI6	Q9NZI6	True
seq.25105.70	Eukaryotic translation initiation factor 2A	Q9BY44	Q9BY44	True
seq.25105.87	Eukaryotic translation initiation factor 2A	Q9BY44	Q9BY44	True
seq.25108.6	Arginyl-tRNA--protein transferase 1	O95260	O95260	True
seq.25110.19	Exocyst complex component 7	Q9UPT5	Q9UPT5	True
seq.25111.24	E3 ubiquitin-protein ligase RAD18	Q9NS91	Q9NS91	True
seq.25112.6	Ribosomal protein S6 kinase beta-2	Q9UBS0	Q9UBS0	True
seq.25114.256	TBC1 domain family member 24	Q9ULP9	Q9ULP9	True
seq.25115.21	FH1/FH2 domain-containing protein 1	Q9Y613	Q9Y613	True
seq.25116.11	Coiled-coil domain-containing protein 9	Q9Y3X0	Q9Y3X0	True
seq.25117.17	PGM5	Q15124	Q15124	True
seq.25118.45	Protein bicaudal D homolog 1	Q96G01	Q96G01	True
seq.25121.7	Nodal modulator 2	Q5JPE7	Q5JPE7	True
seq.25123.198	DNA-(apurinic or apyrimidinic site) lyase 2	Q9UBZ4	Q9UBZ4	True
seq.25124.21	Zinc finger and BTB domain-containing protein 7A	O95365	O95365	True
seq.25125.7	SH3 and cysteine-rich domain-containing protein	Q99469	Q99469	True
seq.25126.19	E3 ubiquitin-protein ligase HECW2	Q9P2P5	Q9P2P5	True
seq.2514.65	Ephrin-B3:Extracellular domain	Q15768	Q15768	True
seq.2515.14	GDNF family receptor alpha-2	O00451	O00451	True
seq.2516.57	C-C motif chemokine 21	O00585	O00585	True
seq.25209.15	Sodium/potassium-transporting ATPase gamma chain	P54710	P54710	True
seq.25211.14	Guanine nucleotide-binding protein G(I)/G(S)/G(O) gamma-12 subunit	Q9UBI6	Q9UBI6	True
seq.25215.1	Mitochondrial import inner membrane translocase subunit Tim10	P62072	P62072	True
seq.25216.8	Calgranulin A	P05109	P05109	True
seq.25217.35	Sperm protein associated with the nucleus on the X chromosome A	Q9NS26	Q9NS26	True
seq.25218.10	Signal peptidase complex subunit 1	Q9Y6A9	Q9Y6A9	True
seq.25219.17	V-type proton ATPase subunit F	Q16864	Q16864	True
seq.25220.8	Cysteine-rich tail protein 1	A8MQ03	A8MQ03	True
seq.25225.14	Ferritin heavy polypeptide-like 17	Q9BXU8	Q9BXU8	True
seq.25227.20	Transcription elongation factor A protein-like 2	Q9H3H9	Q9H3H9	True
seq.2523.31	C-C motif chemokine 5	P13501	P13501	True
seq.25232.4	EH domain-containing protein 3	Q9NZN3	Q9NZN3	True
seq.25233.2	Mannose-6-phosphate isomerase	P34949	P34949	True
seq.25235.2	Diphthine methyltransferase	Q9BTV6	Q9BTV6	True
seq.25236.11	Methyltransferase-like 26	Q96S19	Q96S19	True
seq.25238.6	Apoptosis facilitator Bcl-2-like protein 14	Q9BZR8	Q9BZR8	True
seq.2524.56	High mobility group protein B1	P09429	P09429	True
seq.25240.1	Protein-lysine N-methyltransferase EEF2KMT	Q96G04	Q96G04	True
seq.25242.12	Ciliogenesis-associated TTC17-interacting protein	Q7Z7H3	Q7Z7H3	True
seq.25244.9	Probable E3 ubiquitin-protein ligase HECTD3	Q5T447	Q5T447	True
seq.25245.22	Synembryn-A	Q9NPQ8	Q9NPQ8	True
seq.25247.12	Armadillo repeat-containing protein 8	Q8IUR7	Q8IUR7	True
seq.25248.28	Protein numb homolog	P49757	P49757	True
seq.25249.33	Pyruvate dehydrogenase E1 component subunit alpha, testis-specific form, mitochondrial	P29803	P29803	True
seq.25251.6	Ectonucleotide pyrophosphatase/phosphodiesterase family member 3	O14638	O14638	True
seq.25252.29	MTSS1-like protein	Q765P7	Q765P7	True
seq.25253.17	Guanine nucleotide-binding protein G(s) subunit alpha isoforms	Q5JWF2|P63092	Q5JWF2|P63092	True
seq.25255.4	Transmembrane and ubiquitin-like domain-containing protein 1	Q9BVT8	Q9BVT8	True
seq.25256.153	Elongation factor 1-alpha 1	P68104	P68104	True
seq.25256.23	Elongation factor 1-alpha 1	P68104	P68104	True
seq.25257.162	Oligodendrocyte transcription factor 1	Q8TAK6	Q8TAK6	True
seq.25258.41	Spermatogenesis-associated protein 5	Q8NB90	Q8NB90	True
seq.25259.7	Uncharacterized protein C17orf62	Q9BQA9	Q9BQA9	True
seq.25260.62	Uncharacterized protein C15orf17	Q5XKK7	Q5XKK7	True
seq.25261.42	Ankyrin repeat and SAM domain-containing protein 3	Q6ZW76	Q6ZW76	True
seq.25262.6	Centromere/kinetochore protein zw10 homolog	O43264	O43264	True
seq.25263.4	Rho GTPase-activating protein 24	Q8N264	Q8N264	True
seq.25264.102	SHIP	Q92835	Q92835	True
seq.25265.8	Formin-binding protein 1	Q96RU3	Q96RU3	True
seq.25266.14	Oxysterol-binding protein-related protein 1	Q9BXW6	Q9BXW6	True
seq.25270.3	Probable transcription factor PML	P29590	P29590	True
seq.25272.17	Cadherin-23	Q9H251	Q9H251	True
seq.25273.80	Caldesmon	Q05682	Q05682	True
seq.25274.2	Ankyrin repeat domain-containing protein 2	Q9GZV1	Q9GZV1	True
seq.25275.30	Histone deacetylase 4	P56524	P56524	True
seq.25276.32	Rab-like protein 6	Q3YEC7	Q3YEC7	True
seq.25277.51	Pantothenate kinase 1	Q8TE04	Q8TE04	True
seq.25278.41	Rho GTPase-activating protein 6	O43182	O43182	True
seq.25279.44	Nuclear valosin-containing protein-like	O15381	O15381	True
seq.25280.2	LIM domain-containing protein 1	Q9UGP4	Q9UGP4	True
seq.25281.50	Dipeptidyl peptidase 8	Q6V1X1	Q6V1X1	True
seq.25282.6	Antizyme inhibitor 1	O14977	O14977	True
seq.25283.2	Catenin alpha-3	Q9UI47	Q9UI47	True
seq.25284.47	Ubiquitin-like modifier-activating enzyme 6	A0AVT1	A0AVT1	True
seq.25285.14	Kelch repeat and BTB domain-containing protein 11	O94819	O94819	True
seq.25286.33	Rab GTPase-activating protein 1-like	Q5R372	Q5R372	True
seq.25287.7	Eukaryotic translation initiation factor 4 gamma 1	Q04637	Q04637	True
seq.25288.16	Dimethylaniline monooxygenase [N-oxide-forming] 3	P31513	P31513	True
seq.25291.27	Pleckstrin homology domain-containing family M member 2	Q8IWE5	Q8IWE5	True
seq.25292.4	Carboxylesterase 3	Q6UWW8	Q6UWW8	True
seq.25292.6	Carboxylesterase 3	Q6UWW8	Q6UWW8	True
seq.25296.3	Angiomotin	Q4VCS5	Q4VCS5	True
seq.25297.11	SH3 and PX domain-containing protein 2B	A1X283	A1X283	True
seq.25298.53	Lysine-specific demethylase 4C	Q9H3R0	Q9H3R0	True
seq.25299.11	Nuclear receptor coactivator 7	Q8NI08	Q8NI08	True
seq.25300.39	Mucosa-associated lymphoid tissue lymphoma translocation protein 1	Q9UDY8	Q9UDY8	True
seq.25301.48	Dual specificity tyrosine-phosphorylation-regulated kinase 1A	Q13627	Q13627	True
seq.25306.51	DAXX	Q9UER7	Q9UER7	True
seq.25307.8	WD repeat-containing protein 18	Q9BV38	Q9BV38	True
seq.25308.8	LIM domain kinase 1	P53667	P53667	True
seq.25409.5	Coiled-coil domain-containing protein 140	Q96MF4	Q96MF4	True
seq.25412.53	FXYD domain-containing ion transport regulator 6	Q9H0Q3	Q9H0Q3	True
seq.25413.80	G antigen 2	Q13066	Q13066	True
seq.25414.11	Late cornified envelope protein 3B	Q5TA77	Q5TA77	True
seq.25416.5	Periaxin	Q9BXM0	Q9BXM0	True
seq.25419.59	Sperm protein associated with the nucleus on the X chromosome N4	Q5MJ08	Q5MJ08	True
seq.25422.58	Ribonuclease P protein subunit p40	O75818	O75818	True
seq.25424.234	Synaptotagmin-12	Q8IV01	Q8IV01	True
seq.25428.103	Interferon-related developmental regulator 1	O00458	O00458	True
seq.25433.25	Putative methyltransferase NSUN6	Q8TEA1	Q8TEA1	True
seq.25436.44	Saccharopine dehydrogenase-like oxidoreductase	Q8NBX0	Q8NBX0	True
seq.25437.18	Ankyrin repeat and MYND domain-containing protein 2	Q8IV38	Q8IV38	True
seq.25438.288	5'-nucleotidase domain-containing protein 1	Q5TFE4	Q5TFE4	True
seq.25444.29	Type I inositol 1,4,5-trisphosphate 5-phosphatase	Q14642	Q14642	True
seq.25446.34	Protein DDI1 homolog 2	Q5TDH0	Q5TDH0	True
seq.25451.39	Transcriptional coactivator YAP1	P46937	P46937	True
seq.25452.16	Myb/SANT-like DNA-binding domain-containing protein 2	Q6P1R3	Q6P1R3	True
seq.25453.57	Ropporin-1B	Q9BZX4	Q9BZX4	True
seq.25454.38	Protein arginine N-methyltransferase 2	P55345	P55345	True
seq.25456.73	26S protease regulatory subunit 8	P62195	P62195	True
seq.25459.3	O-acetyl-ADP-ribose deacetylase MACROD2	A1Z1Q3	A1Z1Q3	True
seq.25460.36	Interferon regulatory factor 5	Q13568	Q13568	True
seq.25461.3	S-arrestin	P10523	P10523	True
seq.25463.3	cAMP-dependent protein kinase type II-beta regulatory subunit	P31323	P31323	True
seq.25464.1	Cytochrome P450 2C19	P33261	P33261	True
seq.25465.42	Muscular LMNA-interacting protein	Q5VWP3	Q5VWP3	True
seq.25466.84	Kynurenine 3-monooxygenase	O15229	O15229	True
seq.25468.5	SOX-9	P48436	P48436	True
seq.25472.12	Brain-enriched guanylate kinase-associated protein	Q9BUH8	Q9BUH8	True
seq.25473.62	Protein farnesyltransferase/geranylgeranyltransferase type-1 subunit alpha	P49354	P49354	True
seq.25479.8	Leucine-rich repeat flightless-interacting protein 2	Q9Y608	Q9Y608	True
seq.25480.21	Ubiquitin-associated domain-containing protein 1	Q9BSL1	Q9BSL1	True
seq.25481.66	Ataxin-10	Q9UBB4	Q9UBB4	True
seq.25482.5	Nuclear factor 1 A-type	Q12857	Q12857	True
seq.25484.120	AT-rich interactive domain-containing protein 3C	A6NKF2	A6NKF2	True
seq.25486.38	39S ribosomal protein L38, mitochondrial	Q96DV4	Q96DV4	True
seq.25488.6	Pleckstrin homology domain-containing family O member 2	Q8TD55	Q8TD55	True
seq.25491.54	Endoplasmic reticulum junction formation protein lunapark	Q9C0E8	Q9C0E8	True
seq.25492.7	Target of Myb protein 1	O60784	O60784	True
seq.25493.11	Protein FAM221B	A6H8Z2	A6H8Z2	True
seq.25497.35	SEC14-like protein 4	Q9UDX3	Q9UDX3	True
seq.25499.37	Phospholipase DDHD2	O94830	O94830	True
seq.25500.6	Rab11 family-interacting protein 3	O75154	O75154	True
seq.25501.128	Cytokine-dependent hematopoietic cell linker	Q7Z7G1	Q7Z7G1	True
seq.2558.51	Beta-endorphin	P01189	P01189	True
seq.2567.5	Complement factor I	P05156	P05156	True
seq.2570.72	Insulin-like growth factor-binding protein 2	P18065	P18065	True
seq.2571.12	Insulin-like growth factor-binding protein 3	P17936	P17936	True
seq.2573.20	Interleukin-6	P05231	P05231	True
seq.2575.5	Leptin	P41159	P41159	True
seq.2578.67	C-C motif chemokine 2	P13500	P13500	True
seq.2579.17	Matrix metalloproteinase-9	P14780	P14780	True
seq.2580.83	Myeloperoxidase	P05164	P05164	True
seq.2585.2	Prolactin	P01236	P01236	True
seq.25879.6	Histone acetyltransferase KAT5	Q92993	Q92993	True
seq.25880.14	5-Lipoxygenase	P09917	P09917	True
seq.25886.11	ATP-binding cassette sub-family D member 4	O14678	O14678	True
seq.25889.108	Absent in melanoma 2	O14862	O14862	True
seq.25895.29	Caspase-5	P51878	P51878	True
seq.25898.4	Chitinase domain-containing protein 1	Q9BWS9	Q9BWS9	True
seq.2590.69	Inactive tyrosine-protein kinase transmembrane receptor ROR1	Q01973	Q01973	True
seq.25901.3	CREB-regulated transcription coactivator 3	Q6UUV7	Q6UUV7	True
seq.25902.27	Glutamate dehydrogenase 1, mitochondrial	P00367	P00367	True
seq.25904.17	Dedicator of cytokinesis protein 2	Q92608	Q92608	True
seq.25906.5	Elongation factor 1-alpha 1	P68104	P68104	True
seq.25907.47	Echinoderm microtubule-associated protein-like 2	O95834	O95834	True
seq.25910.1	IgGFc-binding protein	Q9Y6R7	Q9Y6R7	True
seq.25912.131	FK506 binding protein 1A	P62942	P62942	True
seq.25913.17	Ferritin heavy chain	P02794	P02794	True
seq.25917.12	Beta-hexosaminidase alpha chain	P06865	P06865	True
seq.25918.60	HLA class I histocompatibility antigen, alpha chain E	P13747	P13747	True
seq.25921.3	Inhibin a subunit	P05111	P05111	True
seq.25922.7	Low-density lipoprotein receptor-related protein 5	O75197	O75197	True
seq.25926.29	LIM domain-binding protein 1	Q86U70	Q86U70	True
seq.25938.13	Neurogenin-3	Q9Y4Z2	Q9Y4Z2	True
seq.25941.4	2'-5'-oligoadenylate synthetase like protein	Q15646	Q15646	True
seq.25947.116	Phosphatidylinositol 3-kinase catalytic subunit type 3	Q8NEB9	Q8NEB9	True
seq.25948.18	Serine/threonine-protein kinase N2	Q16513	Q16513	True
seq.25949.3	1-phosphatidylinositol 4,5-bisphosphate phosphodiesterase delta-3	Q8N3E9	Q8N3E9	True
seq.25951.17	Preferentially expressed antigen of melanoma	P78395	P78395	True
seq.25954.3	Receptor-type tyrosine-protein phosphatase-like N	Q16849	Q16849	True
seq.25956.9	Rap guanine nucleotide exchange factor 1	Q13905	Q13905	True
seq.25957.5	Sex-determining region Y protein	Q05066	Q05066	True
seq.25960.15	Plastin-3	P13797	P13797	True
seq.25962.51	Serine/threonine-protein kinase WNK1	Q9H4A3	Q9H4A3	True
seq.25963.2	Exportin-5	Q9HAV4	Q9HAV4	True
seq.25964.12	Complement C1q tumor necrosis factor-related protein 4	Q9BXJ3	Q9BXJ3	True
seq.25967.34	Metalloproteinase inhibitor 1	P01033	P01033	True
seq.2597.8	Vascular endothelial growth factor A	P15692	P15692	True
seq.2598.9	Tumor necrosis factor receptor superfamily member 9	Q07011	Q07011	True
seq.2599.51	Tumor necrosis factor ligand superfamily member 9	P41273	P41273	True
seq.2602.2	Angiopoietin-2	O15123	O15123	True
seq.2603.61	T-lymphocyte activation antigen CD80	P33681	P33681	True
seq.2605.49	Tumor necrosis factor receptor superfamily member 8	P28908	P28908	True
seq.2607.54	Cytokine receptor-like factor 1:Cardiotrophin-like cytokine factor 1 Complex	O75462|Q9UBD9	O75462|Q9UBD9	True
seq.2609.59	Cystatin-C	P01034	P01034	True
seq.2611.72	Tyrosine-protein kinase receptor TYRO3	Q06418	Q06418	True
seq.2612.5	Eukaryotic translation initiation factor 5	P55010	P55010	True
seq.2614.28	Ephrin-A4	P52798	P52798	True
seq.2615.60	Ephrin-A5	P52803	P52803	True
seq.2616.23	Receptor tyrosine-protein kinase erbB-2	P04626	P04626	True
seq.2617.56	Receptor tyrosine-protein kinase erbB-3	P21860	P21860	True
seq.2618.10	Receptor tyrosine-protein kinase erbB-4	Q15303	Q15303	True
seq.2619.72	Tumor-associated calcium signal transducer 2	P09758	P09758	True
seq.2620.4	Interleukin-6 receptor subunit beta	P40189	P40189	True
seq.2622.18	Heme oxygenase 2	P30519	P30519	True
seq.2630.12	Interleukin-1 Receptor accessory protein	Q9NPH3	Q9NPH3	True
seq.2631.50	Interleukin-10 receptor subunit beta	Q08334	Q08334	True
seq.2632.5	Interleukin-12 receptor subunit beta-1	P42701	P42701	True
seq.2633.52	Interleukin-13 receptor subunit alpha-1	P78552	P78552	True
seq.2634.2	Cytokine receptor common subunit gamma	P31785	P31785	True
seq.2635.61	Layilin	Q6UX15	Q6UX15	True
seq.2636.10	Tumor necrosis factor receptor superfamily member 3	P36941	P36941	True
seq.2637.77	Macrophage mannose receptor 1	P22897	P22897	True
seq.2638.12	Macrophage colony-stimulating factor 1 receptor	P07333	P07333	True
seq.2640.3	Macrophage-stimulating protein receptor	Q04912	Q04912	True
seq.2642.4	Platelet-activating factor acetylhydrolase IB subunit beta	P68402	P68402	True
seq.2643.57	Cadherin-3	P22223	P22223	True
seq.2644.11	Protein kinase C alpha type	P17252	P17252	True
seq.2645.54	Protein kinase C zeta type	Q05513	Q05513	True
seq.2647.66	Rab GDP dissociation inhibitor beta	P50395	P50395	True
seq.2649.77	Intercellular adhesion molecule 3	P32942	P32942	True
seq.2652.15	Urokinase plasminogen activator surface receptor	Q03405	Q03405	True
seq.2654.19	Tumor necrosis factor receptor superfamily member 1A	P19438	P19438	True
seq.2658.27	NT-3 growth factor receptor	Q16288	Q16288	True
seq.2665.26	Tumor necrosis factor receptor superfamily member 17	Q02223	Q02223	True
seq.2666.53	Decorin	P07585	P07585	True
seq.2668.70	Calpain I	P04632|P07384	P04632|P07384	True
seq.2670.67	Creatine kinase M-type	P06732	P06732	True
seq.2677.1	Epidermal growth factor receptor	P00533	P00533	True
seq.2681.23	Hepatocyte growth factor	P14210	P14210	True
seq.2682.68	60 kDa heat shock protein, mitochondrial	P10809	P10809	True
seq.2683.1	Complement C3b, inactivated	P01024	P01024	True
seq.2685.21	Insulin-like growth factor-binding protein 5	P24593	P24593	True
seq.2686.67	Insulin-like growth factor-binding protein 6	P24592	P24592	True
seq.2687.2	Melanoma-derived growth regulatory protein	Q16674	Q16674	True
seq.2692.74	Phospholipase A2, membrane associated	P14555	P14555	True
seq.2693.20	Oncostatin-M	P13725	P13725	True
seq.2695.25	Platelet endothelial cell adhesion molecule	P16284	P16284	True
seq.2696.87	Persephin	O60542	O60542	True
seq.2697.7	Platelet factor 4	P02776	P02776	True
seq.2700.56	Vitamin K-dependent protein S	P07225	P07225	True
seq.2704.74	Tumor necrosis factor receptor superfamily member 13B	O14836	O14836	True
seq.2705.5	C-C motif chemokine 25	O15444	O15444	True
seq.2706.69	Thyroxine-binding globulin	P05543	P05543	True
seq.2708.54	Tumor necrosis factor ligand superfamily member 18	Q9UNG2	Q9UNG2	True
seq.2711.6	Ciliary neurotrophic factor receptor subunit alpha	P26992	P26992	True
seq.2714.78	Endothelial monocyte-activating polypeptide 2	Q12904	Q12904	True
seq.2715.25	Erythropoietin receptor	P19235	P19235	True
seq.2719.3	Granulocyte colony-stimulating factor receptor	Q99062	Q99062	True
seq.2723.9	Interleukin-37	Q9NZH6	Q9NZH6	True
seq.2728.62	Tenascin	P24821	P24821	True
seq.2730.58	MHC class I polypeptide-related sequence A	Q29983	Q29983	True
seq.2731.29	NADPH--cytochrome P450 reductase	P16435	P16435	True
seq.2732.58	Homeobox protein NANOG	Q9H9S0	Q9H9S0	True
seq.2734.49	Natural cytotoxicity triggering receptor 2	O95944	O95944	True
seq.2737.22	Protein NOV homolog	P48745	P48745	True
seq.2741.22	Sialic acid-binding Ig-like lectin 6	O43699	O43699	True
seq.2742.68	Sialic acid-binding Ig-like lectin 7	Q9Y286	Q9Y286	True
seq.2743.5	Sonic hedgehog protein	Q15465	Q15465	True
seq.2744.57	Immunoglobulin G	P01857	P01857	True
seq.2746.56	Cytokine receptor-like factor 2	Q9HC73	Q9HC73	True
seq.2747.3	NKG2D ligand 3	Q9BZM4	Q9BZM4	True
seq.2748.3	Activin A	P08476	P08476	True
seq.2750.3	Apolipoprotein A-I	P02647	P02647	True
seq.2751.16	Azurocidin	P20160	P20160	True
seq.2752.62	Growth/differentiation factor 5	P43026	P43026	True
seq.2753.2	Complement C1q subcomponent	P02747|P02746|P02745	P02747|P02746|P02745	True
seq.2754.50	Complement C3	P01024	P01024	True
seq.2755.8	C3a anaphylatoxin des Arginine	P01024	P01024	True
seq.2760.2	Protein FAM107A	O95990	O95990	True
seq.2761.49	Fibroblast growth factor 18	O76093	O76093	True
seq.2762.30	Fibroblast growth factor 19	O95750	O95750	True
seq.2763.66	Fibroblast growth factor 20	Q9NP95	Q9NP95	True
seq.2765.4	Growth/differentiation factor 11/8	O14793|O95390	O14793|O95390	True
seq.2768.56	Hemopexin	P02790	P02790	True
seq.2769.3	Protein Rev_HV2BE	P18093	P18093	True
seq.2770.51	C-C motif chemokine 1	P22362	P22362	True
seq.2771.35	Insulin-like growth factor-binding protein 1	P08833	P08833	True
seq.2773.50	Interleukin-10	P22301	P22301	True
seq.2774.10	Interleukin-16	Q14005	Q14005	True
seq.2775.54	Interleukin-17F	Q96PD4	Q96PD4	True
seq.2778.10	Interleukin-22	Q9GZX6	Q9GZX6	True
seq.2780.35	Lactotransferrin	P02788	P02788	True
seq.2781.63	C-C motif chemokine 4-like	Q8NHW4	Q8NHW4	True
seq.2783.18	C-C motif chemokine 3-like 1	P16619	P16619	True
seq.2785.15	C-C motif chemokine 8	P80075	P80075	True
seq.2788.55	Stromelysin-1	P08254	P08254	True
seq.2789.26	Matrilysin	P09237	P09237	True
seq.2790.54	Neutrophil-activating peptide 2	P02775	P02775	True
seq.2794.60	Superoxide dismutase [Cu-Zn]	P00441	P00441	True
seq.2796.62	Fibrinogen	P02679|P02675|P02671	P02679|P02675|P02671	True
seq.2797.56	Apolipoprotein B	P04114	P04114	True
seq.2805.6	Angiotensin-converting enzyme 2	Q9BYF1	Q9BYF1	True
seq.2806.49	Activin receptor type-1B	P36896	P36896	True
seq.2809.25	A disintegrin and metalloproteinase with thrombospondin motifs 4	O75173	O75173	True
seq.2811.27	Angiopoietin-1	Q15389	Q15389	True
seq.2813.11	Agouti-related protein	O00253	O00253	True
seq.2816.50	Basal Cell Adhesion Molecule	P50895	P50895	True
seq.2819.23	Cadherin-5	P33151	P33151	True
seq.2822.56	CD97 antigen	P48960	P48960	True
seq.2823.7	COMM domain-containing protein 7	Q86VX2	Q86VX2	True
seq.2826.53	Ectodysplasin-A, secreted form	Q92838	Q92838	True
seq.2827.23	Fractalkine	P78423	P78423	True
seq.2828.82	Kunitz-type protease inhibitor 1	O43278	O43278	True
seq.2829.19	Interleukin-27	Q14213|Q8NEV9	Q14213|Q8NEV9	True
seq.2831.29	Kallikrein-11	Q9UBX7	Q9UBX7	True
seq.2834.54	Kallikrein-8	O60259	O60259	True
seq.2835.1	X-ray repair cross-complementing protein 6	P12956	P12956	True
seq.2837.3	Hepatocyte growth factor receptor	P08581	P08581	True
seq.2838.53	Matrix metalloproteinase-17	Q9ULZ9	Q9ULZ9	True
seq.2839.2	Tumor necrosis factor ligand superfamily member 4	P23510	P23510	True
seq.2841.13	Secreted frizzled-related protein 3	Q92765	Q92765	True
seq.2843.13	Kunitz-type protease inhibitor 2	O43291	O43291	True
seq.2844.53	Tyrosine-protein kinase receptor Tie-1, soluble	P35590	P35590	True
seq.2846.24	Ubiquitin+1, truncated mutation for UbB	P62979	P62979	True
seq.2848.2	Wnt inhibitory factor 1	Q9Y5W5	Q9Y5W5	True
seq.2849.49	Allograft inflammatory factor 1	P55008	P55008	True
seq.2851.63	C5a anaphylatoxin	P01031	P01031	True
seq.2853.68	Serine/threonine-protein kinase Chk1	O14757	O14757	True
seq.2855.49	Mitogen-activated protein kinase 3	P27361	P27361	True
seq.2857.70	Glucocorticoid receptor	P04150	P04150	True
seq.2858.29	Histone acetyltransferase type B catalytic subunit	O14929	O14929	True
seq.2859.69	Histone deacetylase 8	Q9BY41	Q9BY41	True
seq.2860.19	Importin subunit alpha-1	P52292	P52292	True
seq.2864.2	Dual specificity mitogen-activated protein kinase kinase 1	Q02750	Q02750	True
seq.2867.52	RAC-alpha serine/threonine-protein kinase	P31749	P31749	True
seq.2869.68	Protein kinase C delta type	Q05655	Q05655	True
seq.2870.29	Ras-related C3 botulinum toxin substrate 1	P63000	P63000	True
seq.2871.73	DNA repair protein RAD51 homolog 1	Q06609	Q06609	True
seq.2875.15	TATA-box-binding protein	P20226	P20226	True
seq.2876.74	DNA topoisomerase 1	P11387	P11387	True
seq.2877.3	SUMO-conjugating enzyme UBC9	P63279	P63279	True
seq.2878.66	Tyrosine-protein kinase Yes	P07947	P07947	True
seq.2879.9	Alpha-1-antichymotrypsin	P01011	P01011	True
seq.2888.49	Complement component C7	P10643	P10643	True
seq.2889.37	Cardiotrophin-1	Q16619	Q16619	True
seq.2890.59	C-C motif chemokine 28	Q9NRJ3	Q9NRJ3	True
seq.2891.1	B-cell receptor CD22	P20273	P20273	True
seq.2900.53	C-C motif chemokine 14	Q16627	Q16627	True
seq.2906.55	Interleukin-4	P05112	P05112	True
seq.2911.27	Midkine	P21741	P21741	True
seq.2913.1	C-C motif chemokine 23	P55773	P55773	True
seq.2915.6	Proliferating cell nuclear antigen	P12004	P12004	True
seq.2917.3	Tumor necrosis factor ligand superfamily member 11	O14788	O14788	True
seq.2925.9	Plasminogen activator inhibitor 1	P05121	P05121	True
seq.2937.10	Apolipoprotein E (isoform E3)	P02649	P02649	True
seq.2938.55	Apolipoprotein E (isoform E4)	P02649	P02649	True
seq.2939.10	Artemin	Q5T4W7	Q5T4W7	True
seq.2942.50	Cytochrome c	P99999	P99999	True
seq.2943.5	Cytochrome P450 3A4	P08684	P08684	True
seq.2944.66	Neuroblastoma suppressor of tumorigenicity 1	P41271	P41271	True
seq.2946.52	Complement factor D	P00746	P00746	True
seq.2948.58	Growth hormone receptor	P10912	P10912	True
seq.2949.6	Group 10 secretory phospholipase A2	O15496	O15496	True
seq.2950.57	Insulin-like growth factor-binding protein 4	P22692	P22692	True
seq.2952.75	Insulin-like growth factor I	P05019	P05019	True
seq.2953.31	Luteinizing hormone	P01229|P01215	P01229|P01215	True
seq.2954.56	Neutrophil collagenase	P22894	P22894	True
seq.2960.66	Properdin	P27918	P27918	True
seq.2961.1	Vitamin K-dependent protein C	P04070	P04070	True
seq.2962.50	Parathyroid hormone-related protein	P12272	P12272	True
seq.2966.65	Stem cell growth factor-beta	Q9Y240	Q9Y240	True
seq.2967.8	Vascular cell adhesion protein 1	P19320	P19320	True
seq.2968.61	Tumor necrosis factor ligand superfamily member 15	O95150	O95150	True
seq.2969.11	Serine/threonine-protein kinase receptor R3	P37023	P37023	True
seq.2970.60	Amphiregulin	P15514	P15514	True
seq.2972.57	Bone morphogenetic protein 7	P18075	P18075	True
seq.2973.15	Platelet glycoprotein 4	P16671	P16671	True
seq.2974.61	Contactin-1	Q12860	Q12860	True
seq.2975.19	Connective tissue growth factor	P29279	P29279	True
seq.2976.58	Desmoglein-1	Q02413	Q02413	True
seq.2977.7	Tumor necrosis factor receptor superfamily member EDAR	Q9UNE0	Q9UNE0	True
seq.2979.8	C-X-C motif chemokine 5	P42830	P42830	True
seq.2981.9	Endothelial cell-selective adhesion molecule	Q96AP7	Q96AP7	True
seq.2982.82	Galectin-4	P56470	P56470	True
seq.2985.35	Growth-regulated alpha protein	P09341	P09341	True
seq.2986.49	Gro-gamma	P19876	P19876	True
seq.2987.37	Histone H1.2	P16403	P16403	True
seq.2989.17	Interferon gamma	P01579	P01579	True
seq.2991.9	Interleukin-1 receptor type 1	P14778	P14778	True
seq.2992.59	Interleukin-17 receptor A	Q96F46	Q96F46	True
seq.2993.1	Interleukin-18 receptor accessory protein	O95256	O95256	True
seq.2994.71	Interleukin-1 receptor-like 2	Q9HB29	Q9HB29	True
seq.2997.8	Junctional adhesion molecule B	P57087	P57087	True
seq.2998.53	Junctional adhesion molecule C	Q9BX67	Q9BX67	True
seq.2999.6	Limbic system-associated membrane protein	Q13449	Q13449	True
seq.3000.66	Mannose-binding protein C	P11226	P11226	True
seq.3003.29	Natural cytotoxicity triggering receptor 3	O14931	O14931	True
seq.3004.67	Programmed cell death 1 ligand 2	Q9BQ51	Q9BQ51	True
seq.3005.5	Tyrosine-protein phosphatase non-receptor type 1	P18031	P18031	True
seq.3007.7	Sialic acid-binding Ig-like lectin 9	Q9Y336	Q9Y336	True
seq.3009.3	Transforming growth factor beta receptor type 3	Q03167	Q03167	True
seq.3010.53	Thymic stromal lymphopoietin	Q969D9	Q969D9	True
seq.3022.4	Cytotoxic T-lymphocyte protein 4	P16410	P16410	True
seq.3024.18	Alpha-2-antiplasmin	P08697	P08697	True
seq.3025.50	Fibroblast growth factor 2	P09038	P09038	True
seq.3026.5	Calpastatin	P20810	P20810	True
seq.3028.36	Ck-beta-8-1	P55773	P55773	True
seq.3029.52	CD209 antigen	Q9NNX6	Q9NNX6	True
seq.3032.11	Follicle stimulating hormone	P01225|P01215	P01225|P01215	True
seq.3033.57	Galectin-2	P05162	P05162	True
seq.3034.1	Glial fibrillary acidic protein	P14136	P14136	True
seq.3035.80	Interleukin-19	Q9UHD0	Q9UHD0	True
seq.3037.62	Interleukin-1 beta	P01584	P01584	True
seq.3038.9	C-X-C motif chemokine 11	O14625	O14625	True
seq.3040.59	C-C motif chemokine 3	P10147	P10147	True
seq.3041.55	C-type mannose receptor 2	Q9UBG0	Q9UBG0	True
seq.3042.7	Myoglobin	P02144	P02144	True
seq.3043.49	SPARC	P09486	P09486	True
seq.3044.3	C-C motif chemokine 18	P55774	P55774	True
seq.3045.72	Pleiotrophin	P21246	P21246	True
seq.3046.31	Resistin	Q9HD89	Q9HD89	True
seq.3049.61	Trypsin-1	P07477	P07477	True
seq.3050.7	von Willebrand factor	P04275	P04275	True
seq.3052.8	Tumor necrosis factor ligand superfamily member 6, soluble form	P48023	P48023	True
seq.3053.49	Fms-related tyrosine kinase 3 ligand	P49771	P49771	True
seq.3054.3	Haptoglobin	P00738	P00738	True
seq.3055.54	Interleukin-4 receptor subunit alpha	P24394	P24394	True
seq.3056.11	NKG2-D type II integral membrane protein	P26718	P26718	True
seq.3057.55	WNT1-inducible-signaling pathway protein 1	O95388	O95388	True
seq.3059.50	Tumor necrosis factor ligand superfamily member 13B	Q9Y275	Q9Y275	True
seq.3060.43	Complement component C9	P02748	P02748	True
seq.3061.61	Cathepsin B	P07858	P07858	True
seq.3065.65	Fibroblast growth factor 5	P12034	P12034	True
seq.3066.12	Galectin-3	P17931	P17931	True
seq.3067.67	Growth/differentiation factor 9	O60383	O60383	True
seq.3069.52	Immunoglobulin M	P01871	P01871	True
seq.3070.1	Interleukin-2	P60568	P60568	True
seq.3072.4	Interleukin-13	P35225	P35225	True
seq.3073.51	Interleukin-18-binding protein	O95998	O95998	True
seq.3074.6	Lipopolysaccharide-binding protein	P18428	P18428	True
seq.3077.66	Coagulation factor Xa	P00742	P00742	True
seq.3078.1	Placenta growth factor	P49763	P49763	True
seq.3079.62	Retinoic acid receptor responder protein 2	Q99969	Q99969	True
seq.3081.70	NKG2D ligand 1	Q9BZM6	Q9BZM6	True
seq.3082.9	NKG2D ligand 2	Q9BZM5	Q9BZM5	True
seq.3083.71	Tumor necrosis factor receptor superfamily member 27	Q9HAV5	Q9HAV5	True
seq.3091.70	Aurora kinase A	O14965	O14965	True
seq.3115.64	Mitogen-activated protein kinase 1	P28482	P28482	True
seq.3122.6	Diablo homolog, mitochondrial	Q9NR28	Q9NR28	True
seq.3132.1	Vascular endothelial growth factor C	P49767	P49767	True
seq.3143.3	T-cell surface glycoprotein CD4	P01730	P01730	True
seq.3148.49	Gro-beta	P19875	P19875, P19876|P19875	True
seq.3151.6	Interleukin-2 receptor subunit alpha	P01589	P01589	True
seq.3152.57	Tumor necrosis factor receptor superfamily member 1B	P20333	P20333	True
seq.3166.92	Myeloid cell surface antigen CD33	P20138	P20138	True
seq.3168.8	A disintegrin and metalloproteinase with thrombospondin motifs 5	Q9UNA0	Q9UNA0	True
seq.3169.70	Alpha-L-iduronidase	P35475	P35475	True
seq.3170.6	Methionine aminopeptidase 2	P50579	P50579	True
seq.3171.57	Amyloid beta A4 protein	P05067	P05067	True
seq.3172.28	Arylsulfatase B	P15848	P15848	True
seq.3173.49	N-acylethanolamine-hydrolyzing acid amidase	Q02083	Q02083	True
seq.3174.2	A disintegrin and metalloproteinase with thrombospondin motifs 1	Q9UHI8	Q9UHI8	True
seq.3175.51	A disintegrin and metalloproteinase with thrombospondin motifs 13	Q76LX8	Q76LX8	True
seq.3177.49	Carbonic anhydrase 4	P22748	P22748	True
seq.3178.5	Dipeptidyl peptidase 1	P53634	P53634	True
seq.3179.51	Lysosomal protective protein	P10619	P10619	True
seq.3181.50	Cathepsin S	P25774	P25774	True
seq.3182.38	Ectonucleoside triphosphate diphosphohydrolase 1	P49961	P49961	True
seq.3184.25	Coagulation factor VII	P08709	P08709	True
seq.3186.2	Complement C2	P06681	P06681	True
seq.3187.52	Cysteine-rich secretory protein 3	P54108	P54108	True
seq.3189.61	Enteropeptidase	P98073	P98073	True
seq.3191.50	WAP, kazal, immunoglobulin, kunitz and NTR domain-containing protein 1	Q96NZ8	Q96NZ8	True
seq.3192.3	Cytosolic non-specific dipeptidase	Q96KP4	Q96KP4	True
seq.3194.36	Platelet glycoprotein VI	Q9HCN6	Q9HCN6	True
seq.3195.50	Granulysin	P22749	P22749	True
seq.3196.6	Hyaluronan and proteoglycan link protein 1	P10915	P10915	True
seq.3197.70	Insulin-degrading enzyme	P14735	P14735	True
seq.3198.4	Iduronate 2-sulfatase	P22304	P22304	True
seq.3199.54	Kallikrein-12	Q9UKR0	Q9UKR0	True
seq.3200.49	Kallikrein-13	Q9UKR3	Q9UKR3	True
seq.3201.49	Kallikrein-5	Q9Y337	Q9Y337	True
seq.3202.28	Kremen protein 2	Q8NCW0	Q8NCW0	True
seq.3204.2	Leukotriene A-4 hydrolase	P09960	P09960	True
seq.3206.4	Lymphatic vessel endothelial hyaluronic acid receptor 1	Q9Y5Y7	Q9Y5Y7	True
seq.3208.2	Matrilin-3	O15232	O15232	True
seq.3209.69	Matrix extracellular phosphoglycoprotein	Q9NQ76	Q9NQ76	True
seq.3212.30	Neutral ceramidase	Q9NR71	Q9NR71	True
seq.3213.65	Nidogen-1	P14543	P14543	True
seq.3214.3	Neuropilin-1	O14786	O14786	True
seq.3216.2	Polymeric immunoglobulin receptor	P01833	P01833	True
seq.3217.74	Glia-derived nexin	P07093	P07093	True
seq.3218.8	Glutamate carboxypeptidase 2	Q04609	Q04609	True
seq.3220.40	Proto-oncogene tyrosine-protein kinase receptor Ret	P07949	P07949	True
seq.3221.54	Secreted frizzled-related protein 1	Q8N474	Q8N474	True
seq.3222.11	Semaphorin-3A	Q14563	Q14563	True
seq.3232.28	Tartrate-resistant acid phosphatase type 5	P13686	P13686	True
seq.3234.23	Coiled-coil domain-containing protein 80	Q76M96	Q76M96	True
seq.3235.50	WAP, Kazal, immunoglobulin, Kunitz and NTR domain-containing protein 2	Q8TEU8	Q8TEU8	True
seq.3236.12	Glycogen synthase kinase-3 beta	P49841	P49841	True
seq.3280.49	Aggrecan core protein	P16112	P16112	True
seq.3283.21	Transforming growth factor-beta-induced protein ig-h3	Q15582	Q15582	True
seq.3284.75	Biglycan	P21810	P21810	True
seq.3285.23	Complement C1r subcomponent	P00736	P00736	True
seq.3289.19	Carbonic anhydrase-related protein 10	Q9NS85	Q9NS85	True
seq.3290.50	CD109 antigen	Q6YHK3	Q6YHK3	True
seq.3291.30	Low affinity immunoglobulin epsilon Fc receptor	P06734	P06734	True
seq.3292.75	CD48 antigen	P09326	P09326	True
seq.3293.2	CD5 antigen-like	O43866	O43866	True
seq.3294.55	Cryptic protein	P0CG37	P0CG37	True
seq.3296.92	Contactin-2	Q02246	Q02246	True
seq.3298.52	Contactin-4	Q8IWV2	Q8IWV2	True
seq.3299.29	Contactin-5	O94779	O94779	True
seq.3302.58	Cystatin-F	O76096	O76096	True
seq.3303.23	Cystatin-M	Q15828	Q15828	True
seq.3305.6	Delta-like protein 4	Q9NR61	Q9NR61	True
seq.3309.2	Low affinity immunoglobulin gamma Fc region receptor II-a	P12318	P12318	True
seq.3310.62	Low affinity immunoglobulin gamma Fc region receptor II-b	P31994	P31994	True
seq.3311.27	Low affinity immunoglobulin gamma Fc region receptor III-B	O75015	O75015	True
seq.3312.64	High affinity immunoglobulin gamma Fc receptor I	P12314	P12314	True
seq.3313.21	Ficolin-2	Q15485	Q15485	True
seq.3314.74	GDNF family receptor alpha-1	P56159	P56159	True
seq.3315.15	Glypican-2	Q8N158	Q8N158	True
seq.3316.58	Heparin cofactor 2	P05546	P05546	True
seq.3317.33	Serine protease HTRA2, mitochondrial	O43464	O43464	True
seq.3320.49	Insulin-like growth factor-binding protein 7	Q16270	Q16270	True
seq.3321.2	Interleukin-24	Q13007	Q13007	True
seq.3322.52	Leucine-rich repeats and immunoglobulin-like domains protein 3	Q6UXM1	Q6UXM1	True
seq.3323.37	Low-density lipoprotein receptor-related protein 8	Q14114	Q14114	True
seq.3324.51	T-lymphocyte surface antigen Ly-9	Q9HBG7	Q9HBG7	True
seq.3325.2	Matrilin-2	O00339	O00339	True
seq.3326.58	Cell adhesion molecule 1	Q9BY67	Q9BY67	True
seq.3327.27	Netrin-4	Q9HB63	Q9HB63	True
seq.3329.14	Peptidoglycan recognition protein 1	O75594	O75594	True
seq.3331.8	RGM domain family member B	Q6NW40	Q6NW40	True
seq.3332.57	Hemojuvelin	Q6ZVN8	Q6ZVN8	True
seq.3336.50	Tissue factor pathway inhibitor	P10646	P10646	True
seq.3339.33	Thrombospondin-2	P35442	P35442	True
seq.3340.53	Thrombospondin-4	P35443	P35443	True
seq.3341.33	Tyrosine-protein kinase ABL1	P00519	P00519	True
seq.3342.76	Abelson tyrosine-protein kinase 2	P42684	P42684	True
seq.3343.1	Aminoacylase-1	Q03154	Q03154	True
seq.3344.60	Antithrombin-III	P01008	P01008	True
seq.3346.72	Aurora kinase B	Q96GD4	Q96GD4	True
seq.3347.9	beta-adrenergic receptor kinase 1	P25098	P25098	True
seq.3348.49	Bone morphogenetic protein 1	P13497	P13497	True
seq.3350.53	Calcium/calmodulin-dependent protein kinase type II subunit alpha	Q9UQM7	Q9UQM7	True
seq.3351.1	Calcium/calmodulin-dependent protein kinase type II subunit beta	Q13554	Q13554	True
seq.3352.80	Carbonic anhydrase 6	P23280	P23280	True
seq.3356.50	Carbonic anhydrase 7	P43166	P43166	True
seq.3357.67	Cyclin-dependent kinase 2:Cyclin-A2 complex	P20248|P24941	P20248|P24941	True
seq.3358.51	Cyclin-dependent kinase 5:Cyclin-dependent kinase 5 activator 1 complex	Q15078|Q00535	Q15078|Q00535	True
seq.3359.11	Cyclin-dependent kinase 8:Cyclin-C complex	P49336|P24863	P49336|P24863	True
seq.3360.50	Serine/threonine-protein kinase Chk2	O96017	O96017	True
seq.3361.26	C-type lectin domain family 4 member K	Q9UJ71	Q9UJ71	True
seq.3362.61	Chordin-like protein 1	Q9BU40	Q9BU40	True
seq.3363.31	Tyrosine-protein kinase CSK	P41240	P41240	True
seq.3364.76	Cathepsin L2	O60911	O60911	True
seq.3365.7	Dickkopf-related protein 4	Q9UBT3	Q9UBT3	True
seq.3366.51	Extracellular matrix protein 1	Q16610	Q16610	True
seq.3367.8	Fetuin-B	Q9UGM5	Q9UGM5	True
seq.3373.5	Granzyme H	P20718	P20718	True
seq.3374.49	Tyrosine-protein kinase HCK	P08631	P08631	True
seq.3376.49	Interleukin-17 receptor D	Q8NFM7	Q8NFM7	True
seq.3378.49	Kallikrein-7	P49862	P49862	True
seq.3379.29	Protein kinase C iota type	P41743	P41743	True
seq.3381.24	Tyrosine-protein kinase Lyn, isoform B	P07948	P07948	True
seq.3387.1	Serine/threonine-protein kinase PAK 3	O75914	O75914	True
seq.3388.58	Serine/threonine-protein kinase PAK 5	Q9P286	Q9P286	True
seq.3389.7	Plasma serine protease inhibitor	P05154	P05154	True
seq.3390.72	PIK3CA/PIK3R1	P27986|P42336	P27986|P42336	True
seq.3391.10	Phosphatidylinositol 4,5-bisphosphate 3-kinase catalytic subunit gamma isoform	P48736	P48736	True
seq.3394.81	Serine/threonine-protein kinase PLK1	P53350	P53350	True
seq.3396.54	Renin	P00797	P00797	True
seq.3397.7	Tyrosine-protein phosphatase non-receptor type 11	Q06124	Q06124	True
seq.3399.31	Stabilin-2	Q8WWQ8	Q8WWQ8	True
seq.3400.49	Serine/threonine-protein kinase TBK1	Q9UHD2	Q9UHD2	True
seq.3401.8	Tyrosine-protein phosphatase non-receptor type 2	P17706	P17706	True
seq.3403.1	Tryptase beta-2	P20231	P20231	True
seq.3404.51	Tryptase gamma	Q9NRR2	Q9NRR2	True
seq.3405.6	Ubiquitin-fold modifier-conjugating enzyme 1	Q9Y3C8	Q9Y3C8	True
seq.3412.7	Apoptosis regulator Bcl-2	P10415	P10415	True
seq.3413.50	Bcl-2-related protein A1	Q16548	Q16548	True
seq.3414.40	Cytoplasmic tyrosine-protein kinase BMX	P51813	P51813	True
seq.3415.61	Bone sialoprotein 2	P21815	P21815	True
seq.3416.2	Tyrosine-protein kinase BTK	Q06187	Q06187	True
seq.3418.12	Calcium/calmodulin-dependent protein kinase type 1D	Q8IU85	Q8IU85	True
seq.3419.49	Calcium/calmodulin-dependent protein kinase type II subunit delta	Q13557	Q13557	True
seq.3420.21	Carbonic anhydrase 13	Q8N1Q1	Q8N1Q1	True
seq.3421.54	Tumor necrosis factor ligand superfamily member 8	P32971	P32971	True
seq.3422.4	Cyclin-dependent kinase 1:G2/mitotic-specific cyclin-B1 complex	P14635|P06493	P14635|P06493	True
seq.3423.59	Chymase	P23946	P23946	True
seq.3427.63	Casein kinase II subunit alpha	P68400	P68400	True
seq.3431.54	Ephrin type-A receptor 1	P21709	P21709	True
seq.3432.21	Ephrin type-A receptor 3	P29320	P29320	True
seq.3434.34	Fibronectin Fragment 3	P02751	P02751	True
seq.3435.53	Fibronectin Fragment 4	P02751	P02751	True
seq.3437.80	Receptor-type tyrosine-protein kinase FLT3	P36888	P36888	True
seq.3438.10	Follistatin-related protein 3	O95633	O95633	True
seq.3440.7	Granzyme A	P12544	P12544	True
seq.3445.53	Interleukin-15 receptor subunit alpha	Q13261	Q13261	True
seq.3446.7	Interleukin-18 receptor 1	Q13478	Q13478	True
seq.3447.64	Interleukin-8	P10145	P10145	True
seq.3448.13	Insulin receptor	P06213	P06213	True
seq.3449.58	Kallistatin	P29622	P29622	True
seq.3450.4	Kallikrein-6	Q92876	Q92876	True
seq.3452.17	Tyrosine-protein kinase Lck	P06239	P06239	True
seq.3453.87	Tyrosine-protein kinase Lyn	P07948	P07948	True
seq.3457.57	Periostin	Q15063	Q15063	True
seq.3459.49	Platelet-derived growth factor receptor beta	P09619	P09619	True
seq.3461.58	Brevican core protein	Q96GW7	Q96GW7	True
seq.3466.8	cAMP-dependent protein kinase catalytic subunit alpha	P17612	P17612	True
seq.3469.74	Ribosomal protein S6 kinase alpha-3	P51812	P51812	True
seq.3470.1	E-selectin	P16581	P16581	True
seq.3471.49	Serine/threonine-protein kinase 16	O75716	O75716	True
seq.3472.40	Baculoviral IAP repeat-containing protein 5	O15392	O15392	True
seq.3473.78	Thrombopoietin Receptor	P40238	P40238	True
seq.3474.19	Thrombospondin-1	P07996	P07996	True
seq.3477.63	High affinity nerve growth factor receptor	P04629	P04629	True
seq.3479.71	Trypsin-3	P35030	P35030	True
seq.3480.7	Dual specificity protein phosphatase 3	P51452	P51452	True
seq.3481.87	Xaa-Pro aminopeptidase 1	Q9NQW7	Q9NQW7	True
seq.3484.60	Angiotensinogen	P01019	P01019	True
seq.3485.28	Beta-2-microglobulin	P61769	P61769	True
seq.3486.58	Fibroblast growth factor 1	P05230	P05230	True
seq.3487.32	C-X-C motif chemokine 13	O43927	O43927	True
seq.3488.64	Catalase	P04040	P04040	True
seq.3489.9	Ciliary neurotrophic factor	P26441	P26441	True
seq.3494.71	Fibroblast growth factor 17	O60258	O60258	True
seq.3495.15	C-X-C motif chemokine 6	P80162	P80162	True
seq.3497.13	Interferon alpha-2	P01563	P01563	True
seq.3498.53	Interleukin-17A	Q16552	Q16552	True
seq.3499.77	Interleukin-17B	Q9UHF5	Q9UHF5	True
seq.3503.4	Integrin alpha-I: beta-1 complex	P05556|P56199	P05556|P56199	True
seq.3504.58	Hepcidin	P81172	P81172	True
seq.3505.6	Lymphotoxin alpha1:beta2	P01374|Q06643	P01374|Q06643	True
seq.3506.49	Lymphotoxin alpha2:beta1	Q06643|P01374	Q06643|P01374	True
seq.3508.78	C-C motif chemokine 22	O00626	O00626	True
seq.3509.1	C-C motif chemokine 15	Q16663	Q16663	True
seq.3514.49	Myeloblastin	P24158	P24158	True
seq.3516.60	Stromal cell-derived factor 1	P48061	P48061	True
seq.3518.54	Carboxypeptidase B2	Q96IY4	Q96IY4	True
seq.3519.3	C-C motif chemokine 17	Q92583	Q92583	True
seq.3520.58	Transforming growth factor beta-3	P10600	P10600	True
seq.3521.16	Thyroid Stimulating Hormone	P01222|P01215	P01222|P01215	True
seq.3522.57	Vasoactive Intestinal Peptide	P01282	P01282	True
seq.3534.14	CD40 ligand	P29965	P29965	True
seq.3535.84	Dickkopf-related protein 1	O94907	O94907	True
seq.3538.26	Aromatic-L-amino-acid decarboxylase	P20711	P20711	True
seq.3554.24	Adiponectin	Q15848	Q15848	True
seq.3580.25	Alpha-1-antitrypsin	P01009	P01009	True
seq.3581.53	Alpha-2-HS-glycoprotein	P02765	P02765	True
seq.3583.54	Arylsulfatase A	P15289	P15289	True
seq.3585.54	Basigin	P35613	P35613	True
seq.3587.53	Bone morphogenetic protein 10	O95393	O95393	True
seq.3591.51	Cadherin-6	P55285	P55285	True
seq.3592.4	Calcium/calmodulin-dependent protein kinase type 1	Q14012	Q14012	True
seq.3593.72	Caspase-3	P42574	P42574	True
seq.3600.2	Chitotriosidase-1	Q13231	Q13231	True
seq.3601.54	Neural cell adhesion molecule L1-like protein	O00533	O00533	True
seq.3603.60	C-type lectin domain family 7 member A	Q9BXN2	Q9BXN2	True
seq.3605.77	Mannan-binding lectin serine protease 1:Mannan-binding lectin serine protease 1 light chain	P48740	P48740	True
seq.3607.71	Dickkopf-related protein 3	Q9UBP4	Q9UBP4	True
seq.3611.70	Endothelin-converting enzyme 1:Extracellular domain	P42892	P42892	True
seq.3613.62	Ficolin-1	O00602	O00602	True
seq.3616.3	N-acetylglucosamine-6-sulfatase	P15586	P15586	True
seq.3617.80	Hepatocyte growth factor activator	Q04756	Q04756	True
seq.3620.67	Interleukin-22 receptor subunit alpha-1	Q8N6P7	Q8N6P7	True
seq.3622.33	Legumain	Q99538	Q99538	True
seq.3623.84	Lymphocyte antigen 86	O95711	O95711	True
seq.3624.3	Serine protease 27	Q9BQR3	Q9BQR3	True
seq.3627.71	Membrane metallo-endopeptidase-like 1	Q495T6	Q495T6	True
seq.3628.3	Dual specificity mitogen-activated protein kinase kinase 2	P36507	P36507	True
seq.3629.60	Serine/threonine-protein kinase MRCK beta	Q9Y5S2	Q9Y5S2	True
seq.3630.27	Cell adhesion molecule 3	Q8N126	Q8N126	True
seq.3633.70	Nidogen-2	Q14112	Q14112	True
seq.3634.5	Opioid-binding protein/cell adhesion molecule	Q14982	Q14982	True
seq.3635.76	OCIA domain-containing protein 1	Q9NX40	Q9NX40	True
seq.3636.37	Oxidized low-density lipoprotein receptor 1	P78380	P78380	True
seq.3640.14	alpha-2-macroglobulin receptor-associated protein	P30533	P30533	True
seq.3642.4	SLAM family member 5	Q9UIB8	Q9UIB8	True
seq.3644.5	Dickkopf-like protein 1	Q9UK85	Q9UK85	True
seq.3647.49	Toll-like receptor 4:Lymphocyte antigen 96 complex	O00206|Q9Y6Y9	O00206|Q9Y6Y9	True
seq.3651.50	Vascular endothelial growth factor receptor 2	P35968	P35968	True
seq.3654.27	BMP-binding endothelial regulator protein	Q8N8U9	Q8N8U9	True
seq.3666.17	Complement factor H-related protein 5	Q9BXR6	Q9BXR6	True
seq.3676.15	Cation-independent mannose-6-phosphate receptor	P11717	P11717	True
seq.3681.87	Kallikrein-14	Q9P0G3	Q9P0G3	True
seq.3684.78	Macrophage scavenger receptor types I and II:Extracellular domain	P21757	P21757	True
seq.3685.53	Membrane frizzled-related protein	Q9BY79	Q9BY79	True
seq.3708.62	Alpha-2-macroglobulin	P01023	P01023	True
seq.3709.4	Alanine aminotransferase 1	P24298	P24298	True
seq.3710.49	Angiostatin	P00747	P00747	True
seq.3714.49	Creatine kinase M-type:Creatine kinase B-type heterodimer	P06732|P12277	P06732|P12277	True
seq.3719.2	Cyclin-dependent kinase inhibitor 1B	P46527	P46527	True
seq.3723.1	Brain natriuretic peptide 32	P16860	P16860	True
seq.3727.35	Peptide YY	P10082	P10082	True
seq.3728.52	Secretin	P09683	P09683	True
seq.3730.81	Tumor necrosis factor receptor superfamily member 4	P43489	P43489	True
seq.3736.60	Bone morphogenetic protein 6	P22004	P22004	True
seq.3738.54	Macrophage colony-stimulating factor 1	P09603	P09603	True
seq.3739.72	Integrin alpha-IIb: beta-3 complex	P05106|P08514	P05106|P08514	True
seq.3741.4	Interleukin-5	P05113	P05113	True
seq.3758.63	Activated Protein C	P04070	P04070	True
seq.3758.68	Activated Protein C	P04070	P04070	True
seq.3761.4	Prostaglandin G/H synthase 2	P35354	P35354	True
seq.3766.51	Syntaxin-1A	Q16623	Q16623	True
seq.3773.15	Angiopoietin-1 receptor, soluble	Q02763	Q02763	True
seq.3795.6	Disintegrin and metalloproteinase domain-containing protein 9	Q13443	Q13443	True
seq.3796.79	Angiopoietin-related protein 4	Q9BY76	Q9BY76	True
seq.3797.1	Cadherin-2	P19022	P19022	True
seq.3798.71	Carbonic anhydrase 9	Q16790	Q16790	True
seq.3799.11	Carbonic anhydrase 3	P07451	P07451	True
seq.3800.71	Creatine kinase B-type	P12277	P12277	True
seq.3803.10	Cystatin-D	P28325	P28325	True
seq.3805.16	Endothelial cell-specific molecule 1	Q9NQ30	Q9NQ30	True
seq.3806.55	Ephrin type-A receptor 5	P54756	P54756	True
seq.3807.1	Fibroblast growth factor 23	Q9GZV9	Q9GZV9	True
seq.3808.76	Fibroblast growth factor receptor 2	P21802	P21802	True
seq.3809.1	Fibroblast growth factor receptor 3:Cytoplasmic domain	P22607	P22607	True
seq.3810.50	Tyrosine-protein kinase Fgr	P09769	P09769	True
seq.3813.3	Tyrosine-protein kinase Fyn	P06241	P06241	True
seq.3814.63	Interleukin-11 receptor subunit alpha	Q14626	Q14626	True
seq.3815.14	Interleukin-12 receptor subunit beta-2	Q99665	Q99665	True
seq.3817.18	Protein kinase C theta type	Q04759	Q04759	True
seq.3820.68	MAP kinase-activated protein kinase 2	P49137	P49137	True
seq.3821.28	MAP kinase-activated protein kinase 5	Q8IW41	Q8IW41	True
seq.3822.54	MAP kinase-activated protein kinase 3	Q16644	Q16644	True
seq.3823.9	Megakaryocyte-associated tyrosine-protein kinase	P42679	P42679	True
seq.3825.18	Mitogen-activated protein kinase 8	P45983	P45983	True
seq.3827.22	Serine/threonine-protein kinase PAK 6	Q9NQU5	Q9NQU5	True
seq.3828.54	Platelet-derived growth factor C	Q9NRA1	Q9NRA1	True
seq.3831.21	Phosphatidylinositol 3,4,5-trisphosphate 3-phosphatase and dual-specificity protein phosphatase PTEN	P60484	P60484	True
seq.3832.51	Protein-tyrosine kinase 6	Q13882	Q13882	True
seq.3835.11	Toll-like receptor 2	O60603	O60603	True
seq.3836.51	Ubiquitin-fold modifier 1	P61960	P61960	True
seq.3837.6	Tyrosine-protein kinase ZAP-70	P43403	P43403	True
seq.3839.60	AH receptor-interacting protein	O00170	O00170	True
seq.3844.2	Peptidyl-prolyl cis-trans isomerase A	P62937	P62937	True
seq.3845.51	Dynein light chain roadblock-type 1	Q9NP97	Q9NP97	True
seq.3847.56	Persulfide dioxygenase ETHE1, mitochondrial	O95571	O95571	True
seq.3852.19	DnaJ homolog subfamily B member 1	P25685	P25685	True
seq.3853.56	Malate dehydrogenase, cytoplasmic	P40925	P40925	True
seq.3854.24	Nascent polypeptide-associated complex subunit alpha	Q13765	Q13765	True
seq.3855.56	Peroxiredoxin-1	Q06830	Q06830	True
seq.3858.5	Low molecular weight phosphotyrosine protein phosphatase	P24666	P24666	True
seq.3859.50	Proteasome subunit alpha type-1	P25786	P25786	True
seq.3860.7	Proteasome subunit alpha type-6	P60900	P60900	True
seq.3864.5	40S ribosomal protein S7	P62081	P62081	True
seq.3866.7	Ribosome maturation protein SBDS	Q9Y3A5	Q9Y3A5	True
seq.3867.49	Seizure 6-like protein 2	Q6UXD5	Q6UXD5	True
seq.3868.8	Small glutamine-rich tetratricopeptide repeat-containing protein alpha	O43765	O43765	True
seq.3872.2	Translationally-controlled tumor protein	P13693	P13693	True
seq.3873.51	Thyroid peroxidase	P07202	P07202	True
seq.3874.8	Ubiquitin-conjugating enzyme E2 L3	P68036	P68036	True
seq.3875.62	AT-rich interactive domain-containing protein 3A	Q99856	Q99856	True
seq.3879.50	Hsp90 co-chaperone Cdc37	Q16543	Q16543	True
seq.3881.49	Dynein light chain 1, cytoplasmic	P63167	P63167	True
seq.3887.90	Importin subunit beta-1	Q14974	Q14974	True
seq.3888.8	Inhibitor of growth protein 1	Q9UK53	Q9UK53	True
seq.3889.64	Lamin-B1	P20700	P20700	True
seq.3890.8	L-lactate dehydrogenase B chain	P07195	P07195	True
seq.3891.56	Methyl-CpG-binding domain protein 4	O95243	O95243	True
seq.3892.21	Mediator of RNA polymerase II transcription subunit 1	Q15648	Q15648	True
seq.3893.64	Mesothelin	Q13421	Q13421	True
seq.3894.15	N-acetyl-D-glucosamine kinase	Q9UJ70	Q9UJ70	True
seq.3896.5	Phosphoglycerate mutase 1	P18669	P18669	True
seq.3897.61	Pyridoxal phosphate phosphatase	Q96GD0	Q96GD0	True
seq.3898.5	26S proteasome non-ATPase regulatory subunit 7	P51665	P51665	True
seq.3902.21	S-phase kinase-associated protein 1	P63208	P63208	True
seq.3903.49	Sorting nexin-4	O95219	O95219	True
seq.3905.62	Ubiquitin-conjugating enzyme E2 N	P61088	P61088	True
seq.4122.12	Epithelial discoidin domain-containing receptor 1	Q08345	Q08345	True
seq.4123.60	Fibroblast growth factor 4	P08620	P08620	True
seq.4124.24	Heat shock 70 kDa protein 1A	P0DMV8	P0DMV8	True
seq.4125.52	Advanced glycosylation end product-specific receptor, soluble	Q15109	Q15109	True
seq.4126.22	Bactericidal permeability-increasing protein	P17213	P17213	True
seq.4127.75	Complement component C6	P13671	P13671	True
seq.4128.27	C-C motif chemokine 24	O00175	O00175	True
seq.4129.72	Complement factor B	P00751	P00751	True
seq.4130.71	Fibroblast growth factor 6	P10767	P10767	True
seq.4131.72	Fibronectin	P02751	P02751	True
seq.4132.27	Follistatin	P19883	P19883	True
seq.4133.54	Granzyme B	P10144	P10144	True
seq.4135.84	Immunoglobulin E	P01854	P01854	True
seq.4136.40	Interleukin-17D	Q8TAD2	Q8TAD2	True
seq.4137.57	Interleukin-25	Q9H293	Q9H293	True
seq.4138.25	Interleukin-20	Q9NYY1	Q9NYY1	True
seq.4139.71	Interleukin-6 receptor subunit alpha	P08887	P08887	True
seq.4140.3	Interleukin-7	P13232	P13232	True
seq.4141.79	C-X-C motif chemokine 10	P02778	P02778	True
seq.4143.74	Lymphotactin	P47992	P47992	True
seq.4144.13	C-C motif chemokine 13	Q99616	Q99616	True
seq.4145.58	Neurotrophin-3	P20783	P20783	True
seq.4146.58	Neurotrophin-4	P34130	P34130	True
seq.4148.49	Pappalysin-1	Q13219	Q13219	True
seq.4149.8	Platelet-derived growth factor subunit B	P01127	P01127	True
seq.4150.75	Plasmin	P00747	P00747	True
seq.4151.6	Plasminogen	P00747	P00747	True
seq.4152.58	Plasma kallikrein	P03952	P03952	True
seq.4154.57	P-selectin	P16109	P16109	True
seq.4155.3	Tenascin	P24821	P24821	True
seq.4156.74	Transforming growth factor beta-2	P61812	P61812	True
seq.4157.2	Thrombin	P00734	P00734	True
seq.4158.54	Urokinase-type plasminogen activator	P00749	P00749	True
seq.4159.130	Complement factor H	P08603	P08603	True
seq.4160.49	72 kDa type IV collagenase	P08253	P08253	True
seq.4162.54	Serotransferrin	P02787	P02787	True
seq.4163.5	Histone H2A.z	P0C0S5	P0C0S5	True
seq.4179.57	14-3-3 protein gamma	P61981	P31946|P62258|P61981|Q04917|P27348|P63104|P31947, P61981	True
seq.4184.43	Eukaryotic translation initiation factor 4E-binding protein 2	Q13542	Q13542	True
seq.4187.49	6-phosphogluconate dehydrogenase, decarboxylating	P52209	P52209	True
seq.4188.1	Aflatoxin B1 aldehyde reductase member 2	O43488	O43488	True
seq.4192.10	Alcohol dehydrogenase [NADP(+)]	P14550	P14550	True
seq.4194.26	Acidic leucine-rich nuclear phosphoprotein 32 family member B	Q92688	Q92688	True
seq.4203.50	Cofilin-1	P23528	P23528	True
seq.4209.60	Vacuolar protein sorting-associated protein VTA1 homolog	Q9NP79	Q9NP79	True
seq.4212.5	Epidermal growth factor receptor substrate 15-like 1	Q9UBC2	Q9UBC2	True
seq.4217.49	3-hydroxyacyl-CoA dehydrogenase type-2	Q99714	Q99714	True
seq.4220.39	Tyrosine-protein kinase Fer	P16591	P16591	True
seq.4224.7	Heterogeneous nuclear ribonucleoprotein Q	O60506	O60506	True
seq.4230.1	Eukaryotic translation initiation factor 4 gamma 2	P78344	P78344	True
seq.4232.19	Insulin-like growth factor 1 receptor	P08069	P08069	True
seq.4234.8	Interleukin-1 receptor-like 1	Q01638	Q01638	True
seq.4237.70	Leucine carboxyl methyltransferase 1	Q9UIC8	Q9UIC8	True
seq.4238.4	Protein lin-7 homolog B	Q9HAP6	Q9HAP6	True
seq.4240.31	Pyruvate kinase PKM	P14618	P14618	True
seq.4245.80	E3 ubiquitin-protein ligase Mdm2	Q00987	Q00987	True
seq.4246.40	Neural cell adhesion molecule L1	P32004	P32004	True
seq.4249.64	Nucleoside diphosphate kinase B	P22392	P22392	True
seq.4250.23	NSFL1 cofactor p47	Q9UNZ2	Q9UNZ2	True
seq.4254.6	NudC domain-containing protein 3	Q8IVD9	Q8IVD9	True
seq.4258.15	Proliferation-associated protein 2G4	Q9UQ80	Q9UQ80	True
seq.4261.55	Serum paraoxonase/arylesterase 1	P27169	P27169	True
seq.4267.81	Pescadillo homolog	O00541	O00541	True
seq.4271.75	Prefoldin subunit 5	Q99471	Q99471	True
seq.4272.46	Glucose-6-phosphate isomerase	P06744	P06744	True
seq.4276.10	Phosphatidylethanolamine-binding protein 1	P30086	P30086	True
seq.4278.14	Protein disulfide-isomerase	P07237	P07237	True
seq.4280.47	Proteasome subunit alpha type-2	P25787	P25787	True
seq.4282.3	GTP-binding nuclear protein Ran	P62826	P62826	True
seq.4284.18	RNA-binding protein 39	Q14498	Q14498	True
seq.4292.5	Alpha-soluble NSF attachment protein	P54920	P54920	True
seq.4294.16	Sphingosine kinase 1	Q9NYA1	Q9NYA1	True
seq.4297.62	Spondin-1	Q9HCB6	Q9HCB6	True
seq.4301.58	Thymidine kinase, cytosolic	P04183	P04183	True
seq.4304.18	Ligand-dependent nuclear receptor corepressor-like protein	Q8N3X6	Q8N3X6	True
seq.4306.4	Transketolase	P29401	P29401	True
seq.4309.59	Triosephosphate isomerase	P60174	P60174	True
seq.4314.12	dCTP pyrophosphatase 1	Q9H773	Q9H773	True
seq.4318.12	Tyrosine-protein phosphatase non-receptor type 6	P29350	P29350	True
seq.4322.28	Protein amnionless	Q9BXJ7	Q9BXJ7	True
seq.4324.33	Cystatin-SA	P09228	P09228	True
seq.4328.2	Brother of CDO	Q9BWV1	Q9BWV1	True
seq.4330.4	Prostate-specific antigen	P07288	P07288	True
seq.4332.6	C-type lectin domain family 1 member B	Q9P126	Q9P126	True
seq.4336.2	Serum amyloid A-1 protein	P0DJI8	P0DJI8	True
seq.4337.49	C-reactive protein	P02741	P02741	True
seq.4342.10	Intercellular adhesion molecule 1	P05362	P05362	True
seq.4355.13	Death-associated protein kinase 2	Q9UIK4	Q9UIK4	True
seq.4359.87	Dual specificity tyrosine-phosphorylation-regulated kinase 3	O43781	O43781	True
seq.4374.45	Growth/differentiation factor 15	Q99988	Q99988	True
seq.4389.2	Desert hedgehog protein N-product	O43323	O43323	True
seq.4392.54	Fibroblast growth factor 12	P61328	P61328	True
seq.4393.3	Fibroblast growth factor 16	O43320	O43320	True
seq.4394.71	Fibroblast growth factor 8 isoform A	P55075	P55075	True
seq.4396.54	Interferon lambda-1	Q8IU54	Q8IU54	True
seq.4397.26	Interferon lambda-2	Q8IZJ0	Q8IZJ0	True
seq.4407.10	Hepatocyte growth factor-like protein	P26927	P26927	True
seq.4413.3	Antileukoproteinase	P03973	P03973	True
seq.4414.69	Pulmonary surfactant-associated protein D	P35247	P35247	True
seq.4420.7	Disintegrin and metalloproteinase domain-containing protein 12	O43184	O43184	True
seq.4423.77	Bcl-2-like protein 1	Q07817	Q07817	True
seq.4428.1	Carbohydrate sulfotransferase 2	Q9Y4C5	Q9Y4C5	True
seq.4429.51	Carbohydrate sulfotransferase 6	Q9GZX3	Q9GZX3	True
seq.4430.44	Collectin-11	Q9BWP8	Q9BWP8	True
seq.4435.66	Ectonucleotide pyrophosphatase/phosphodiesterase family member 7	Q6UWV6	Q6UWV6	True
seq.4436.1	Ectonucleoside triphosphate diphosphohydrolase 3	O75355	O75355	True
seq.4437.56	Ectonucleoside triphosphate diphosphohydrolase 5	O75356	O75356	True
seq.4440.15	Fc receptor-like protein 3	Q96P31	Q96P31	True
seq.4450.26	Heterogeneous nuclear ribonucleoprotein A/B	Q99729	Q99729	True
seq.4452.9	Leucine-rich repeat transmembrane neuronal protein 1	Q86UE6	Q86UE6	True
seq.4453.83	Leucine-rich repeat transmembrane neuronal protein 3	Q86VH5	Q86VH5	True
seq.4455.89	Lactadherin	Q08431	Q08431	True
seq.4459.68	Proprotein convertase subtilisin/kexin type 7	Q16549	Q16549	True
seq.4460.8	3-phosphoinositide-dependent protein kinase 1	O15530	O15530	True
seq.4464.10	Sialoadhesin	Q9BZZ2	Q9BZZ2	True
seq.4467.49	SPARC-like protein 1	Q14515	Q14515	True
seq.4468.21	Sphingosine kinase 2	Q9NRA0	Q9NRA0	True
seq.4469.78	Carbohydrate sulfotransferase 15	Q7LFX5	Q7LFX5	True
seq.4472.5	Tropomyosin beta chain	P07951	P07951	True
seq.4476.22	Tyrosine-protein kinase ZAP-70	P43403	P43403	True
seq.4479.14	Plasma protease C1 inhibitor	P05155	P05155	True
seq.4480.59	Complement C3b	P01024	P01024	True
seq.4481.34	Complement C4	P0C0L5|P0C0L4	P0C0L5|P0C0L4	True
seq.4482.66	Complement C5b-C6 complex	P13671|P01031	P13671|P01031	True
seq.4487.1	Fibroblast growth factor 7	P21781	P21781	True
seq.4491.4	Interleukin-5 receptor subunit alpha	Q01344	Q01344	True
seq.4493.92	Interleukin-11	P20809	P20809	True
seq.4496.60	Macrophage metalloelastase	P39900	P39900	True
seq.4498.62	Neural cell adhesion molecule 1, 120 kDa isoform	P13591	P13591	True
seq.4499.21	Platelet-derived growth factor subunit A	P04085	P04085	True
seq.4500.50	Stem cell growth factor-alpha	Q9Y240	Q9Y240	True
seq.4533.76	A disintegrin and metalloproteinase with thrombospondin motifs 15	Q8TE58	Q8TE58	True
seq.4534.10	Brain-specific serine protease 4	Q9GZN4	Q9GZN4	True
seq.4535.50	ADP-ribosyl cyclase/cyclic ADP-ribose hydrolase 2	Q10588	Q10588	True
seq.4540.11	Chromobox protein homolog 5	P45973	P45973	True
seq.4541.49	Cell adhesion molecule-related/down-regulated by oncogenes	Q4KMG0	Q4KMG0	True
seq.4542.24	Clusterin	P10909	P10909	True
seq.4543.65	Collagen alpha-1(XXIII) chain	Q86Y22	Q86Y22	True
seq.4544.4	Connective tissue-activating peptide III	P02775	P02775	True
seq.4545.53	Mitochondrial import inner membrane translocase subunit TIM14	Q96DA6	Q96DA6	True
seq.4546.27	Adhesion G protein-coupled receptor E2	Q9UHX3	Q9UHX3	True
seq.4547.59	Leucine-rich repeat transmembrane protein FLRT1	Q9NZU1	Q9NZU1	True
seq.4548.4	Galactoside 3(4)-L-fucosyltransferase	P21217	P21217	True
seq.4549.78	Alpha-(1,3)-fucosyltransferase 5	Q11128	Q11128	True
seq.4551.72	Adhesion G-protein coupled receptor G5	Q8IZF4	Q8IZF4	True
seq.4553.65	Hepatoma-derived growth factor-related protein 2	Q7Z4V5	Q7Z4V5	True
seq.4556.10	Interleukin-34	Q6ZMJ4	Q6ZMJ4	True
seq.4557.61	Kin of IRRE-like protein 3	Q8IZU9	Q8IZU9	True
seq.4559.64	Kynureninase	Q16719	Q16719	True
seq.4560.34	Tyrosine-protein kinase Lck	P06239	P06239	True
seq.4562.1	Neurexophilin-1	P58417	P58417	True
seq.4563.61	1-phosphatidylinositol 4,5-bisphosphate phosphodiesterase gamma-1	P19174	P19174	True
seq.4564.2	Plexin-C1	O60486	O60486	True
seq.4566.24	R-spondin-2	Q6UXX9	Q6UXX9	True
seq.4567.82	SH2 domain-containing protein 1A	O60880	O60880	True
seq.4568.17	SLIT and NTRK-like protein 5	O94991	O94991	True
seq.4569.52	VPS10 domain-containing receptor SorCS2	Q96PQ0	Q96PQ0	True
seq.4588.1	Pancreatic hormone	P01298	P01298	True
seq.4594.22	Pituitary adenylate cyclase-activating polypeptide 38	P18509	P18509	True
seq.4673.13	Interleukin-6	P05231	P05231	True
seq.4693.72	3-hydroxyisobutyrate dehydrogenase, mitochondrial	P31937	P31937	True
seq.4696.2	Fatty acid-binding protein, heart	P05413	P05413	True
seq.4697.59	Granulocyte-macrophage colony-stimulating factor	P04141	P04141	True
seq.4703.87	Lymphotoxin-alpha	P01374	P01374	True
seq.4706.17	Protein 4.1	P11171	P11171	True
seq.4707.50	14-3-3 protein eta	Q04917	P31946|P62258|P61981|Q04917|P27348|P63104|P31947, Q04917	True
seq.4708.3	Estradiol 17-beta-dehydrogenase 1	P14061	P14061	True
seq.4712.28	Apolipoprotein D	P05090	P05090	True
seq.4717.55	Interleukin-3	P08700	P08700	True
seq.4718.5	Peptidyl-prolyl cis-trans isomerase B	P23284	P23284	True
seq.4719.58	Protein disulfide-isomerase A3	P30101	P30101	True
seq.4721.54	Trefoil factor 3	Q07654	Q07654	True
seq.4763.31	Afamin	P43652	P43652	True
seq.4769.10	Olfactomedin-4	Q6UX06	Q6UX06	True
seq.4771.10	Acid sphingomyelinase-like phosphodiesterase 3a	Q92484	Q92484	True
seq.4775.34	Gelsolin	P06396	P06396	True
seq.4785.30	Corticosteroid-binding globulin	P08185	P08185	True
seq.4801.13	Lactoperoxidase	P22079	P22079	True
seq.4807.13	Collagen alpha-1(VIII) chain	P27658	P27658	True
seq.4811.33	Inter-alpha-trypsin inhibitor heavy chain H4	Q14624	Q14624	True
seq.4815.25	Thioredoxin domain-containing protein 12	O95881	O95881	True
seq.4829.43	14-3-3 protein sigma	P31947	P31947	True
seq.4831.4	L-Selectin	P14151	P14151	True
seq.4832.75	Tumor necrosis factor receptor superfamily member 10A	O00220	O00220	True
seq.4834.61	Ephrin type-A receptor 2	P29317	P29317	True
seq.4840.73	Granulocyte colony-stimulating factor	P09919	P09919	True
seq.4842.62	Glypican-3	P51654	P51654	True
seq.4851.25	Interleukin-1 alpha	P01583	P01583	True
seq.4859.6	Bone morphogenetic protein receptor type-1A	P36894	P36894	True
seq.4862.63	Bone morphogenetic protein receptor type-2	Q13873	Q13873	True
seq.4866.59	BDNF/NT-3 growth factors receptor	Q16620	Q16620	True
seq.4867.15	Vascular endothelial growth factor A, isoform 121	P15692	P15692	True
seq.4874.3	Angiogenin	P03950	P03950	True
seq.4876.32	Coagulation factor IX	P00740	P00740	True
seq.4878.3	Coagulation Factor X	P00742	P00742	True
seq.4880.21	Growth/differentiation factor 2	Q9UK05	Q9UK05	True
seq.4883.56	Insulin	P01308	P01308	True
seq.4886.3	C-C motif chemokine 7	P80098	P80098	True
seq.4889.82	Protein Wnt-7a	O00755	O00755	True
seq.4890.10	Corticotropin	P01189	P01189	True
seq.4891.50	Glucagon	P01275	P01275	True
seq.4900.8	C3a anaphylatoxin	P01024	P01024	True
seq.4903.72	Calcineurin	P63098|Q08209	P63098|Q08209	True
seq.4904.7	Caspase-2	P42575	P42575	True
seq.4905.63	Coactosin-like protein	Q14019	Q14019	True
seq.4906.35	Coagulation Factor V	P12259	P12259	True
seq.4907.56	D-dimer	P02679|P02675|P02671	P02679|P02675|P02671	True
seq.4908.6	Endoglin	P17813	P17813	True
seq.4909.68	Galectin-8	O00214	O00214	True
seq.4910.21	Phospholipase A2	P04054	P04054	True
seq.4911.49	Glutathione S-transferase P	P09211	P09211	True
seq.4912.17	Aspartate aminotransferase, cytoplasmic	P17174	P17174	True
seq.4913.78	C-C motif chemokine 16	O15467	O15467	True
seq.4915.64	Hemoglobin	P68871|P69905	P68871|P69905	True
seq.4916.2	Immunoglobulin D	P01880	P01880	True
seq.4917.62	Integrin alpha-V: beta-5 complex	P18084|P06756	P18084|P06756	True
seq.4918.21	Kininogen-1	P01042	P01042	True
seq.4920.10	Lysozyme C	P61626	P61626	True
seq.4922.13	C-C motif chemokine 19	Q99731	Q99731	True
seq.4923.79	Muellerian-inhibiting factor	P03971	P03971	True
seq.4924.32	Interstitial collagenase	P03956	P03956	True
seq.4925.54	Collagenase 3	P45452	P45452	True
seq.4929.55	Sex hormone-binding globulin	P04278	P04278	True
seq.4930.21	Stanniocalcin-1	P52823	P52823	True
seq.4931.59	Tissue Factor	P13726	P13726	True
seq.4956.2	Epiregulin	O14944	O14944	True
seq.4959.2	Anterior gradient protein 2 homolog	O95994	O95994	True
seq.4960.72	Annexin A1	P04083	P04083	True
seq.4961.17	Annexin A2	P07355	P07355	True
seq.4962.52	Cerebral dopamine neurotrophic factor	Q49AH0	Q49AH0	True
seq.4963.19	cAMP-regulated phosphoprotein 19	P56211	P56211	True
seq.4964.67	Endoplasmic reticulum aminopeptidase 1	Q9NZ08	Q9NZ08	True
seq.4965.27	ATP synthase subunit beta, mitochondrial	P06576	P06576	True
seq.4967.1	Complement component 1 Q subcomponent-binding protein, mitochondrial	Q07021	Q07021	True
seq.4968.50	Macrophage-capping protein	P40121	P40121	True
seq.4969.2	Carbonic anhydrase 1	P00915	P00915	True
seq.4970.55	Carbonic anhydrase 2	P00918	P00918	True
seq.4971.1	Cathepsin Z	Q9UBR2	Q9UBR2	True
seq.4973.18	Baculoviral IAP repeat-containing protein 3	Q13489	Q13489	True
seq.4976.57	Adapter molecule crk	P46108	P46108	True
seq.4978.54	Drebrin-like protein	Q9UJU6	Q9UJU6	True
seq.4979.34	Dermatopontin	Q07507	Q07507	True
seq.4981.6	Desmocollin-3	Q14574	Q14574	True
seq.4982.54	Elafin	P19957	P19957	True
seq.4983.6	Endoplasmic reticulum resident protein 29	P30040	P30040	True
seq.4984.83	S-formylglutathione hydrolase	P10768	P10768	True
seq.4985.11	Fatty acid-binding protein, epidermal	Q01469	Q01469	True
seq.4986.59	Focal adhesion kinase 1	Q05397	Q05397	True
seq.4987.17	Immunoglobulin alpha Fc receptor	P24071	P24071	True
seq.4988.49	Fibroblast growth factor receptor 4	P22455	P22455	True
seq.4989.7	Fibrinogen gamma chain	P02679	P02679	True
seq.4990.87	Platelet glycoprotein Ib alpha chain	P07359	P07359	True
seq.4991.12	Glypican-5	P78333	P78333	True
seq.4992.49	Granulins	P28799	P28799	True
seq.4993.16	Glutathione S-transferase A3	Q16772	Q16772	True
seq.4995.16	15-hydroxyprostaglandin dehydrogenase [NAD(+)]	P15428	P15428	True
seq.4996.66	Histidine-rich glycoprotein	P04196	P04196	True
seq.4997.19	Eukaryotic initiation factor 4A-III	P38919	P38919	True
seq.5000.52	Galectin-3-binding protein	Q08380	Q08380	True
seq.5001.6	Mammaglobin-B	O75556	O75556	True
seq.5002.76	Matrix metalloproteinase-14	P50281	P50281	True
seq.5004.69	Mitogen-activated protein kinase 11	Q15759	Q15759	True
seq.5005.4	Mitogen-activated protein kinase 12	P53778	P53778	True
seq.5006.71	Mitogen-activated protein kinase 13	O15264	O15264	True
seq.5007.1	Mitogen-activated protein kinase 14	Q16539	Q16539	True
seq.5008.51	Superoxide dismutase [Mn], mitochondrial	P04179	P04179	True
seq.5009.11	Moesin	P26038	P26038	True
seq.5011.11	Nicotinamide phosphoribosyltransferase	P43490	P43490	True
seq.5012.67	Adenylate kinase isoenzyme 1	P00568	P00568	True
seq.5013.2	Chloride intracellular channel protein 1	O00299	O00299	True
seq.5014.49	Cytoplasmic protein NCK1	P16333	P16333	True
seq.5015.15	Platelet-activating factor acetylhydrolase	Q13093	Q13093	True
seq.5017.19	Peroxiredoxin-5, mitochondrial	P30044	P30044	True
seq.5018.68	Peroxiredoxin-6	P30041	P30041	True
seq.5019.16	Ubiquitin carboxyl-terminal hydrolase isozyme L1	P09936	P09936	True
seq.5020.50	Phosphoglycerate kinase 1	P00558	P00558	True
seq.5021.13	Inorganic pyrophosphatase	Q15181	Q15181	True
seq.5023.23	Adenylosuccinate lyase	P30566	P30566	True
seq.5024.67	Retinoblastoma-associated protein	P06400	P06400	True
seq.5026.66	40S ribosomal protein S3	P23396	P23396	True
seq.5028.59	Scavenger receptor cysteine-rich type 1 protein M130	Q86VB7	Q86VB7	True
seq.5029.3	Prolyl endopeptidase FAP	Q12884	Q12884	True
seq.5030.52	NAD-dependent protein deacetylase sirtuin-2	Q8IXJ6	Q8IXJ6	True
seq.5031.10	Spectrin alpha chain, non-erythrocytic 1	Q13813	Q13813	True
seq.5032.64	FACT complex subunit SSRP1	Q08945	Q08945	True
seq.5033.27	Tropomyosin alpha-1 chain	P09493	P09493	True
seq.5034.79	Trypsin-2	P07478	P07478	True
seq.5035.7	Thymidylate synthase	P04818	P04818	True
seq.5036.50	Tumor necrosis factor-inducible gene 6 protein	P98066	P98066	True
seq.5060.62	Programmed cell death 1 ligand 1	Q9NZQ7	Q9NZQ7	True
seq.5061.27	ICOS ligand	O75144	O75144	True
seq.5062.60	CD226 antigen	Q15762	Q15762	True
seq.5063.12	Natural killer cell receptor 2B4	Q9BZW8	Q9BZW8	True
seq.5065.8	CD83 antigen	Q01151	Q01151	True
seq.5066.134	CMRF35-like molecule 6	Q08708	Q08708	True
seq.5069.9	Complement decay-accelerating factor	P08174	P08174	True
seq.5070.76	Tumor necrosis factor receptor superfamily member 6B	O95407	O95407	True
seq.5076.53	Ephrin type-A receptor 10	Q5JZY3	Q5JZY3	True
seq.5078.82	Ephrin type-B receptor 6	O15197	O15197	True
seq.5080.131	Transmembrane glycoprotein NMB:Extracellular domain	Q14956	Q14956	True
seq.5082.51	X-linked interleukin-1 receptor accessory protein-like 2	Q9NP60	Q9NP60	True
seq.5084.154	Interleukin-17 receptor B	Q9NRM6	Q9NRM6	True
seq.5085.18	Interleukin-20 receptor subunit alpha	Q9UHF4	Q9UHF4	True
seq.5087.5	Interleukin-22 receptor subunit alpha-2	Q969J5	Q969J5	True
seq.5088.175	Interleukin-23 receptor	Q5VWK5	Q5VWK5	True
seq.5089.11	Interleukin-7 receptor subunit alpha	P16871	P16871	True
seq.5090.49	Leukocyte immunoglobulin-like receptor subfamily B member 1	Q8NHL6	Q8NHL6	True
seq.5091.28	Leukocyte immunoglobulin-like receptor subfamily B member 2	Q8N423	Q8N423	True
seq.5092.51	Protein jagged-1:Extracellular domain	P78504	P78504	True
seq.5093.47	Protein jagged-2	Q9Y219	Q9Y219	True
seq.5094.62	Junctional adhesion molecule-like	Q86YT9	Q86YT9	True
seq.5095.21	Killer cell immunoglobulin-like receptor 2DL4	Q99706	Q99706	True
seq.5098.79	Killer cell lectin-like receptor subfamily F member 1	Q9NZS2	Q9NZS2	True
seq.5099.14	Lymphocyte activation gene 3 protein	P18627	P18627	True
seq.5100.53	Lysosome membrane protein 2	Q14108	Q14108	True
seq.5102.55	MHC class I polypeptide-related sequence B	Q29980	Q29980	True
seq.5103.30	Cell surface glycoprotein CD200 receptor 1:Isoform 4, Extracellular Domain	Q8TD46	Q8TD46	True
seq.5104.57	Natural cytotoxicity triggering receptor 1	O76036	O76036	True
seq.5105.2	Reticulon-4 receptor	Q9BZR6	Q9BZR6	True
seq.5106.52	Neurogenic locus notch homolog protein 2	Q04721	Q04721	True
seq.5107.7	Neurogenic locus notch homolog protein 1	P46531	P46531	True
seq.5108.72	Neurogenic locus notch homolog protein 3	Q9UM47	Q9UM47	True
seq.5109.24	Neuronal cell adhesion molecule	Q92823	Q92823	True
seq.5110.84	Neurexin-1-beta	P58400	P58400	True
seq.5111.15	Neurexin-3-beta	Q9HDB5	Q9HDB5	True
seq.5112.73	OX-2 membrane glycoprotein	P41217	P41217	True
seq.5114.65	Prolactin receptor	P16471	P16471	True
seq.5115.31	Tumor necrosis factor receptor superfamily member 19L	Q969Z4	Q969Z4	True
seq.5116.62	Roundabout homolog 2	Q9HCK4	Q9HCK4	True
seq.5117.14	Roundabout homolog 3	Q96MS0	Q96MS0	True
seq.5121.3	Semaphorin-6B	Q9H3T3	Q9H3T3	True
seq.5122.92	Semaphorin-6A	Q9H2E6	Q9H2E6	True
seq.5124.62	Intercellular adhesion molecule 5	Q9UMF0	Q9UMF0	True
seq.5124.69	Intercellular adhesion molecule 5	Q9UMF0	Q9UMF0	True
seq.5125.6	Sialic acid-binding Ig-like lectin 14	Q08ET2	Q08ET2	True
seq.5128.53	SLAM family member 6	Q96DU3	Q96DU3	True
seq.5129.12	Scavenger receptor class F member 1	Q14162	Q14162	True
seq.5131.15	Tumor necrosis factor receptor superfamily member 19	Q9NS68	Q9NS68	True
seq.5132.71	Interleukin-27 receptor subunit alpha	Q6UWB1	Q6UWB1	True
seq.5133.17	TGF-beta receptor type-2	P37173	P37173	True
seq.5134.52	Hepatitis A virus cellular receptor 2	Q8TDQ0	Q8TDQ0	True
seq.5138.50	Tumor necrosis factor receptor superfamily member 12A	Q9NP84	Q9NP84	True
seq.5139.32	Netrin receptor UNC5C	O95185	O95185	True
seq.5140.56	Netrin receptor UNC5D	Q6UXZ4	Q6UXZ4	True
seq.5178.5	High affinity cAMP-specific 3',5'-cyclic phosphodiesterase 7A	Q13946	Q13946	True
seq.5183.53	AMP Kinase (alpha1beta1gamma1)	P54619|Q9Y478|Q13131	P54619|Q9Y478|Q13131	True
seq.5193.51	GTPase KRas	P01116	P01116	True
seq.5196.7	Glycylpeptide N-tetradecanoyltransferase 1	P30419	P30419	True
seq.5201.50	High affinity cGMP-specific 3',5'-cyclic phosphodiesterase 9A	O76083	O76083	True
seq.5202.4	Peptidyl-prolyl cis-trans isomerase D	Q08752	Q08752	True
seq.5204.13	Proteasome activator complex subunit 3	P61289	P61289	True
seq.5223.59	Glucokinase regulatory protein	Q14397	Q14397	True
seq.5224.20	Casein kinase II subunit alpha	P68400	P68400	True
seq.5225.50	Casein kinase II 2-alpha:2-beta heterotetramer	P67870|P68400	P67870|P68400	True
seq.5226.36	Casein kinase II 2-alpha':2-beta heterotetramer	P67870|P19784	P67870|P19784	True
seq.5228.25	Kinesin-like protein KIF23	Q02241	Q02241	True
seq.5229.90	Inosine-5'-monophosphate dehydrogenase 1	P20839	P20839	True
seq.5230.99	3-hydroxy-3-methylglutaryl-coenzyme A reductase	P04035	P04035	True
seq.5231.79	Proprotein convertase subtilisin/kexin type 9	Q8NBP7	Q8NBP7	True
seq.5236.2	Nuclear receptor subfamily 1 group D member 1	P20393	P20393	True
seq.5238.26	Peptidyl-prolyl cis-trans isomerase E	Q9UNP9	Q9UNP9	True
seq.5242.37	Dual specificity mitogen-activated protein kinase kinase 4	P45985	P45985	True
seq.5245.40	AMP Kinase (alpha2beta2gamma1)	P54619|O43741|P54646	P54619|O43741|P54646	True
seq.5248.68	Peptidyl-prolyl cis-trans isomerase F, mitochondrial	P30405	P30405	True
seq.5249.31	Serine/threonine-protein kinase 17B	O94768	O94768	True
seq.5250.53	Inosine-5'-monophosphate dehydrogenase 2	P12268	P12268	True
seq.5252.33	Dual 3',5'-cyclic-AMP and -GMP phosphodiesterase 11A	Q9HCR9	Q9HCR9	True
seq.5253.1	Calcium/calmodulin-dependent 3',5'-cyclic nucleotide phosphodiesterase 1A	P54750	P54750	True
seq.5254.69	cGMP-inhibited 3',5'-cyclic phosphodiesterase A	Q14432	Q14432	True
seq.5255.22	cAMP-specific 3',5'-cyclic phosphodiesterase 4D	Q08499	Q08499	True
seq.5256.86	cGMP-specific 3',5'-cyclic phosphodiesterase	O76074	O76074	True
seq.5260.80	Non-receptor tyrosine-protein kinase TYK2	P29597	P29597	True
seq.5262.57	Breast cancer anti-estrogen resistance protein 3:Src Homology domain	O75815	O75815	True
seq.5264.65	Calreticulin	P27797	P27797	True
seq.5265.12	GRB2-related adapter protein 2	O75791	O75791	True
seq.5272.55	SHC-transforming protein 1:Src Homology domain	P29353	P29353	True
seq.5275.28	Proto-oncogene vav	P15498	P15498	True
seq.5280.68	Mitochondrial glutamate carrier 2	Q9H1K4	Q9H1K4	True
seq.5301.7	Eotaxin	P51671	P51671	True
seq.5307.12	Coagulation factor IXab	P00740	P00740	True
seq.5312.49	Apolipoprotein E (isoform E2)	P02649	P02649	True
seq.5315.22	Troponin T, cardiac muscle	P45379	P45379	True
seq.5316.54	Prothrombin	P00734	P00734	True
seq.5335.73	Annexin A6	P08133	P08133	True
seq.5337.64	T-lymphocyte activation antigen CD86	P42081	P42081	True
seq.5339.49	Protein S100-A9	P06702	P06702	True
seq.5340.24	Caspase-10:region 1	Q92851	Q92851	True
seq.5343.74	Carboxypeptidase E	P16870	P16870	True
seq.5345.51	Cytoskeleton-associated protein 2	Q8WWK9	Q8WWK9	True
seq.5346.24	Copine-1:Ca2+-dependent membrane-targeting module domains 1 and 2	Q99829	Q99829	True
seq.5347.59	G2/mitotic-specific cyclin-B1	P14635	P14635	True
seq.5349.69	Delta-like protein 1	O00548	O00548	True
seq.5350.14	Glypican-6	Q9Y625	Q9Y625	True
seq.5351.52	Heterogeneous nuclear ribonucleoproteins A2/B1	P22626	P22626	True
seq.5352.11	Tumor necrosis factor receptor superfamily member 14	Q92956	Q92956	True
seq.5353.89	Interleukin-1 receptor antagonist protein	P18510	P18510	True
seq.5354.11	Keratin, type I cytoskeletal 18	P05783	P05783	True
seq.5355.69	Tumor necrosis factor ligand superfamily member 14	O43557	O43557	True
seq.5356.2	Macrophage migration inhibitory factor	P14174	P14174	True
seq.5357.60	Neuroligin-4, X-linked	Q8N0W4	Q8N0W4	True
seq.5358.3	Osteomodulin	Q99983	Q99983	True
seq.5359.65	Serine/threonine-protein kinase pim-1	P11309	P11309	True
seq.5360.9	RAC-beta serine/threonine-protein kinase	P31751	P31751	True
seq.5363.51	Semaphorin-3E	O15041	O15041	True
seq.5364.7	Protein SET	Q01105	Q01105	True
seq.5383.14	Tumor necrosis factor receptor superfamily member 13C	Q96RJ3	Q96RJ3	True
seq.5384.67	Transcription factor IIIB 90 kDa subunit	Q92994	Q92994	True
seq.5392.73	Tumor necrosis factor receptor superfamily member 6	P25445	P25445	True
seq.5400.52	Leptin receptor, soluble	P48357	P48357	True
seq.5404.53	Tumor necrosis factor receptor superfamily member 21	O75509	O75509	True
seq.5410.53	Cadherin-15:Extracellular domain	P55291	P55291	True
seq.5412.53	CD27 antigen	P26842	P26842	True
seq.5424.55	Tumor necrosis factor receptor superfamily member 11A	Q9Y6Q6	Q9Y6Q6	True
seq.5430.66	Tyrosine-protein phosphatase non-receptor type substrate 1	P78324	P78324	True
seq.5437.63	Fatty acid-binding protein, heart	P05413	P05413	True
seq.5440.26	Troponin I, fast skeletal muscle	P48788	P48788	True
seq.5441.67	Troponin I, cardiac muscle	P19429	P19429	True
seq.5443.62	Atrial natriuretic factor	P01160	P01160	True
seq.5451.1	CD166 antigen	Q13740	Q13740	True
seq.5452.71	Asialoglycoprotein receptor 1	P07306	P07306	True
seq.5456.59	Beta-Ala-His dipeptidase	Q96KN2	Q96KN2	True
seq.5457.5	Collectin-12	Q5KU26	Q5KU26	True
seq.5459.33	Cystatin-SN	P01037	P01037	True
seq.5460.60	ATP-dependent RNA helicase DDX19B	Q9UMR2	Q9UMR2	True
seq.5462.62	Ficolin-3	O75636	O75636	True
seq.5463.22	Growth arrest-specific protein 1	P54826	P54826	True
seq.5464.52	Growth factor receptor-bound protein 2	P62993	P62993	True
seq.5465.32	Heparan-sulfate 6-O-sulfotransferase 1	O60243	O60243	True
seq.5467.15	Heat shock protein HSP 90-beta	P08238	P08238	True
seq.5468.67	Interleukin-17 receptor C	Q8NAC3	Q8NAC3	True
seq.5475.10	Protein kinase C beta type (splice variant beta-II)	P05771	P05771	True
seq.5476.66	Protein kinase C gamma type	P05129	P05129	True
seq.5478.50	Glutamate carboxypeptidase 2	Q04609	Q04609	True
seq.5480.49	C-C motif chemokine 5	P13501	P13501	True
seq.5481.16	Ras GTPase-activating protein 1	P20936	P20936	True
seq.5483.1	Repulsive guidance molecule A	Q96B86	Q96B86	True
seq.5484.63	40S ribosomal protein S3a	P61247	P61247	True
seq.5486.73	Intercellular adhesion molecule 2	P13598	P13598	True
seq.5487.7	SLAM family member 7	Q9NQ25	Q9NQ25	True
seq.5488.74	Proto-oncogene tyrosine-protein kinase Src isoform 2	P12931	P12931	True
seq.5490.53	Testican-1	Q08629	Q08629	True
seq.5491.12	Testican-2	Q92563	Q92563	True
seq.5493.17	Serine/threonine-protein kinase WNK3	Q9BYP7	Q9BYP7	True
seq.5494.52	Small nuclear ribonucleoprotein F	P62306	P62306	True
seq.5496.49	Spondin-1	Q9HCB6	Q9HCB6	True
seq.5508.62	Cathepsin D	P07339	P07339	True
seq.5509.7	Epidermal growth factor:Extracellular domain	P01133	P01133	True
seq.5526.53	Tumor necrosis factor receptor superfamily member 18	Q9Y5U5	Q9Y5U5	True
seq.5532.53	Fibroblast growth factor receptor 1	P11362	P11362	True
seq.5534.49	Tumor necrosis factor receptor superfamily member 10B:Extracellular domain, TNFR-Cys domains 1-3	O14763	O14763	True
seq.5542.22	Neuropilin-1	O14786	O14786	True
seq.5581.28	Fibrinogen-like protein 1	Q08830	Q08830	True
seq.5583.62	Tyrosine-protein kinase RYK	P34925	P34925	True
seq.5584.21	Holo-Transcobalamin-2	P20062	P20062	True
seq.5586.66	Multiple inositol polyphosphate phosphatase 1	Q9UNW1	Q9UNW1	True
seq.5587.3	Coiled-coil domain-containing protein 134	Q9H6E4	Q9H6E4	True
seq.5590.11	Zona pellucida-like domain-containing protein 1	Q8TCW7	Q8TCW7	True
seq.5593.11	Protein disulfide-isomerase A5	Q14554	Q14554	True
seq.5594.87	LDLR chaperone MESD	Q14696	Q14696	True
seq.5596.75	T-cell surface glycoprotein CD5:Extracellular domain	P06127	P06127	True
seq.5598.3	Gremlin-2	Q9H772	Q9H772	True
seq.5599.88	Prenylcysteine oxidase-like	Q8NBM8	Q8NBM8	True
seq.5601.2	N-acetylmuramoyl-L-alanine amidase	Q96PD5	Q96PD5	True
seq.5602.62	Inactive ribonuclease-like protein 10	Q5GAN6	Q5GAN6	True
seq.5604.30	Heparanase	Q9Y251	Q9Y251	True
seq.5605.77	Beta-1,3-N-acetylglucosaminyltransferase manic fringe	O00587	O00587	True
seq.5606.24	Microfibrillar-associated protein 1	P55081	P55081	True
seq.5609.92	Protein FAM19A5	Q7Z5A7	Q7Z5A7	True
seq.5610.32	Protein FAM171A1	Q5VUB5	Q5VUB5	True
seq.5611.56	Beta-defensin 108B	Q8NET1	Q8NET1	True
seq.5612.16	Histidine triad nucleotide-binding protein 2, mitochondrial	Q9BX68	Q9BX68	True
seq.5613.75	Linker for activation of T-cells family member 2	Q9GZY6	Q9GZY6	True
seq.5614.44	Corticoliberin	P06850	P06850	True
seq.5615.62	Protein FAM172A	Q8WUF8	Q8WUF8	True
seq.5617.41	Pro-FMRFamide-related neuropeptide FF	O15130	O15130	True
seq.5618.50	Protein FAM3B	P58499	P58499	True
seq.5620.13	Peptidyl-glycine alpha-amidating monooxygenase	P19021	P19021	True
seq.5621.64	Thrombospondin type-1 domain-containing protein 1	Q9NS62	Q9NS62	True
seq.5623.11	CMRF35-like molecule 1	Q8TDQ1	Q8TDQ1	True
seq.5624.66	Folate receptor gamma	P41439	P41439	True
seq.5626.20	Chymotrypsin-C	Q99895	Q99895	True
seq.5627.53	Progonadoliberin-1	P01148	P01148	True
seq.5628.21	Semaphorin-3G	Q9NS98	Q9NS98	True
seq.5629.58	NKG2-A/NKG2-B type II integral membrane protein	P26715	P26715	True
seq.5630.48	CMRF35-like molecule 8	Q9UGN4	Q9UGN4	True
seq.5631.83	Promotilin	P12872	P12872	True
seq.5632.6	Cartilage acidic protein 1	Q9NQ79	Q9NQ79	True
seq.5633.65	Leukocyte immunoglobulin-like receptor subfamily B member 2	Q8N423	Q8N423	True
seq.5634.39	GDP-fucose protein O-fucosyltransferase 1	Q9H488	Q9H488	True
seq.5635.66	Triggering receptor expressed on myeloid cells 2	Q9NZC2	Q9NZC2	True
seq.5636.10	Microfibril-associated glycoprotein 4	P55083	P55083	True
seq.5637.81	Netrin-G1	Q9Y2I2	Q9Y2I2	True
seq.5638.23	Procollagen galactosyltransferase 1	Q8NBJ5	Q8NBJ5	True
seq.5639.49	Neuropilin and tolloid-like protein 1	Q8TDF5	Q8TDF5	True
seq.5643.2	Epididymal-specific lipocalin-8	Q6JVE9	Q6JVE9	True
seq.5644.60	Ribonuclease 4	P34096	P34096	True
seq.5646.20	Ribonuclease K6	Q93091	Q93091	True
seq.5648.28	Chymotrypsinogen B2	Q6GPI1	Q6GPI1	True
seq.5649.83	Pregnancy-specific beta-1-glycoprotein 4	Q00888	Q00888	True
seq.5650.9	Protein disulfide-isomerase A6	Q15084	Q15084	True
seq.5651.50	Putative pregnancy-specific beta-1-glycoprotein 7	Q13046	Q13046	True
seq.5653.23	Probable inactive serine protease 37	A4D1T9	A4D1T9	True
seq.5654.70	Protein disulfide-isomerase TMX3	Q96JJ7	Q96JJ7	True
seq.5656.53	Poly(U)-specific endoribonuclease	P21128	P21128	True
seq.5657.28	CMP-N-acetylneuraminate-beta-galactosamide-alpha-2,3-sialyltransferase 1	Q11201	Q11201	True
seq.5658.64	Coagulation factor XIII B chain	P05160	P05160	True
seq.5659.11	Pro-Thyrotropin-releasing hormone	P20396	P20396	True
seq.5660.51	Extracellular superoxide dismutase [Cu-Zn]	P08294	P08294	True
seq.5661.15	Interleukin-18	Q14116	Q14116	True
seq.5663.18	Platelet factor 4 variant	P10720	P10720	True
seq.5664.57	Beta-defensin 106	Q8N104	Q8N104	True
seq.5666.64	Interleukin-1 receptor type 2	P27930	P27930	True
seq.5667.3	Semaphorin-3B	Q13214	Q13214	True
seq.5668.49	Anterior gradient protein 3	Q8TD06	Q8TD06	True
seq.5669.26	Signal-regulatory protein beta-2	Q5JXA9	Q5JXA9	True
seq.5671.1	Chymotrypsinogen B	P17538	P17538	True
seq.5675.6	Internal Use Only: Tenascin	P24821	P24821	True
seq.5676.54	Agouti-signaling protein	P42127	P42127	True
seq.5677.15	Uncharacterized protein C2orf66	Q6UXQ4	Q6UXQ4	True
seq.5679.16	Beta-defensin 103	P81534	P81534	True
seq.5680.54	Odorant-binding protein 2b	Q9NPH6	Q9NPH6	True
seq.5682.13	Vasorin	Q6EMK4	Q6EMK4	True
seq.5687.5	Glucosidase 2 subunit beta	P14314	P14314	True
seq.5688.65	Cerebellin-4	Q9NTU7	Q9NTU7	True
seq.5689.1	Beta-defensin 112	Q30KQ8	Q30KQ8	True
seq.5690.49	Tuftelin	Q9NNX1	Q9NNX1	True
seq.5691.2	Cysteine-rich secretory protein LCCL domain-containing 2	Q9H0B8	Q9H0B8	True
seq.5692.79	Tumor necrosis factor	P01375	P01375	True
seq.5693.6	Lithostathine-1-beta	P48304	P48304	True
seq.5694.57	SPARC-related modular calcium-binding protein 1	Q9H4F8	Q9H4F8	True
seq.5695.5	BPI fold-containing family A member 2	Q96DR5	Q96DR5	True
seq.5698.60	Tenascin-X	P22105	P22105	True
seq.5699.19	Protein FAM189A2	Q15884	Q15884	True
seq.5701.81	Tetranectin	P05452	P05452	True
seq.5703.26	Noelin	Q99784	Q99784	True
seq.5704.74	Granzyme M	P51124	P51124	True
seq.5707.55	ETS domain-containing protein Elk-3	P41970	P41970	True
seq.5708.1	Liver-expressed antimicrobial peptide 2	Q969E1	Q969E1	True
seq.5713.9	Interferon lambda-3	Q8IZI9	Q8IZI9	True
seq.5714.88	Interferon alpha-6	P05013	P05013	True
seq.5715.4	Protein ABHD14A	Q9BUJ0	Q9BUJ0	True
seq.5716.49	Putative chondrosarcoma-associated gene 1 protein	Q6PB30	Q6PB30	True
seq.5717.2	Cartilage intermediate layer protein 1	O75339	O75339	True
seq.5719.66	Protein FAM189A2	Q15884	Q15884	True
seq.5721.1	CD226 antigen	Q15762	Q15762	True
seq.5722.78	Lysosomal Pro-X carboxypeptidase	P42785	P42785	True
seq.5723.4	Insulin-like 3	P51460	P51460	True
seq.5724.58	Suprabasin	Q6UWP8	Q6UWP8	True
seq.5725.1	Osteomodulin	Q99983	Q99983	True
seq.5726.49	Sperm-associated antigen 11A	Q6PDA7	Q6PDA7	True
seq.5727.35	Beta-1,3-glucosyltransferase	Q6Y288	Q6Y288	True
seq.5728.60	Fc receptor-like protein 1	Q96LA6	Q96LA6	True
seq.5729.27	Sclerostin	Q9BQB4	Q9BQB4	True
seq.5730.60	C-X-C motif chemokine 14	O95715	O95715	True
seq.5731.1	Serine protease inhibitor Kazal-type 6	Q6UWN8	Q6UWN8	True
seq.5733.61	Interferon alpha-10	P01566	P01566	True
seq.5734.13	Nectin-4	Q96NY8	Q96NY8	True
seq.5735.54	C1GALT1-specific chaperone 1	Q96EU7	Q96EU7	True
seq.5736.1	Trem-like transcript 2 protein	Q5T2D2	Q5T2D2	True
seq.5737.61	Semaphorin-4D	Q92854	Q92854	True
seq.5738.25	Internal Use Only: Tenascin	P24821	P24821	True
seq.5739.75	Keratinocyte differentiation-associated protein	P60985	P60985	True
seq.5740.17	Roundabout homolog 1	Q9Y6N7	Q9Y6N7	True
seq.5741.55	Eosinophil cationic protein	P12724	P12724	True
seq.5742.14	Lysophosphatidic acid phosphatase type 6	Q9NPH0	Q9NPH0	True
seq.5743.82	Cocaine- and amphetamine-regulated transcript protein	Q16568	Q16568	True
seq.5744.12	Protein MENT	Q9BUN1	Q9BUN1	True
seq.5745.64	Peptidase inhibitor 15	O43692	O43692	True
seq.5746.37	Ephrin-B1	P98172	P98172	True
seq.5747.67	Osteocalcin	P02818	P02818	True
seq.5748.20	Acid ceramidase	Q13510	Q13510	True
seq.5749.53	Colipase	P04118	P04118	True
seq.5751.14	LETM1 domain-containing protein 1	Q6P1Q0	Q6P1Q0	True
seq.5752.63	Sushi domain-containing protein 3	Q96L08	Q96L08	True
seq.5753.21	Protein FAM19A1	Q7Z5A9	Q7Z5A9	True
seq.5754.76	Insulin-like peptide INSL6	Q9Y581	Q9Y581	True
seq.5755.29	Gastric inhibitory polypeptide	P09681	P09681	True
seq.5756.66	Pappalysin-2	Q9BXP8	Q9BXP8	True
seq.5757.45	Neuroendocrine secretory protein 55	O95467	O95467	True
seq.5758.49	Kallikrein-9	Q9UKQ9	Q9UKQ9	True
seq.5759.10	Ephrin-A3	P52797	P52797	True
seq.5762.35	Sperm-associated antigen 11B	Q08648	Q08648	True
seq.5763.67	Beta-defensin 104	Q8WTQ1	Q8WTQ1	True
seq.5764.4	Polypeptide N-acetylgalactosaminyltransferase 2	Q10471	Q10471	True
seq.5765.53	Beta-defensin 121	Q5J5C9	Q5J5C9	True
seq.5792.8	alpha-Fetoprotein	P02771	P02771	True
seq.5798.3	BH3-interacting domain death agonist	P55957	P55957	True
seq.5801.72	beta-nerve growth factor	P01138	P01138	True
seq.5803.24	Complement C3d fragment	P01024	P01024	True
seq.5807.77	CD70 antigen	P32970	P32970	True
seq.5810.25	Teratocarcinoma-derived growth factor 1	P13385	P13385	True
seq.5813.58	Erythropoietin	P01588	P01588	True
seq.5822.22	Glial cell line-derived neurotrophic factor	P39905	P39905	True
seq.5825.49	Interferon gamma receptor 1	P15260	P15260	True
seq.5834.18	Interleukin-9	P15248	P15248	True
seq.5837.49	Leukemia inhibitory factor receptor	P42702	P42702	True
seq.5843.60	Histone-lysine N-methyltransferase EHMT2	Q96KQ7	Q96KQ7	True
seq.5846.24	Noggin	Q13253	Q13253	True
seq.5852.6	Protein S100-A12	P80511	P80511	True
seq.5854.60	Microtubule-associated protein tau	P10636	P10636	True
seq.5858.6	14-3-3 protein zeta/delta	P63104	P63104	True
seq.5861.78	3-hydroxyanthranilate 3,4-dioxygenase	P46952	P46952	True
seq.5864.10	Fructose-bisphosphate aldolase A	P04075	P04075	True
seq.5867.60	Arginase-1	P05089	P05089	True
seq.5870.23	Bcl2-associated agonist of cell death	Q92934	Q92934	True
seq.5879.51	Dynactin subunit 2	Q13561	Q13561	True
seq.5882.34	Elongation factor 1-beta	P24534	P24534	True
seq.5885.55	Eukaryotic translation initiation factor 4H	Q15056	Q15056	True
seq.5888.29	Eukaryotic translation initiation factor 5A-1	P63241	P63241	True
seq.5897.58	Gastrin-releasing peptide	P07492	P07492	True
seq.5900.11	Histidine triad nucleotide-binding protein 1	P49773	P49773	True
seq.5903.91	Heat shock cognate 71 kDa protein	P11142	P11142	True
seq.5909.51	Nucleoside diphosphate kinase A	P15531	P15531	True
seq.5915.58	Peroxisomal targeting signal 1 receptor	P50542	P50542	True
seq.5918.5	Proteasome activator complex subunit 1	Q06323	Q06323	True
seq.5927.4	WNT1-inducible-signaling pathway protein 3	O95389	O95389	True
seq.5930.54	Troponin I, cardiac muscle	P19429	P19429	True
seq.5934.1	Ferritin	P02792|P02794	P02792|P02794	True
seq.5936.53	Tumor necrosis factor	P01375	P01375	True
seq.5939.42	Tumor necrosis factor ligand superfamily member 12	O43508	O43508	True
seq.5947.90	Thrombopoietin	P40225	P40225	True
seq.5954.62	Parathyroid hormone	P01270	P01270	True
seq.5957.30	Somatostatin-28	P61278	P61278	True
seq.5963.9	Dermokine	Q6E0U4	Q6E0U4	True
seq.5970.61	Leukocyte cell-derived chemotaxin-2	O14960	O14960	True
seq.5980.55	BolA-like protein 3	Q53S33	Q53S33	True
seq.5982.50	Complement factor H-related protein 1	Q03591	Q03591	True
seq.5988.49	Tumor necrosis factor ligand superfamily member 14	O43557	O43557	True
seq.5992.50	T-cell surface glycoprotein CD8 alpha chain	P01732	P01732	True
seq.6003.28	Sialidase-1	Q99519	Q99519	True
seq.6019.12	Complement C1q and tumor necrosis factor-related protein 9A	P0C862	P0C862	True
seq.6020.52	Urotensin-2	O95399	O95399	True
seq.6022.57	Protein kinase C-binding protein NELL2	Q99435	Q99435	True
seq.6024.68	Carboxypeptidase E	P16870	P16870	True
seq.6027.31	Relaxin-3	Q8WXF3	Q8WXF3	True
seq.6035.2	Beta-galactoside alpha-2,6-sialyltransferase 1	P15907	P15907	True
seq.6036.78	Ephrin type-A receptor 10	Q5JZY3	Q5JZY3	True
seq.6039.24	Corticotropin-releasing factor-binding protein	P24387	P24387	True
seq.6042.52	Internal Use Only: Tenascin	P24821	P24821	True
seq.6049.64	Receptor-type tyrosine-protein phosphatase S	Q13332	Q13332	True
seq.6054.6	Neurexophilin-3	O95157	O95157	True
seq.6055.53	Interferon alpha/beta receptor 1	P17181	P17181	True
seq.6060.2	Prolactin-inducible protein	P12273	P12273	True
seq.6064.4	Endoplasmic reticulum resident protein 44	Q9BS26	Q9BS26	True
seq.6069.71	Sulfatase-modifying factor 2	Q8NBJ7	Q8NBJ7	True
seq.6075.61	Beta-hexosaminidase subunit beta	P07686	P07686	True
seq.6077.63	Adenosine deaminase CECR1	Q9NZK5	Q9NZK5	True
seq.6079.59	2-phosphoxylose phosphatase 1	Q8TE99	Q8TE99	True
seq.6081.52	Procollagen C-endopeptidase enhancer 2	Q9UKZ9	Q9UKZ9	True
seq.6086.15	Chordin-like protein 2	Q6WN34	Q6WN34	True
seq.6103.70	Fc receptor-like protein 5	Q96RD9	Q96RD9	True
seq.6104.1	Fibroblast growth factor receptor-like 1	Q8N441	Q8N441	True
seq.6107.3	Chymotrypsin-like elastase family member 1	Q9UNI1	Q9UNI1	True
seq.6113.31	Endothelin-3	P14138	P14138	True
seq.6119.14	MAM domain-containing protein 2	Q7Z304	Q7Z304	True
seq.6123.69	Cellular tumor antigen p53	P04637	P04637	True
seq.6151.18	Dual specificity mitogen-activated protein kinase kinase 3	P46734	P46734	True
seq.6168.11	Cellular tumor antigen p53 R175H mutant	P04637	P04637	True
seq.6172.7	PolyUbiquitin K63-linked	P0CG48	P0CG48	True
seq.6207.10	Prosaposin	P07602	P07602	True
seq.6209.2	Amiloride-sensitive amine oxidase [copper-containing]	P19801	P19801	True
seq.6210.100	Interferon alpha-5	P01569	P01569	True
seq.6213.10	Choriogonadotropin subunit beta variant 2	Q6NT52	Q6NT52	True
seq.6214.84	Interferon alpha-8	P32881	P32881	True
seq.6217.23	Sulfhydryl oxidase 1	O00391	O00391	True
seq.6219.14	PDZ domain-containing protein 11	Q5EBL8	Q5EBL8	True
seq.6221.1	ADP-dependent glucokinase	Q9BRR6	Q9BRR6	True
seq.6223.5	Guanylate cyclase activator 2B	Q16661	Q16661	True
seq.6225.3	Prostasin	Q16651	Q16651	True
seq.6226.69	Calcium uptake protein 2, mitochondrial	Q8IYU8	Q8IYU8	True
seq.6227.1	Kallikrein-10	O43240	O43240	True
seq.6228.58	Sperm acrosome membrane-associated protein 1	Q9HBV2	Q9HBV2	True
seq.6229.13	Chorionic somatomammotropin hormone	P0DML3|P0DML2	P0DML3|P0DML2	True
seq.6230.56	Cerberus	O95813	O95813	True
seq.6231.46	Stanniocalcin-2	O76061	O76061	True
seq.6232.54	T-lymphocyte activation antigen CD86	P42081	P42081	True
seq.6234.74	Vitrin	Q6UXI7	Q6UXI7	True
seq.6236.51	Collagen triple helix repeat-containing protein 1	Q96CG8	Q96CG8	True
seq.6237.11	Fibroblast growth factor receptor-like 1	Q8N441	Q8N441	True
seq.6240.70	R-spondin-1	Q2MKA7	Q2MKA7	True
seq.6245.4	Nectin-2	Q92692	Q92692	True
seq.6247.9	Signal-regulatory protein beta-1	O00241	O00241	True
seq.6248.68	Tumor necrosis factor receptor superfamily member 6	P25445	P25445	True
seq.6252.62	Secretoglobin family 3A member 1	Q96QR1	Q96QR1	True
seq.6255.74	Probable carboxypeptidase X1	Q96SM3	Q96SM3	True
seq.6256.9	Lymphocyte antigen 6 complex locus protein G6c	O95867	O95867	True
seq.6257.56	Cell growth regulator with EF hand domain protein 1	Q99674	Q99674	True
seq.6259.60	Internal Use Only: Tenascin	P24821	P24821	True
seq.6260.14	Internal Use Only: Tenascin	P24821	P24821	True
seq.6262.14	Interleukin-17 receptor B	Q9NRM6	Q9NRM6	True
seq.6263.77	Phospholipid transfer protein	P55058	P55058	True
seq.6264.9	Protein CYR61	O00622	O00622	True
seq.6267.51	Stathmin-4	Q9H169	Q9H169	True
seq.6273.58	Prolyl 3-hydroxylase 1	Q32P28	Q32P28	True
seq.6274.15	WSC domain-containing protein 2	Q2TBF2	Q2TBF2	True
seq.6280.11	Protocadherin-8	O95206	O95206	True
seq.6281.51	CMP-N-acetylneuraminate-beta-galactosamide-alpha-2,3-sialyltransferase 2	Q16842	Q16842	True
seq.6283.60	Mast cell-expressed membrane protein 1	Q8IX19	Q8IX19	True
seq.6284.7	ALK and LTK ligand 2	Q6UX46	Q6UX46	True
seq.6285.71	Malectin	Q14165	Q14165	True
seq.6289.78	Rho GTPase-activating protein 36	Q6ZRI8	Q6ZRI8	True
seq.6290.3	Urotensin-2B	Q765I0	Q765I0	True
seq.6291.55	Calsyntenin-3	Q9BQT9	Q9BQT9	True
seq.6294.11	B melanoma antigen 2	Q86Y30	Q86Y30	True
seq.6296.36	Oncoprotein-induced transcript 3 protein	Q8WWZ8	Q8WWZ8	True
seq.6304.8	Complement C1q tumor necrosis factor-related protein 1	Q9BXJ1	Q9BXJ1	True
seq.6315.58	Phospholipase B-like 1	Q6P4A8	Q6P4A8	True
seq.6321.65	Protocadherin gamma-A10	Q9Y5H3	Q9Y5H3	True
seq.6324.11	Deoxyribonuclease-1-like 2	Q92874	Q92874	True
seq.6326.20	Bone morphogenetic protein 4	P12644	P12644	True
seq.6334.9	Inactive gamma-glutamyltranspeptidase 2	P36268	P36268	True
seq.6342.10	Nephronectin	Q6UXI9	Q6UXI9	True
seq.6350.43	Apolipoprotein C-II	P02655	P02655	True
seq.6351.55	B-cell antigen receptor complex-associated protein beta chain	P40259	P40259	True
seq.6352.8	Insulin receptor-related protein	P14616	P14616	True
seq.6354.13	Hephaestin-like protein 1	Q6MZM0	Q6MZM0	True
seq.6356.3	Carboxypeptidase B	P15086	P15086	True
seq.6357.83	Chymotrypsin-like elastase family member 3B	P08861	P08861	True
seq.6359.50	Protein O-linked-mannose beta-1,4-N-acetylglucosaminyltransferase 2	Q8NAT1	Q8NAT1	True
seq.6360.7	Beta-defensin 128	Q7Z7B8	Q7Z7B8	True
seq.6361.49	Receptor-type tyrosine-protein phosphatase R	Q15256	Q15256	True
seq.6362.6	Augurin	Q9H1Z8	Q9H1Z8	True
seq.6364.7	Tapasin-related protein	Q9BX59	Q9BX59	True
seq.6366.38	Thioredoxin domain-containing protein 15	Q96J42	Q96J42	True
seq.6367.66	fibromodulin	Q06828	Q06828	True
seq.6368.9	Cystatin-like 1	Q9H114	Q9H114	True
seq.6369.82	Deformed epidermal autoregulatory factor 1 homolog	O75398	O75398	True
seq.6371.50	Angiopoietin-related protein 7	O43827	O43827	True
seq.6372.7	Y-box-binding protein 2	Q9Y2T7	Q9Y2T7	True
seq.6373.54	Protein delta homolog 1	P80370	P80370	True
seq.6374.7	Matrix metalloproteinase-20	O60882	O60882	True
seq.6375.75	Xyloside xylosyltransferase 1	Q8NBI6	Q8NBI6	True
seq.6377.54	Lysozyme-like protein 2	Q7Z4W2	Q7Z4W2	True
seq.6378.2	Protein CEI	Q86SI9	Q86SI9	True
seq.6379.62	ADAMTS-like protein 2	Q86TH1	Q86TH1	True
seq.6380.23	Peptidyl-tRNA hydrolase ICT1, mitochondrial	Q14197	Q14197	True
seq.6382.17	Beta-mannosidase	O00462	O00462	True
seq.6383.90	Tolloid-like protein 1	O43897	O43897	True
seq.6384.19	WAP four-disulfide core domain protein 3	Q8IUB2	Q8IUB2	True
seq.6385.63	von Willebrand factor A domain-containing protein 1	Q6PCB0	Q6PCB0	True
seq.6387.61	Defensin-5	Q01523	Q01523	True
seq.6388.21	Coiled-coil domain-containing protein 126	Q96EE4	Q96EE4	True
seq.6390.18	Neuropeptide S	P0C0P6	P0C0P6	True
seq.6391.52	Leukocyte immunoglobulin-like receptor subfamily A member 3	Q8N6C8	Q8N6C8	True
seq.6392.7	WNT1-inducible-signaling pathway protein 2	O76076	O76076	True
seq.6393.63	Endoplasmin	P14625	P14625	True
seq.6395.58	Glycoprotein hormone alpha-2	Q96T91	Q96T91	True
seq.6398.12	Lon protease homolog, mitochondrial	P36776	P36776	True
seq.6399.52	Beta-defensin 107	Q8IZN7	Q8IZN7	True
seq.6400.33	Tumor protein p53-inducible protein 13	Q8NBR0	Q8NBR0	True
seq.6402.8	Paired immunoglobulin-like type 2 receptor alpha isoform FDF03-deltaTM	Q9UKJ1	Q9UKJ1	True
seq.6404.20	C1q-related factor	O75973	O75973	True
seq.6405.74	Pregnancy-specific beta-1-glycoprotein 2	P11465	P11465	True
seq.6406.3	Normal mucosa of esophagus-specific gene 1 protein	Q9C002	Q9C002	True
seq.6407.63	Ladinin-1	O00515	O00515	True
seq.6408.2	Inhibin beta C chain	P55103	P55103	True
seq.6409.57	Adhesion G protein-coupled receptor F5	Q8IZF2	Q8IZF2	True
seq.6410.26	Early placenta insulin-like peptide	Q14641	Q14641	True
seq.6411.58	Beta-defensin 135	Q30KP9	Q30KP9	True
seq.6413.79	Lipase member K	Q5VXJ0	Q5VXJ0	True
seq.6414.8	Out at first protein homolog	Q86UD1	Q86UD1	True
seq.6415.90	Carboxypeptidase N subunit 2	P22792	P22792	True
seq.6416.8	Gastrokine-2	Q86XP6	Q86XP6	True
seq.6420.4	Succinate dehydrogenase assembly factor 2, mitochondrial	Q9NX18	Q9NX18	True
seq.6421.52	Interferon alpha-16	P05015	P05015	True
seq.6423.66	Complement C1q-like protein 2	Q7Z5L3	Q7Z5L3	True
seq.6424.2	Probable inactive ribonuclease-like protein 13	Q5GAN3	Q5GAN3	True
seq.6425.87	Matrix metalloproteinase-19	Q99542	Q99542	True
seq.6430.36	Protein FAM19A2	Q8N3H0	Q8N3H0	True
seq.6431.68	Prenylcysteine oxidase 1	Q9UHG3	Q9UHG3	True
seq.6433.57	Pseudokinase FAM20A	Q96MK3	Q96MK3	True
seq.6434.18	Retina-specific copper amine oxidase	O75106	O75106	True
seq.6439.59	Uncharacterized protein C14orf93	Q9H972	Q9H972	True
seq.6440.31	Microfibrillar-associated protein 5	Q13361	Q13361	True
seq.6441.62	A disintegrin and metalloproteinase with thrombospondin motifs 6	Q9UKP5	Q9UKP5	True
seq.6442.6	B melanoma antigen 3	Q86Y29	Q86Y29	True
seq.6444.15	Pregnancy-specific beta-1-glycoprotein 3	Q16557	Q16557	True
seq.6447.73	Pentraxin-related protein PTX3	P26022	P26022	True
seq.6448.36	Semaphorin-3C	Q99985	Q99985	True
seq.6450.8	Gastrotropin	P51161	P51161	True
seq.6451.64	Asporin	Q9BXN1	Q9BXN1	True
seq.6453.70	Leukocyte immunoglobulin-like receptor subfamily B member 4	Q8NHJ6	Q8NHJ6	True
seq.6454.38	Rho GDP-dissociation inhibitor 1	P52565	P52565	True
seq.6455.52	Hyaluronan and proteoglycan link protein 4	Q86UW8	Q86UW8	True
seq.6456.17	Pregnancy-specific beta-1-glycoprotein 6	Q00889	Q00889	True
seq.6457.50	Protocadherin gamma-A1	Q9Y5H4	Q9Y5H4	True
seq.6458.6	Dolichyl-diphosphooligosaccharide--protein glycosyltransferase subunit 1:Lumenal domain	P04843	P04843	True
seq.6461.54	Apolipoprotein C-III	P02656	P02656	True
seq.6462.12	Metalloproteinase inhibitor 4	Q99727	Q99727	True
seq.6463.59	Orexigenic neuropeptide QRFP	P83859	P83859	True
seq.6464.40	Transmembrane protein PVRIG	Q6DKI7	Q6DKI7	True
seq.6467.65	Protein O-glucosyltransferase 1	Q8NBL1	Q8NBL1	True
seq.6468.37	Tachykinin-4	Q86UU9	Q86UU9	True
seq.6469.62	Lymphocyte antigen 6 complex locus protein G6d	O95868	O95868	True
seq.6470.19	Fibulin-1	P23142	P23142	True
seq.6471.53	Complement factor H-related protein 4	Q92496	Q92496	True
seq.6472.40	Melanocyte protein PMEL	P40967	P40967	True
seq.6473.55	BPI fold-containing family A member 1	Q9NP55	Q9NP55	True
seq.6478.2	IgLON family member 5	A6NGN9	A6NGN9	True
seq.6480.1	Soluble calcium-activated nucleotidase 1	Q8WVQ1	Q8WVQ1	True
seq.6485.59	Immunoglobulin lambda-like polypeptide 1	P15814	P15814	True
seq.6491.59	Kallikrein-15	Q9H2R5	Q9H2R5	True
seq.6493.9	Carboxypeptidase Z	Q66K79	Q66K79	True
seq.6494.60	Sperm acrosome-associated protein 5	Q96QH8	Q96QH8	True
seq.6495.14	Endothelin-1	P05305	P05305	True
seq.6496.60	Protein delta homolog 1:Extracellular domain	P80370	P80370	True
seq.6497.10	Retinoschisin	O15537	O15537	True
seq.6502.50	Cysteine-rich motor neuron 1 protein:Extracellular domain	Q9NZV1	Q9NZV1	True
seq.6504.65	Lysyl oxidase homolog 2	Q9Y4K0	Q9Y4K0	True
seq.6506.54	Transmembrane emp24 domain-containing protein 10	P49755	P49755	True
seq.6507.16	Neural cell adhesion molecule 2	O15394	O15394	True
seq.6508.68	Secretoglobin family 1D member 2	O95969	O95969	True
seq.6510.56	E3 ubiquitin-protein ligase RNF128:region 1	Q8TEB7	Q8TEB7	True
seq.6511.17	Protein FAM19A4	Q96LR4	Q96LR4	True
seq.6512.68	Kremen protein 1	Q96MU8	Q96MU8	True
seq.6517.14	Growth/differentiation factor 10	P55107	P55107	True
seq.6518.85	Appetite-regulating hormone	Q9UBU3	Q9UBU3	True
seq.6520.87	Matrix Gla protein	P08493	P08493	True
seq.6521.35	Neuronal pentraxin-2	P47972	P47972	True
seq.6525.17	Dual specificity protein phosphatase 13 isoform A	Q6B8I1	Q6B8I1	True
seq.6526.77	Odorant-binding protein 2a	Q9NY56	Q9NY56	True
seq.6527.1	TLR4 interactor with leucine rich repeats:Extracellular domain	Q7L0X0	Q7L0X0	True
seq.6528.95	Exostosin-like 2	Q9UBQ6	Q9UBQ6	True
seq.6530.63	Opiorphin prepropeptide	Q99935	Q99935	True
seq.6531.29	Protein FAM162A	Q96A26	Q96A26	True
seq.6533.20	Deoxyribonuclease-2-beta	Q8WZ79	Q8WZ79	True
seq.6536.54	Putative phospholipase B-like 2	Q8NHP8	Q8NHP8	True
seq.6538.90	Uncharacterized protein KIAA2013	Q8IYS2	Q8IYS2	True
seq.6543.182	Prolactin-releasing peptide	P81277	P81277	True
seq.6544.33	Protein kinase C-binding protein NELL1	Q92832	Q92832	True
seq.6545.58	Major prion protein	P04156	P04156	True
seq.6546.41	Dickkopf-related protein 2	Q9UBU2	Q9UBU2	True
seq.6547.83	Transmembrane protease serine 11D	O60235	O60235	True
seq.6549.60	V-set and transmembrane domain-containing protein 2-like protein	Q96N03	Q96N03	True
seq.6550.4	Intercellular adhesion molecule 4	Q14773	Q14773	True
seq.6551.94	Serpin A12	Q8IW75	Q8IW75	True
seq.6553.68	Cilia- and flagella-associated protein 45	Q9UL16	Q9UL16	True
seq.6555.58	Stomatin-like protein 2, mitochondrial	Q9UJZ1	Q9UJZ1	True
seq.6556.5	Ectonucleotide pyrophosphatase/phosphodiesterase family member 5	Q9UJA9	Q9UJA9	True
seq.6557.50	Leucine-rich repeat-containing protein 15	Q8TF66	Q8TF66	True
seq.6558.5	Collectin-10	Q9Y6Z7	Q9Y6Z7	True
seq.6561.77	Ig Kappa chain V-I region HK102- like	P01602	P01602	True
seq.6563.78	Internal Use Only: Heat shock 70 kDa protein 1A	P0DMV8	P0DMV8	True
seq.6565.68	CUB domain-containing protein 1	Q9H5V8	Q9H5V8	True
seq.6568.18	HEPACAM family member 2:Isoform 2, Extracellular domain	A8MVW5	A8MVW5	True
seq.6570.1	Collagen alpha-1(XIII) chain	Q5TAT6	Q5TAT6	True
seq.6571.75	Uncharacterized protein C17orf78:N-term	Q8N4C9	Q8N4C9	True
seq.6572.10	Leucine-rich repeat transmembrane neuronal protein 4:Isoform 2, Extracellular domain	Q86VH4	Q86VH4	True
seq.6574.11	Fas apoptotic inhibitory molecule 3	O60667	O60667	True
seq.6575.79	ADAMTS-like protein 1	Q8N6G6	Q8N6G6	True
seq.6576.1	Ecto-ADP-ribosyltransferase 4	Q93070	Q93070	True
seq.6577.64	Laminin subunit alpha-4	Q16363	Q16363	True
seq.6578.29	Tenomodulin	Q9H2S6	Q9H2S6	True
seq.6580.29	Pregnancy zone protein	P20742	P20742	True
seq.6583.67	Protein Z-dependent protease inhibitor	Q9UK55	Q9UK55	True
seq.6584.1	Sarcoplasmic reticulum histidine-rich calcium-binding protein	P23327	P23327	True
seq.6586.19	Disintegrin and metalloproteinase domain-containing protein 11	O75078	O75078	True
seq.6587.6	Leucine-rich repeat and fibronectin type-III domain-containing protein 5	Q96NI6	Q96NI6	True
seq.6590.54	Neuropilin-2	O60462	O60462	True
seq.6593.5	Polypeptide N-acetylgalactosaminyltransferase 3	Q14435	Q14435	True
seq.6594.64	SAYSvFN domain-containing protein 1	Q9NPB0	Q9NPB0	True
seq.6597.24	Membrane protein FAM174A	Q8TBP5	Q8TBP5	True
seq.6599.5	Protein APCDD1	Q8J025	Q8J025	True
seq.6600.70	RELT-like protein 2	Q8NC24	Q8NC24	True
seq.6603.18	Anosmin-1	P23352	P23352	True
seq.6604.59	Protein NDNF	Q8TB73	Q8TB73	True
seq.6605.17	Insulin-like growth factor-binding protein complex acid labile subunit	P35858	P35858	True
seq.6606.61	Metastasis-suppressor KiSS-1	Q15726	Q15726	True
seq.6609.22	2',3'-cyclic-nucleotide 3'-phosphodiesterase	P09543	P09543	True
seq.6611.8	KDEL motif-containing protein 1	Q6UW63	Q6UW63	True
seq.6612.90	BRICHOS domain-containing protein 5	Q6PL45	Q6PL45	True
seq.6617.12	Fc receptor-like protein 6	Q6DN72	Q6DN72	True
seq.6620.82	Leucine-rich repeat and immunoglobulin-like domain-containing nogo receptor-interacting protein 1	Q96FE5	Q96FE5	True
seq.6621.10	Prorelaxin H2	P04090	P04090	True
seq.6622.90	Apelin	Q9ULZ1	Q9ULZ1	True
seq.6624.94	Protein Wnt-11	O96014	O96014	True
seq.6625.31	ATPase family AAA domain-containing protein 1	Q8NBU5	Q8NBU5	True
seq.6626.81	Carbohydrate sulfotransferase 12	Q9NRB3	Q9NRB3	True
seq.6627.25	Inactive pancreatic lipase-related protein 1	P54315	P54315	True
seq.6629.3	Beta-defensin 1	P60022	P60022	True
seq.6631.17	Collagen alpha-1(IX) chain	P20849	P20849	True
seq.6633.43	Uroplakin-3b-like protein	B0FP48	B0FP48	True
seq.6641.60	PolyUbiquitin K48-linked	P0CG47	P0CG47	True
seq.6645.53	Periostin	Q15063	Q15063	True
seq.6647.55	PolyUbiquitin K63-linked	P0CG48	P0CG48	True
seq.6649.51	Netrin-1	O95631	O95631	True
seq.6651.74	PolyUbiquitin K48-linked	P0CG47	P0CG47	True
seq.6653.58	Leukocyte surface antigen CD47	Q08722	Q08722	True
seq.6706.18	Alkaline phosphatase, placental-like	P10696	P10696	True
seq.6713.4	Low-density lipoprotein receptor-related protein 11	Q86VZ4	Q86VZ4	True
seq.6715.63	Alkaline phosphatase, placental-like	P10696	P10696	True
seq.6895.1	Transferrin receptor protein 1:Cytoplasmic domain	P02786	P02786	True
seq.6896.3	Transmembrane protein C1orf162	Q8NEQ5	Q8NEQ5	True
seq.6897.38	Galactosylgalactosylxylosylprotein 3-beta-glucuronosyltransferase 3	O94766	O94766	True
seq.6899.37	Pterin-4-alpha-carbinolamine dehydratase 2	Q9H0N5	Q9H0N5	True
seq.6900.30	Ubiquitin-conjugating enzyme E2 J1	Q9Y385	Q9Y385	True
seq.6904.14	Leucine-rich repeat transmembrane neuronal protein 2	O43300	O43300	True
seq.6907.17	Transmembrane and coiled-coil domain-containing protein 5A	Q8N6Q1	Q8N6Q1	True
seq.6909.40	Alpha-1,6-mannosyl-glycoprotein 2-beta-N-acetylglucosaminyltransferase	Q10469	Q10469	True
seq.6911.103	C-type lectin domain family 6 member A	Q6EIG7	Q6EIG7	True
seq.6912.6	Calcium uptake protein 3, mitochondrial	Q86XE3	Q86XE3	True
seq.6913.189	High mobility group protein B2	P26583	P26583	True
seq.6914.15	Amphoterin-induced protein 2	Q86SJ2	Q86SJ2	True
seq.6915.2	CD164 sialomucin-like 2 protein	Q6UWJ8	Q6UWJ8	True
seq.6917.49	Leucine-rich repeat-containing protein 3	Q9BY71	Q9BY71	True
seq.6918.183	Cholecystokinin	P06307	P06307	True
seq.6919.3	Hemoglobin subunit zeta	P02008	P02008	True
seq.6920.1	GDNF family receptor alpha-like	Q6UXV0	Q6UXV0	True
seq.6921.24	Beta-1,4-galactosyltransferase 3	O60512	O60512	True
seq.6923.1	Procollagen-lysine,2-oxoglutarate 5-dioxygenase 2	O00469	O00469	True
seq.6925.26	Sorting nexin-8	Q9Y5X2	Q9Y5X2	True
seq.6927.7	Bifunctional heparan sulfate N-deacetylase/N-sulfotransferase 1	P52848	P52848	True
seq.6929.10	Sia-alpha-2,3-Gal-beta-1,4-GlcNAc-R:alpha 2,8-sialyltransferase	O43173	O43173	True
seq.6930.95	Alpha-2,8-sialyltransferase 8F	P61647	P61647	True
seq.6931.10	Cancer/testis antigen 1	P78358	P78358	True
seq.6932.42	Integrin alpha-5	P08648	P08648	True
seq.6933.20	39S ribosomal protein L34, mitochondrial	Q9BQ48	Q9BQ48	True
seq.6935.123	BMP and activin membrane-bound inhibitor homolog:Cytoplasmic domain	Q13145	Q13145	True
seq.6936.7	Protein TMEPAI	Q969W9	Q969W9	True
seq.6937.251	Uncharacterized protein C1orf43	Q9BWL3	Q9BWL3	True
seq.6938.21	Protocadherin gamma-A12	O60330	O60330	True
seq.6940.18	Junctophilin-1	Q9HDC5	Q9HDC5	True
seq.6941.11	Sulfatase-modifying factor 1	Q8NBK3	Q8NBK3	True
seq.6947.4	Type 2 lactosamine alpha-2,3-sialyltransferase	Q9Y274	Q9Y274	True
seq.6948.82	Polyphosphoinositide phosphatase	Q92562	Q92562	True
seq.6951.26	Acid-sensing ion channel 4	Q96FT7	Q96FT7	True
seq.6955.68	Sorting nexin-1	Q13596	Q13596	True
seq.6957.14	Pancreatic lipase-related protein 2	P54317	P54317	True
seq.6961.14	Insulin growth factor-like family member 3	Q6UXB1	Q6UXB1	True
seq.6962.5	HLA class II histocompatibility antigen, DR beta 3 chain	P79483	P79483	True
seq.6963.82	P-selectin glycoprotein ligand 1:Cytoplasmic domain	Q14242	Q14242	True
seq.6965.19	Contactin-associated protein-like 2	Q9UHC6	Q9UHC6	True
seq.6966.144	Syntaxin-1B	P61266	P61266	True
seq.6969.14	WAP four-disulfide core domain protein 5	Q8TCV5	Q8TCV5	True
seq.6973.111	Insulin-like growth factor II:Isoform 3, Pro-form	P01344	P01344	True
seq.6974.6	HLA class II histocompatibility antigen gamma chain	P04233	P04233	True
seq.6975.52	SNARE-associated protein Snapin	O95295	O95295	True
seq.6984.6	Immunoglobulin superfamily member 8	Q969P0	Q969P0	True
seq.6986.17	Heparan sulfate glucosamine 3-O-sulfotransferase 3B1	Q9Y662	Q9Y662	True
seq.6990.44	Stromal cell-derived factor 2-like protein 1	Q9HCN8	Q9HCN8	True
seq.6991.24	Alpha-(1,3)-fucosyltransferase 9	Q9Y231	Q9Y231	True
seq.6992.67	Hemoglobin subunit delta	P02042	P02042	True
seq.6993.8	5'-Nucleotidase	P21589	P21589	True
seq.6994.19	Uncharacterized protein C3orf18	Q9UK00	Q9UK00	True
seq.6997.32	Ras-related protein Rab-26	Q9ULW5	Q9ULW5	True
seq.6998.106	Aspartyl/asparaginyl beta-hydroxylase	Q12797	Q12797	True
seq.7002.1	Matrix-remodeling-associated protein 8:Cytoplasmic domain	Q9BRK3	Q9BRK3	True
seq.7003.4	Polypeptide N-acetylgalactosaminyltransferase 10	Q86SR1	Q86SR1	True
seq.7006.4	Collagen alpha-1(XXV) chain	Q9BXS0	Q9BXS0	True
seq.7007.24	Trafficking protein particle complex subunit 4	Q9Y296	Q9Y296	True
seq.7008.13	Protein eva-1 homolog C:Cytoplasmic domain	P58658	P58658	True
seq.7009.6	B-cell differentiation antigen CD72	P21854	P21854	True
seq.7009.8	B-cell differentiation antigen CD72	P21854	P21854	True
seq.7011.8	Kv channel-interacting protein 4	Q6PIL6	Q6PIL6	True
seq.7012.35	Vascular non-inflammatory molecule 2	O95498	O95498	True
seq.7015.8	Leukocyte immunoglobulin-like receptor subfamily B member 5	O75023	O75023	True
seq.7016.12	Beta-1,3-galactosyl-O-glycosyl-glycoprotein beta-1,6-N-acetylglucosaminyltransferase	Q02742	Q02742	True
seq.7018.10	Ribosome biogenesis protein TSR3 homolog	Q9UJK0	Q9UJK0	True
seq.7019.13	Semaphorin-7A	O75326	O75326	True
seq.7020.13	Carbohydrate sulfotransferase 5	Q9GZS9	Q9GZS9	True
seq.7038.45	CMP-N-acetylneuraminate-poly-alpha-2,8-sialyltransferase	Q92187	Q92187	True
seq.7045.4	BCL2/adenovirus E1B 19 kDa protein-interacting protein 3	Q12983	Q12983	True
seq.7046.6	Uncharacterized protein C20orf173	Q96LM9	Q96LM9	True
seq.7048.4	Carcinoembryonic antigen-related cell adhesion molecule 19	Q7Z692	Q7Z692	True
seq.7049.2	Disintegrin and metalloproteinase domain-containing protein 23	O75077	O75077	True
seq.7050.5	Neuronal growth regulator 1	Q7Z3B1	Q7Z3B1	True
seq.7054.87	C-type lectin domain family 2 member D	Q9UHP7	Q9UHP7	True
seq.7056.16	4F2 cell-surface antigen heavy chain:Extracellular domain	P08195	P08195	True
seq.7059.14	Leukocyte immunoglobulin-like receptor subfamily A member 6	Q6PI73	Q6PI73	True
seq.7060.2	ERO1-like protein alpha	Q96HE7	Q96HE7	True
seq.7064.2	Vesicle-associated membrane protein 8	Q9BV40	Q9BV40	True
seq.7065.1	Protein G6b:Isoform A, Extracellular domain	O95866	O95866	True
seq.7066.199	Protein FAM209B	Q5JX69	Q5JX69	True
seq.7069.9	t-SNARE domain-containing protein 1	Q96NA8	Q96NA8	True
seq.7070.25	Kell blood group glycoprotein	P23276	P23276	True
seq.7071.23	Endoplasmic reticulum mannosyl-oligosaccharide 1,2-alpha-mannosidase	Q9UKM7	Q9UKM7	True
seq.7073.69	Uncharacterized protein C22orf15	Q8WYQ4	Q8WYQ4	True
seq.7076.17	Endothelin-converting enzyme-like 1	O95672	O95672	True
seq.7081.2	Butyrophilin subfamily 3 member A1	O00481	O00481	True
seq.7082.2	UDP-GlcNAc:betaGal beta-1,3-N-acetylglucosaminyltransferase 6	Q6ZMB0	Q6ZMB0	True
seq.7083.74	Matrilin-4	O95460	O95460	True
seq.7084.1	Draxin	Q8NBI3	Q8NBI3	True
seq.7085.81	Corneodesmosin	Q15517	Q15517	True
seq.7089.42	Synaptotagmin-11	Q9BT88	Q9BT88	True
seq.7090.17	Polypeptide N-acetylgalactosaminyltransferase 1	Q10472	Q10472	True
seq.7092.7	Protein disulfide-isomerase-like protein of the testis	Q8N807	Q8N807	True
seq.7096.30	Regulator of microtubule dynamics protein 1	Q96DB5	Q96DB5	True
seq.7097.8	Testis-specific chromodomain protein Y 1	Q9Y6F8	Q9Y6F8	True
seq.7099.33	Follistatin-related protein 5	Q8N475	Q8N475	True
seq.7100.31	T-cell surface antigen CD2	P06729	P06729	True
seq.7104.71	Calcium-binding protein 7	Q86V35	Q86V35	True
seq.7105.7	CDK5 and ABL1 enzyme substrate 2	Q9BTV7	Q9BTV7	True
seq.7106.37	Oocyte-secreted protein 2	Q86WS3	Q86WS3	True
seq.7108.7	Small integral membrane protein 24	O75264	O75264	True
seq.7110.2	DnaJ homolog subfamily B member 11	Q9UBS4	Q9UBS4	True
seq.7113.1	GrpE protein homolog 1, mitochondrial	Q9HAV7	Q9HAV7	True
seq.7115.5	Semenogelin-1	P04279	P04279	True
seq.7116.31	Osteoclast-associated immunoglobulin-like receptor	Q8IYS5	Q8IYS5	True
seq.7117.21	Serpin I2	O75830	O75830	True
seq.7118.24	Immunoglobulin superfamily DCC subclass member 3:Extracellular domain	Q8IVU1	Q8IVU1	True
seq.7121.2	Synaptotagmin-7	O43581	O43581	True
seq.7122.31	Leucine-rich repeat-containing G-protein coupled receptor 5	O75473	O75473	True
seq.7123.25	39S ribosomal protein L52, mitochondrial	Q86TS9	Q86TS9	True
seq.7124.18	Interleukin-21	Q9HBE4	Q9HBE4	True
seq.7127.3	Apolipoprotein A-II	P02652	P02652	True
seq.7128.9	von Willebrand factor A domain-containing protein 2	Q5GFL6	Q5GFL6	True
seq.7130.4	Leukocyte-associated immunoglobulin-like receptor 2	Q6ISS4	Q6ISS4	True
seq.7131.207	Internal Use Only: Tenascin	P24821	P24821	True
seq.7131.8	Cholesteryl ester transfer protein	P11597	P11597	True
seq.7132.55	Complement C1q-like protein 4	Q86Z23	Q86Z23	True
seq.7134.14	Bcl-2-like protein 2	Q92843	Q92843	True
seq.7136.107	Hemoglobin subunit epsilon	P02100	P02100	True
seq.7137.8	Mitochondrial peptide methionine sulfoxide reductase	Q9UJ68	Q9UJ68	True
seq.7139.14	SLIT and NTRK-like protein 4	Q8IW52	Q8IW52	True
seq.7140.1	Chymotrypsin-like elastase family member 2A	P08217	P08217	True
seq.7141.21	Alpha-1,3-mannosyl-glycoprotein 4-beta-N-acetylglucosaminyltransferase B	Q9UQ53	Q9UQ53	True
seq.7142.5	Carboxypeptidase N catalytic chain	P15169	P15169	True
seq.7144.234	Kazal-type serine protease inhibitor domain-containing protein 1	Q96I82	Q96I82	True
seq.7145.1	Inter-alpha-trypsin inhibitor heavy chain H3	Q06033	Q06033	True
seq.7146.16	Protein disulfide-isomerase A4	P13667	P13667	True
seq.7146.5	Protein disulfide-isomerase A4	P13667	P13667	True
seq.7147.35	WAP four-disulfide core domain protein 8	Q8IUA0	Q8IUA0	True
seq.7148.42	Protein FAM173A	Q9BQD7	Q9BQD7	True
seq.7152.5	Hepatitis A virus cellular receptor 2	Q8TDQ0	Q8TDQ0	True
seq.7153.66	Neugrin	Q9NPE2	Q9NPE2	True
seq.7154.92	Protein LEG1 homolog	Q6P5S2	Q6P5S2	True
seq.7155.46	C4b-binding protein beta chain	P20851	P20851	True
seq.7156.2	Alpha-(1,3)-fucosyltransferase 10	Q6P4F1	Q6P4F1	True
seq.7157.22	Protocadherin alpha-4	Q9UN74	Q9UN74	True
seq.7161.25	GDH/6PGL endoplasmic bifunctional protein	O95479	O95479	True
seq.7163.26	Extracellular glycoprotein lacritin	Q9GZZ8	Q9GZZ8	True
seq.7167.102	Vesicle-associated membrane protein-associated protein A	Q9P0L0	Q9P0L0	True
seq.7173.141	Transmembrane protein 132C:Extracellular domain	Q8N3T6	Q8N3T6	True
seq.7174.15	ADP-ribosyl cyclase/cyclic ADP-ribose hydrolase 1	P28907	P28907	True
seq.7175.4	Protocadherin gamma-A2	Q9Y5H1	Q9Y5H1	True
seq.7178.59	Protein DEPP	Q9NTK1	Q9NTK1	True
seq.7179.69	Neurofascin	O94856	O94856	True
seq.7180.114	Interferon alpha-14	P01570	P01570	True
seq.7181.17	Vesicle-associated membrane protein-associated protein B/C	O95292	O95292	True
seq.7182.1	Liver carboxylesterase 1	P23141	P23141	True
seq.7183.102	Angiopoietin-like protein 8	Q6UXH0	Q6UXH0	True
seq.7184.13	Carcinoembryonic antigen-related cell adhesion molecule 7	Q14002	Q14002	True
seq.7185.29	Platelet glycoprotein V	P40197	P40197	True
seq.7186.111	Syntaxin-3	Q13277	Q13277	True
seq.7187.3	Protein phosphatase 1L	Q5SGD2	Q5SGD2	True
seq.7189.55	Carbohydrate sulfotransferase 3	Q7LGC8	Q7LGC8	True
seq.7190.50	Ephrin type-A receptor 4	P54764	P54764	True
seq.7191.32	Sarcolemmal membrane-associated protein	Q14BN4	Q14BN4	True
seq.7192.37	Interferon lambda receptor 1	Q8IU57	Q8IU57	True
seq.7193.98	Protocadherin alpha-C1	Q9H158	Q9H158	True
seq.7194.36	Neuroplastin	Q9Y639	Q9Y639	True
seq.7195.119	Ephrin type-A receptor 7	Q15375	Q15375	True
seq.7196.21	Interferon omega-1	P05000	P05000	True
seq.7197.2	DnaJ homolog subfamily C member 15	Q9Y5T4	Q9Y5T4	True
seq.7198.197	Glycosaminoglycan xylosylkinase	O75063	O75063	True
seq.7199.3	Synapsin-3	O14994	O14994	True
seq.7200.4	Leucine-rich repeat and fibronectin type-III domain-containing protein 2	Q9ULH4	Q9ULH4	True
seq.7201.5	Iron-sulfur cluster assembly enzyme ISCU, mitochondrial	Q9H1K1	Q9H1K1	True
seq.7202.107	Semaphorin-6C	Q9H3T2	Q9H3T2	True
seq.7203.125	Beta-1,3-N-acetylglucosaminyltransferase radical fringe	Q9Y644	Q9Y644	True
seq.7204.1	Carcinoembryonic antigen-related cell adhesion molecule 21	Q3KPI0	Q3KPI0	True
seq.7206.20	Fructose-1,6-bisphosphatase 1	P09467	P09467	True
seq.7207.4	Protein Red	Q13123	Q13123	True
seq.7208.60	Alpha-1,3-mannosyl-glycoprotein 4-beta-N-acetylglucosaminyltransferase C	Q9UBM8	Q9UBM8	True
seq.7210.25	Amyloid-like protein 1	P51693	P51693	True
seq.7211.2	Ribonuclease pancreatic	P07998	P07998	True
seq.7215.18	NADH-cytochrome b5 reductase 3	P00387	P00387	True
seq.7218.87	Sodium/potassium-transporting ATPase subunit beta-2	P14415	P14415	True
seq.7219.152	Internal Use Only: Heat shock 70 kDa protein 1A	P0DMV8	P0DMV8	True
seq.7221.56	Cytoskeleton-associated protein 4	Q07065	Q07065	True
seq.7223.60	Protein S100-A13	Q99584	Q99584	True
seq.7224.11	T-cell receptor-associated transmembrane adapter 1	Q6PIZ9	Q6PIZ9	True
seq.7225.51	Membrane magnesium transporter 1	Q8N4V1	Q8N4V1	True
seq.7227.75	Cochlin	O43405	O43405	True
seq.7228.2	Alpha-N-acetylgalactosaminide alpha-2,6-sialyltransferase 6	Q969X2	Q969X2	True
seq.7231.37	Transmembrane protease serine 11A	Q6ZMR5	Q6ZMR5	True
seq.7233.73	P2X purinoceptor 6	O15547	O15547	True
seq.7239.9	Glutathione S-transferase Mu 1	P09488	P09488	True
seq.7240.2	Membrane-bound transcription factor site-1 protease	Q14703	Q14703	True
seq.7241.12	T-cell surface glycoprotein CD3 zeta chain	P20963	P20963	True
seq.7242.14	V-set and transmembrane domain-containing protein 4	Q8IW00	Q8IW00	True
seq.7243.8	Interferon beta	P01574	P01574	True
seq.7244.16	IGF-like family receptor 1	Q9H665	Q9H665	True
seq.7245.2	CUGBP Elav-like family member 2	O95319	O95319	True
seq.7246.4	FRAS1-related extracellular matrix protein 2	Q5SZK8	Q5SZK8	True
seq.7247.1	RAB6-interacting golgin	Q5T7V8	Q5T7V8	True
seq.7249.307	Bcl-2-like protein 10	Q9HD36	Q9HD36	True
seq.7249.37	Bcl-2-like protein 10	Q9HD36	Q9HD36	True
seq.7251.64	Complement C1q tumor necrosis factor-related protein 3	Q9BXJ4	Q9BXJ4	True
seq.7253.6	Protein quaking	Q96PU8	Q96PU8	True
seq.7257.18	Tuberoinfundibular peptide of 39 residues	Q96A98	Q96A98	True
seq.7258.5	Bone marrow proteoglycan	P13727	P13727	True
seq.7262.191	Carbohydrate sulfotransferase 14	Q8NCH0	Q8NCH0	True
seq.7265.32	Osteocrin	P61366	P61366	True
seq.7266.4	Serpin A9	Q86WD7	Q86WD7	True
seq.7267.2	Serine palmitoyltransferase 2	O15270	O15270	True
seq.7268.12	Interferon alpha-4	P05014	P05014	True
seq.7551.33	Leucine-rich repeat-containing protein 32	Q14392	Q14392	True
seq.7624.19	Ankyrin-2	Q01484	Q01484	True
seq.7625.27	14-3-3 protein theta	P27348	P27348	True
seq.7628.40	Cysteine-rich with EGF-like domain protein 1	Q96HD1	Q96HD1	True
seq.7638.30	Vesicular integral-membrane protein VIP36	Q12907	Q12907	True
seq.7648.9	Myosin-binding protein C, slow-type	Q00872	Q00872	True
seq.7655.11	N-terminal pro-BNP	P16860	P16860	True
seq.7660.21	Tropomyosin alpha-4 chain	P67936	P67936	True
seq.7693.13	Tumor necrosis factor receptor superfamily member 10B	O14763	O14763	True
seq.7695.106	Sequestosome-1	Q13501	Q13501	True
seq.7696.3	Next to BRCA1 gene 1 protein	Q14596	Q14596	True
seq.7713.102	Fragile X mental retardation protein 1	Q06787	Q06787	True
seq.7713.50	Fragile X mental retardation protein 1	Q06787	Q06787	True
seq.7717.95	Cystic fibrosis transmembrane conductance regulator	P13569	P13569	True
seq.7721.81	Fragile X mental retardation protein 1	Q06787	Q06787	True
seq.7732.45	Vesicle-associated membrane protein 4	O75379	O75379	True
seq.7735.17	Pigment epithelium-derived factor	P36955	P36955	True
seq.7736.28	Opalin	Q96PE5	Q96PE5	True
seq.7737.76	Integrin beta-6	P18564	P18564	True
seq.7738.299	Syntaxin-2	P32856	P32856	True
seq.7740.33	Fetal and adult testis-expressed transcript protein	Q969F0	Q969F0	True
seq.7741.111	RNA polymerase-associated protein RTF1 homolog	Q92541	Q92541	True
seq.7742.11	RING finger protein 148:region 1	Q8N7C7	Q8N7C7	True
seq.7743.5	Mitochondrial import inner membrane translocase subunit TIM50	Q3ZCQ8	Q3ZCQ8	True
seq.7744.10	Low-density lipoprotein receptor-related protein 12	Q9Y561	Q9Y561	True
seq.7745.3	CDGSH iron-sulfur domain-containing protein 1	Q9NZ45	Q9NZ45	True
seq.7747.47	NADH dehydrogenase [ubiquinone] 1 beta subcomplex subunit 11, mitochondrial	Q9NX14	Q9NX14	True
seq.7748.11	NADH dehydrogenase [ubiquinone] flavoprotein 2, mitochondrial	P19404	P19404	True
seq.7751.121	Secreted frizzled-related protein 2	Q96HF1	Q96HF1	True
seq.7752.31	C-type lectin domain family 4 member D	Q8WXI8	Q8WXI8	True
seq.7753.21	Oxidoreductase HTATIP2	Q9BUP3	Q9BUP3	True
seq.7754.11	Protein jagged-1:Cytoplasmic domain	P78504	P78504	True
seq.7755.37	Integrin beta-5	P18084	P18084	True
seq.7756.37	Killer cell lectin-like receptor subfamily F member 1	Q9NZS2	Q9NZS2	True
seq.7757.5	HLA class II histocompatibility antigen, DQ alpha 2 chain	P01906	P01906	True
seq.7758.217	RING finger protein 215:Extracellular domain	Q9Y6U7	Q9Y6U7	True
seq.7761.125	Choline/ethanolamine kinase	Q9Y259	Q9Y259	True
seq.7762.30	Stannin	O75324	O75324	True
seq.7763.25	Cadherin-11:Cytoplasmic domain	P55287	P55287	True
seq.7765.15	Integral membrane protein 2A	O43736	O43736	True
seq.7766.25	Zona pellucida sperm-binding protein 4	Q12836	Q12836	True
seq.7767.1	Colipase-like protein 2	Q6UWE3	Q6UWE3	True
seq.7768.10	Carboxypeptidase M	P14384	P14384	True
seq.7769.29	SH3 domain-binding protein 2	P78314	P78314	True
seq.7770.25	NFU1 iron-sulfur cluster scaffold homolog, mitochondrial	Q9UMS0	Q9UMS0	True
seq.7773.20	Killer cell immunoglobulin-like receptor 2DL2	P43627	P43627	True
seq.7775.15	Kallikrein-11	Q9UBX7	Q9UBX7	True
seq.7776.20	Netrin receptor UNC5B	Q8IZJ1	Q8IZJ1	True
seq.7778.104	Caspase recruitment domain-containing protein 19	Q96LW7	Q96LW7	True
seq.7779.86	Carbohydrate sulfotransferase 11	Q9NPF2	Q9NPF2	True
seq.7780.34	Marginal zone B- and B1-cell-specific protein	Q8WU39	Q8WU39	True
seq.7784.1	Kininogen-1	P01042	P01042	True
seq.7785.1	Ephrin-B3:Cytoplasmic domain	Q15768	Q15768	True
seq.7786.83	C-type lectin domain family 2 member B	Q92478	Q92478	True
seq.7787.25	Leukocyte immunoglobulin-like receptor subfamily A member 5	A6NI73	A6NI73	True
seq.7788.1	ATP synthase-coupling factor 6, mitochondrial	P18859	P18859	True
seq.7789.182	Peroxiredoxin-4	Q13162	Q13162	True
seq.7790.21	Leukemia inhibitory factor	P15018	P15018	True
seq.7792.58	Coiled-coil domain-containing protein 90B, mitochondrial	Q9GZT6	Q9GZT6	True
seq.7795.14	NKG2-E type II integral membrane protein:Isoform H, Cytoplasmic domain	Q07444	Q07444	True
seq.7796.10	B-cell antigen receptor complex-associated protein alpha chain	P11912	P11912	True
seq.7797.11	Coiled-coil domain-containing protein 167	Q9P0B6	Q9P0B6	True
seq.7799.3	Killer cell immunoglobulin-like receptor 2DL5A	Q8N109	Q8N109	True
seq.7803.4	Carbohydrate sulfotransferase 1	O43916	O43916	True
seq.7805.52	Golgi SNAP receptor complex member 1	O95249	O95249	True
seq.7806.33	Beta-1,4-galactosyltransferase 7	Q9UBV7	Q9UBV7	True
seq.7808.5	D-glucuronyl C5-epimerase	O94923	O94923	True
seq.7809.22	Spermatogenesis-associated protein 9	Q9BWV2	Q9BWV2	True
seq.7810.20	Complement C1q tumor necrosis factor-related protein 5	Q9BXJ0	Q9BXJ0	True
seq.7812.11	Protein S100-A9	P06702	P06702	True
seq.7813.6	Alkaline phosphatase, placental type	P05187	P05187	True
seq.7815.49	Insulin-like growth factor-binding protein-like 1	Q8WX77	Q8WX77	True
seq.7818.101	Guanylate-binding protein 6	Q6ZN66	Q6ZN66	True
seq.7821.6	Nuclear nucleic acid-binding protein C1D	Q13901	Q13901	True
seq.7822.11	HRAS-like suppressor 2	Q9NWW9	Q9NWW9	True
seq.7823.22	Alpha-N-acetylgalactosaminide alpha-2,6-sialyltransferase 2	Q9UJ37	Q9UJ37	True
seq.7824.88	Methionine-R-sulfoxide reductase B3	Q8IXL7	Q8IXL7	True
seq.7825.7	Monoacylglycerol lipase ABHD12	Q8N2K0	Q8N2K0	True
seq.7826.1	Serine/threonine-protein kinase DCLK3	Q9C098	Q9C098	True
seq.7827.20	Disintegrin and metalloproteinase domain-containing protein 32	Q8TC27	Q8TC27	True
seq.7831.39	Retinol-binding protein 4	P02753	P02753	True
seq.7832.181	Protein disulfide-isomerase A3	P30101	P30101	True
seq.7835.2	BCL2/adenovirus E1B 19 kDa protein-interacting protein 3-like	O60238	O60238	True
seq.7838.27	Submaxillary gland androgen-regulated protein 3A	Q99954	Q99954	True
seq.7839.99	Protein FAM19A3	Q7Z5A8	Q7Z5A8	True
seq.7840.64	Legumain	Q99538	Q99538	True
seq.7841.84	Endothelial cell-selective adhesion molecule	Q96AP7	Q96AP7	True
seq.7842.52	Small EDRK-rich factor 1	O75920	O75920	True
seq.7846.44	Pregnancy-specific beta-1-glycoprotein 11	Q9UQ72	Q9UQ72	True
seq.7849.3	Glutaminyl-peptide cyclotransferase	Q16769	Q16769	True
seq.7850.1	Cytochrome c oxidase subunit 4 isoform 2, mitochondrial	Q96KJ9	Q96KJ9	True
seq.7851.30	Ankyrin repeat domain-containing protein 46	Q86W74	Q86W74	True
seq.7852.9	Translation initiation factor IF-3, mitochondrial	Q9H2K0	Q9H2K0	True
seq.7853.19	Protein SCO1 homolog, mitochondrial	O75880	O75880	True
seq.7854.38	Natural cytotoxicity triggering receptor 3 ligand 1	Q68D85	Q68D85	True
seq.7856.51	Protein FAM151A	Q8WW52	Q8WW52	True
seq.7857.22	Neurotensin/neuromedin N	P30990	P30990	True
seq.7859.21	Protocadherin gamma-C3	Q9UN70	Q9UN70	True
seq.7860.9	Probable E3 ubiquitin-protein ligase HERC4	Q5GLZ8	Q5GLZ8	True
seq.7861.9	Tyrosine-protein kinase transmembrane receptor ROR2	Q01974	Q01974	True
seq.7863.50	Membrane-associated progesterone receptor component 1	O00264	O00264	True
seq.7864.3	Sialic acid-binding Ig-like lectin 8	Q9NYZ4	Q9NYZ4	True
seq.7865.126	HRAS-like suppressor 3	P53816	P53816	True
seq.7866.11	DnaJ homolog subfamily C member 30	Q96LL9	Q96LL9	True
seq.7867.154	Alpha-N-acetylgalactosaminide alpha-2,6-sialyltransferase 1	Q9NSC7	Q9NSC7	True
seq.7870.8	Beta-Ala-His dipeptidase	Q96KN2	Q96KN2	True
seq.7871.16	Transmembrane protein 132A	Q24JP5	Q24JP5	True
seq.7873.32	Testis-specific serine/threonine-protein kinase 2	Q96PF2	Q96PF2	True
seq.7875.86	Pleckstrin	P08567	P08567	True
seq.7878.2	Protein transport protein Sec61 subunit beta	P60468	P60468	True
seq.7879.12	Cytochrome P450 3A4	P08684	P08684	True
seq.7880.9	Proteasome subunit alpha type-1	P25786	P25786	True
seq.7881.244	Mono [ADP-ribose] polymerase PARP16	Q8N5Y8	Q8N5Y8	True
seq.7882.31	SLAM family member 7	Q9NQ25	Q9NQ25	True
seq.7884.15	Discoidin domain-containing receptor 2	Q16832	Q16832	True
seq.7885.17	Complement factor H-related protein 5	Q9BXR6	Q9BXR6	True
seq.7886.26	Serine palmitoyltransferase 1	O15269	O15269	True
seq.7887.57	Cytochrome c oxidase subunit 5B, mitochondrial	P10606	P10606	True
seq.7888.58	Cytochrome c oxidase assembly factor 3 homolog, mitochondrial	Q9Y2R0	Q9Y2R0	True
seq.7890.68	Inactive dipeptidyl peptidase 10	Q8N608	Q8N608	True
seq.7891.45	UDP-glucuronosyltransferase 1-6	P19224	P19224	True
seq.7892.132	Protein FAM234B:N-term	A2RU67	A2RU67	True
seq.7893.19	Oxidized low-density lipoprotein receptor 1	P78380	P78380	True
seq.7894.155	Fibroblast growth factor 3	P11487	P11487	True
seq.7895.108	Melanocortin-2 receptor accessory protein	Q8TCY5	Q8TCY5	True
seq.7897.75	Disks large homolog 3	Q92796	Q92796	True
seq.7898.29	Nuclear protein MDM1	Q8TC05	Q8TC05	True
seq.7903.18	Vesicle-associated membrane protein 3	Q15836	Q15836	True
seq.7905.30	Haptoglobin isoform 2	P00738	P00738	True
seq.7909.37	Sex hormone-binding globulin	P04278	P04278	True
seq.7910.41	Leucine-rich repeat and fibronectin type III domain-containing protein 1	Q9P244	Q9P244	True
seq.7911.29	Sodium channel subunit beta-4	Q8IWT1	Q8IWT1	True
seq.7915.31	Amyloid-like protein 2	Q06481	Q06481	True
seq.7916.10	Protein S100-A7	P31151	P31151	True
seq.7917.17	Carboxypeptidase D	O75976	O75976	True
seq.7918.114	Alpha-amylase 1	P04745	P04745	True
seq.7919.278	Protein FAM3D	Q96BQ1	Q96BQ1	True
seq.7920.30	Alpha-2,8-sialyltransferase 8B	Q92186	Q92186	True
seq.7921.65	Four-jointed box protein 1	Q86VR8	Q86VR8	True
seq.7922.5	Adrenomedullin	P35318	P35318	True
seq.7923.41	Semaphorin-4C	Q9C0C4	Q9C0C4	True
seq.7924.7	T-cell surface glycoprotein CD3 gamma chain	P09693	P09693	True
seq.7925.18	Single-pass membrane and coiled-coil domain-containing protein 2	A6NFE2	A6NFE2	True
seq.7926.13	Kunitz-type protease inhibitor 3	P49223	P49223	True
seq.7927.16	Alpha-N-acetylgalactosaminide alpha-2,6-sialyltransferase 5	Q9BVH7	Q9BVH7	True
seq.7928.183	Protein-tyrosine sulfotransferase 1	O60507	O60507	True
seq.7930.3	Exosome complex component CSL4	Q9Y3B2	Q9Y3B2	True
seq.7932.23	Synaptotagmin-8	Q8NBV8	Q8NBV8	True
seq.7933.75	Disintegrin and metalloproteinase domain-containing protein 22	Q9P0K1	Q9P0K1	True
seq.7934.11	Protein NDRG4	Q9ULP0	Q9ULP0	True
seq.7935.26	Glycosyltransferase-like protein LARGE1	O95461	O95461	True
seq.7939.1	Putative uncharacterized protein PQLC2L	A1A4F0	A1A4F0	True
seq.7943.16	CUB and zona pellucida-like domain-containing protein 1	Q86UP6	Q86UP6	True
seq.7944.1	Killer cell immunoglobulin-like receptor 3DL3:Extracellular domain	Q8N743	Q8N743	True
seq.7945.10	Semaphorin-6A	Q9H2E6	Q9H2E6	True
seq.7947.19	AP-4 complex accessory subunit tepsin	Q96N21	Q96N21	True
seq.7948.129	Glycolipid transfer protein domain-containing protein 2	A6NH11	A6NH11	True
seq.7950.142	Butyrophilin-like protein 9	Q6UXG8	Q6UXG8	True
seq.7951.146	Fc receptor-like protein 2	Q96LA5	Q96LA5	True
seq.7952.2	Vesicle transport through interaction with t-SNAREs homolog 1A	Q96AJ9	Q96AJ9	True
seq.7953.20	Signaling lymphocytic activation molecule	Q13291	Q13291	True
seq.7955.195	Inter-alpha-trypsin inhibitor heavy chain H1	P19827	P19827	True
seq.7956.11	MICOS complex subunit MIC10	Q5TGZ0	Q5TGZ0	True
seq.7957.2	Secretogranin-3	Q8WXD2	Q8WXD2	True
seq.7958.15	Kin of IRRE-like protein 2	Q6UWL6	Q6UWL6	True
seq.7959.34	Cadherin-7	Q9ULB5	Q9ULB5	True
seq.7960.53	POTE ankyrin domain family member G	Q6S5H5	Q6S5H5	True
seq.7962.11	Serine protease inhibitor Kazal-type 8	P0C7L1	P0C7L1	True
seq.7965.25	Hemoglobin subunit theta-1	P09105	P09105	True
seq.7967.38	Putative POTE ankyrin domain family member M	A6NI47	A6NI47	True
seq.7968.15	Cytotoxic and regulatory T-cell molecule	O95727	O95727	True
seq.7969.163	Protein WFDC11	Q8NEX6	Q8NEX6	True
seq.7970.315	Ecto-ADP-ribosyltransferase 3	Q13508	Q13508	True
seq.7975.97	Netrin receptor UNC5A	Q6ZN44	Q6ZN44	True
seq.7976.19	DOMON domain-containing protein FRRS1L	Q9P0K9	Q9P0K9	True
seq.7980.72	N-acetyllactosaminide beta-1,3-N-acetylglucosaminyltransferase 2	Q9NY97	Q9NY97	True
seq.7981.230	Beta-1,3-galactosyltransferase 6	Q96L58	Q96L58	True
seq.7982.10	39S ribosomal protein L32, mitochondrial	Q9BYC8	Q9BYC8	True
seq.7983.1	Protocadherin gamma-C5	Q9Y5F6	Q9Y5F6	True
seq.7986.98	N-acetylated-alpha-linked acidic dipeptidase 2	Q9Y3Q0	Q9Y3Q0	True
seq.7989.5	Uncharacterized protein C1orf226	A1L170	A1L170	True
seq.7991.54	IQ domain-containing protein F1	Q8N6M8	Q8N6M8	True
seq.7993.23	Astacin-like metalloendopeptidase	Q6HA08	Q6HA08	True
seq.7994.41	ERO1-like protein beta	Q86YB8	Q86YB8	True
seq.7995.16	von Willebrand factor C domain-containing protein 2-like	B2RUY7	B2RUY7	True
seq.7997.118	Double C2-like domain-containing protein beta	Q14184	Q14184	True
seq.7999.23	Ectonucleoside triphosphate diphosphohydrolase 1	P49961	P49961	True
seq.8000.17	Killer cell immunoglobulin-like receptor 2DL5A	Q8N109	Q8N109	True
seq.8002.27	Transmembrane protease serine 5	Q9H3S3	Q9H3S3	True
seq.8003.57	Leucine-rich repeat LGI family member 3	Q8N145	Q8N145	True
seq.8004.15	Glyceraldehyde-3-phosphate dehydrogenase, testis-specific	O14556	O14556	True
seq.8005.1	Matrix-remodeling-associated protein 7	P84157	P84157	True
seq.8006.12	DnaJ homolog subfamily B member 12	Q9NXW2	Q9NXW2	True
seq.8007.19	Cathepsin B	P07858	P07858	True
seq.8008.28	Activator of apoptosis harakiri	O00198	O00198	True
seq.8009.121	Surfeit locus protein 1	Q15526	Q15526	True
seq.8011.96	Iron/zinc purple acid phosphatase-like protein	Q6ZNF0	Q6ZNF0	True
seq.8013.9	VIP36-like protein	Q9H0V9	Q9H0V9	True
seq.8014.359	Glycoprotein endo-alpha-1,2-mannosidase	Q5SRI9	Q5SRI9	True
seq.8016.19	DnaJ homolog subfamily C member 4:N-term	Q9NNZ3	Q9NNZ3	True
seq.8017.23	FAD-dependent oxidoreductase domain-containing protein 1	Q96CU9	Q96CU9	True
seq.8018.43	V-set and immunoglobulin domain-containing protein 2	Q96IQ7	Q96IQ7	True
seq.8019.73	Stathmin-3	Q9NZ72	Q9NZ72	True
seq.8021.59	39S ribosomal protein L14, mitochondrial	Q6P1L8	Q6P1L8	True
seq.8024.64	Protein-tyrosine sulfotransferase 2	O60704	O60704	True
seq.8028.22	Serine protease inhibitor Kazal-type 5	Q9NQ38	Q9NQ38	True
seq.8032.23	Mitochondrial coiled-coil domain protein 1	P59942	P59942	True
seq.8033.1	DnaJ homolog subfamily C member 18	Q9H819	Q9H819	True
seq.8034.6	Dorsal root ganglia homeobox protein	A6NNA5	A6NNA5	True
seq.8035.6	Uncharacterized protein C1orf198	Q9H425	Q9H425	True
seq.8036.75	Follitropin subunit beta	P01225	P01225	True
seq.8037.53	DnaJ homolog subfamily B member 14:Lumenal domain	Q8TBM8	Q8TBM8	True
seq.8038.41	Sterol-4-alpha-carboxylate 3-dehydrogenase, decarboxylating	Q15738	Q15738	True
seq.8039.41	Protein FAM177A1	Q8N128	Q8N128	True
seq.8040.9	LEM domain-containing protein 1	Q68G75	Q68G75	True
seq.8042.88	Serine protease inhibitor Kazal-type 9	Q5DT21	Q5DT21	True
seq.8043.153	Cartilage oligomeric matrix protein	P49747	P49747	True
seq.8044.90	Glycoprotein Xg	P55808	P55808	True
seq.8045.3	Killer cell immunoglobulin-like receptor 3DL3:Cytoplasmic domain	Q8N743	Q8N743	True
seq.8046.9	Galectin-1	P09382	P09382	True
seq.8048.9	Ferritin, mitochondrial	Q8N4E7	Q8N4E7	True
seq.8051.10	Angiogenic factor with G patch and FHA domains 1	Q8N302	Q8N302	True
seq.8052.115	Neuroligin-1	Q8N2Q7	Q8N2Q7	True
seq.8053.16	DnaJ homolog subfamily B member 14:Cytoplasmic domain	Q8TBM8	Q8TBM8	True
seq.8055.33	Integral membrane protein DGCR2/IDD	P98153	P98153	True
seq.8059.1	Thrombopoietin	P40225	P40225	True
seq.8060.7	Pro-neuregulin-2, membrane-bound isoform	O14511	O14511	True
seq.8061.102	Protein FAM171B:Cytoplasmic domain	Q6P995	Q6P995	True
seq.8062.15	Protein eva-1 homolog B	Q9NVM1	Q9NVM1	True
seq.8064.125	Poliovirus receptor	P15151	P15151	True
seq.8065.245	Prostate and testis expressed protein 4	P0C8F1	P0C8F1	True
seq.8066.38	Synaptotagmin-9	Q86SS6	Q86SS6	True
seq.8067.21	Potassium voltage-gated channel subfamily E member 3	Q9Y6H6	Q9Y6H6	True
seq.8068.43	Uncharacterized family 31 glucosidase KIAA1161:Extracellular domain	Q6NSJ0	Q6NSJ0	True
seq.8069.85	T-cell surface glycoprotein CD3 epsilon chain	P07766	P07766	True
seq.8070.88	Disks large homolog 4	P78352	P78352	True
seq.8071.114	Protocadherin beta-7	Q9Y5E2	Q9Y5E2	True
seq.8073.3	SLAM family member 5	Q9UIB8	Q9UIB8	True
seq.8074.32	Transmembrane protein 70, mitochondrial	Q9BUB7	Q9BUB7	True
seq.8076.4	Sperm acrosome membrane-associated protein 3	Q8IXA5	Q8IXA5	True
seq.8079.39	EP300-interacting inhibitor of differentiation 3	Q8N140	Q8N140	True
seq.8080.24	Prostate-associated microseminoprotein	Q1L6U9	Q1L6U9	True
seq.8081.55	Inactive phospholipase D5	Q8N7P1	Q8N7P1	True
seq.8086.49	Integral membrane protein 2B	Q9Y287	Q9Y287	True
seq.8087.250	E3 ubiquitin-protein ligase RNF13	O43567	O43567	True
seq.8088.56	Type III endosome membrane protein TEMP	Q8IVY1	Q8IVY1	True
seq.8089.173	Nuclear receptor subfamily 4 group A member 1	P22736	P22736	True
seq.8091.16	Mannan-binding lectin serine protease 1:Mannan-binding lectin serine protease 1 heavy chain	P48740	P48740	True
seq.8092.29	Interleukin-6 receptor subunit alpha	P08887	P08887	True
seq.8093.13	Uncharacterized family 31 glucosidase KIAA1161:Cytoplasmic domain	Q6NSJ0	Q6NSJ0	True
seq.8094.20	CDGSH iron-sulfur domain-containing protein 2	Q8N5K1	Q8N5K1	True
seq.8095.213	Peptidyl-prolyl cis-trans isomerase F, mitochondrial	P30405	P30405	True
seq.8097.77	Lipase member N	Q5VXI9	Q5VXI9	True
seq.8098.37	Thromboxane-A synthase	P24557	P24557	True
seq.8099.42	Spondin-2	Q9BUD6	Q9BUD6	True
seq.8100.15	ADM2	Q7Z4H4	Q7Z4H4	True
seq.8102.239	Uncharacterized protein C1orf186	Q6ZWK4	Q6ZWK4	True
seq.8104.21	Interleukin-10 receptor subunit alpha:Extracellular domain	Q13651	Q13651	True
seq.8106.15	Translocon-associated protein subunit alpha	P43307	P43307	True
seq.8107.12	Transmembrane protein 234	Q8WY98	Q8WY98	True
seq.8219.14	Zymogen granule membrane protein 16	O60844	O60844	True
seq.8220.15	Uncharacterized protein C10orf35	Q96D05	Q96D05	True
seq.8221.19	Macrophage migration inhibitory factor	P14174	P14174	True
seq.8222.49	Cadherin-related family member 3	Q6ZTQ4	Q6ZTQ4	True
seq.8225.86	Ephrin type-B receptor 2	P29323	P29323	True
seq.8229.1	Glucoside xylosyltransferase 1	Q4G148	Q4G148	True
seq.8231.122	Vascular endothelial growth factor receptor 1	P17948	P17948	True
seq.8232.90	Junctional adhesion molecule-like	Q86YT9	Q86YT9	True
seq.8233.2	Inter-alpha-trypsin inhibitor heavy chain H5	Q86UX2	Q86UX2	True
seq.8235.48	Secretogranin-1	P05060	P05060	True
seq.8236.8	UPF0729 protein C18orf32	Q8TCD1	Q8TCD1	True
seq.8237.56	Sclerostin domain-containing protein 1	Q6X4U4	Q6X4U4	True
seq.8239.223	Cholinesterase	P06276	P06276	True
seq.8240.207	Transmembrane glycoprotein NMB:Extracellular domain	Q14956	Q14956	True
seq.8242.9	C-type lectin domain family 2 member L	P0C7M8	P0C7M8	True
seq.8243.55	Serine protease inhibitor Kazal-type 1	P00995	P00995	True
seq.8244.16	Alpha-(1,6)-fucosyltransferase	Q9BYC5	Q9BYC5	True
seq.8245.27	Intercellular adhesion molecule 5	Q9UMF0	Q9UMF0	True
seq.8246.9	Proprotein convertase subtilisin/kexin type 9	Q8NBP7	Q8NBP7	True
seq.8248.222	Sialic acid-binding Ig-like lectin 14	Q08ET2	Q08ET2	True
seq.8249.124	ALK tyrosine kinase receptor	Q9UM73	Q9UM73	True
seq.8250.2	Receptor-type tyrosine-protein phosphatase eta	Q12913	Q12913	True
seq.8252.2	Palmitoleoyl-protein carboxylesterase NOTUM	Q6P988	Q6P988	True
seq.8253.2	Protein O-linked-mannose beta-1,2-N-acetylglucosaminyltransferase 1	Q8WZA1	Q8WZA1	True
seq.8255.34	Protein MRVI1	Q9Y6F6	Q9Y6F6	True
seq.8257.71	Oxytocin-neurophysin 1	P01178	P01178	True
seq.8258.22	UDP-glucuronic acid decarboxylase 1	Q8NBZ7	Q8NBZ7	True
seq.8261.51	Erythrocyte band 7 integral membrane protein	P27105	P27105	True
seq.8262.20	Apolipoprotein D	P05090	P05090	True
seq.8263.64	TYMS opposite strand protein	Q8TAI1	Q8TAI1	True
seq.8264.43	Delta-like protein 1	O00548	O00548	True
seq.8265.225	Lamina-associated polypeptide 2, isoforms beta/gamma	P42167	P42167	True
seq.8268.98	Heparan sulfate glucosamine 3-O-sulfotransferase 3A1	Q9Y663	Q9Y663	True
seq.8269.327	Arylsulfatase K	Q6UWY0	Q6UWY0	True
seq.8272.22	3-keto-steroid reductase:Cytoplasmic domain	P56937	P56937	True
seq.8273.84	Interleukin-31 receptor subunit alpha	Q8NI17	Q8NI17	True
seq.8274.64	Syntaxin-7	O15400	O15400	True
seq.8275.31	Platelet endothelial aggregation receptor 1:Extracellular domain	Q5VY43	Q5VY43	True
seq.8280.238	Vitronectin	P04004	P04004	True
seq.8285.64	Pituitary adenylate cyclase-activating polypeptide	P18509	P18509	True
seq.8287.17	CMRF35-like molecule 2	Q496F6	Q496F6	True
seq.8288.27	Beta-2-glycoprotein 1	P02749	P02749	True
seq.8289.8	Transmembrane glycoprotein NMB:Extracellular domain	Q14956	Q14956	True
seq.8295.16	Noelin-2	O95897	O95897	True
seq.8296.117	KDEL motif-containing protein 2	Q7Z4H8	Q7Z4H8	True
seq.8297.8	DnaJ homolog subfamily C member 10	Q8IXB1	Q8IXB1	True
seq.8298.8	Serine-rich single-pass membrane protein 1	Q8WWF3	Q8WWF3	True
seq.8299.66	Leukocyte immunoglobulin-like receptor subfamily A member 4	P59901	P59901	True
seq.8300.82	Peroxisomal membrane protein PEX14:N-term	O75381	O75381	True
seq.8303.102	UPF0160 protein MYG1, mitochondrial	Q9HB07	Q9HB07	True
seq.8304.50	Tumor necrosis factor receptor superfamily member 11B	O00300	O00300	True
seq.8305.18	Extracellular sulfatase Sulf-2	Q8IWU5	Q8IWU5	True
seq.8306.54	Transmembrane gamma-carboxyglutamic acid protein 1:Cytoplasmic domain	O14668	O14668	True
seq.8307.47	UPF0696 protein C11orf68	Q9H3H3	Q9H3H3	True
seq.8309.12	Hyaluronidase-1	Q12794	Q12794	True
seq.8312.139	UMP-CMP kinase	P30085	P30085	True
seq.8314.71	N-acetylglucosamine-6-sulfatase	P15586	P15586	True
seq.8315.5	Beta-defensin 119	Q8N690	Q8N690	True
seq.8318.13	Sprouty-related, EVH1 domain-containing protein 1	Q7Z699	Q7Z699	True
seq.8320.5	SAFB-like transcription modulator	Q9NWH9	Q9NWH9	True
seq.8321.27	Zinc finger protein 843	Q8N446	Q8N446	True
seq.8323.163	Trefoil factor 3	Q07654	Q07654	True
seq.8325.37	Alcohol dehydrogenase 4	P08319	P08319	True
seq.8326.63	Single Ig IL-1-related receptor	Q6IA17	Q6IA17	True
seq.8327.26	Dipeptidase 2	Q9H4A9	Q9H4A9	True
seq.8328.9	Ethanolamine kinase 1	Q9HBU6	Q9HBU6	True
seq.8329.166	Cadherin-12:Cytoplasmic domain	P55289	P55289	True
seq.8330.1	Low-density lipoprotein receptor-related protein 11	Q86VZ4	Q86VZ4	True
seq.8334.65	T-complex protein 11 homolog	Q8WWU5	Q8WWU5	True
seq.8336.267	GRAM domain-containing protein 1C	Q8IYS0	Q8IYS0	True
seq.8337.65	Receptor-type tyrosine-protein phosphatase U	Q92729	Q92729	True
seq.8340.9	Beta-defensin 110	Q30KQ9	Q30KQ9	True
seq.8343.224	Poly(A) polymerase gamma	Q9BWT3	Q9BWT3	True
seq.8345.27	Glutathione peroxidase 7	Q96SL4	Q96SL4	True
seq.8346.9	Dipeptidyl peptidase 2	Q9UHL4	Q9UHL4	True
seq.8347.222	Beta-defensin 129	Q9H1M3	Q9H1M3	True
seq.8348.4	Ephrin type-B receptor 2	P29323	P29323	True
seq.8351.17	Serine protease 57	Q6UWY2	Q6UWY2	True
seq.8352.26	Sialic acid-binding Ig-like lectin 12:Ig-like C2-type 2 domain, Isoform short	Q96PQ1	Q96PQ1	True
seq.8353.15	Sodium channel subunit beta-2	O60939	O60939	True
seq.8355.80	Isthmin-1	B1AKI9	B1AKI9	True
seq.8356.88	Oxytocin-neurophysin 1	P01178	P01178	True
seq.8357.43	Sulfotransferase 4A1	Q9BR01	Q9BR01	True
seq.8358.30	Thioredoxin-dependent peroxide reductase, mitochondrial	P30048	P30048	True
seq.8359.149	Serine/threonine-protein kinase 17B	O94768	O94768	True
seq.8360.169	Natural cytotoxicity triggering receptor 1	O76036	O76036	True
seq.8363.18	UPF0577 protein KIAA1324-like	A8MWY0	A8MWY0	True
seq.8364.74	Uronyl 2-sulfotransferase	Q9Y2C2	Q9Y2C2	True
seq.8366.19	Uncharacterized protein C1orf115	Q9H7X2	Q9H7X2	True
seq.8367.142	V-set and immunoglobulin domain-containing protein 1	Q86XK7	Q86XK7	True
seq.8368.102	Tumor necrosis factor receptor superfamily member 1B	P20333	P20333	True
seq.8369.102	Dystroglycan	Q14118	Q14118	True
seq.8372.29	Cadherin-related family member 1	Q96JP9	Q96JP9	True
seq.8374.5	Tumor necrosis factor receptor superfamily member 16	P08138	P08138	True
seq.8376.25	Lutropin subunit beta	P01229	P01229	True
seq.8378.3	Protein LDOC1	O95751	O95751	True
seq.8380.244	Protein delta homolog 1:Cytoplasmic domain	P80370	P80370	True
seq.8382.47	MAP kinase-activated protein kinase 5	Q8IW41	Q8IW41	True
seq.8383.20	Uncharacterized protein C11orf94	C9JXX5	C9JXX5	True
seq.8385.248	Hepatocyte growth factor activator	Q04756	Q04756	True
seq.8386.11	Prostate and testis expressed protein 1	Q8WXA2	Q8WXA2	True
seq.8388.24	Spastin:Cytoplasmic domain	Q9UBP0	Q9UBP0	True
seq.8389.8	Leucine-rich repeat-containing protein 74A	Q0VAA2	Q0VAA2	True
seq.8390.25	Cytochrome c oxidase subunit 7A1, mitochondrial	P24310	P24310	True
seq.8391.12	Beta-defensin 115	Q30KQ5	Q30KQ5	True
seq.8393.121	Cathepsin F	Q9UBX1	Q9UBX1	True
seq.8394.56	Non-secretory ribonuclease	P10153	P10153	True
seq.8396.42	Fatty-acid amide hydrolase 2	Q6GMR7	Q6GMR7	True
seq.8397.147	Sulfhydryl oxidase 2	Q6ZRP7	Q6ZRP7	True
seq.8398.277	Retinoic acid receptor responder protein 1	P49788	P49788	True
seq.8399.6	Serine/threonine-protein kinase 17B	O94768	O94768	True
seq.8400.74	Gastrin-releasing peptide	P07492	P07492	True
seq.8402.22	Cytokine-like protein 1	Q9NRR1	Q9NRR1	True
seq.8403.18	Fatty acid synthase	P49327	P49327	True
seq.8404.102	BolA-like protein 2	Q9H3K6	Q9H3K6	True
seq.8405.108	Disintegrin and metalloproteinase domain-containing protein 10:Extracellular domain	O14672	O14672	True
seq.8406.17	Insulin-like growth factor I	P05019	P05019	True
seq.8407.84	Neurogenic locus notch homolog protein 2	Q04721	Q04721	True
seq.8409.3	R-spondin-2	Q6UXX9	Q6UXX9	True
seq.8418.30	Catenin beta-1	P35222	P35222	True
seq.8424.269	Catenin beta-1	P35222	P35222	True
seq.8427.118	R-spondin-3	Q9BXY4	Q9BXY4	True
seq.8428.102	Neurotrimin	Q9P121	Q9P121	True
seq.8429.16	Axin-2	Q9Y2T1	Q9Y2T1	True
seq.8446.4	Pituitary adenylate cyclase-activating polypeptide 27	P18509	P18509	True
seq.8447.11	Appetite-regulating hormone	Q9UBU3	Q9UBU3	True
seq.8450.36	Pituitary adenylate cyclase-activating polypeptide 38	P18509	P18509	True
seq.8458.111	Alpha-synuclein	P37840	P37840	True
seq.8458.16	Alpha-synuclein	P37840	P37840	True
seq.8459.10	Bone morphogenetic protein 6	P22004	P22004	True
seq.8462.18	Somatotropin	P01241	P01241	True
seq.8463.2	Extracellular superoxide dismutase [Cu-Zn]	P08294	P08294	True
seq.8464.31	R-spondin-4	Q2I0M5	Q2I0M5	True
seq.8465.52	Cathepsin H	P09668	P09668	True
seq.8467.9	Inhibin beta A chain:Inhibin beta B chain heterodimer	P08476|P09529	P08476|P09529	True
seq.8468.19	Prostate-specific antigen	P07288	P07288	True
seq.8469.41	Insulin-like growth factor-binding protein 2	P18065	P18065	True
seq.8470.213	Ribonuclease H1	O60930	O60930	True
seq.8474.6	Inactive tyrosine-protein kinase transmembrane receptor ROR1	Q01973	Q01973	True
seq.8475.15	Matrilysin	P09237	P09237	True
seq.8476.11	Chromogranin-A	P10645	P10645	True
seq.8479.4	Stromelysin-2	P09238	P09238	True
seq.8480.29	EGF-containing fibulin-like extracellular matrix protein 1	Q12805	Q12805	True
seq.8484.24	Leptin	P41159	P41159	True
seq.8485.7	Kelch-like ECH-associated protein 1	Q14145	Q14145	True
seq.8488.33	Integrin alpha-IIb: beta-3 complex	P05106|P08514	P05106|P08514	True
seq.8520.8	Disintegrin and metalloproteinase domain-containing protein 30	Q9UKF2	Q9UKF2	True
seq.8528.74	Immunoglobulin superfamily containing leucine-rich repeat protein 2	Q6UXK2	Q6UXK2	True
seq.8529.1	Tumor necrosis factor receptor superfamily member 10B:Death domain	O14763	O14763	True
seq.8535.102	Dermokine	Q6E0U4	Q6E0U4	True
seq.8545.14	Uncharacterized protein C17orf78:C-term	Q8N4C9	Q8N4C9	True
seq.8556.5	Protein FAM134B	Q9H6L5	Q9H6L5	True
seq.8565.160	Plasmalemma vesicle-associated protein	Q9BX97	Q9BX97	True
seq.8569.147	ADP-ribosylation factor-like protein 8B	Q9NVJ2	Q9NVJ2	True
seq.8587.21	Serine protease inhibitor Kazal-type 14	Q6IE38	Q6IE38	True
seq.8589.13	CUB domain-containing protein 1	Q9H5V8	Q9H5V8	True
seq.8597.1	Transmembrane protein 9:Cytoplasmic domain	Q9P0T7	Q9P0T7	True
seq.8601.167	Low-density lipoprotein receptor-related protein 1, soluble:Cytoplasmic domain	Q07954	Q07954	True
seq.8606.39	Transmembrane glycoprotein NMB:Cytoplasmic domain	Q14956	Q14956	True
seq.8620.56	Kallikrein-14	Q9P0G3	Q9P0G3	True
seq.8624.16	Netrin receptor UNC5D	Q6UXZ4	Q6UXZ4	True
seq.8631.13	Erythroid membrane-associated protein	Q96PL5	Q96PL5	True
seq.8633.18	E3 ubiquitin-protein ligase RNF128:region 2	Q8TEB7	Q8TEB7	True
seq.8635.283	Zona pellucida-binding protein 1	Q9BS86	Q9BS86	True
seq.8644.46	Cathepsin H	P09668	P09668	True
seq.8645.257	Peroxisomal membrane protein PEX14:C-term	O75381	O75381	True
seq.8646.61	Leucine-rich repeat transmembrane neuronal protein 4:Isoform 2, Cytoplasmic domain	Q86VH4	Q86VH4	True
seq.8653.132	DnaJ homolog subfamily C member 4:C-term	Q9NNZ3	Q9NNZ3	True
seq.8654.13	Disintegrin and metalloproteinase domain-containing protein 10:Cytoplasmic domain	O14672	O14672	True
seq.8659.68	Protein G6b:Isoform B, Cytoplasmic domain	O95866	O95866	True
seq.8660.33	Olfactomedin-like protein 3	Q9NRN5	Q9NRN5	True
seq.8660.5	Olfactomedin-like protein 3	Q9NRN5	Q9NRN5	True
seq.8664.36	Extracellular tyrosine-protein kinase PKDCC	Q504Y2	Q504Y2	True
seq.8671.378	Trafficking protein particle complex subunit 5	Q8IUR0	Q8IUR0	True
seq.8681.93	Membrane-associated progesterone receptor component 2:N-term, Isoform 2	O15173	O15173	True
seq.8686.342	Protein Hikeshi	Q53FT3	Q53FT3	True
seq.8687.26	Transmembrane protein 106B	Q9NUM4	Q9NUM4	True
seq.8690.25	Caveolin-3	P56539	P56539	True
seq.8696.15	Galactosylceramide sulfotransferase	Q99999	Q99999	True
seq.8697.38	Glypican-1	P35052	P35052	True
seq.8699.43	Cysteine-rich motor neuron 1 protein:Cytoplasmic domain	Q9NZV1	Q9NZV1	True
seq.8700.325	Polypeptide N-acetylgalactosaminyltransferase 11	Q8NCW6	Q8NCW6	True
seq.8702.42	Osteoclast-associated immunoglobulin-like receptor	Q8IYS5	Q8IYS5	True
seq.8748.45	HLA class II histocompatibility antigen gamma chain	P04233	P04233	True
seq.8749.194	Antigen-presenting glycoprotein CD1d	P15813	P15813	True
seq.8750.46	Vinculin	P18206	P18206	True
seq.8754.5	Neuromedin-U	P48645	P48645	True
seq.8756.41	Potassium voltage-gated channel subfamily E regulatory beta subunit 5:N-term, opposite side of membrane	Q9UJ90	Q9UJ90	True
seq.8758.2	Protocadherin alpha-7	Q9UN72	Q9UN72	True
seq.8759.29	Lactosylceramide 4-alpha-galactosyltransferase	Q9NPC4	Q9NPC4	True
seq.8760.10	DCN1-like protein 5	Q9BTE7	Q9BTE7	True
seq.8762.38	CD70 antigen	P32970	P32970	True
seq.8766.29	Leukocyte immunoglobulin-like receptor subfamily A member 5	A6NI73	A6NI73	True
seq.8767.44	Endothelin-converting enzyme 1:Cytoplasmic domain	P42892	P42892	True
seq.8768.4	B-cell lymphoma/leukemia 10	O95999	O95999	True
seq.8772.5	Ephrin-B2:Cytoplasmic domain	P52799	P52799	True
seq.8773.172	EMILIN-3:region 1	Q9NT22	Q9NT22	True
seq.8775.61	Protein FAM24B	Q8N5W8	Q8N5W8	True
seq.8776.10	Erlin-1	O75477	O75477	True
seq.8778.3	Noggin	Q13253	Q13253	True
seq.8780.2	Protocadherin-10:Cytoplasmic domain	Q9P2E7	Q9P2E7	True
seq.8784.7	BRCA1-A complex subunit Abraxas	Q6UWZ7	Q6UWZ7	True
seq.8785.1	Armadillo repeat-containing protein 5:Armadillo Repeat Domain 5	Q96C12	Q96C12	True
seq.8786.6	Protein FAM171B:Extracellular domain	Q6P995	Q6P995	True
seq.8790.6	Arylsulfatase A	P15289	P15289	True
seq.8791.151	Carbonic anhydrase 5A, mitochondrial	P35218	P35218	True
seq.8794.13	Dipeptidase 1	P16444	P16444	True
seq.8795.48	Transferrin receptor protein 1:Extracellular domain	P02786	P02786	True
seq.8800.14	Tetratricopeptide repeat protein 17:Tetratricopeptide repeat 3	Q96AE7	Q96AE7	True
seq.8803.61	Nectin-1, isoform gamma:Cytoplasmic domain	Q15223	Q15223	True
seq.8804.39	Collagen alpha-1(XX) chain	Q9P218	Q9P218	True
seq.8807.13	Sorting nexin-1	Q13596	Q13596	True
seq.8810.26	Hepatocyte cell adhesion molecule	Q14CZ8	Q14CZ8	True
seq.8811.24	BMP and activin membrane-bound inhibitor homolog:Extracellular domain	Q13145	Q13145	True
seq.8813.160	Thioredoxin	P10599	P10599	True
seq.8814.33	Proactivator polypeptide-like 1	Q6NUJ1	Q6NUJ1	True
seq.8815.1	Olfactomedin-like protein 1	Q6UWY5	Q6UWY5	True
seq.8817.29	Centromere protein V	Q7Z7K6	Q7Z7K6	True
seq.8818.13	Interferon gamma receptor 2:Cytoplasmic domain	P38484	P38484	True
seq.8819.3	Insulin-like growth factor-binding protein 2	P18065	P18065	True
seq.8825.4	Paired immunoglobulin-like type 2 receptor alpha	Q9UKJ1	Q9UKJ1	True
seq.8828.21	Epithelial splicing regulatory protein 1	Q6NXG1	Q6NXG1	True
seq.8830.29	BRISC complex subunit Abro1	Q15018	Q15018	True
seq.8832.55	Bone marrow stromal antigen 2	Q10589	Q10589	True
seq.8833.20	Tumor necrosis factor ligand superfamily member 10	P50591	P50591	True
seq.8834.58	Calnexin	P27824	P27824	True
seq.8837.8	Microfibrillar-associated protein 3-like	O75121	O75121	True
seq.8838.10	Protein CASC4	Q6P4E1	Q6P4E1	True
seq.8839.4	Metaxin-2	O75431	O75431	True
seq.8840.61	Complement C1s subcomponent	P09871	P09871	True
seq.8841.65	Cartilage intermediate layer protein 2	Q8IUL8	Q8IUL8	True
seq.8842.16	GRAM domain-containing protein 1C	Q8IYS0	Q8IYS0	True
seq.8843.34	Myelin regulatory factor	Q9Y2G1	Q9Y2G1	True
seq.8845.2	A disintegrin and metalloproteinase with thrombospondin motifs 3	O15072	O15072	True
seq.8850.5	Putative inactive group IIC secretory phospholipase A2	Q5R387	Q5R387	True
seq.8851.42	Protein FAM171B:Extracellular domain	Q6P995	Q6P995	True
seq.8852.10	SUN domain-containing protein 3	Q8TAQ9	Q8TAQ9	True
seq.8853.2	C-type lectin domain family 4 member A	Q9UMR7	Q9UMR7	True
seq.8854.59	Ribonucleoside-diphosphate reductase subunit M2 B	Q7LG56	Q7LG56	True
seq.8858.21	Basic leucine zipper transcriptional factor ATF-like 3	Q9NR55	Q9NR55	True
seq.8859.51	Carbonic anhydrase-related protein 11	O75493	O75493	True
seq.8863.3	Phosphatidylinositol 3-kinase regulatory subunit alpha	P27986	P27986	True
seq.8864.59	Centromere protein W	Q5EE01	Q5EE01	True
seq.8866.53	Glutaminyl-peptide cyclotransferase-like protein	Q9NXS2	Q9NXS2	True
seq.8867.18	Glycodelin	P09466	P09466	True
seq.8869.5	Butyrophilin subfamily 2 member A1	Q7KYR7	Q7KYR7	True
seq.8870.38	Nucleophosmin	P06748	P06748	True
seq.8871.14	Nuclear migration protein nudC:N-term, contains nuclear localization domain	Q9Y266	Q9Y266	True
seq.8874.53	Ceroid-lipofuscinosis neuronal protein 5:Lumenal domain	O75503	O75503	True
seq.8876.51	Neurexin-2-beta	P58401	P58401	True
seq.8877.22	Protein eva-1 homolog C:Extracellular domain	P58658	P58658	True
seq.8878.48	YTH domain-containing protein 1	Q96MU7	Q96MU7	True
seq.8882.1	Disintegrin and metalloproteinase domain-containing protein 17:Cytoplasmic domain	P78536	P78536	True
seq.8885.6	Voltage-dependent calcium channel subunit alpha-2/delta-3	Q8IZS8	Q8IZS8	True
seq.8887.21	Nuclear migration protein nudC:CS domain	Q9Y266	Q9Y266	True
seq.8888.33	Small integral membrane protein 9	A6NGZ8	A6NGZ8	True
seq.8889.5	Cell cycle progression protein 1	Q9ULG6	Q9ULG6	True
seq.8890.9	Transmembrane protein 132B	Q14DG7	Q14DG7	True
seq.8891.7	Probable serine carboxypeptidase CPVL	Q9H3G5	Q9H3G5	True
seq.8892.14	Platelet endothelial aggregation receptor 1:Cytoplasmic domain	Q5VY43	Q5VY43	True
seq.8893.29	Poly [ADP-ribose] polymerase 1:region 1	P09874	P09874	True
seq.8894.80	Heterogeneous nuclear ribonucleoprotein A/B	Q99729	Q99729	True
seq.8897.3	Leucine-rich repeat-containing protein 37A2	A6NM11	A6NM11	True
seq.8899.75	UDP-glucuronosyltransferase 1-8	Q9HAW9	Q9HAW9	True
seq.8900.28	Neogenin	Q92859	Q92859	True
seq.8901.40	14-3-3 protein gamma	P61981	P61981	True
seq.8903.1	Cytochrome c oxidase subunit 6C	P09669	P09669	True
seq.8905.20	Calcium-activated potassium channel subunit beta-3	Q9NPA1	Q9NPA1	True
seq.8906.60	Leucine-rich repeat and transmembrane domain-containing protein 2	Q8N967	Q8N967	True
seq.8908.14	Potassium voltage-gated channel subfamily E regulatory beta subunit 5:Cytoplasmic domain	Q9UJ90	Q9UJ90	True
seq.8909.77	Glucosamine-6-phosphate isomerase 1	P46926	P46926	True
seq.8913.22	Sialic acid-binding Ig-like lectin 11:Cytoplasmic domain, Isoform 2	Q96RL6	Q96RL6	True
seq.8916.32	Stromal interaction molecule 1:Cytoplasmic domain	Q13586	Q13586	True
seq.8918.64	Protein-tyrosine kinase 2-beta:Focal adhesion targeting domain	Q14289	Q14289	True
seq.8921.139	Polyadenylate-binding protein 2	Q86U42	Q86U42	True
seq.8922.4	Transmembrane and coiled-coil domains protein 3:region 1	Q9ULS5	Q9ULS5	True
seq.8923.94	Polypeptide N-acetylgalactosaminyltransferase 16	Q8N428	Q8N428	True
seq.8924.55	Neuron-specific vesicular protein calcyon	Q9NYX4	Q9NYX4	True
seq.8925.25	Ribonucleoside-diphosphate reductase subunit M2 B	Q7LG56	Q7LG56	True
seq.8927.6	Uncharacterized protein C7orf73	E0CX11	E0CX11	True
seq.8929.7	Transcription factor TFIIIB component B'' homolog	A6H8Y1	A6H8Y1	True
seq.8931.124	G0/G1 switch protein 2	P27469	P27469	True
seq.8932.1	Ectonucleoside triphosphate diphosphohydrolase 6	O75354	O75354	True
seq.8933.84	Myocyte-specific enhancer factor 2C	Q06413	Q06413	True
seq.8935.22	Multidrug resistance-associated protein 6	O95255	O95255	True
seq.8941.4	Neuroligin-3	Q9NZ94	Q9NZ94	True
seq.8942.2	39S ribosomal protein L21, mitochondrial	Q7Z2W9	Q7Z2W9	True
seq.8945.7	BRISC complex subunit Abro1	Q15018	Q15018	True
seq.8946.38	Bile acid receptor	Q96RI1	Q96RI1	True
seq.8948.13	Disintegrin and metalloproteinase domain-containing protein 19	Q9H013	Q9H013	True
seq.8950.4	Calcium-activated chloride channel regulator 2	Q9UQC9	Q9UQC9	True
seq.8951.162	Chondroitin sulfate proteoglycan 4	Q6UVK1	Q6UVK1	True
seq.8952.65	Granulocyte colony-stimulating factor	P09919	P09919	True
seq.8953.47	Hepatoma-derived growth factor	P51858	P51858	True
seq.8954.30	Mitogen-activated protein kinase kinase kinase kinase 1	Q92918	Q92918	True
seq.8955.60	Glycosyltransferase 8 domain-containing protein 1	Q68CQ7	Q68CQ7	True
seq.8956.96	Scavenger receptor class F member 2:Extracellular domain	Q96GP6	Q96GP6	True
seq.8957.72	Endoplasmic reticulum lectin 1	Q96DZ1	Q96DZ1	True
seq.8958.51	Neural cell adhesion molecule L1-like protein	O00533	O00533	True
seq.8959.61	Disintegrin and metalloproteinase domain-containing protein 17:Extracellular domain	P78536	P78536	True
seq.8960.3	Endoplasmic reticulum aminopeptidase 2	Q6P179	Q6P179	True
seq.8962.48	Ribosomal protein S6 kinase beta-1	P23443	P23443	True
seq.8963.8	Vesicle transport through interaction with t-SNAREs homolog 1B	Q9UEU0	Q9UEU0	True
seq.8967.6	Dual specificity protein phosphatase 26	Q9BV47	Q9BV47	True
seq.8969.49	Monocyte differentiation antigen CD14	P08571	P08571	True
seq.8970.9	Receptor-interacting serine/threonine-protein kinase 2	O43353	O43353	True
seq.8971.9	Neurexin-1	Q9ULB1	Q9ULB1	True
seq.8973.23	Fc receptor-like protein 4:Extracellular domain	Q96PJ5	Q96PJ5	True
seq.8974.172	Collagen alpha-1(XV) chain	P39059	P39059	True
seq.8975.26	Cell differentiation protein RCD1 homolog	Q92600	Q92600	True
seq.8976.13	Beta-1,4 N-acetylgalactosaminyltransferase 1	Q00973	Q00973	True
seq.8978.30	Mitogen-activated protein kinase kinase kinase kinase 3	Q8IVH8	Q8IVH8	True
seq.8980.19	Cell surface glycoprotein CD200 receptor 2	Q6Q8B3	Q6Q8B3	True
seq.8982.65	Thrombospondin-3	P49746	P49746	True
seq.8983.7	Golgi membrane protein 1	Q8NBJ4	Q8NBJ4	True
seq.8984.28	Leucine-rich repeat and calponin homology domain-containing protein 4:Leucine-rich repeat 5	O75427	O75427	True
seq.8985.13	Protein SERAC1	Q96JX3	Q96JX3	True
seq.8986.2	D-3-phosphoglycerate dehydrogenase	O43175	O43175	True
seq.8989.40	Signal peptide, CUB and EGF-like domain-containing protein 1	Q8IWY4	Q8IWY4	True
seq.8990.42	Sodium/potassium-transporting ATPase subunit beta-3	P54709	P54709	True
seq.8991.115	Fc receptor-like protein 4:Cytoplasmic domain	Q96PJ5	Q96PJ5	True
seq.8992.1	Transmembrane protein 2	Q9UHN6	Q9UHN6	True
seq.8993.151	Receptor-interacting serine/threonine-protein kinase 2	O43353	O43353	True
seq.8994.65	SLAM family member 8	Q9P0V8	Q9P0V8	True
seq.8997.4	Neuronal pentraxin receptor	O95502	O95502	True
seq.8998.15	Heparan sulfate glucosamine 3-O-sulfotransferase 4	Q9Y661	Q9Y661	True
seq.8999.19	Carcinoembryonic antigen-related cell adhesion molecule 3	P40198	P40198	True
seq.9000.177	Neutral and basic amino acid transport protein rBAT	Q07837	Q07837	True
seq.9002.36	Serpin A11	Q86U17	Q86U17	True
seq.9003.99	Macrophage receptor MARCO	Q9UEW3	Q9UEW3	True
seq.9004.24	Low-density lipoprotein receptor class A domain-containing protein 4	O15165	O15165	True
seq.9005.16	Plexin-A1	Q9UIW2	Q9UIW2	True
seq.9008.6	Transmembrane gamma-carboxyglutamic acid protein 1:Pro-form, Extracellular domain	O14668	O14668	True
seq.9012.1	Pre-mRNA-processing factor 6:region 1	O94906	O94906	True
seq.9013.60	Netrin-1	O95631	O95631	True
seq.9014.18	Transmembrane protein 25	Q86YD3	Q86YD3	True
seq.9015.1	Proteoglycan 3	Q9Y2Y8	Q9Y2Y8	True
seq.9016.12	Oxysterols receptor LXR-beta	P55055	P55055	True
seq.9017.58	Lactase-phlorizin hydrolase	P09848	P09848	True
seq.9018.38	Protocadherin-10:Extracellular domain	Q9P2E7	Q9P2E7	True
seq.9021.1	Hepatitis A virus cellular receptor 1	Q96D42	Q96D42	True
seq.9022.49	Beta-defensin 132	Q7Z7B7	Q7Z7B7	True
seq.9025.5	Alpha-hemoglobin-stabilizing protein	Q9NZD4	Q9NZD4	True
seq.9026.40	Butyrophilin-like protein 8	Q6UX41	Q6UX41	True
seq.9027.10	Neuroligin-2:Cytoplasmic domain	Q8NFZ4	Q8NFZ4	True
seq.9028.5	Poly(A) RNA polymerase, mitochondrial	Q9NVV4	Q9NVV4	True
seq.9030.56	Uncharacterized protein C17orf89	A1L188	A1L188	True
seq.9032.30	Proto-oncogene tyrosine-protein kinase ROS	P08922	P08922	True
seq.9035.2	MAX-interacting protein 1	P50539	P50539	True
seq.9037.1	Syntaxin-18	Q9P2W9	Q9P2W9	True
seq.9038.12	Protein JTB	O76095	O76095	True
seq.9039.47	Torsin-1A-interacting protein 1:Nuclear domain	Q5JTV8	Q5JTV8	True
seq.9040.144	Mammalian ependymin-related protein 1	Q9UM22	Q9UM22	True
seq.9043.7	Tuftelin-interacting protein 11	Q9UBB9	Q9UBB9	True
seq.9044.1	Contactin-associated protein-like 5	Q8WYK1	Q8WYK1	True
seq.9045.3	Very long-chain acyl-CoA synthetase	O14975	O14975	True
seq.9049.2	Monocarboxylate transporter 4	O15427	O15427	True
seq.9050.170	Arginine/serine-rich protein 1	Q9BUV0	Q9BUV0	True
seq.9051.13	Interleukin-32	P24001	P24001	True
seq.9053.16	Cysteine-rich protein 2	P52943	P52943	True
seq.9055.81	Myocardial zonula adherens protein	P0CAP1	P0CAP1	True
seq.9057.19	Proteasomal ubiquitin receptor ADRM1	Q16186	Q16186	True
seq.9058.1	Mitochondrial import inner membrane translocase subunit Tim21	Q9BVV7	Q9BVV7	True
seq.9059.14	Rap guanine nucleotide exchange factor 5	Q92565	Q92565	True
seq.9060.27	Protein turtle homolog B	Q9UPX0	Q9UPX0	True
seq.9061.3	Rho guanine nucleotide exchange factor 10	O15013	O15013	True
seq.9064.12	RING finger protein 215:Cytoplasmic domain	Q9Y6U7	Q9Y6U7	True
seq.9065.28	Alpha-taxilin	P40222	P40222	True
seq.9068.17	Janus kinase and microtubule-interacting protein 3	Q5VZ66	Q5VZ66	True
seq.9070.1	Uncharacterized protein C17orf67	Q0P5P2	Q0P5P2	True
seq.9074.6	Fatty acid hydroxylase domain-containing protein 2	Q96IV6	Q96IV6	True
seq.9075.121	UPF0258 protein KIAA1024	Q9UPX6	Q9UPX6	True
seq.9076.25	Proenkephalin-A	P01210	P01210	True
seq.9077.10	Mannosyl-oligosaccharide 1,2-alpha-mannosidase IB	O60476	O60476	True
seq.9078.207	Beta-1-syntrophin	Q13884	Q13884	True
seq.9081.39	Zinc transporter 3	Q99726	Q99726	True
seq.9082.25	Protein sel-1 homolog 2	Q5TEA6	Q5TEA6	True
seq.9083.35	Tyrosine-protein phosphatase non-receptor type substrate 1	P78324	P78324	True
seq.9086.95	Mammaglobin-B	O75556	O75556	True
seq.9087.8	NHL repeat-containing protein 3	Q5JS37	Q5JS37	True
seq.9089.77	Junctophilin-3	Q8WXH2	Q8WXH2	True
seq.9090.9	Synaptotagmin-like protein 4:Ca2+-dependent membrane-targeting module 1	Q96C24	Q96C24	True
seq.9092.33	Angiopoietin-related protein 1:N-term	O95841	O95841	True
seq.9094.5	C-type lectin domain family 4 member C	Q8WTT0	Q8WTT0	True
seq.9095.5	Mitochondrial fission regulator 1	Q15390	Q15390	True
seq.9096.80	Lymphoid-restricted membrane protein	Q12912	Q12912	True
seq.9097.5	UPF0577 protein KIAA1324:Cytoplasmic domain	Q6UXG2	Q6UXG2	True
seq.9099.19	Synaptotagmin-5	O00445	O00445	True
seq.9100.32	Uncharacterized protein C5orf46	Q6UWT4	Q6UWT4	True
seq.9102.28	Protrudin:Cytoplasmic domain, region 2, isoform 5	Q5T4F4	Q5T4F4	True
seq.9106.87	LysM and putative peptidoglycan-binding domain-containing protein 4	Q5XG99	Q5XG99	True
seq.9107.59	Armadillo repeat-containing protein 10	Q8N2F6	Q8N2F6	True
seq.9110.2	Synaptotagmin-17	Q9BSW7	Q9BSW7	True
seq.9111.40	Junctophilin-4	Q96JJ6	Q96JJ6	True
seq.9114.84	Uromodulin-like 1	Q5DID0	Q5DID0	True
seq.9115.78	ADAM DEC1	O15204	O15204	True
seq.9116.28	HEPACAM family member 2:Isoform 1, Cytoplasmic domain	A8MVW5	A8MVW5	True
seq.9117.4	Interleukin-36 gamma	Q9NZH8	Q9NZH8	True
seq.9118.7	PH and SEC7 domain-containing protein 2	Q9BQI7	Q9BQI7	True
seq.9121.28	Galactoside 2-alpha-L-fucosyltransferase 2	Q10981	Q10981	True
seq.9123.18	Protein Dos	Q8N350	Q8N350	True
seq.9125.23	Mannan-binding lectin serine protease 1:Sushi 1 and Sushi 2	P48740	P48740	True
seq.9126.171	5'-nucleotidase domain-containing protein 3	Q86UY8	Q86UY8	True
seq.9127.4	Prestin	P58743	P58743	True
seq.9128.34	Leucine-rich repeat transmembrane protein FLRT3:Cytoplasmic domain	Q9NZU0	Q9NZU0	True
seq.9168.31	C-C motif chemokine 26	Q9Y258	Q9Y258	True
seq.9169.14	Small ubiquitin-related modifier 3	P55854	P55854	True
seq.9170.24	Interleukin-17A	Q16552	Q16552	True
seq.9171.11	Cysteine and glycine-rich protein 3	P50461	P50461	True
seq.9172.69	Neutrophil collagenase	P22894	P22894	True
seq.9173.21	Phosphoglucomutase-1	P36871	P36871	True
seq.9175.48	Down syndrome cell adhesion molecule	O60469	O60469	True
seq.9176.3	Mucin-1:region 2	P15941	P15941	True
seq.9177.6	Protein FAM3B	P58499	P58499	True
seq.9178.30	Neuregulin-1	Q02297	Q02297	True
seq.9180.6	Interferon gamma receptor 2:Extracellular domain	P38484	P38484	True
seq.9182.3	Low-density lipoprotein receptor-related protein 1, soluble:Extracellular domain, LDL receptor class A domains 11-20	Q07954	Q07954	True
seq.9183.7	Interferon alpha/beta receptor 1	P17181	P17181	True
seq.9185.15	Trefoil factor 1	P04155	P04155	True
seq.9187.2	Non-histone chromosomal protein HMG-14	P05114	P05114	True
seq.9188.119	C-X-C motif chemokine 9	Q07325	Q07325	True
seq.9190.7	CD63 antigen	P08962	P08962	True
seq.9191.8	Trefoil factor 2	Q03403	Q03403	True
seq.9196.8	Galectin-7	P47929	P47929	True
seq.9197.4	Galectin-9	O00182	O00182	True
seq.9199.6	Ubiquitin-conjugating enzyme E2 G2	P60604	P60604	True
seq.9201.13	Transgelin-2	P37802	P37802	True
seq.9202.309	ATP synthase subunit O, mitochondrial	P48047	P48047	True
seq.9204.33	Pro-opiomelanocortin	P01189	P01189	True
seq.9207.60	Quinone oxidoreductase-like protein 1	O95825	O95825	True
seq.9211.19	Pigment epithelium-derived factor	P36955	P36955	True
seq.9212.22	Cathepsin F	Q9UBX1	Q9UBX1	True
seq.9213.24	Formimidoyltransferase-cyclodeaminase	O95954	O95954	True
seq.9215.117	Ubiquitin carboxyl-terminal hydrolase 25	Q9UHP3	Q9UHP3	True
seq.9216.100	Plexin-B2	O15031	O15031	True
seq.9218.7	Tumor necrosis factor receptor superfamily member 6	P25445	P25445	True
seq.9219.70	Neudesin	Q9UMX5	Q9UMX5	True
seq.9220.7	Ephrin type-B receptor 3	P54753	P54753	True
seq.9221.6	Inositol 1,4,5-trisphosphate receptor-interacting protein-like 1	Q6GPH6	Q6GPH6	True
seq.9223.11	Mesencephalic astrocyte-derived neurotrophic factor	P55145	P55145	True
seq.9224.20	Prolactin receptor	P16471	P16471	True
seq.9226.6	Transmembrane and ubiquitin-like domain-containing protein 2	Q71RG4	Q71RG4	True
seq.9227.15	Programmed cell death protein 1	Q15116	Q15116	True
seq.9229.9	Chymotrypsin-like protease CTRL-1	P40313	P40313	True
seq.9231.23	Inositol monophosphatase 3	Q9NX62	Q9NX62	True
seq.9232.1	Roundabout homolog 4	Q8WZ75	Q8WZ75	True
seq.9233.71	Tissue factor pathway inhibitor 2	P48307	P48307	True
seq.9234.8	Twisted gastrulation protein homolog 1	Q9GZX9	Q9GZX9	True
seq.9235.3	Plexin domain-containing protein 1	Q8IUK5	Q8IUK5	True
seq.9237.54	Lysosomal acid phosphatase	P11117	P11117	True
seq.9241.40	Signal-regulatory protein gamma	Q9P1W8	Q9P1W8	True
seq.9242.11	Betacellulin	P35070	P35070	True
seq.9243.10	Lysozyme g-like protein 1	Q8N1E2	Q8N1E2	True
seq.9244.27	Palmitoyl-protein thioesterase 1	P50897	P50897	True
seq.9245.1	Killer cell immunoglobulin-like receptor 2DL4	Q99706	Q99706	True
seq.9248.36	Myeloid-derived growth factor	Q969H8	Q969H8	True
seq.9249.17	Transmembrane protein 9:Extracellular domain	Q9P0T7	Q9P0T7	True
seq.9250.87	Neutrophil defensin 1	P59665	P59665	True
seq.9251.28	Epididymis-specific alpha-mannosidase	Q9Y2E5	Q9Y2E5	True
seq.9253.52	Histo-blood group ABO system transferase	P16442	P16442	True
seq.9254.18	High affinity immunoglobulin epsilon receptor subunit alpha	P12319	P12319	True
seq.9255.5	Interleukin-17C	Q9P0M4	Q9P0M4	True
seq.9256.78	Neuronal pentraxin-1	Q15818	Q15818	True
seq.9257.14	Translational activator of cytochrome c oxidase 1	Q9BSH4	Q9BSH4	True
seq.9259.35	Tumor necrosis factor receptor superfamily member 21	O75509	O75509	True
seq.9261.14	Ephrin type-B receptor 6	O15197	O15197	True
seq.9263.57	Sialate O-acetylesterase	Q9HAT2	Q9HAT2	True
seq.9264.11	Cathepsin O	P43234	P43234	True
seq.9265.10	Glioma pathogenesis-related protein 1	P48060	P48060	True
seq.9266.1	Triggering receptor expressed on myeloid cells 1	Q9NP99	Q9NP99	True
seq.9267.2	Carboxypeptidase A4	Q9UI42	Q9UI42	True
seq.9269.7	Biotinidase	P43251	P43251	True
seq.9271.101	Stromal interaction molecule 1:Extracellular domain	Q13586	Q13586	True
seq.9275.2	Sialic acid-binding Ig-like lectin 5	O15389	O15389	True
seq.9276.7	Carboxypeptidase A2	P48052	P48052	True
seq.9277.16	Regenerating islet-derived protein 3-alpha	Q06141	Q06141	True
seq.9278.9	Stromal cell-derived factor 1	P48061	P48061	True
seq.9279.7	Immunoglobulin superfamily member 11:Extracellular domain	Q5DX21	Q5DX21	True
seq.9282.12	Cysteine-rich secretory protein 2	P16562	P16562	True
seq.9283.8	CD44 antigen	P16070	P16070	True
seq.9284.25	Secreted frizzled-related protein 4	Q6FHJ7	Q6FHJ7	True
seq.9287.6	Sepiapterin reductase	P35270	P35270	True
seq.9288.7	Peptidyl-prolyl cis-trans isomerase FKBP7	Q9Y680	Q9Y680	True
seq.9290.8	Regulator of microtubule dynamics protein 3	Q96TC7	Q96TC7	True
seq.9294.45	Microfibrillar-associated protein 2	P55001	P55001	True
seq.9296.15	Receptor-type tyrosine-protein phosphatase delta	P23468	P23468	True
seq.9297.12	UDP-GlcNAc:betaGal beta-1,3-N-acetylglucosaminyltransferase 8	Q7Z7M8	Q7Z7M8	True
seq.9300.13	Nectin-1, isoform gamma:Extracellular domain	Q15223	Q15223	True
seq.9302.90	Growth arrest and DNA damage-inducible proteins-interacting protein 1	Q8TAE8	Q8TAE8	True
seq.9303.9	ICOS ligand	O75144	O75144	True
seq.9305.89	Interferon gamma receptor 2:Extracellular domain	P38484	P38484	True
seq.9306.7	Beta-defensin 118	Q96PH6	Q96PH6	True
seq.9310.2	T-cell surface glycoprotein CD8 beta chain	P10966	P10966	True
seq.9312.8	Zinc-alpha-2-glycoprotein	P25311	P25311	True
seq.9313.27	Cerebellin-1	P23435	P23435	True
seq.9314.9	Pregnancy-specific beta-1-glycoprotein 5	Q15238	Q15238	True
seq.9315.16	Mitochondrial ubiquitin ligase activator of NFKB 1:Mitochindrial intermembrane domain	Q969V5	Q969V5	True
seq.9316.67	WAP four-disulfide core domain protein 1	Q9HC57	Q9HC57	True
seq.9317.4	Leucine-rich repeat-containing protein 25:Extracellular domain	Q8N386	Q8N386	True
seq.9319.59	Transmembrane emp24 domain-containing protein 4	Q7Z7H5	Q7Z7H5	True
seq.9321.400	Neuromedin-B	P08949	P08949	True
seq.9322.15	Reticulocalbin-1	Q15293	Q15293	True
seq.9326.33	Inter-alpha-trypsin inhibitor heavy chain H2	P19823	P19823	True
seq.9327.3	Ly6/PLAUR domain-containing protein 1	Q8N2G4	Q8N2G4	True
seq.9328.55	MHC class I polypeptide-related sequence B	Q29980	Q29980	True
seq.9329.28	Trem-like transcript 1 protein:Extracellular domain, Ig-like V-type domain	Q86YW5	Q86YW5	True
seq.9332.6	Beta-defensin 136	Q30KP8	Q30KP8	True
seq.9333.59	Endoplasmic reticulum resident protein 27	Q96DN0	Q96DN0	True
seq.9335.28	Pregnancy-specific beta-1-glycoprotein 9	Q00887	Q00887	True
seq.9337.43	Protachykinin-1	P20366	P20366	True
seq.9339.204	Peptidyl-prolyl cis-trans isomerase FKBP2	P26885	P26885	True
seq.9340.17	Peptidyl-prolyl cis-trans isomerase FKBP14	Q9NWM8	Q9NWM8	True
seq.9341.1	Platelet-derived growth factor D	Q9GZP0	Q9GZP0	True
seq.9343.16	Interleukin-2 receptor subunit beta	P14784	P14784	True
seq.9345.436	WAP four-disulfide core domain protein 13	Q8IUB5	Q8IUB5	True
seq.9348.1	Complement C1r subcomponent-like protein	Q9NZP8	Q9NZP8	True
seq.9350.3	Follistatin-related protein 4	Q6MZW2	Q6MZW2	True
seq.9352.86	Regenerating islet-derived protein 3-gamma	Q6UW15	Q6UW15	True
seq.9357.4	Protein CREG1	O75629	O75629	True
seq.9359.9	Protein delta homolog 2	Q6UY11	Q6UY11	True
seq.9360.33	EGF-like repeat and discoidin I-like domain-containing protein 3	O43854	O43854	True
seq.9361.7	Protocadherin alpha-C2	Q9Y5I4	Q9Y5I4	True
seq.9363.11	Cancer/testis antigen 55	Q8WUE5	Q8WUE5	True
seq.9365.91	Protein eyes shut homolog	Q5T1H1	Q5T1H1	True
seq.9366.54	Interleukin-21 receptor	Q9HBE5	Q9HBE5	True
seq.9368.64	Leucine-rich repeat and transmembrane domain-containing protein 1	Q9HBL6	Q9HBL6	True
seq.9369.174	Leucine-rich repeat-containing protein 4C	Q9HCJ2	Q9HCJ2	True
seq.9370.69	Gamma-glutamyl hydrolase	Q92820	Q92820	True
seq.9372.157	Myelin protein zero-like protein 2	O60487	O60487	True
seq.9374.24	Neuronatin	Q16517	Q16517	True
seq.9377.25	Kit ligand	P21583	P21583	True
seq.9378.6	Fibrinogen C domain-containing protein 1	Q8N539	Q8N539	True
seq.9379.248	Small integral membrane protein 10	Q96HG1	Q96HG1	True
seq.9380.2	Group XIIB secretory phospholipase A2-like protein	Q9BX93	Q9BX93	True
seq.9383.24	Chitinase-3-like protein 2	Q15782	Q15782	True
seq.9384.17	Cathelicidin antimicrobial peptide	P49913	P49913	True
seq.9385.4	Lysosomal alpha-glucosidase	P10253	P10253	True
seq.9386.42	Tetratricopeptide repeat protein 9B	Q8N6N2	Q8N6N2	True
seq.9388.18	Methylmalonyl-CoA epimerase, mitochondrial	Q96PE7	Q96PE7	True
seq.9391.60	ProSAAS	Q9UHG2	Q9UHG2	True
seq.9392.43	Alpha-1,3-mannosyl-glycoprotein 4-beta-N-acetylglucosaminyltransferase A	Q9UM21	Q9UM21	True
seq.9394.19	Carboxypeptidase Q	Q9Y646	Q9Y646	True
seq.9398.30	Galanin-like peptide	Q9UBC7	Q9UBC7	True
seq.9400.40	Galectin-7	P47929	P47929	True
seq.9401.57	Metalloprotease TIKI1	Q86V40	Q86V40	True
seq.9402.18	Discoidin, CUB and LCCL domain-containing protein 1	Q8N8Z6	Q8N8Z6	True
seq.9409.11	Tryptase beta-1	Q15661	Q15661	True
seq.9412.52	Activin receptor type-2B	Q13705	Q13705	True
seq.9416.77	Carboxypeptidase M	P14384	P14384	True
seq.9426.73	DNA-binding protein inhibitor ID-2	Q02363	Q02363	True
seq.9436.2	DNA-binding protein inhibitor ID-1	P41134	P41134	True
seq.9443.137	Cathepsin K	P43235	P43235	True
seq.9444.70	Protein DGCR6	Q14129	Q14129	True
seq.9445.44	Uncharacterized protein C19orf18	Q8NEA5	Q8NEA5	True
seq.9449.150	C4b-binding protein alpha chain	P04003	P04003	True
seq.9450.18	Cyclin-dependent kinase 2-associated protein 1	O14519	O14519	True
seq.9451.20	Uromodulin	P07911	P07911	True
seq.9453.12	Vascular endothelial growth factor B	P49765	P49765	True
seq.9456.34	Interleukin-22 receptor subunit alpha-2	Q969J5	Q969J5	True
seq.9457.3	Caveolin-2	P51636	P51636	True
seq.9459.7	Tumor necrosis factor receptor superfamily member 6	P25445	P25445	True
seq.9461.2	Intercellular adhesion molecule 4	Q14773	Q14773	True
seq.9468.8	Vesicular integral-membrane protein VIP36	Q12907	Q12907	True
seq.9470.15	Methyltransferase-like protein 24	Q5JXM2	Q5JXM2	True
seq.9474.22	Asialoglycoprotein receptor 2	P07307	P07307	True
seq.9475.22	Epididymal secretory glutathione peroxidase	O75715	O75715	True
seq.9478.69	Phosphoribosyl pyrophosphate synthase-associated protein 1	Q14558	Q14558	True
seq.9482.110	ADP-ribose pyrophosphatase, mitochondrial	Q9BW91	Q9BW91	True
seq.9484.75	Desmoglein-2	Q14126	Q14126	True
seq.9486.13	Beta-defensin 125	Q8N687	Q8N687	True
seq.9487.60	Somatoliberin	P01286	P01286	True
seq.9490.3	Uncharacterized protein C4orf32	Q8N8J7	Q8N8J7	True
seq.9495.10	C-X-C motif chemokine 17	Q6UXB2	Q6UXB2	True
seq.9503.1	Neuromedin-S	Q5H8A3	Q5H8A3	True
seq.9504.19	Ras-related protein Rab-27A	P51159	P51159	True
seq.9506.10	Apolipoprotein L1	O14791	O14791	True
seq.9507.55	Fibroblast growth factor-binding protein 1	Q14512	Q14512	True
seq.9509.4	Trimeric intracellular cation channel type B	Q9NVV0	Q9NVV0	True
seq.9511.61	Neurexophilin-2	O95156	O95156	True
seq.9513.9	Fibroblast growth factor 22	Q9HCT0	Q9HCT0	True
seq.9514.46	EF-hand calcium-binding domain-containing protein 14:C-term	O75071	O75071	True
seq.9518.95	Phospholipase A1 member A	Q53H76	Q53H76	True
seq.9522.3	Apoptosis-inducing factor 1, mitochondrial	O95831	O95831	True
seq.9523.34	Integral membrane protein 2C:C-term	Q9NQX7	Q9NQX7	True
seq.9524.46	Putative spermatogenesis-associated protein 31D4	Q6ZUB0	Q6ZUB0	True
seq.9525.1	Inactive tyrosine-protein kinase 7	Q13308	Q13308	True
seq.9526.3	Colipase-like protein 1	A2RUU4	A2RUU4	True
seq.9531.24	Leukocyte-specific transcript 1 protein	O00453	O00453	True
seq.9532.5	WW domain binding protein 1-like	Q9NX94	Q9NX94	True
seq.9536.16	Epididymal secretory protein E3-alpha	Q14507	Q14507	True
seq.9541.15	Beta-1,3-galactosyltransferase 1	Q9Y5Z6	Q9Y5Z6	True
seq.9543.131	Conserved oligomeric Golgi complex subunit 8	Q96MW5	Q96MW5	True
seq.9544.24	Uncharacterized protein C7orf69	Q9H7B7	Q9H7B7	True
seq.9545.156	Granzyme K	P49863	P49863	True
seq.9547.29	EMI domain-containing protein 1	Q96A84	Q96A84	True
seq.9550.153	Tetratricopeptide repeat protein 17:Tetratricopeptide repeat 2	Q96AE7	Q96AE7	True
seq.9557.5	MANSC domain-containing protein 1	Q9H8J5	Q9H8J5	True
seq.9561.21	Versican core protein	P13611	P13611	True
seq.9565.6	PRKC apoptosis WT1 regulator protein	Q96IZ0	Q96IZ0	True
seq.9568.289	High affinity immunoglobulin alpha and immunoglobulin mu Fc receptor	Q8WWV6	Q8WWV6	True
seq.9569.14	Scavenger receptor class A member 3:region 1	Q6AZY7	Q6AZY7	True
seq.9573.108	Thioredoxin domain-containing protein 11:C-term	Q6PKC3	Q6PKC3	True
seq.9574.11	Myc box-dependent-interacting protein 1	O00499	O00499	True
seq.9576.58	Motor neuron and pancreas homeobox protein 1	P50219	P50219	True
seq.9577.26	Synaptotagmin-2	Q8N9I0	Q8N9I0	True
seq.9578.263	MANSC domain-containing protein 4	A6NHS7	A6NHS7	True
seq.9579.59	Transmembrane gamma-carboxyglutamic acid protein 4	Q9BZD6	Q9BZD6	True
seq.9580.5	Laminin subunit gamma-2	Q13753	Q13753	True
seq.9581.4	Pre-mRNA-processing factor 6:region 2	O94906	O94906	True
seq.9582.93	Sushi domain-containing protein 1	Q6UWL2	Q6UWL2	True
seq.9583.17	RING finger protein 24	Q9Y225	Q9Y225	True
seq.9585.80	CXADR-like membrane protein:Cytoplasmic domain	Q9H6B4	Q9H6B4	True
seq.9590.10	Cytochrome c oxidase subunit 7A-related protein, mitochondrial	O14548	O14548	True
seq.9594.30	Zinc transporter 5	Q8TAD4	Q8TAD4	True
seq.9595.11	Beta-1,4-galactosyltransferase 2	O60909	O60909	True
seq.9598.23	CUB and sushi domain-containing protein 1	Q96PZ7	Q96PZ7	True
seq.9599.6	PILR alpha-associated neural protein	Q8IYJ0	Q8IYJ0	True
seq.9600.55	Thrombospondin type-1 domain-containing protein 7A:Thrombospondin type-1 domain 17	Q9UPZ6	Q9UPZ6	True
seq.9603.9	Interleukin-22 receptor subunit alpha-1	Q8N6P7	Q8N6P7	True
seq.9604.14	Cadherin-11:Extracellular domain	P55287	P55287	True
seq.9606.4	Nuclear pore membrane glycoprotein 210-like	Q5VU65	Q5VU65	True
seq.9607.39	Proline-rich protein 27	Q6MZM9	Q6MZM9	True
seq.9609.25	Zinc finger protein 275	Q9NSD4	Q9NSD4	True
seq.9627.15	Vitrin	Q6UXI7	Q6UXI7	True
seq.9638.2	T-cell immunoreceptor with Ig and ITIM domains	Q495A1	Q495A1	True
seq.9713.67	Platelet-derived growth factor receptor-like protein	Q15198	Q15198	True
seq.9715.15	Immunoglobulin superfamily member 3	O75054	O75054	True
seq.9719.145	Matrix metalloproteinase-16	P51512	P51512	True
seq.9723.105	Multimerin-2	Q9H8L6	Q9H8L6	True
seq.9728.4	E3 ubiquitin-protein ligase CCNB1IP1	Q9NPC3	Q9NPC3	True
seq.9730.22	GH3 domain-containing protein	Q8N2G8	Q8N2G8	True
seq.9735.44	T-cell surface protein tactile	P40200	P40200	True
seq.9738.7	FAS-associated factor 2	Q96CS3	Q96CS3	True
seq.9739.4	DNA mismatch repair protein Msh2	P43246	P43246	True
seq.9742.59	Spliceosome RNA helicase DDX39B	Q13838	Q13838	True
seq.9744.139	DnaJ homolog subfamily A member 4	Q8WW22	Q8WW22	True
seq.9745.20	Eukaryotic translation initiation factor 4E type 2	O60573	O60573	True
seq.9747.48	MAP/microtubule affinity-regulating kinase 3	P27448	P27448	True
seq.9748.31	Glutathione S-transferase Mu 3	P21266	P21266	True
seq.9749.190	Plastin-2	P13796	P13796	True
seq.9751.72	Nuclease-sensitive element-binding protein 1	P67809	P67809	True
seq.9753.17	Ezrin	P15311	P15311	True
seq.9754.33	Ribosyldihydronicotinamide dehydrogenase [quinone]	P16083	P16083	True
seq.9755.19	Drebrin-like protein	Q9UJU6	Q9UJU6	True
seq.9756.6	Transgelin	Q01995	Q01995	True
seq.9757.29	Protein enabled homolog	Q8N8S7	Q8N8S7	True
seq.9758.17	40S ribosomal protein S4, X isoform	P62701	P62701	True
seq.9759.13	Indoleamine 2,3-dioxygenase 1	P14902	P14902	True
seq.9760.13	Mitogen-activated protein kinase 9	P45984	P45984	True
seq.9761.89	L-lactate dehydrogenase A chain	P00338	P00338	True
seq.9762.14	Vasodilator-stimulated phosphoprotein	P50552	P50552	True
seq.9764.79	Heterogeneous nuclear ribonucleoprotein F	P52597	P52597	True
seq.9765.4	Nuclear distribution protein nudE homolog 1	Q9NXR1	Q9NXR1	True
seq.9767.22	Protein ripply1	Q0D2K3	Q0D2K3	True
seq.9768.5	Interleukin-10 receptor subunit alpha:Cytoplasmic domain	Q13651	Q13651	True
seq.9769.48	Delta and Notch-like epidermal growth factor-related receptor:Extracellular domain	Q8NFT8	Q8NFT8	True
seq.9772.153	Neuroligin-2:Extracellular domain	Q8NFZ4	Q8NFZ4	True
seq.9773.15	E3 ubiquitin-protein ligase RNF149	Q8NC42	Q8NC42	True
seq.9774.59	RING finger protein 150	Q9ULK6	Q9ULK6	True
seq.9778.45	Transmembrane protein 52B	Q4KMG9	Q4KMG9	True
seq.9779.63	Homocysteine-responsive endoplasmic reticulum-resident ubiquitin-like domain member 2 protein	Q9BSE4	Q9BSE4	True
seq.9783.75	DnaJ homolog subfamily C member 11	Q9NVH1	Q9NVH1	True
seq.9786.310	Radiation-inducible immediate-early gene IEX-1	P46695	P46695	True
seq.9787.23	Collectin-12	Q5KU26	Q5KU26	True
seq.9789.52	Nesprin-2	Q8WXH0	Q8WXH0	True
seq.9790.28	Serine/threonine-protein kinase BRSK2	Q8IWQ3	Q8IWQ3	True
seq.9793.145	Immunoglobulin superfamily DCC subclass member 4	Q8TDY8	Q8TDY8	True
seq.9794.17	AarF domain-containing protein kinase 4	Q96D53	Q96D53	True
seq.9795.9	Ceroid-lipofuscinosis neuronal protein 5:Cytoplasmic domain	O75503	O75503	True
seq.9796.4	Bile salt-activated lipase	P19835	P19835	True
seq.9800.20	NADH dehydrogenase [ubiquinone] 1 beta subcomplex subunit 8, mitochondrial	O95169	O95169	True
seq.9802.27	Patatin-like phospholipase domain-containing protein 2	Q96AD5	Q96AD5	True
seq.9805.51	Semaphorin-4B	Q9NPR2	Q9NPR2	True
seq.9808.41	Trinucleotide repeat-containing gene 6B protein	Q9UPQ9	Q9UPQ9	True
seq.9815.5	Rho GTPase-activating protein 1:Cellular retinaldehyde-TRIO domain	Q07960	Q07960	True
seq.9816.37	Isochorismatase domain-containing protein 1	Q96CN7	Q96CN7	True
seq.9819.110	Induced myeloid leukemia cell differentiation protein Mcl-1	Q07820	Q07820	True
seq.9823.2	Dihydrofolate reductase	P00374	P00374	True
seq.9826.135	Bis(5'-adenosyl)-triphosphatase	P49789	P49789	True
seq.9828.86	L-lactate dehydrogenase C chain	P07864	P07864	True
seq.9829.91	Bile salt sulfotransferase	Q06520	Q06520	True
seq.9830.109	Guanine nucleotide exchange factor VAV3	Q9UKW4	Q9UKW4	True
seq.9831.12	Ras GTPase-activating protein-binding protein 2	Q9UN86	Q9UN86	True
seq.9832.33	Homogentisate 1,2-dioxygenase	Q93099	Q93099	True
seq.9834.62	Alcohol dehydrogenase 1B	P00325	P00325	True
seq.9835.16	Aldehyde dehydrogenase family 1 member A3	P47895	P47895	True
seq.9836.20	Deoxycytidine kinase	P27707	P27707	True
seq.9837.60	NAD(P)H dehydrogenase [quinone] 1	P15559	P15559	True
seq.9838.4	Mothers against decapentaplegic homolog 1	Q15797	Q15797	True
seq.9839.148	Toll/interleukin-1 receptor domain-containing adapter protein	P58753	P58753	True
seq.9840.2	Cell division control protein 42 homolog	P60953	P60953	True
seq.9841.197	Multifunctional protein ADE2	P22234	P22234	True
seq.9842.2	Catenin beta-1	P35222	P35222	True
seq.9843.5	Alpha-actinin-1	P12814	P12814	True
seq.9844.138	Alpha-actinin-2	P35609	P35609	True
seq.9845.33	Protein DJ-1	Q99497	Q99497	True
seq.9846.32	Rho GDP-dissociation inhibitor 2	P52566	P52566	True
seq.9847.21	Homeobox protein TGIF2	Q9GZN2	Q9GZN2	True
seq.9848.22	Cyclin-H	P51946	P51946	True
seq.9849.13	DNA-(apurinic or apyrimidinic site) lyase	P27695	P27695	True
seq.9850.38	Eukaryotic translation initiation factor 1A, X-chromosomal	P47813	P47813	True
seq.9851.9	Fatty acid-binding protein, adipocyte	P15090	P15090	True
seq.9853.3	Interferon-induced protein with tetratricopeptide repeats 2	P09913	P09913	True
seq.9854.36	Aldose reductase	P15121	P15121	True
seq.9855.10	Transforming protein RhoA	P61586	P61586	True
seq.9856.22	Deoxyhypusine synthase	P49366	P49366	True
seq.9857.38	Interferon regulatory factor 4	Q15306	Q15306	True
seq.9859.180	Diamine acetyltransferase 1	P21673	P21673	True
seq.9863.1	Tropomyosin alpha-4 chain	P67936	P67936	True
seq.9864.38	Tetratricopeptide repeat protein 1	Q99614	Q99614	True
seq.9865.40	Ubiquitin-conjugating enzyme E2 B	P63146	P63146	True
seq.9867.23	Fructose-1,6-bisphosphatase isozyme 2	O00757	O00757	True
seq.9869.28	Nuclear factor NF-kappa-B p105 subunit	P19838	P19838	True
seq.9870.17	Tryptophan--tRNA ligase, cytoplasmic	P23381	P23381	True
seq.9872.23	Catenin alpha-2	P26232	P26232	True
seq.9873.17	Steroid hormone receptor ERR1	P11474	P11474	True
seq.9874.28	Cyclin-dependent kinase 4 inhibitor B	P42772	P42772	True
seq.9875.107	THO complex subunit 1	Q96FV9	Q96FV9	True
seq.9876.20	Fructose-bisphosphate aldolase C	P09972	P09972	True
seq.9877.28	Crk-like protein	P46109	P46109	True
seq.9878.3	Estrogen sulfotransferase	P49888	P49888	True
seq.9880.33	Tryptophan 2,3-dioxygenase	P48775	P48775	True
seq.9883.29	Lactoylglutathione lyase	Q04760	Q04760	True
seq.9884.8	Peptidyl-prolyl cis-trans isomerase-like 1	Q9Y3C6	Q9Y3C6	True
seq.9885.41	Ras-related protein Rap-2a	P10114	P10114	True
seq.9886.28	DNA repair protein XRCC4	Q13426	Q13426	True
seq.9887.40	E3 ubiquitin-protein ligase RBBP6	Q7Z6E9	Q7Z6E9	True
seq.9889.42	Actin filament-associated protein 1-like 1	Q8TED9	Q8TED9	True
seq.9890.8	Tropomyosin alpha-3 chain	P06753	P06753	True
seq.9893.27	Ornithine decarboxylase antizyme 1	P54368	P54368	True
seq.9894.13	Unconventional myosin-VI	Q9UM54	Q9UM54	True
seq.9895.77	DNA repair endonuclease XPF	Q92889	Q92889	True
seq.9896.21	Forkhead box protein G1	P55316	P55316	True
seq.9897.9	DNA replication licensing factor MCM6	Q14566	Q14566	True
seq.9898.161	AT-rich interactive domain-containing protein 1A	O14497	O14497	True
seq.9899.28	Kinesin-like protein KIF1C	O43896	O43896	True
seq.9900.36	Neurofilament heavy polypeptide	P12036	P12036	True
seq.9901.28	Egl nine homolog 1	Q9GZT9	Q9GZT9	True
seq.9906.21	Testican-3	Q9BQ16	Q9BQ16	True
seq.9907.216	Tankyrase-1	O95271	O95271	True
seq.9910.9	S-methyl-5'-thioadenosine phosphorylase	Q13126	Q13126	True
seq.9913.4	Ribosome-binding protein 1	Q9P2E9	Q9P2E9	True
seq.9916.146	Leucine-rich repeat-containing protein 4B:Extracellular domain	Q9NT99	Q9NT99	True
seq.9918.23	Calbindin	P05937	P05937	True
seq.9923.6	Son of sevenless homolog 1	Q07889	Q07889	True
seq.9925.56	Scavenger receptor class F member 2:Cytoplasmic domain	Q96GP6	Q96GP6	True
seq.9926.4	Protein S100-P	P25815	P25815	True
seq.9927.96	Tensin-4	Q8IZW8	Q8IZW8	True
seq.9928.125	Leukocyte cell-derived chemotaxin 1	O75829	O75829	True
seq.9929.16	3-keto-steroid reductase:Extracellular domain (partial)	P56937	P56937	True
seq.9930.48	Gamma-aminobutyric acid type B receptor subunit 2:Cytoplasmic domain	O75899	O75899	True
seq.9931.20	Keratin, type II cytoskeletal 1	P04264	P04264	True
seq.9932.49	Semaphorin-4F	O95754	O95754	True
seq.9933.49	Protein ATP1B4	Q9UN42	Q9UN42	True
seq.9934.29	Phosphatidylinositol transfer protein alpha isoform	Q00169	Q00169	True
seq.9936.27	E3 ubiquitin-protein ligase LNX	Q8TBB1	Q8TBB1	True
seq.9937.7	Gap junction alpha-1 protein	P17302	P17302	True
seq.9940.35	Dual specificity phosphatase 28	Q4G0W2	Q4G0W2	True
seq.9941.70	Protocadherin beta-1	Q9Y5F3	Q9Y5F3	True
seq.9942.2	NTF2-related export protein 1	Q9UKK6	Q9UKK6	True
seq.9945.8	Armadillo repeat-containing protein 5:Armadillo Repeat Domain 2	Q96C12	Q96C12	True
seq.9947.22	DNA topoisomerase 2-binding protein 1	Q92547	Q92547	True
seq.9950.229	Lymphocyte activation gene 3 protein	P18627	P18627	True
seq.9951.36	F-box/LRR-repeat protein 4:Leucine-rich repeats 2 and 3	Q9UKA2	Q9UKA2	True
seq.9952.57	Transcription factor A, mitochondrial	Q00059	Q00059	True
seq.9954.2	Nuclear pore complex-interacting protein family member B3	Q92617	Q92617	True
seq.9955.40	RING finger protein 148:region 2	Q8N7C7	Q8N7C7	True
seq.9956.7	Disintegrin and metalloproteinase domain-containing protein 15:Cytoplasmic domain	Q13444	Q13444	True
seq.9957.9	E3 ubiquitin-protein ligase RNF114	Q9Y508	Q9Y508	True
seq.9959.60	Transmembrane protein 59-like	Q9UK28	Q9UK28	True
seq.9960.2	TBC1 domain family member 5	Q92609	Q92609	True
seq.9962.1	Cadherin-related family member 5	Q9HBB8	Q9HBB8	True
seq.9963.19	Protocadherin beta-10	Q9UN67	Q9UN67	True
seq.9964.10	Myocardial zonula adherens protein	P0CAP1	P0CAP1	True
seq.9969.8	Solute carrier family 22 member 16	Q86VW1	Q86VW1	True
seq.9970.7	UBX domain-containing protein 4:Cytoplasmic domain 2	Q92575	Q92575	True
seq.9971.5	CUB and sushi domain-containing protein 2	Q7Z408	Q7Z408	True
seq.9974.8	Delta-like protein 3	Q9NYJ7	Q9NYJ7	True
seq.9979.13	Amphoterin-induced protein 1:Cytoplasmic domain	Q86WK6	Q86WK6	True
seq.9981.18	Protein FAM234B:C-term	A2RU67	A2RU67	True
seq.9983.97	Inactive serine protease 35	Q8N3Z0	Q8N3Z0	True
seq.9984.12	Protein YIPF6	Q96EC8	Q96EC8	True
seq.9986.14	Neuropeptide W	Q8N729	Q8N729	True
seq.9987.30	Leucine-rich repeat-containing protein 25:Cytoplasmic domain	Q8N386	Q8N386	True
seq.9989.12	Leucine-rich repeat-containing protein 24	Q50LG9	Q50LG9	True
seq.9991.112	EMILIN-3:region 2	Q9NT22	Q9NT22	True
seq.9993.11	Zinc finger protein 264	O43296	O43296	True
seq.9994.217	Potassium-transporting ATPase subunit beta	P51164	P51164	True
seq.9995.6	Deoxyuridine 5'-triphosphate nucleotidohydrolase, mitochondrial	P33316	P33316	True
seq.9997.12	UBX domain-containing protein 4:Cytoplasmic domain 1	Q92575	Q92575	True
seq.9999.1	Interferon regulatory factor 6	O14896	O14896	True
seq.14603.51	Uncharacterized protein KIAA0040	Q15053	J3QR46, Q15053	False
seq.2625.53	Hsp90alpha	P07900	P07900, P07900|P08238	False
seq.3392.68	Protein kinase B gamma	Q9Y243	P31749|P31751|Q9Y243, Q9Y243	False
seq.3441.64	Glycogen synthase kinase-3 alpha	P49840	P49840, P49840|P49841	False
seq.4153.11	Alpha-1-antichymotrypsin complex	P07288|P01011	P01011, P07288|P01011	False
seq.4914.10	Human Chorionic Gonadotropin	P0DN87|P0DN86|P01215	P01215|P01233, P0DN87|P0DN86|P01215	False
seq.5981.6	ES1 protein homolog, mitochondrial	P0DPI2	P0DPI2, P30042	False
seq.6117.4	Internal Use Only: Heat shock 70 kDa protein 1A	P0DMV8	P0DMV8, P16519	False
seq.6276.16	Internal Use Only: Heat shock 70 kDa protein 1A	P0DMV8	P09958, P0DMV8	False
seq.7143.9	N-acetyllactosaminide beta-1,6-N-acetylglucosaminyl-transferase, isoform C	Q8N0V5	Q8N0V5, Q8NFS9	False
seq.8907.11	UDP-glucuronosyltransferase 2A1	P0DTE4	P0DTE4, Q9Y4X1	False
